Name,Source,ClassName,ClassSource,Level,Description
Divine Order,XPHB,Cleric,XPHB,1,"[""You have dedicated yourself to one of the following sacred roles of your choice."", {""type"": ""entries"", ""entries"": [{""type"": ""options"", ""count"": 1, ""entries"": [{""type"": ""refClassFeature"", ""classFeature"": ""Protector|Cleric|XPHB|1|XPHB""}, {""type"": ""refClassFeature"", ""classFeature"": ""Thaumaturge|Cleric|XPHB|1|XPHB""}]}]}]"
Protector,XPHB,Cleric,XPHB,1,"[""Trained for battle, you gain proficiency with {@filter Martial weapons|items|type=martial weapon} and training with {@filter Heavy armor|items|type=Heavy Armor}.""]"
Spellcasting,XPHB,Cleric,XPHB,1,"[""You have learned to cast spells through prayer and meditation. See {@book chapter 7|XPHB|7} for the rules on spellcasting. The information below details how you use those rules with Cleric spells, which appear on the {@filter Cleric spell list|spells|class=Cleric} later in the class's description."", {""type"": ""entries"", ""entries"": [{""type"": ""entries"", ""name"": ""Cantrips"", ""entries"": [""You know three cantrips of your choice from the {@filter Cleric spell list|spells|class=Cleric}. {@spell Guidance|XPHB}, {@spell Sacred Flame|XPHB}, and {@spell Thaumaturgy|XPHB} are recommended."", ""Whenever you gain a Cleric level, you can replace one of your cantrips with another cantrip of your choice from the {@filter Cleric spell list|spells|class=Cleric}."", ""When you reach Cleric levels 4 and 10, you learn another cantrip of your choice from the {@filter Cleric spell list|spells|class=Cleric}, as shown in the Cantrips column of the Cleric Features table.""]}, {""type"": ""entries"", ""name"": ""Spell Slots"", ""entries"": [""The Cleric Features table shows how many spell slots you have to cast your level 1+ spells. You regain all expended slots when you finish a {@variantrule Long Rest|XPHB}.""]}, {""type"": ""entries"", ""name"": ""Prepared Spells of Level 1+"", ""entries"": [""You prepare the list of level 1+ spells that are available for you to cast with this feature. To start, choose four level 1 spells from the {@filter Cleric spell list|spells|class=Cleric}. {@spell Bless|XPHB}, {@spell Cure Wounds|XPHB}, {@spell Guiding Bolt|XPHB}, and {@spell Shield of Faith|XPHB} are recommended."", ""The number of spells on your list increases as you gain Cleric levels, as shown in the Prepared Spells column of the Cleric Features table. Whenever that number increases, choose additional spells from the {@filter Cleric spell list|spells|class=Cleric} until the number of spells on your list matches the number on the table. The chosen spells must be of a level for which you have spell slots. For example, if you're a level 3 Cleric, your list of prepared spells can include six spells of levels 1 and 2 in any combination."", ""If another Cleric feature gives you spells that you always have prepared, those spells don't count against the number of spells you can prepare with this feature, but those spells otherwise count as Cleric spells for you.""]}, {""type"": ""entries"", ""name"": ""Changing Your Prepared Spells"", ""entries"": [""Whenever you finish a {@variantrule Long Rest|XPHB}, you can change your list of prepared spells, replacing any of the spells there with other Cleric spells for which you have spell slots.""]}, {""type"": ""entries"", ""name"": ""Spellcasting Ability"", ""entries"": [""Wisdom is your spellcasting ability for your Cleric spells.""]}, {""type"": ""entries"", ""name"": ""Spellcasting Focus"", ""entries"": [""You can use a {@item Holy Symbol|XPHB} as a {@variantrule Spellcasting Focus|XPHB} for your Cleric spells.""]}]}]"
Thaumaturge,XPHB,Cleric,XPHB,1,"[""You know one extra cantrip from the {@filter Cleric spell list|spells|class=Cleric}. In addition, your mystical connection to the divine gives you a bonus to your Intelligence ({@skill Arcana|XPHB} or {@skill Religion|XPHB}) checks. The bonus equals your Wisdom modifier (minimum of +1).""]"
Channel Divinity,XPHB,Cleric,XPHB,2,"[""You can channel divine energy directly from the Outer Planes to fuel magical effects. You start with two such effects: Divine Spark and Turn Undead, each of which is described below. Each time you use this class's Channel Divinity, choose which Channel Divinity effect from this class to create. You gain additional effect options at higher Cleric levels."", ""You can use this class's Channel Divinity twice. You regain one of its expended uses when you finish a {@variantrule Short Rest|XPHB}, and you regain all expended uses when you finish a {@variantrule Long Rest|XPHB}. You gain additional uses when you reach certain Cleric levels, as shown in the Channel Divinity column of the Cleric Features table."", ""If a Channel Divinity effect requires a saving throw, the DC equals the spell save DC from this class's Spellcasting feature."", {""type"": ""entries"", ""entries"": [{""type"": ""refClassFeature"", ""classFeature"": ""Divine Spark|Cleric|XPHB|2|XPHB""}, {""type"": ""refClassFeature"", ""classFeature"": ""Turn Undead|Cleric|XPHB|2|XPHB""}]}]"
Divine Spark,XPHB,Cleric,XPHB,2,"[""As a {@action Magic|XPHB} action, you point your {@item Holy Symbol|XPHB} at another creature you can see within 30 feet of yourself and focus divine energy at it. Roll {@dice 1d8} and add your Wisdom modifier. You either restore {@variantrule Hit Points|XPHB} to the creature equal to that total or force the creature to make a Constitution saving throw. On a failed save, the creature takes Necrotic or Radiant damage (your choice) equal to that total. On a successful save, the creature takes half as much damage (round down)."", ""You roll an additional {@dice d8} when you reach Cleric levels 7 ({@dice 2d8}), 13 ({@dice 3d8}), and 18 ({@dice 4d8}).""]"
Turn Undead,XPHB,Cleric,XPHB,2,"[""As a {@action Magic|XPHB} action, you present your {@item Holy Symbol|XPHB} and censure Undead creatures. Each Undead of your choice within 30 feet of you must make a Wisdom saving throw. If the creature fails its save, it has the {@condition Frightened|XPHB} and {@condition Incapacitated|XPHB} conditions for 1 minute. For that duration, it tries to move as far from you as it can on its turns. This effect ends early on the creature if it takes any damage, if you have the {@condition Incapacitated|XPHB} condition, or if you die.""]"
Cleric Subclass,XPHB,Cleric,XPHB,3,"[""You gain a Cleric subclass of your choice. A subclass is a specialization that grants you features at certain Cleric levels. For the rest of your career, you gain each of your subclass's features that are of your Cleric level or lower.""]"
Ability Score Improvement,XPHB,Cleric,XPHB,4,"[""You gain the {@feat Ability Score Improvement|XPHB} feat or another {@5etools feat|feats.html} of your choice for which you qualify. You gain this feature again at Cleric levels 8, 12, and 16.""]"
Sear Undead,XPHB,Cleric,XPHB,5,"[""Whenever you use Turn Undead, you can roll a number of d8s equal to your Wisdom modifier (minimum of {@dice 1d8}) and add the rolls together. Each Undead that fails its saving throw against that use of Turn Undead takes Radiant damage equal to the roll's total. This damage doesn't end the turn effect.""]"
Subclass Feature,XPHB,Cleric,XPHB,6,"[""You gain a feature from your Cleric Subclass.""]"
Blessed Strikes,XPHB,Cleric,XPHB,7,"[""Divine power infuses you in battle. You gain one of the following options of your choice (if you get either option from a Cleric subclass in an older book, use only the option you choose for this feature)."", {""type"": ""entries"", ""entries"": [{""type"": ""refClassFeature"", ""classFeature"": ""Divine Strike|Cleric|XPHB|7""}, {""type"": ""refClassFeature"", ""classFeature"": ""Potent Spellcasting|Cleric|XPHB|7""}]}]"
Divine Strike,XPHB,Cleric,XPHB,7,"[""Once on each of your turns when you hit a creature with an attack roll using a weapon, you can cause the target to take an extra {@damage 1d8} Necrotic or Radiant damage (your choice).""]"
Potent Spellcasting,XPHB,Cleric,XPHB,7,"[""Add your Wisdom modifier to the damage you deal with any Cleric cantrip.""]"
Ability Score Improvement,XPHB,Cleric,XPHB,8,"[""You gain the {@feat Ability Score Improvement|XPHB} feat or another {@5etools feat|feats.html} of your choice for which you qualify.""]"
Divine Intervention,XPHB,Cleric,XPHB,10,"[""You can call on your deity or pantheon to intervene on your behalf. As a {@action Magic|XPHB} action, choose any Cleric spell of level 5 or lower that doesn't require a {@variantrule Reaction|XPHB} to cast. As part of the same action, you cast that spell without expending a spell slot or needing Material components. You can't use this feature again until you finish a {@variantrule Long Rest|XPHB}.""]"
Ability Score Improvement,XPHB,Cleric,XPHB,12,"[""You gain the {@feat Ability Score Improvement|XPHB} feat or another {@5etools feat|feats.html} of your choice for which you qualify.""]"
Improved Blessed Strikes,XPHB,Cleric,XPHB,14,"[""The option you chose for Blessed Strikes grows more powerful."", {""type"": ""entries"", ""entries"": [{""type"": ""entries"", ""name"": ""Divine Strike"", ""entries"": [""The extra damage of your Divine Strike increases to {@damage 2d8}.""]}, {""type"": ""entries"", ""name"": ""Potent Spellcasting"", ""entries"": [""When you cast a Cleric cantrip and deal damage to a creature with it, you can give vitality to yourself or another creature within 60 feet of yourself, granting a number of {@variantrule Temporary Hit Points|XPHB} equal to twice your Wisdom modifier.""]}]}]"
Ability Score Improvement,XPHB,Cleric,XPHB,16,"[""You gain the {@feat Ability Score Improvement|XPHB} feat or another {@5etools feat|feats.html} of your choice for which you qualify.""]"
Subclass Feature,XPHB,Cleric,XPHB,17,"[""You gain a feature from your Cleric Subclass.""]"
Epic Boon,XPHB,Cleric,XPHB,19,"[""You gain an {@filter Epic Boon feat|feats|category=EB} or another {@5etools feat|feats.html} of your choice for which you qualify. {@feat Boon of Fate|XPHB} is recommended.""]"
Greater Divine Intervention,XPHB,Cleric,XPHB,20,"[""You can call on even more powerful divine intervention. When you use your Divine Intervention feature, you can choose {@spell Wish|XPHB} when you select a spell. If you do so, you can't use Divine Intervention again until you finish {@dice 2d4} Long Rests.""]"
Rage,XPHB,Barbarian,XPHB,1,"[""You can imbue yourself with a primal power called Rage, a force that grants you extraordinary might and resilience. You can enter it as a {@variantrule Bonus Action|XPHB} if you aren't wearing Heavy armor."", ""You can enter your Rage the number of times shown for your Barbarian level in the Rages column of the Barbarian Features table. You regain one expended use when you finish a {@variantrule Short Rest|XPHB}, and you regain all expended uses when you finish a {@variantrule Long Rest|XPHB}."", ""While active, your Rage follows the rules below."", {""type"": ""entries"", ""entries"": [{""type"": ""entries"", ""name"": ""Damage Resistance"", ""entries"": [""You have {@variantrule Resistance|XPHB} to Bludgeoning, Piercing, and Slashing damage.""]}, {""type"": ""entries"", ""name"": ""Rage Damage"", ""entries"": [""When you make an attack using Strength—with either a weapon or an {@variantrule Unarmed Strike|XPHB}—and deal damage to the target, you gain a bonus to the damage that increases as you gain levels as a Barbarian, as shown in the Rage Damage column of the Barbarian Features table.""]}, {""type"": ""entries"", ""name"": ""Strength Advantage"", ""entries"": [""You have {@variantrule Advantage|XPHB} on Strength checks and Strength saving throws.""]}, {""type"": ""entries"", ""name"": ""No Concentration or Spells"", ""entries"": [""You can't maintain {@status Concentration|XPHB}, and you can't cast spells.""]}, {""type"": ""entries"", ""name"": ""Duration"", ""entries"": [""The Rage lasts until the end of your next turn, and it ends early if you don Heavy armor or have the {@condition Incapacitated|XPHB} condition. If your Rage is still active on your next turn, you can extend the Rage for another round by doing one of the following:"", {""type"": ""list"", ""items"": [""Make an attack roll against an enemy."", ""Force an enemy to make a saving throw."", ""Take a {@variantrule Bonus Action|XPHB} to extend your Rage.""]}]}]}, ""Each time the Rage is extended, it lasts until the end of your next turn. You can maintain a Rage for up to 10 minutes.""]"
Unarmored Defense,XPHB,Barbarian,XPHB,1,"[""While you aren't wearing any armor, your base {@variantrule Armor Class|XPHB} equals 10 plus your Dexterity and Constitution modifiers. You can use a {@item Shield|XPHB} and still gain this benefit.""]"
Weapon Mastery,XPHB,Barbarian,XPHB,1,"[""Your training with weapons allows you to use the {@variantrule weapon mastery properties|XPHB|mastery properties} of two kinds of {@filter Simple|items|type=simple weapon;melee weapon=sand} or {@filter Martial Melee weapons|items|type=martial weapon;melee weapon=sand} of your choice, such as {@item Greataxe|XPHB|Greataxes} and {@item Handaxe|XPHB|Handaxes}. Whenever you finish a {@variantrule Long Rest|XPHB}, you can practice weapon drills and change one of those weapon choices."", ""When you reach certain Barbarian levels, you gain the ability to use the {@variantrule weapon mastery properties|XPHB|mastery properties} of more kinds of weapons, as shown in the Weapon Mastery column of the Barbarian Features table.""]"
Danger Sense,XPHB,Barbarian,XPHB,2,"[""You gain an uncanny sense of when things aren't as they should be, giving you an edge when you dodge perils. You have {@variantrule Advantage|XPHB} on Dexterity saving throws unless you have the {@condition Incapacitated|XPHB} condition.""]"
Reckless Attack,XPHB,Barbarian,XPHB,2,"[""You can throw aside all concern for defense to attack with increased ferocity. When you make your first attack roll on your turn, you can decide to attack recklessly. Doing so gives you {@variantrule Advantage|XPHB} on attack rolls using Strength until the start of your next turn, but attack rolls against you have {@variantrule Advantage|XPHB} during that time.""]"
Barbarian Subclass,XPHB,Barbarian,XPHB,3,"[""You gain a Barbarian subclass of your choice. A subclass is a specialization that grants you features at certain Barbarian levels. For the rest of your career, you gain each of your subclass's features that are of your Barbarian level or lower.""]"
Primal Knowledge,XPHB,Barbarian,XPHB,3,"[""You gain proficiency in another skill of your choice from the skill list available to Barbarians at level 1."", ""In addition, while your Rage is active, you can channel primal power when you attempt certain tasks; whenever you make an ability check using one of the following skills, you can make it as a Strength check even if it normally uses a different ability: {@skill Acrobatics|XPHB}, {@skill Intimidation|XPHB}, {@skill Perception|XPHB}, {@skill Stealth|XPHB}, or {@skill Survival|XPHB}. When you use this ability, your Strength represents primal power coursing through you, honing your agility, bearing, and senses.""]"
Ability Score Improvement,XPHB,Barbarian,XPHB,4,"[""You gain the {@feat Ability Score Improvement|XPHB} feat or another {@5etools feat|feats.html} of your choice for which you qualify. You gain this feature again at Barbarian levels 8, 12, and 16.""]"
Extra Attack,XPHB,Barbarian,XPHB,5,"[""You can attack twice instead of once whenever you take the {@action Attack|XPHB} action on your turn.""]"
Fast Movement,XPHB,Barbarian,XPHB,5,"[""Your speed increases by 10 feet while you aren't wearing Heavy armor.""]"
Subclass Feature,XPHB,Barbarian,XPHB,6,"[""You gain a feature from your Barbarian subclass.""]"
Feral Instinct,XPHB,Barbarian,XPHB,7,"[""Your instincts are so honed that you have {@variantrule Advantage|XPHB} on {@variantrule Initiative|XPHB} rolls.""]"
Instinctive Pounce,XPHB,Barbarian,XPHB,7,"[""As part of the {@variantrule Bonus Action|XPHB} you take to enter your Rage, you can move up to half your {@variantrule Speed|XPHB}.""]"
Ability Score Improvement,XPHB,Barbarian,XPHB,8,"[""You gain the {@feat Ability Score Improvement|XPHB} feat or another {@5etools feat|feats.html} of your choice for which you qualify.""]"
Brutal Strike,XPHB,Barbarian,XPHB,9,"[""If you use Reckless Attack, you can forgo any {@variantrule Advantage|XPHB} on one Strength-based attack roll of your choice on your turn. The chosen attack roll mustn't have {@variantrule Disadvantage|XPHB}. If the chosen attack roll hits, the target takes an extra {@damage 1d10} damage of the same type dealt by the weapon or {@variantrule Unarmed Strike|XPHB}, and you can cause one Brutal Strike effect of your choice. You have the following effect options."", {""type"": ""entries"", ""entries"": [{""type"": ""entries"", ""name"": ""Forceful Blow"", ""entries"": [""The target is pushed 15 feet straight away from you. You can then move up to half your {@variantrule Speed|XPHB} straight toward the target without provoking {@action Opportunity Attack|XPHB|Opportunity Attacks}.""]}, {""type"": ""entries"", ""name"": ""Hamstring Blow"", ""entries"": [""The target's {@variantrule Speed|XPHB} is reduced by 15 feet until the start of your next turn. A target can be affected by only one Hamstring Blow at a time—the most recent one.""]}]}]"
Subclass Feature,XPHB,Barbarian,XPHB,10,"[""You gain a feature from your Barbarian subclass.""]"
Relentless Rage,XPHB,Barbarian,XPHB,11,"[""Your Rage can keep you fighting despite grievous wounds. If you drop to 0 {@variantrule Hit Points|XPHB} while your Rage is active and don't die outright, you can make a {@dc 10} Constitution saving throw. If you succeed, your {@variantrule Hit Points|XPHB} instead change to a number equal to twice your Barbarian level."", ""Each time you use this feature after the first, the DC increases by 5. When you finish a {@variantrule Short Rest|XPHB|Short} or {@variantrule Long Rest|XPHB}, the DC resets to 10.""]"
Ability Score Improvement,XPHB,Barbarian,XPHB,12,"[""You gain the {@feat Ability Score Improvement|XPHB} feat or another {@5etools feat|feats.html} of your choice for which you qualify.""]"
Improved Brutal Strike,XPHB,Barbarian,XPHB,13,"[""You have honed new ways to attack furiously. The following effects are now among your Brutal Strike options."", {""type"": ""entries"", ""entries"": [{""type"": ""entries"", ""name"": ""Staggering Blow"", ""entries"": [""The target has {@variantrule Disadvantage|XPHB} on the next saving throw it makes, and it can't make {@action Opportunity Attack|XPHB|Opportunity Attacks} until the start of your next turn.""]}, {""type"": ""entries"", ""name"": ""Sundering Blow"", ""entries"": [""Before the start of your next turn, the next attack roll made by another creature against the target gains a +5 bonus to the roll. An attack roll can gain only one Sundering Blow bonus.""]}]}]"
Subclass Feature,XPHB,Barbarian,XPHB,14,"[""You gain a feature from your Barbarian subclass.""]"
Persistent Rage,XPHB,Barbarian,XPHB,15,"[""When you roll {@variantrule Initiative|XPHB}, you can regain all expended uses of Rage. After you regain uses of Rage in this way, you can't do so again until you finish a {@variantrule Long Rest|XPHB}."", ""In addition, your Rage is so fierce that it now lasts for 10 minutes without you needing to do anything to extend it from round to round. Your Rage ends early if you have the {@condition Unconscious|XPHB} condition (not just the {@condition Incapacitated|XPHB} condition) or don Heavy armor.""]"
Ability Score Improvement,XPHB,Barbarian,XPHB,16,"[""You gain the {@feat Ability Score Improvement|XPHB} feat or another {@5etools feat|feats.html} of your choice for which you qualify.""]"
Improved Brutal Strike,XPHB,Barbarian,XPHB,17,"[""The extra damage of your Brutal Strike increases to {@damage 2d10}. In addition, you can use two different Brutal Strike effects whenever you use your Brutal Strike feature.""]"
Indomitable Might,XPHB,Barbarian,XPHB,18,"[""If your total for a Strength check or Strength saving throw is less than your Strength score, you can use that score in place of the total.""]"
Epic Boon,XPHB,Barbarian,XPHB,19,"[""You gain an {@filter Epic Boon feat|feats|category=EB} or another {@5etools feat|feats.html} of your choice for which you qualify. {@feat Boon of Irresistible Offense|XPHB} is recommended.""]"
Primal Champion,XPHB,Barbarian,XPHB,20,"[""You embody primal power. Your Strength and Constitution scores increase by 4, to a maximum of 25.""]"
Innate Sorcery,XPHB,Sorcerer,XPHB,1,"[""An event in your past left an indelible mark on you, infusing you with simmering magic. As a {@variantrule Bonus Action|XPHB}, you can unleash that magic for 1 minute, during which you gain the following benefits:"", {""type"": ""list"", ""items"": [""The spell save DC of your Sorcerer spells increases by 1."", ""You have {@variantrule Advantage|XPHB} on the attack rolls of Sorcerer spells you cast.""]}, ""You can use this feature twice, and you regain all expended uses of it when you finish a {@variantrule Long Rest|XPHB}.""]"
Spellcasting,XPHB,Sorcerer,XPHB,1,"[""Drawing from your innate magic, you can cast spells. See {@book chapter 7|XPHB|7} for the rules on spellcasting. The information below details how you use those rules with Sorcerer spells, which appear in the {@filter Sorcerer spell list|spells|class=Sorcerer} later in the class's description."", {""type"": ""entries"", ""entries"": [{""type"": ""entries"", ""name"": ""Cantrips"", ""entries"": [""You know four Sorcerer cantrips of your choice. {@spell Light|XPHB}, {@spell Prestidigitation|XPHB}, {@spell Shocking Grasp|XPHB}, and {@spell Sorcerous Burst|XPHB} are recommended. Whenever you gain a Sorcerer level, you can replace one of your cantrips from this feature with another Sorcerer cantrip of your choice."", ""When you reach Sorcerer levels 4 and 10, you learn another Sorcerer cantrip of your choice, as shown in the Cantrips column of the Sorcerer Features table.""]}, {""type"": ""entries"", ""name"": ""Spell Slots"", ""entries"": [""The Sorcerer Features table shows how many spell slots you have to cast your level 1+ spells. You regain all expended slots when you finish a {@variantrule Long Rest|XPHB}.""]}, {""type"": ""entries"", ""name"": ""Prepared Spells of Level 1+"", ""entries"": [""You prepare the list of level 1+ spells that are available for you to cast with this feature. To start, choose two level 1 Sorcerer spells. {@spell Burning Hands|XPHB} and {@spell Detect Magic|XPHB} are recommended."", ""The number of spells on your list increases as you gain Sorcerer levels, as shown in the Prepared Spells column of the Sorcerer Features table. Whenever that number increases, choose additional Sorcerer spells until the number of spells on your list matches the number in the Sorcerer Features table. The chosen spells must be of a level for which you have spell slots. For example, if you're a level 3 Sorcerer, your list of prepared spells can include six Sorcerer spells of level 1 or 2 in any combination."", ""If another Sorcerer feature gives you spells that you always have prepared, those spells don't count against the number of spells you can prepare with this feature, but those spells otherwise count as Sorcerer spells for you.""]}, {""type"": ""entries"", ""name"": ""Changing Your Prepared Spells"", ""entries"": [""Whenever you gain a Sorcerer level, you can replace one spell on your list with another Sorcerer spell for which you have spell slots.""]}, {""type"": ""entries"", ""name"": ""Spellcasting Ability"", ""entries"": [""Charisma is your spellcasting ability for your Sorcerer spells.""]}, {""type"": ""entries"", ""name"": ""Spellcasting Focus"", ""entries"": [""You can use an {@item Arcane Focus|XPHB} as a {@variantrule Spellcasting Focus|XPHB} for your Sorcerer spells.""]}]}]"
Font of Magic,XPHB,Sorcerer,XPHB,2,"[""You can tap into the wellspring of magic within yourself. This wellspring is represented by Sorcery Points, which allow you to create a variety of magical effects."", ""You have 2 Sorcery Points, and you gain more as you reach higher levels, as shown in the Sorcery Points column of the Sorcerer Features table. You can't have more Sorcery Points than the number shown in the table for your level. You regain all expended Sorcery Points when you finish a {@variantrule Long Rest|XPHB}."", ""You can use your Sorcery Points to fuel the options below, along with other features, such as Metamagic, that use those points."", {""type"": ""entries"", ""entries"": [{""type"": ""entries"", ""name"": ""Converting Spell Slots to Sorcery Points"", ""entries"": [""You can expend a spell slot to gain a number of Sorcery Points equal to the slot's level (no action required).""]}, {""type"": ""entries"", ""name"": ""Creating Spell Slots"", ""entries"": [""As a {@variantrule Bonus Action|XPHB}, you can transform unexpended Sorcery Points into one spell slot. The Creating Spell Slots table shows the cost of creating a spell slot of a given level, and it lists the minimum Sorcerer level you must be to create a slot. You can create a spell slot no higher than level 5."", ""Any spell slot you create with this feature vanishes when you finish a {@variantrule Long Rest|XPHB}."", {""type"": ""table"", ""caption"": ""Creating Spell Slots"", ""colLabels"": [""Spell Slot Level"", ""Sorcery Point Cost"", ""Min. Sorcerer Level""], ""colStyles"": [""col-3 text-center"", ""col-3 text-center"", ""col-3 text-center""], ""rows"": [[""1"", ""2"", ""2""], [""2"", ""3"", ""3""], [""3"", ""5"", ""5""], [""4"", ""6"", ""7""], [""5"", ""7"", ""9""]]}]}]}]"
Metamagic,XPHB,Sorcerer,XPHB,2,"[""Because your magic flows from within, you can alter your spells to suit your needs; you gain two Metamagic options of your choice from \""{@filter Metamagic Options|optionalfeatures|feature type=MM|source=XPHB}\"" later in this class's description. You use the chosen options to temporarily modify spells you cast. To use an option, you must spend the number of Sorcery Points that it costs."", ""You can use only one Metamagic option on a spell when you cast it unless otherwise noted in one of those options."", ""Whenever you gain a Sorcerer level, you can replace one of your Metamagic options with one you don't know. You gain two more options at Sorcerer level 10 and two more at Sorcerer level 17.""]"
Metamagic Options,XPHB,Sorcerer,XPHB,2,"[""The following options are available to your Metamagic feature. The options are presented in alphabetical order."", {""type"": ""options"", ""count"": 2, ""entries"": [{""type"": ""refOptionalfeature"", ""optionalfeature"": ""Careful Spell|XPHB"", ""preserve"": {""consumes"": true}}, {""type"": ""refOptionalfeature"", ""optionalfeature"": ""Distant Spell|XPHB"", ""preserve"": {""consumes"": true}}, {""type"": ""refOptionalfeature"", ""optionalfeature"": ""Empowered Spell|XPHB"", ""preserve"": {""consumes"": true}}, {""type"": ""refOptionalfeature"", ""optionalfeature"": ""Extended Spell|XPHB"", ""preserve"": {""consumes"": true}}, {""type"": ""refOptionalfeature"", ""optionalfeature"": ""Heightened Spell|XPHB"", ""preserve"": {""consumes"": true}}, {""type"": ""refOptionalfeature"", ""optionalfeature"": ""Quickened Spell|XPHB"", ""preserve"": {""consumes"": true}}, {""type"": ""refOptionalfeature"", ""optionalfeature"": ""Seeking Spell|XPHB"", ""preserve"": {""consumes"": true}}, {""type"": ""refOptionalfeature"", ""optionalfeature"": ""Subtle Spell|XPHB"", ""preserve"": {""consumes"": true}}, {""type"": ""refOptionalfeature"", ""optionalfeature"": ""Transmuted Spell|XPHB"", ""preserve"": {""consumes"": true}}, {""type"": ""refOptionalfeature"", ""optionalfeature"": ""Twinned Spell|XPHB"", ""preserve"": {""consumes"": true}}]}]"
Sorcerer Subclass,XPHB,Sorcerer,XPHB,3,"[""You gain a Sorcerer subclass of your choice. A subclass is a specialization that grants you features at certain Sorcerer levels. For the rest of your career, you gain each of your subclass's features that are of your Sorcerer level or lower.""]"
Ability Score Improvement,XPHB,Sorcerer,XPHB,4,"[""You gain the {@feat Ability Score Improvement|XPHB} feat or another {@5etools feat|feats.html} of your choice for which you qualify. You gain this feature again at Sorcerer levels 8, 12, and 16.""]"
Sorcerous Restoration,XPHB,Sorcerer,XPHB,5,"[""When you finish a {@variantrule Short Rest|XPHB}, you can regain expended Sorcery Points, but no more than a number equal to half your Sorcerer level (round down). Once you use this feature, you can't do so again until you finish a {@variantrule Long Rest|XPHB}.""]"
Subclass Feature,XPHB,Sorcerer,XPHB,6,"[""You gain a feature from your Sorcerer subclass.""]"
Sorcery Incarnate,XPHB,Sorcerer,XPHB,7,"[""If you have no uses of Innate Sorcery left, you can use it if you spend 2 Sorcery Points when you take the {@variantrule Bonus Action|XPHB} to activate it."", ""In addition, while your Innate Sorcery feature is active, you can use up to two of your {@filter Metamagic options|optionalfeatures|feature type=MM} on each spell you cast.""]"
Ability Score Improvement,XPHB,Sorcerer,XPHB,8,"[""You gain the {@feat Ability Score Improvement|XPHB} feat or another {@5etools feat|feats.html} of your choice for which you qualify.""]"
Metamagic,XPHB,Sorcerer,XPHB,10,"[""Because your magic flows from within you, you can alter your spells to suit your needs; you gain two Metamagic options of your choice from the \""{@filter Metamagic Options|optionalfeatures|feature type=MM|source=XPHB}\"" section later in this class's description."", ""You can use only one Metamagic option on a spell when you cast it, unless otherwise noted in one of those options."", ""Whenever you gain a Sorcerer level, you can replace one of your Metamagic options with one you don't know.""]"
Ability Score Improvement,XPHB,Sorcerer,XPHB,12,"[""You gain the {@feat Ability Score Improvement|XPHB} feat or another {@5etools feat|feats.html} of your choice for which you qualify.""]"
Subclass Feature,XPHB,Sorcerer,XPHB,14,"[""You gain a feature from your Sorcerer subclass.""]"
Ability Score Improvement,XPHB,Sorcerer,XPHB,16,"[""You gain the {@feat Ability Score Improvement|XPHB} feat or another {@5etools feat|feats.html} of your choice for which you qualify.""]"
Metamagic,XPHB,Sorcerer,XPHB,17,"[""Because your magic flows from within you, you can alter your spells to suit your needs; you gain two Metamagic options of your choice from the \""{@filter Metamagic Options|optionalfeatures|feature type=MM|source=XPHB}\"" section later in this class's description."", ""You can use only one Metamagic option on a spell when you cast it, unless otherwise noted in one of those options."", ""Whenever you gain a Sorcerer level, you can replace one of your Metamagic options with one you don't know.""]"
Subclass Feature,XPHB,Sorcerer,XPHB,18,"[""You gain a feature from your Sorcerer subclass.""]"
Epic Boon,XPHB,Sorcerer,XPHB,19,"[""You gain an {@filter Epic Boon feat|feats|category=EB} or another {@5etools feat|feats.html} of your choice for which you qualify. {@feat Boon of Dimensional Travel|XPHB} is recommended.""]"
Arcane Apotheosis,XPHB,Sorcerer,XPHB,20,"[""While your Innate Sorcery feature is active, you can use one Metamagic option on each of your turns without spending Sorcery Points on it.""]"
Bardic Inspiration,XPHB,Bard,XPHB,1,"[""You can supernaturally inspire others through words, music, or dance. This inspiration is represented by your Bardic Inspiration die, which is a {@dice d6}."", {""type"": ""entries"", ""entries"": [{""type"": ""entries"", ""name"": ""Using Bardic Inspiration"", ""entries"": [""As a {@variantrule Bonus Action|XPHB}, you can inspire another creature within 60 feet of yourself who can see or hear you. That creature gains one of your Bardic Inspiration dice. A creature can have only one Bardic Inspiration die at a time."", ""Once within the next hour when the creature fails a {@variantrule D20 Test|XPHB}, the creature can roll the Bardic Inspiration die and add the number rolled to the {@dice d20}, potentially turning the failure into a success. A Bardic Inspiration die is expended when it's rolled.""]}, {""type"": ""entries"", ""name"": ""Number of Uses"", ""entries"": [""You can confer a Bardic Inspiration die a number of times equal to your Charisma modifier (minimum of once), and you regain all expended uses when you finish a {@variantrule Long Rest|XPHB}.""]}, {""type"": ""entries"", ""name"": ""At Higher Levels"", ""entries"": [""Your Bardic Inspiration die changes when you reach certain Bard levels, as shown in the Bardic Die column of the Bard Features table. The die becomes a {@dice d8} at level 5, a {@dice d10} at level 10, and a {@dice d12} at level 15.""]}]}]"
Spellcasting,XPHB,Bard,XPHB,1,"[""You have learned to cast spells through your bardic arts. See {@book chapter 7|XPHB|7} for the rules on spellcasting. The information below details how you use those rules with Bard spells, which appear in the {@filter Bard spell list|spells|class=Bard} later in the class's description."", {""type"": ""entries"", ""entries"": [{""type"": ""entries"", ""name"": ""Cantrips"", ""entries"": [""You know two cantrips of your choice from the {@filter Bard spell list|spells|class=Bard}. {@spell Dancing Lights|XPHB} and {@spell Vicious Mockery|XPHB} are recommended."", ""Whenever you gain a Bard level, you can replace one of your cantrips with another cantrip of your choice from the {@filter Bard spell list|spells|class=Bard}."", ""When you reach Bard levels 4 and 10, you learn another cantrip of your choice from the {@filter Bard spell list|spells|class=Bard}, as shown in the Cantrips column of the Bard Features table.""]}, {""type"": ""entries"", ""name"": ""Spell Slots"", ""entries"": [""The Bard Features table shows how many spell slots you have to cast your level 1+ spells. You regain all expended slots when you finish a {@variantrule Long Rest|XPHB}.""]}, {""type"": ""entries"", ""name"": ""Prepared Spells of Level 1+"", ""entries"": [""You prepare the list of level 1+ spells that are available for you to cast with this feature. To start, choose four level 1 spells from the {@filter Bard spell list|spells|class=Bard}. {@spell Charm Person|XPHB}, {@spell Color Spray|XPHB}, {@spell Dissonant Whispers|XPHB}, and {@spell Healing Word|XPHB} are recommended."", ""The number of spells on your list increases as you gain Bard levels, as shown in the Prepared Spells column of the Bard Features table. Whenever that number increases, choose additional spells from the {@filter Bard spell list|spells|class=Bard} until the number of spells on your list matches the number on the table. The chosen spells must be of a level for which you have spell slots. For example, if you're a level 3 Bard, your list of prepared spells can include six spells of levels 1 and 2 in any combination."", ""If another Bard feature gives you spells that you always have prepared, those spells don't count against the number of spells you can prepare with this feature, but those spells otherwise count as Bard spells for you.""]}, {""type"": ""entries"", ""name"": ""Changing Your Prepared Spells"", ""entries"": [""Whenever you gain a Bard level, you can replace one spell on your list with another Bard spell for which you have spell slots.""]}, {""type"": ""entries"", ""name"": ""Spellcasting Ability"", ""entries"": [""Charisma is your spellcasting ability for your Bard spells.""]}, {""type"": ""entries"", ""name"": ""Spellcasting Focus"", ""entries"": [""You can use a {@item Musical Instrument|XPHB} as a {@variantrule Spellcasting Focus|XPHB} for your Bard spells.""]}]}]"
Expertise,XPHB,Bard,XPHB,2,"[""You gain {@variantrule Expertise|XPHB} in two of your skill proficiencies of your choice. {@skill Performance|XPHB} and {@skill Persuasion|XPHB} are recommended if you have proficiency in them."", ""At Bard level 9, you gain {@variantrule Expertise|XPHB} in two more of your skill proficiencies of your choice.""]"
Jack of All Trades,XPHB,Bard,XPHB,2,"[""You can add half your {@variantrule Proficiency|XPHB|Proficiency Bonus} (round down) to any ability check you make that uses a skill proficiency you lack and that doesn't otherwise use your {@variantrule Proficiency|XPHB|Proficiency Bonus}."", ""For example, if you make a Strength ({@skill Athletics|XPHB}) check and lack {@skill Athletics|XPHB} proficiency, you can add half your {@variantrule Proficiency|XPHB|Proficiency Bonus} to the check."", {""type"": ""inset"", ""name"": ""A Bard's Repertoire"", ""entries"": [""Does your Bard beat a {@item drum|XPHB} while chanting the deeds of ancient heroes? Strum a {@item lute|XPHB} while crooning romantic tunes? Perform arias of stirring power? Recite dramatic monologues from classic tragedies? Use the rhythm of a folk dance to coordinate the movement of allies in battle? Compose naughty limericks?"", ""When you play a Bard, consider the style of artistic performance you favor, the moods you might invoke, and the themes that inspire your own creations. Are your poems inspired by moments of natural beauty, or are they brooding reflections on loss? Do you prefer lofty hymns or rowdy tavern songs? Are you drawn to laments for the fallen or celebrations of joy? Do you dance merry jigs or perform elaborate interpretive choreography? Do you focus on one style of performance or strive to master them all?""]}]"
Bard Subclass,XPHB,Bard,XPHB,3,"[""You gain a Bard subclass of your choice. A subclass is a specialization that grants you features at certain Bard levels. For the rest of your career, you gain each of your subclass's features that are of your Bard level or lower.""]"
Ability Score Improvement,XPHB,Bard,XPHB,4,"[""You gain the {@feat Ability Score Improvement|XPHB} feat or another {@5etools feat|feats.html} of your choice for which you qualify. You gain this feature again at Bard levels 8, 12, and 16.""]"
Font of Inspiration,XPHB,Bard,XPHB,5,"[""You now regain all your expended uses of Bardic Inspiration when you finish a {@variantrule Short Rest|XPHB|Short} or {@variantrule Long Rest|XPHB}."", ""In addition, you can expend a spell slot (no action required) to regain one expended use of Bardic Inspiration.""]"
Subclass Feature,XPHB,Bard,XPHB,6,"[""You gain a feature from your Bard Subclass.""]"
Countercharm,XPHB,Bard,XPHB,7,"[""You can use musical notes or words of power to disrupt mind-influencing effects. If you or a creature within 30 feet of you fails a saving throw against an effect that applies the {@condition Charmed|XPHB} or {@condition Frightened|XPHB} condition, you can take a {@variantrule Reaction|XPHB} to cause the save to be rerolled, and the new roll has {@variantrule Advantage|XPHB}.""]"
Ability Score Improvement,XPHB,Bard,XPHB,8,"[""You gain the {@feat Ability Score Improvement|XPHB} feat or another {@5etools feat|feats.html} of your choice for which you qualify.""]"
Expertise,XPHB,Bard,XPHB,9,"[""You gain {@variantrule Expertise|XPHB} in two of your Skill Proficiencies of your choice.""]"
Magical Secrets,XPHB,Bard,XPHB,10,"[""You've learned secrets from various magical traditions. Whenever you reach a Bard level (including this level) and the Prepared Spells number in the Bard Features table increases, you can choose any of your new prepared spells from the {@filter Bard|spells|class=Bard}, {@filter Cleric|spells|class=Cleric}, {@filter Druid|spells|class=Druid}, and {@filter Wizard|spells|class=Wizard} {@filter spell lists|spells|class=Bard;Cleric;Druid;Wizard}, and the chosen spells count as Bard spells for you (see a class's section for its spell list). In addition, whenever you replace a spell prepared for this class, you can replace it with a spell from those lists.""]"
Ability Score Improvement,XPHB,Bard,XPHB,12,"[""You gain the {@feat Ability Score Improvement|XPHB} feat or another {@5etools feat|feats.html} of your choice for which you qualify.""]"
Subclass Feature,XPHB,Bard,XPHB,14,"[""You gain a feature from your Bard Subclass.""]"
Ability Score Improvement,XPHB,Bard,XPHB,16,"[""You gain the {@feat Ability Score Improvement|XPHB} feat or another {@5etools feat|feats.html} of your choice for which you qualify.""]"
Superior Inspiration,XPHB,Bard,XPHB,18,"[""When you roll {@variantrule Initiative|XPHB}, you regain expended uses of Bardic Inspiration until you have two if you have fewer than that.""]"
Epic Boon,XPHB,Bard,XPHB,19,"[""You gain an {@filter Epic Boon feat|feats|category=EB} or another {@5etools feat|feats.html} of your choice for which you qualify. {@feat Boon of Spell Recall|XPHB} is recommended.""]"
Words of Creation,XPHB,Bard,XPHB,20,"[""You have mastered two of the Words of Creation: the words of life and death. You therefore always have the {@spell Power Word Heal|XPHB} and {@spell Power Word Kill|XPHB} spells prepared. When you cast either spell, you can target a second creature with it if that creature is within 10 feet of the first target.""]"
Fighting Style,XPHB,Fighter,XPHB,1,"[""You have honed your martial prowess and gain a {@filter Fighting Style feat|feats|category=FS} of your choice. {@feat Defense|XPHB} is recommended."", ""Whenever you gain a Fighter level, you can replace the feat you chose with a different {@filter Fighting Style feat|feats|category=FS}.""]"
Second Wind,XPHB,Fighter,XPHB,1,"[""You have a limited well of physical and mental stamina that you can draw on. As a {@variantrule Bonus Action|XPHB}, you can use it to regain {@variantrule Hit Points|XPHB} equal to {@dice 1d10} plus your Fighter level."", ""You can use this feature twice. You regain one expended use when you finish a {@variantrule Short Rest|XPHB}, and you regain all expended uses when you finish a {@variantrule Long Rest|XPHB}."", ""When you reach certain Fighter levels, you gain more uses of this feature, as shown in the Second Wind column of the Fighter Features table.""]"
Weapon Mastery,XPHB,Fighter,XPHB,1,"[""Your training with weapons allows you to use the {@variantrule weapon mastery properties|XPHB|mastery properties} of three kinds of {@filter Simple|items|type=simple weapon} or {@filter Martial|items|type=martial weapon} weapons of your choice. Whenever you finish a {@variantrule Long Rest|XPHB}, you can practice weapon drills and change one of those weapon choices."", ""When you reach certain Fighter levels, you gain the ability to use the {@variantrule weapon mastery properties|XPHB|mastery properties} of more kinds of weapons, as shown in the Weapon Mastery column of the Fighter Features table.""]"
Action Surge,XPHB,Fighter,XPHB,2,"[""You can push yourself beyond your normal limits for a moment. On your turn, you can take one additional action, except the {@action Magic|XPHB} action."", ""Once you use this feature, you can't do so again until you finish a {@variantrule Short Rest|XPHB|Short} or {@variantrule Long Rest|XPHB}. Starting at level 17, you can use it twice before a rest but only once on a turn.""]"
Tactical Mind,XPHB,Fighter,XPHB,2,"[""You have a mind for tactics on and off the battlefield. When you fail an ability check, you can expend a use of your Second Wind to push yourself toward success. Rather than regaining {@variantrule Hit Points|XPHB}, you roll {@dice 1d10} and add the number rolled to the ability check, potentially turning it into a success. If the check still fails, this use of Second Wind isn't expended.""]"
Fighter Subclass,XPHB,Fighter,XPHB,3,"[""You gain a Fighter subclass of your choice. A subclass is a specialization that grants you features at certain Fighter levels. For the rest of your career, you gain each of your subclass's features that are of your Fighter level or lower.""]"
Ability Score Improvement,XPHB,Fighter,XPHB,4,"[""You gain the {@feat Ability Score Improvement|XPHB} feat or another {@5etools feat|feats.html} of your choice for which you qualify. You gain this feature again at Fighter levels 6, 8, 12, 14, and 16.""]"
Extra Attack,XPHB,Fighter,XPHB,5,"[""You can attack twice instead of once whenever you take the {@action Attack|XPHB} action on your turn.""]"
Tactical Shift,XPHB,Fighter,XPHB,5,"[""Whenever you activate your Second Wind with a {@variantrule Bonus Action|XPHB}, you can move up to half your {@variantrule Speed|XPHB} without provoking {@action Opportunity Attack|XPHB|Opportunity Attacks}.""]"
Ability Score Improvement,XPHB,Fighter,XPHB,6,"[""You gain the {@feat Ability Score Improvement|XPHB} feat or another {@5etools feat|feats.html} of your choice for which you qualify.""]"
Subclass Feature,XPHB,Fighter,XPHB,7,"[""You gain a feature from your Fighter Subclass.""]"
Ability Score Improvement,XPHB,Fighter,XPHB,8,"[""You gain the {@feat Ability Score Improvement|XPHB} feat or another {@5etools feat|feats.html} of your choice for which you qualify.""]"
Indomitable,XPHB,Fighter,XPHB,9,"[""If you fail a saving throw, you can reroll it with a bonus equal to your Fighter level. You must use the new roll, and you can't use this feature again until you finish a {@variantrule Long Rest|XPHB}."", ""You can use this feature twice before a {@variantrule Long Rest|XPHB} starting at level 13 and three times before a {@variantrule Long Rest|XPHB} starting at level 17.""]"
Tactical Master,XPHB,Fighter,XPHB,9,"[""When you attack with a weapon whose mastery property you can use, you can replace that property with the {@itemMastery Push|XPHB}, {@itemMastery Sap|XPHB}, or {@itemMastery Slow|XPHB} property for that attack.""]"
Subclass Feature,XPHB,Fighter,XPHB,10,"[""You gain a feature from your Fighter Subclass.""]"
Two Extra Attacks,XPHB,Fighter,XPHB,11,"[""You can attack three times instead of once whenever you take the {@action Attack|XPHB} action on your turn.""]"
Ability Score Improvement,XPHB,Fighter,XPHB,12,"[""You gain the {@feat Ability Score Improvement|XPHB} feat or another {@5etools feat|feats.html} of your choice for which you qualify.""]"
Indomitable,XPHB,Fighter,XPHB,13,"[""If you fail a saving throw, you can reroll it with a bonus equal to your Fighter level. You must use the new roll, and you can't use this feature again until you finish a {@variantrule Long Rest|XPHB}."", ""You can use this feature twice before a {@variantrule Long Rest|XPHB} starting at level 13 and three times before a {@variantrule Long Rest|XPHB} starting at level 17.""]"
Studied Attacks,XPHB,Fighter,XPHB,13,"[""You study your opponents and learn from each attack you make. If you make an attack roll against a creature and miss, you have {@variantrule Advantage|XPHB} on your next attack roll against that creature before the end of your next turn.""]"
Ability Score Improvement,XPHB,Fighter,XPHB,14,"[""You gain the {@feat Ability Score Improvement|XPHB} feat or another {@5etools feat|feats.html} of your choice for which you qualify.""]"
Subclass Feature,XPHB,Fighter,XPHB,15,"[""You gain a feature from your Fighter Subclass.""]"
Ability Score Improvement,XPHB,Fighter,XPHB,16,"[""You gain the {@feat Ability Score Improvement|XPHB} feat or another {@5etools feat|feats.html} of your choice for which you qualify.""]"
Action Surge,XPHB,Fighter,XPHB,17,"[""You can push yourself beyond your normal limits for a moment. On your turn, you can take one additional action, except the {@action Magic|XPHB} action."", ""Once you use this feature, you can't do so again until you finish a {@variantrule Short Rest|XPHB|Short} or {@variantrule Long Rest|XPHB}. Starting at level 17, you can use it twice before a rest but only once on a turn.""]"
Indomitable,XPHB,Fighter,XPHB,17,"[""If you fail a saving throw, you can reroll it with a bonus equal to your Fighter level. You must use the new roll, and you can't use this feature again until you finish a {@variantrule Long Rest|XPHB}."", ""You can use this feature twice before a {@variantrule Long Rest|XPHB} starting at level 13 and three times before a {@variantrule Long Rest|XPHB} starting at level 17.""]"
Subclass Feature,XPHB,Fighter,XPHB,18,"[""You gain a feature from your Fighter Subclass.""]"
Epic Boon,XPHB,Fighter,XPHB,19,"[""You gain an {@filter Epic Boon feat|feats|category=EB} or another {@5etools feat|feats.html} of your choice for which you qualify. {@feat Boon of Combat Prowess|XPHB} is recommended.""]"
Three Extra Attacks,XPHB,Fighter,XPHB,20,"[""You can attack four times instead of once whenever you take the {@action Attack|XPHB} action on your turn.""]"
Arcane Recovery,XPHB,Wizard,XPHB,1,"[""You can regain some of your magical energy by studying your spellbook. When you finish a {@variantrule Short Rest|XPHB}, you can choose expended spell slots to recover. The spell slots can have a combined level equal to no more than half your Wizard level (round up), and none of the slots can be level 6 or higher. For example, if you're a level 4 Wizard, you can recover up to two levels' worth of spell slots, regaining either one level 2 spell slot or two level 1 spell slots."", ""Once you use this feature, you can't do so again until you finish a {@variantrule Long Rest|XPHB}.""]"
Ritual Adept,XPHB,Wizard,XPHB,1,"[""You can cast any spell as a {@variantrule Ritual|XPHB} if that spell has the {@variantrule Ritual|XPHB} tag and the spell is in your spellbook. You needn't have the spell prepared, but you must read from the book to cast a spell in this way.""]"
Spellcasting,XPHB,Wizard,XPHB,1,"[""As a student of arcane magic, you have learned to cast spells. See {@book chapter 7|XPHB|7} for the rules on spellcasting. The information below details how you use those rules with Wizard spells, which appear in the {@filter Wizard spell list|spells|class=Wizard} later in the class's description."", {""type"": ""entries"", ""entries"": [{""type"": ""entries"", ""name"": ""Cantrips"", ""entries"": [""You know three Wizard cantrips of your choice. {@spell Light|XPHB}, {@spell Mage Hand|XPHB}, and {@spell Ray of Frost|XPHB} are recommended. Whenever you finish a {@variantrule Long Rest|XPHB}, you can replace one of your cantrips from this feature with another Wizard cantrip of your choice."", ""When you reach Wizard levels 4 and 10, you learn another Wizard cantrip of your choice, as shown in the Cantrips column of the Wizard Features table.""]}, {""type"": ""entries"", ""name"": ""Spellbook"", ""entries"": [""Your wizardly apprenticeship culminated in the creation of a unique book: your spellbook. It is a Tiny object that weighs 3 pounds, contains 100 pages, and can be read only by you or someone casting {@spell Identify|XPHB}. You determine the book's appearance and materials, such as a gilt-edged tome or a collection of vellum bound with twine."", ""The book contains the level 1+ spells you know. It starts with six level 1 Wizard spells of your choice. {@spell Detect Magic|XPHB}, {@spell Feather Fall|XPHB}, {@spell Mage Armor|XPHB}, {@spell Magic Missile|XPHB}, {@spell Sleep|XPHB}, and {@spell Thunderwave|XPHB} are recommended."", ""Whenever you gain a Wizard level after 1, add two Wizard spells of your choice to your spellbook. Each of these spells must be of a level for which you have spell slots, as shown in the Wizard Features table. The spells are the culmination of arcane research you do regularly.""]}, {""type"": ""entries"", ""name"": ""Spell Slots"", ""entries"": [""The Wizard Features table shows how many spell slots you have to cast your level 1+ spells. You regain all expended slots when you finish a {@variantrule Long Rest|XPHB}.""]}, {""type"": ""entries"", ""name"": ""Prepared Spells of Level 1+"", ""entries"": [""You prepare the list of level 1+ spells that are available for you to cast with this feature. To do so, choose four spells from your spellbook. The chosen spells must be of a level for which you have spell slots."", ""The number of spells on your list increases as you gain Wizard levels, as shown in the Prepared Spells column of the Wizard Features table. Whenever that number increases, choose additional Wizard spells until the number of spells on your list matches the number in the table. The chosen spells must be of a level for which you have spell slots. For example, if you're a level 3 Wizard, your list of prepared spells can include six spells of levels 1 and 2 in any combination, chosen from your spellbook."", ""If another Wizard feature gives you spells that you always have prepared, those spells don't count against the number of spells you can prepare with this feature, but those spells otherwise count as Wizard spells for you.""]}, {""type"": ""entries"", ""name"": ""Changing Your Prepared Spells"", ""entries"": [""Whenever you finish a {@variantrule Long Rest|XPHB}, you can change your list of prepared spells, replacing any of the spells there with spells from your spellbook.""]}, {""type"": ""entries"", ""name"": ""Spellcasting Ability"", ""entries"": [""Intelligence is your spellcasting ability for your Wizard spells.""]}, {""type"": ""entries"", ""name"": ""Spellcasting Focus"", ""entries"": [""You can use an {@item Arcane Focus|XPHB} or your spellbook as a {@variantrule Spellcasting Focus|XPHB} for your Wizard spells.""]}, {""type"": ""inset"", ""name"": ""Expanding and Replacing a Spellbook"", ""entries"": [""The spells you add to your spellbook as you gain levels reflect your ongoing magical research, but you might find other spells during your adventures that you can add to the book. You could discover a Wizard spell on a {@item Spell Scroll|XDMG}, for example, and then copy it into your spellbook."", {""type"": ""entries"", ""name"": ""Copying a Spell into the Book"", ""entries"": [""When you find a level 1+ Wizard spell, you can copy it into your spellbook if it's of a level you can prepare and if you have time to copy it. For each level of the spell, the transcription takes 2 hours and costs 50 GP. Afterward you can prepare the spell like the other spells in your spellbook.""]}, {""type"": ""entries"", ""name"": ""Copying the Book"", ""entries"": [""You can copy a spell from your spellbook into another book. This is like copying a new spell into your spellbook but faster, since you already know how to cast the spell. You need spend only 1 hour and 10 GP for each level of the copied spell."", ""If you lose your spellbook, you can use the same procedure to transcribe the Wizard spells that you have prepared into a new spellbook. Filling out the remainder of the new book requires you to find new spells to do so. For this reason, many wizards keep a backup spellbook.""]}]}]}]"
Scholar,XPHB,Wizard,XPHB,2,"[""While studying magic, you also specialized in another field of study. Choose one of the following skills in which you have proficiency: {@skill Arcana|XPHB}, {@skill History|XPHB}, {@skill Investigation|XPHB}, {@skill Medicine|XPHB}, {@skill Nature|XPHB}, or {@skill Religion|XPHB}. You have {@variantrule Expertise|XPHB} in the chosen skill.""]"
Wizard Subclass,XPHB,Wizard,XPHB,3,"[""You gain a Wizard subclass of your choice. A subclass is a specialization that grants you features at certain Wizard levels. For the rest of your career, you gain each of your subclass's features that are of your Wizard level or lower.""]"
Ability Score Improvement,XPHB,Wizard,XPHB,4,"[""You gain the {@feat Ability Score Improvement|XPHB} feat or another {@5etools feat|feats.html} of your choice for which you qualify. You gain this feature again at Wizard levels 8, 12, and 16.""]"
Memorize Spell,XPHB,Wizard,XPHB,5,"[""Whenever you finish a {@variantrule Short Rest|XPHB}, you can study your spellbook and replace one of the level 1+ Wizard spells you have prepared for your Spellcasting feature with another level 1+ spell from the book.""]"
Subclass Feature,XPHB,Wizard,XPHB,6,"[""You gain a feature from your Wizard Subclass.""]"
Ability Score Improvement,XPHB,Wizard,XPHB,8,"[""You gain the {@feat Ability Score Improvement|XPHB} Feat or another {@5etools feat|feats.html} of your choice for which you qualify.""]"
Subclass Feature,XPHB,Wizard,XPHB,10,"[""You gain a feature from your Wizard Subclass.""]"
Ability Score Improvement,XPHB,Wizard,XPHB,12,"[""You gain the {@feat Ability Score Improvement|XPHB} Feat or another {@5etools feat|feats.html} of your choice for which you qualify.""]"
Subclass Feature,XPHB,Wizard,XPHB,14,"[""You gain a feature from your Wizard Subclass.""]"
Ability Score Improvement,XPHB,Wizard,XPHB,16,"[""You gain the {@feat Ability Score Improvement|XPHB} Feat or another {@5etools feat|feats.html} of your choice for which you qualify.""]"
Spell Mastery,XPHB,Wizard,XPHB,18,"[""You have achieved such mastery over certain spells that you can cast them at will. Choose a level 1 and a level 2 spell in your spellbook that have a casting time of an action. You always have those spells prepared, and you can cast them at their lowest level without expending a spell slot. To cast either spell at a higher level, you must expend a spell slot."", ""Whenever you finish a {@variantrule Long Rest|XPHB}, you can study your spellbook and replace one of those spells with an eligible spell of the same level from the book.""]"
Epic Boon,XPHB,Wizard,XPHB,19,"[""You gain an {@filter Epic Boon feat|feats|category=EB} or another {@5etools feat|feats.html} of your choice for which you qualify. {@feat Boon of Spell Recall|XPHB} is recommended.""]"
Signature Spells,XPHB,Wizard,XPHB,20,"[""Choose two level 3 spells in your spellbook as your signature spells. You always have these spells prepared, and you can cast each of them once at level 3 without expending a spell slot. When you do so, you can't cast them in this way again until you finish a {@variantrule Short Rest|XPHB|Short} or {@variantrule Long Rest|XPHB}. To cast either spell at a higher level, you must expend a spell slot.""]"
Bonus Unarmed Strike,XPHB,Monk,XPHB,1,"[""You can make an {@variantrule Unarmed Strike|XPHB} as a {@variantrule Bonus Action|XPHB}.""]"
Dexterous Attacks,XPHB,Monk,XPHB,1,"[""You can use your Dexterity modifier instead of your Strength modifier for the attack and damage rolls of your Unarmed Strikes and Monk weapons. In addition, when you use the Grapple or Shove option of your {@variantrule Unarmed Strike|XPHB}, you can use your Dexterity modifier instead of your Strength modifier to determine the save DC.""]"
Martial Arts,XPHB,Monk,XPHB,1,"[""Your practice of martial arts gives you mastery of combat styles that use your {@variantrule Unarmed Strike|XPHB} and Monk weapons, which are the following:"", {""type"": ""list"", ""items"": [""{@filter Simple Melee Weapons|items|type=simple weapon;melee weapon=sand}"", ""{@filter Martial Melee Weapons that have the Light property|items|type=martial weapon;melee weapon=sand|property=light}""]}, ""You gain the following benefits while you are unarmed or wielding only Monk weapons and you aren't wearing armor or wielding a {@item Shield|XPHB}."", {""type"": ""entries"", ""entries"": [{""type"": ""refClassFeature"", ""classFeature"": ""Bonus Unarmed Strike|Monk|XPHB|1""}, {""type"": ""refClassFeature"", ""classFeature"": ""Martial Arts Die|Monk|XPHB|1""}, {""type"": ""refClassFeature"", ""classFeature"": ""Dexterous Attacks|Monk|XPHB|1""}]}]"
Martial Arts Die,XPHB,Monk,XPHB,1,"[""You can roll {@damage 1d6} in place of the normal damage of your {@variantrule Unarmed Strike|XPHB} or Monk weapons. This die changes as you gain Monk levels, as shown in the Martial Arts column of the Monk Features table.""]"
Unarmored Defense,XPHB,Monk,XPHB,1,"[""While you aren't wearing armor or wielding a {@item Shield|XPHB}, your base {@variantrule Armor Class|XPHB} equals 10 plus your Dexterity and Wisdom modifiers.""]"
Flurry of Blows,XPHB,Monk,XPHB,2,"[""You can expend 1 Focus Point to make two Unarmed Strikes as a {@variantrule Bonus Action|XPHB}.""]"
Monk's Focus,XPHB,Monk,XPHB,2,"[""Your focus and martial training allow you to harness a well of extraordinary energy within yourself. This energy is represented by Focus Points. Your Monk level determines the number of points you have, as shown in the Focus Points column of the Monk Features table."", ""You can expend these points to enhance or fuel certain Monk features. You start knowing three such features: Flurry of Blows, Patient Defense, and Step of the Wind, each of which is detailed below."", ""When you expend a Focus Point, it is unavailable until you finish a {@variantrule Short Rest|XPHB|Short} or {@variantrule Long Rest|XPHB}, at the end of which you regain all your expended points."", ""Some features that use Focus Points require your target to make a saving throw. The save DC equals 8 plus your Wisdom modifier and {@variantrule Proficiency|XPHB|Proficiency Bonus}."", {""type"": ""entries"", ""entries"": [{""type"": ""refClassFeature"", ""classFeature"": ""Flurry of Blows|Monk|XPHB|2""}, {""type"": ""refClassFeature"", ""classFeature"": ""Patient Defense|Monk|XPHB|2""}, {""type"": ""refClassFeature"", ""classFeature"": ""Step of the Wind|Monk|XPHB|2""}]}]"
Patient Defense,XPHB,Monk,XPHB,2,"[""You can take the {@action Disengage|XPHB} action as a {@variantrule Bonus Action|XPHB}. Alternatively, you can expend 1 Focus Point to take both the {@action Disengage|XPHB} and the {@action Dodge|XPHB} actions as a {@variantrule Bonus Action|XPHB}.""]"
Step of the Wind,XPHB,Monk,XPHB,2,"[""You can take the {@action Dash|XPHB} action as a {@variantrule Bonus Action|XPHB}. Alternatively, you can expend 1 Focus Point to take both the {@action Disengage|XPHB} and {@action Dash|XPHB} actions as a {@variantrule Bonus Action|XPHB}, and your jump distance is doubled for the turn.""]"
Unarmored Movement,XPHB,Monk,XPHB,2,"[""Your speed increases by 10 feet while you aren't wearing armor or wielding a {@item Shield|XPHB}. This bonus increases when you reach certain Monk levels, as shown on the Monk Features table.""]"
Uncanny Metabolism,XPHB,Monk,XPHB,2,"[""When you roll {@variantrule Initiative|XPHB}, you can regain all expended Focus Points. When you do so, roll your Martial Arts die, and regain a number of {@variantrule Hit Points|XPHB} equal to your Monk level plus the number rolled."", ""Once you use this feature, you can't use it again until you finish a {@variantrule Long Rest|XPHB}.""]"
Deflect Attacks,XPHB,Monk,XPHB,3,"[""When an attack roll hits you and its damage includes Bludgeoning, Piercing, or Slashing damage, you can take a {@variantrule Reaction|XPHB} to reduce the attack's total damage against you. The reduction equals {@dice 1d10} plus your Dexterity modifier and Monk level."", ""If you reduce the damage to 0, you can expend 1 Focus Point to redirect some of the attack's force. If you do so, choose a creature you can see within 5 feet of yourself if the attack was a melee attack or a creature you can see within 60 feet of yourself that isn't behind {@variantrule Cover|XPHB|Total Cover} if the attack was a ranged attack. That creature must succeed on a Dexterity saving throw or take damage equal to two rolls of your Martial Arts die plus your Dexterity modifier. The damage is the same type dealt by the attack.""]"
Monk Subclass,XPHB,Monk,XPHB,3,"[""You gain a Monk subclass of your choice. A subclass is a specialization that grants you features at certain Monk levels. For the rest of your career, you gain each of your subclass's features that are of your Monk level or lower.""]"
Ability Score Improvement,XPHB,Monk,XPHB,4,"[""You gain the {@feat Ability Score Improvement|XPHB} feat or another {@5etools feat|feats.html} of your choice for which you qualify. You gain this feature again at Monk levels 8, 12, and 16.""]"
Slow Fall,XPHB,Monk,XPHB,4,"[""You can take a {@variantrule Reaction|XPHB} when you fall to reduce any damage you take from the fall by an amount equal to five times your Monk level.""]"
Extra Attack,XPHB,Monk,XPHB,5,"[""You can attack twice instead of once whenever you take the {@action Attack|XPHB} action on your turn.""]"
Stunning Strike,XPHB,Monk,XPHB,5,"[""Once per turn when you hit a creature with a Monk weapon or an {@variantrule Unarmed Strike|XPHB}, you can expend 1 Focus Point to attempt a stunning strike. The target must make a Constitution saving throw. On a failed save, the target has the {@condition Stunned|XPHB} condition until the start of your next turn. On a successful save, the target's {@variantrule Speed|XPHB} is halved until the start of your next turn, and the next attack roll made against the target before then has {@variantrule Advantage|XPHB}.""]"
Empowered Strikes,XPHB,Monk,XPHB,6,"[""Whenever you deal damage with your {@variantrule Unarmed Strike|XPHB}, it can deal your choice of Force damage or its normal damage type.""]"
Subclass Feature,XPHB,Monk,XPHB,6,"[""You gain a feature from your Monk subclass.""]"
Evasion,XPHB,Monk,XPHB,7,"[""When you're subjected to an effect that allows you to make a Dexterity saving throw to take only half damage, you instead take no damage if you succeed on the saving throw and only half damage if you fail."", ""You don't benefit from this feature if you have the {@condition Incapacitated|XPHB} condition.""]"
Ability Score Improvement,XPHB,Monk,XPHB,8,"[""You gain the {@feat Ability Score Improvement|XPHB} feat or another {@5etools feat|feats.html} of your choice for which you qualify.""]"
Acrobatic Movement,XPHB,Monk,XPHB,9,"[""While you aren't wearing armor or wielding a {@item Shield|XPHB}, you gain the ability to move along vertical surfaces and across liquids on your turn without falling during the movement.""]"
Heightened Focus,XPHB,Monk,XPHB,10,"[""Your Flurry of Blows, Patient Defense, and Step of the Wind gain the following benefits."", {""type"": ""entries"", ""name"": """", ""entries"": [{""type"": ""entries"", ""name"": ""Flurry of Blows"", ""entries"": [""You can expend 1 Focus Point to use Flurry of Blows and make three Unarmed Strikes with it instead of two.""]}, {""type"": ""entries"", ""name"": ""Patient Defense"", ""entries"": [""When you expend a Focus Point to use Patient Defense, you gain a number of {@variantrule Temporary Hit Points|XPHB} equal to two rolls of your Martial Arts die.""]}, {""type"": ""entries"", ""name"": ""Step of the Wind"", ""entries"": [""When you expend a Focus Point to use Step of the Wind, you can choose a willing creature within 5 feet of yourself that is Large or smaller. You move the creature with you until the end of your turn. The creature's movement doesn't provoke {@action Opportunity Attack|XPHB|Opportunity Attacks}.""]}]}]"
Self-Restoration,XPHB,Monk,XPHB,10,"[""Through sheer force of will, you can remove one of the following conditions from yourself at the end of each of your turns: {@condition Charmed|XPHB}, {@condition Frightened|XPHB}, or {@condition Poisoned|XPHB}."", ""In addition, forgoing food and drink doesn't give you levels of {@condition Exhaustion|XPHB}.""]"
Subclass Feature,XPHB,Monk,XPHB,11,"[""You gain a feature from your Monk subclass.""]"
Ability Score Improvement,XPHB,Monk,XPHB,12,"[""You gain the {@feat Ability Score Improvement|XPHB} feat or another {@5etools feat|feats.html} of your choice for which you qualify.""]"
Deflect Energy,XPHB,Monk,XPHB,13,"[""You can now use your Deflect Attacks feature against attacks that deal any damage type, not just Bludgeoning, Piercing, or Slashing.""]"
Disciplined Survivor,XPHB,Monk,XPHB,14,"[""Your physical and mental discipline grant you proficiency in all saving throws."", ""Additionally, whenever you make a saving throw and fail, you can expend 1 Focus Point to reroll it, and you must use the new roll.""]"
Perfect Focus,XPHB,Monk,XPHB,15,"[""When you roll {@variantrule Initiative|XPHB} and don't use Uncanny Metabolism, you regain expended Focus Points until you have 4 if you have 3 or fewer.""]"
Ability Score Improvement,XPHB,Monk,XPHB,16,"[""You gain the {@feat Ability Score Improvement|XPHB} feat or another {@5etools feat|feats.html} of your choice for which you qualify.""]"
Subclass Feature,XPHB,Monk,XPHB,17,"[""You gain a feature from your Monk subclass.""]"
Superior Defense,XPHB,Monk,XPHB,18,"[""At the start of your turn, you can expend 3 Focus Points to bolster yourself against harm for 1 minute or until you have the {@condition Incapacitated|XPHB} condition. During that time, you have {@variantrule Resistance|XPHB} to all damage except Force damage.""]"
Epic Boon,XPHB,Monk,XPHB,19,"[""You gain an {@filter Epic Boon feat|feats|category=EB} or another {@5etools feat|feats.html} of your choice for which you qualify. {@feat Boon of Irresistible Offense|XPHB} is recommended.""]"
Body and Mind,XPHB,Monk,XPHB,20,"[""You have developed your body and mind to new heights. Your Dexterity and Wisdom scores increase by 4, to a maximum of 25.""]"
Expertise,XPHB,Rogue,XPHB,1,"[""You gain {@variantrule Expertise|XPHB} in two of your skill proficiencies of your choice. {@skill Sleight of Hand|XPHB} and {@skill Stealth|XPHB} are recommended if you have proficiency in them."", ""At Rogue level 6, you gain {@variantrule Expertise|XPHB} in two more of your skill proficiencies of your choice.""]"
Sneak Attack,XPHB,Rogue,XPHB,1,"[""You know how to strike subtly and exploit a foe's distraction. Once per turn, you can deal an extra {@damage 1d6} damage to one creature you hit with an attack roll if you have {@variantrule Advantage|XPHB} on the roll and the attack uses a Finesse or a Ranged weapon. The extra damage's type is the same as the weapon's type."", ""You don't need {@variantrule Advantage|XPHB} on the attack roll if at least one of your allies is within 5 feet of the target, the ally doesn't have the {@condition Incapacitated|XPHB} condition, and you don't have {@variantrule Disadvantage|XPHB} on the attack roll."", ""The extra damage increases as you gain Rogue levels, as shown in the Sneak Attack column of the Rogue Features table.""]"
Thieves' Cant,XPHB,Rogue,XPHB,1,"[""You picked up various languages in the communities where you plied your roguish talents. You know Thieves' Cant and one other language of your choice, which you choose from the language tables in {@book chapter 2|XPHB|2|Choose Languages}.""]"
Weapon Mastery,XPHB,Rogue,XPHB,1,"[""Your training with weapons allows you to use the {@variantrule weapon mastery properties|XPHB|mastery properties} of two kinds of {@filter weapons|items|type=simple weapon;martial weapon} of your choice with which you have proficiency, such as {@item Dagger|XPHB|Daggers} and {@item Shortbow|XPHB|Shortbows}."", ""Whenever you finish a {@variantrule Long Rest|XPHB}, you can change the kinds of weapons you chose. For example, you could switch to using the {@variantrule weapon mastery properties|XPHB|mastery properties} of {@item Scimitar|XPHB|Scimitars} and {@item Shortsword|XPHB|Shortswords}.""]"
Cunning Action,XPHB,Rogue,XPHB,2,"[""Your quick thinking and agility allow you to move and act quickly. On your turn, you can take one of the following actions as a {@variantrule Bonus Action|XPHB}: {@action Dash|XPHB}, {@action Disengage|XPHB}, or {@action Hide|XPHB}.""]"
Rogue Subclass,XPHB,Rogue,XPHB,3,"[""You gain a Rogue subclass of your choice. A subclass is a specialization that grants you features at certain Rogue levels. For the rest of your career, you gain each of your subclass's features that are of your Rogue level or lower.""]"
Steady Aim,XPHB,Rogue,XPHB,3,"[""As a {@variantrule Bonus Action|XPHB}, you give yourself {@variantrule Advantage|XPHB} on your next attack roll on the current turn. You can use this feature only if you haven't moved during this turn, and after you use it, your {@variantrule Speed|XPHB} is 0 until the end of the current turn.""]"
Ability Score Improvement,XPHB,Rogue,XPHB,4,"[""You gain the {@feat Ability Score Improvement|XPHB} feat or another {@5etools feat|feats.html} of your choice for which you qualify. You gain this feature again at Rogue levels 8, 10, 12, and 16.""]"
Cunning Strike,XPHB,Rogue,XPHB,5,"[""You've developed cunning ways to use your Sneak Attack. When you deal Sneak Attack damage, you can add one of the following Cunning Strike effects. Each effect has a die cost, which is the number of Sneak Attack damage dice you must forgo to add the effect. You remove the die before rolling, and the effect occurs immediately after the attack's damage is dealt. For example, if you add the Poison effect, remove {@dice 1d6} from the Sneak Attack's damage before rolling."", ""If a Cunning Strike effect requires a saving throw, the DC equals 8 plus your Dexterity modifier and {@variantrule Proficiency|XPHB|Proficiency Bonus}."", {""type"": ""entries"", ""entries"": [{""type"": ""refClassFeature"", ""classFeature"": ""Poison (Cost: 1d6)|Rogue|XPHB|5|XPHB""}, {""type"": ""refClassFeature"", ""classFeature"": ""Trip (Cost: 1d6)|Rogue|XPHB|5|XPHB""}, {""type"": ""refClassFeature"", ""classFeature"": ""Withdraw (Cost: 1d6)|Rogue|XPHB|5|XPHB""}]}]"
Poison (Cost: 1d6),XPHB,Rogue,XPHB,5,"[""You add a toxin to your strike, forcing the target to make a Constitution saving throw. On a failed save, the target has the {@condition Poisoned|XPHB} condition for 1 minute. At the end of each of its turns, the {@condition Poisoned|XPHB} target repeats the save, ending the effect on itself on a success."", ""To use this effect, you must have a {@item Poisoner's Kit|XPHB} on your person.""]"
Trip (Cost: 1d6),XPHB,Rogue,XPHB,5,"[""If the target is Large or smaller, it must succeed on a Dexterity saving throw or have the {@condition Prone|XPHB} condition.""]"
Uncanny Dodge,XPHB,Rogue,XPHB,5,"[""When an attacker that you can see hits you with an attack roll, you can take a {@variantrule Reaction|XPHB} to halve the attack's damage against you (round down).""]"
Withdraw (Cost: 1d6),XPHB,Rogue,XPHB,5,"[""Immediately after the attack, you move up to half your {@variantrule Speed|XPHB} without provoking {@action Opportunity Attack|XPHB|Opportunity Attacks}.""]"
Expertise,XPHB,Rogue,XPHB,6,"[""You gain {@variantrule Expertise|XPHB} in two of your Skill Proficiencies of your choice.""]"
Evasion,XPHB,Rogue,XPHB,7,"[""You can nimbly dodge out of the way of certain dangers. When you're subjected to an effect that allows you to make a Dexterity saving throw to take only half damage, you instead take no damage if you succeed on the saving throw and only half damage if you fail. You can't use this feature if you have the {@condition Incapacitated|XPHB} condition.""]"
Reliable Talent,XPHB,Rogue,XPHB,7,"[""Whenever you make an ability check that uses one of your skill or tool proficiencies, you can treat a {@dice d20} roll of 9 or lower as a 10.""]"
Ability Score Improvement,XPHB,Rogue,XPHB,8,"[""You gain the {@feat Ability Score Improvement|XPHB} feat or another {@5etools feat|feats.html} of your choice for which you qualify.""]"
Subclass Feature,XPHB,Rogue,XPHB,9,"[""You gain a feature from your Rogue Subclass.""]"
Ability Score Improvement,XPHB,Rogue,XPHB,10,"[""You gain the {@feat Ability Score Improvement|XPHB} feat or another {@5etools feat|feats.html} of your choice for which you qualify.""]"
Improved Cunning Strike,XPHB,Rogue,XPHB,11,"[""You can use up to two Cunning Strike effects when you deal Sneak Attack damage, paying the die cost for each effect.""]"
Ability Score Improvement,XPHB,Rogue,XPHB,12,"[""You gain the {@feat Ability Score Improvement|XPHB} feat or another {@5etools feat|feats.html} of your choice for which you qualify.""]"
Subclass Feature,XPHB,Rogue,XPHB,13,"[""You gain a feature from your Rogue Subclass.""]"
Daze (Cost: 2d6),XPHB,Rogue,XPHB,14,"[""The target must succeed on a Constitution saving throw, or on its next turn, it can do only one of the following: move or take an action or a {@variantrule Bonus Action|XPHB}.""]"
Devious Strikes,XPHB,Rogue,XPHB,14,"[""You've practiced new ways to use your Sneak Attack deviously. The following effects are now among your Cunning Strike options."", {""type"": ""entries"", ""entries"": [{""type"": ""refClassFeature"", ""classFeature"": ""Daze (Cost: 2d6)|Rogue|XPHB|14|XPHB""}, {""type"": ""refClassFeature"", ""classFeature"": ""Knock Out (Cost: 6d6)|Rogue|XPHB|14|XPHB""}, {""type"": ""refClassFeature"", ""classFeature"": ""Obscure (Cost: 3d6)|Rogue|XPHB|14|XPHB""}]}]"
Knock Out (Cost: 6d6),XPHB,Rogue,XPHB,14,"[""The target must succeed on a Constitution saving throw, or it has the {@condition Unconscious|XPHB} condition for 1 minute or until it takes any damage. The {@condition Unconscious|XPHB} target repeats the save at the end of each of its turns, ending the effect on itself on a success.""]"
Obscure (Cost: 3d6),XPHB,Rogue,XPHB,14,"[""The target must succeed on a Dexterity saving throw, or it has the {@condition Blinded|XPHB} condition until the end of its next turn.""]"
Slippery Mind,XPHB,Rogue,XPHB,15,"[""Your cunning mind is exceptionally difficult to control. You gain proficiency in Wisdom and Charisma saving throws.""]"
Ability Score Improvement,XPHB,Rogue,XPHB,16,"[""You gain the {@feat Ability Score Improvement|XPHB} feat or another {@5etools feat|feats.html} of your choice for which you qualify.""]"
Subclass Feature,XPHB,Rogue,XPHB,17,"[""You gain a feature from your Rogue Subclass.""]"
Elusive,XPHB,Rogue,XPHB,18,"[""You're so evasive that attackers rarely gain the upper hand against you. No attack roll can have {@variantrule Advantage|XPHB} against you unless you have the {@condition Incapacitated|XPHB} condition.""]"
Epic Boon,XPHB,Rogue,XPHB,19,"[""You gain an {@filter Epic Boon feat|feats|category=EB} or another {@5etools feat|feats.html} of your choice for which you qualify. {@feat Boon of the Night Spirit|XPHB} is recommended.""]"
Stroke of Luck,XPHB,Rogue,XPHB,20,"[""You have a marvelous knack for succeeding when you need to. If you fail a {@variantrule D20 Test|XPHB}, you can turn the roll into a 20."", ""Once you use this feature, you can't use it again until you finish a {@variantrule Short Rest|XPHB|Short} or {@variantrule Long Rest|XPHB}.""]"
Favored Enemy,XPHB,Ranger,XPHB,1,"[""You always have the {@spell Hunter's Mark|XPHB} spell prepared. You can cast it twice without expending a spell slot, and you regain all expended uses of this ability when you finish a {@variantrule Long Rest|XPHB}."", ""The number of times you can cast the spell without a spell slot increases when you reach certain Ranger levels, as shown in the Favored Enemy column of the Ranger Features table.""]"
Spellcasting,XPHB,Ranger,XPHB,1,"[""You have learned to channel the magical essence of nature to cast spells. See {@book chapter 7|XPHB|7} for the rules on spellcasting. The information below details how you use those rules with Ranger spells, which appear in the {@filter Ranger spell list|spells|class=Ranger} later in the class's description."", {""type"": ""entries"", ""entries"": [{""type"": ""entries"", ""name"": ""Spell Slots"", ""entries"": [""The Ranger Features table shows how many spell slots you have to cast your level 1+ spells. You regain all expended slots when you finish a {@variantrule Long Rest|XPHB}.""]}, {""type"": ""entries"", ""name"": ""Prepared Spells of Level 1+"", ""entries"": [""You prepare the list of level 1+ spells that are available for you to cast with this feature. To start, choose two {@filter level 1 Ranger spells|spells|class=Ranger|level=1}. {@spell Cure Wounds|XPHB} and {@spell Ensnaring Strike|XPHB} are recommended."", ""The number of spells on your list increases as you gain Ranger levels, as shown in the Prepared Spells column of the Ranger Features table. Whenever that number increases, choose additional Ranger spells until the number of spells on your list matches the number in the Ranger Features table. The chosen spells must be of a level for which you have spell slots. For example, if you're a level 5 Ranger, your list of prepared spells can include six Ranger spells of level 1 or 2 in any combination."", ""If another Ranger feature gives you spells that you always have prepared, those spells don't count against the number of spells you can prepare with this feature, but those spells otherwise count as Ranger spells for you.""]}, {""type"": ""entries"", ""name"": ""Changing Your Prepared Spells"", ""entries"": [""Whenever you finish a {@variantrule Long Rest|XPHB}, you can replace one spell on your list with another Ranger spell for which you have spell slots.""]}, {""type"": ""entries"", ""name"": ""Spellcasting Ability"", ""entries"": [""Wisdom is your spellcasting ability for your Ranger spells.""]}, {""type"": ""entries"", ""name"": ""Spellcasting Focus"", ""entries"": [""You can use a {@item Druidic Focus|XPHB} as a {@variantrule Spellcasting Focus|XPHB} for your Ranger spells.""]}]}]"
Weapon Mastery,XPHB,Ranger,XPHB,1,"[""Your training with weapons allows you to use the {@variantrule weapon mastery properties|XPHB|mastery properties} of two kinds of {@filter weapons|items|type=simple weapon;martial weapon} of your choice with which you have proficiency, such as {@item Longbow|XPHB|Longbows} and {@item Shortsword|XPHB|Shortswords}."", ""Whenever you finish a {@variantrule Long Rest|XPHB}, you can change the kinds of weapons you chose. For example, you could switch to using the {@variantrule weapon mastery properties|XPHB|mastery properties} of {@item Scimitar|XPHB|Scimitars} and {@item Longsword|XPHB|Longswords}.""]"
Deft Explorer,XPHB,Ranger,XPHB,2,"[""Thanks to your travels, you gain the following benefits."", {""type"": ""entries"", ""entries"": [{""type"": ""entries"", ""name"": ""Expertise"", ""entries"": [""Choose one of your skill proficiencies with which you lack {@variantrule Expertise|XPHB}. You gain {@variantrule Expertise|XPHB} in that skill.""]}, {""type"": ""entries"", ""name"": ""Languages"", ""entries"": [""You know two languages of your choice from the language tables in {@book chapter 2|XPHB|2|Choose Languages}.""]}]}]"
Fighting Style,XPHB,Ranger,XPHB,2,"[""You gain a {@filter Fighting Style feat|feats|category=FS} of your choice. Instead of choosing one of those feats, you can choose the option below."", {""type"": ""entries"", ""entries"": [{""type"": ""refFeat"", ""feat"": ""Druidic Warrior|XPHB""}]}]"
Ranger Subclass,XPHB,Ranger,XPHB,3,"[""You gain a Ranger subclass of your choice. A subclass is a specialization that grants you features at certain Ranger levels. For the rest of your career, you gain each of your subclass's features that are of your Ranger level or lower.""]"
Ability Score Improvement,XPHB,Ranger,XPHB,4,"[""You gain the {@feat Ability Score Improvement|XPHB} feat or another {@5etools feat|feats.html} of your choice for which you qualify. You gain this feature again at Ranger levels 8, 12, and 16.""]"
Extra Attack,XPHB,Ranger,XPHB,5,"[""You can attack twice instead of once whenever you take the {@action Attack|XPHB} action on your turn.""]"
Roving,XPHB,Ranger,XPHB,6,"[""Your {@variantrule Speed|XPHB} increases by 10 feet while you aren't wearing Heavy armor. You also have a {@variantrule Climb Speed|XPHB} and a {@variantrule Swim Speed|XPHB} equal to your {@variantrule Speed|XPHB}.""]"
Subclass Feature,XPHB,Ranger,XPHB,7,"[""You gain a feature from your Ranger Subclass.""]"
Ability Score Improvement,XPHB,Ranger,XPHB,8,"[""You gain the {@feat Ability Score Improvement|XPHB} feat or another {@5etools feat|feats.html} of your choice for which you qualify.""]"
Expertise,XPHB,Ranger,XPHB,9,"[""Choose two of your skill proficiencies with which you lack {@variantrule Expertise|XPHB}. You gain {@variantrule Expertise|XPHB} in those skills.""]"
Tireless,XPHB,Ranger,XPHB,10,"[""Primal forces now help fuel you on your journeys, granting you the following benefits."", {""type"": ""entries"", ""entries"": [{""type"": ""entries"", ""name"": ""Temporary Hit Points"", ""entries"": [""As a {@action Magic|XPHB} action, you can give yourself a number of {@variantrule Temporary Hit Points|XPHB} equal to {@dice 1d8} plus your Wisdom modifier (minimum of 1). You can use this action a number of times equal to your Wisdom modifier (minimum of once), and you regain all expended uses when you finish a {@variantrule Long Rest|XPHB}.""]}, {""type"": ""entries"", ""name"": ""Decrease Exhaustion"", ""entries"": [""Whenever you finish a {@variantrule Short Rest|XPHB}, your {@condition Exhaustion|XPHB} level, if any, decreases by 1.""]}]}]"
Subclass Feature,XPHB,Ranger,XPHB,11,"[""You gain a feature from your Ranger Subclass.""]"
Ability Score Improvement,XPHB,Ranger,XPHB,12,"[""You gain the {@feat Ability Score Improvement|XPHB} feat or another {@5etools feat|feats.html} of your choice for which you qualify.""]"
Relentless Hunter,XPHB,Ranger,XPHB,13,"[""Taking damage can't break your {@status Concentration|XPHB} on Hunter's Mark.""]"
Nature's Veil,XPHB,Ranger,XPHB,14,"[""You invoke spirits of nature to magically hide yourself. As a {@variantrule Bonus Action|XPHB}, you can give yourself the {@condition Invisible|XPHB} condition until the end of your next turn."", ""You can use this feature a number of times equal to your Wisdom modifier (minimum of once), and you regain all expended uses when you finish a {@variantrule Long Rest|XPHB}.""]"
Subclass Feature,XPHB,Ranger,XPHB,15,"[""You gain a feature from your Ranger Subclass.""]"
Ability Score Improvement,XPHB,Ranger,XPHB,16,"[""You gain the {@feat Ability Score Improvement|XPHB} feat or another {@5etools feat|feats.html} of your choice for which you qualify.""]"
Precise Hunter,XPHB,Ranger,XPHB,17,"[""You have {@variantrule Advantage|XPHB} on attack rolls against the creature currently marked by your Hunter's Mark.""]"
Feral Senses,XPHB,Ranger,XPHB,18,"[""Your connection to the forces of nature grants you {@sense Blindsight|XPHB} with a range of 30 feet.""]"
Epic Boon,XPHB,Ranger,XPHB,19,"[""You gain an {@filter Epic Boon feat|feats|category=EB} or another {@5etools feat|feats.html} of your choice for which you qualify. {@feat Boon of Dimensional Travel|XPHB} is recommended.""]"
Foe Slayer,XPHB,Ranger,XPHB,20,"[""The damage die of your Hunter's Mark is a {@damage d10} rather than a {@damage d6}.""]"
Eldritch Invocation Options,XPHB,Warlock,XPHB,1,"[""Eldritch Invocation options appear in alphabetical order."", {""type"": ""options"", ""count"": 1, ""entries"": [{""type"": ""refOptionalfeature"", ""optionalfeature"": ""Agonizing Blast|XPHB"", ""preserve"": {""prerequisite"": true}}, {""type"": ""refOptionalfeature"", ""optionalfeature"": ""Armor of Shadows|XPHB"", ""preserve"": {""prerequisite"": true}}, {""type"": ""refOptionalfeature"", ""optionalfeature"": ""Ascendant Step|XPHB"", ""preserve"": {""prerequisite"": true}}, {""type"": ""refOptionalfeature"", ""optionalfeature"": ""Devil's Sight|XPHB"", ""preserve"": {""prerequisite"": true}}, {""type"": ""refOptionalfeature"", ""optionalfeature"": ""Devouring Blade|XPHB"", ""preserve"": {""prerequisite"": true}}, {""type"": ""refOptionalfeature"", ""optionalfeature"": ""Eldritch Mind|XPHB"", ""preserve"": {""prerequisite"": true}}, {""type"": ""refOptionalfeature"", ""optionalfeature"": ""Eldritch Smite|XPHB"", ""preserve"": {""prerequisite"": true}}, {""type"": ""refOptionalfeature"", ""optionalfeature"": ""Eldritch Spear|XPHB"", ""preserve"": {""prerequisite"": true}}, {""type"": ""refOptionalfeature"", ""optionalfeature"": ""Fiendish Vigor|XPHB"", ""preserve"": {""prerequisite"": true}}, {""type"": ""refOptionalfeature"", ""optionalfeature"": ""Gaze of Two Minds|XPHB"", ""preserve"": {""prerequisite"": true}}, {""type"": ""refOptionalfeature"", ""optionalfeature"": ""Gift of the Depths|XPHB"", ""preserve"": {""prerequisite"": true}}, {""type"": ""refOptionalfeature"", ""optionalfeature"": ""Gift of the Protectors|XPHB"", ""preserve"": {""prerequisite"": true}}, {""type"": ""refOptionalfeature"", ""optionalfeature"": ""Investment of the Chain Master|XPHB"", ""preserve"": {""prerequisite"": true}}, {""type"": ""refOptionalfeature"", ""optionalfeature"": ""Lessons of the First Ones|XPHB"", ""preserve"": {""prerequisite"": true}}, {""type"": ""refOptionalfeature"", ""optionalfeature"": ""Lifedrinker|XPHB"", ""preserve"": {""prerequisite"": true}}, {""type"": ""refOptionalfeature"", ""optionalfeature"": ""Mask of Many Faces|XPHB"", ""preserve"": {""prerequisite"": true}}, {""type"": ""refOptionalfeature"", ""optionalfeature"": ""Master of Myriad Forms|XPHB"", ""preserve"": {""prerequisite"": true}}, {""type"": ""refOptionalfeature"", ""optionalfeature"": ""Misty Visions|XPHB"", ""preserve"": {""prerequisite"": true}}, {""type"": ""refOptionalfeature"", ""optionalfeature"": ""One with Shadows|XPHB"", ""preserve"": {""prerequisite"": true}}, {""type"": ""refOptionalfeature"", ""optionalfeature"": ""Otherworldly Leap|XPHB"", ""preserve"": {""prerequisite"": true}}, {""type"": ""refOptionalfeature"", ""optionalfeature"": ""Pact of the Blade|XPHB"", ""preserve"": {""prerequisite"": true}}, {""type"": ""refOptionalfeature"", ""optionalfeature"": ""Pact of the Chain|XPHB"", ""preserve"": {""prerequisite"": true}}, {""type"": ""refOptionalfeature"", ""optionalfeature"": ""Pact of the Tome|XPHB"", ""preserve"": {""prerequisite"": true}}, {""type"": ""refOptionalfeature"", ""optionalfeature"": ""Repelling Blast|XPHB"", ""preserve"": {""prerequisite"": true}}, {""type"": ""refOptionalfeature"", ""optionalfeature"": ""Thirsting Blade|XPHB"", ""preserve"": {""prerequisite"": true}}, {""type"": ""refOptionalfeature"", ""optionalfeature"": ""Visions of Distant Realms|XPHB"", ""preserve"": {""prerequisite"": true}}, {""type"": ""refOptionalfeature"", ""optionalfeature"": ""Whispers of the Grave|XPHB"", ""preserve"": {""prerequisite"": true}}, {""type"": ""refOptionalfeature"", ""optionalfeature"": ""Witch Sight|XPHB"", ""preserve"": {""prerequisite"": true}}]}]"
Eldritch Invocations,XPHB,Warlock,XPHB,1,"[""You have unearthed Eldritch Invocations, pieces of forbidden knowledge that imbue you with an abiding magical ability or other lessons. You gain one invocation of your choice, such as Pact of the Tome. Invocations are described in the \""{@filter Eldritch Invocation Options|optionalfeatures|feature type=EI|source=XPHB}\"" section later in this class's description."", {""type"": ""entries"", ""entries"": [{""type"": ""entries"", ""name"": ""Prerequisites"", ""entries"": [""If an invocation has a prerequisite, you must meet it to learn that invocation. For example, if an invocation requires you to be a level 5+ Warlock, you can select the invocation once you reach Warlock level 5.""]}, {""type"": ""entries"", ""name"": ""Replacing and Gaining Invocations"", ""entries"": [""Whenever you gain a Warlock level, you can replace one of your invocations with another one for which you qualify. You can't replace an invocation if it's a prerequisite for another invocation that you have.""]}]}, ""When you gain certain Warlock levels, you gain more invocations of your choice, as shown in the Invocations column of the Warlock Features table."", ""You can't pick the same invocation more than once unless its description says otherwise.""]"
Pact Magic,XPHB,Warlock,XPHB,1,"[""Through occult ceremony, you have formed a pact with a mysterious entity to gain magical powers. The entity is a voice in the shadows—its identity unclear—but its boon to you is concrete: the ability to cast spells. See {@book chapter 7|XPHB|7} for the rules on spellcasting. The information below details how you use those rules with Warlock spells, which appear in the {@filter Warlock spell list|spells|class=Warlock} later in the class's description."", {""type"": ""entries"", ""entries"": [{""type"": ""entries"", ""name"": ""Cantrips"", ""entries"": [""You know two Warlock cantrips of your choice. {@spell Eldritch Blast|XPHB} and {@spell Prestidigitation|XPHB} are recommended. Whenever you gain a Warlock level, you can replace one of your cantrips from this feature with another Warlock cantrip of your choice."", ""When you reach Warlock levels 4 and 10, you learn another Warlock cantrip of your choice, as shown in the Cantrips column of the Warlock Features table.""]}, {""type"": ""entries"", ""name"": ""Spell Slots"", ""entries"": [""The Warlock Features table shows how many spell slots you have to cast your Warlock spells of levels 1–5. The table also shows the level of those slots, all of which are the same level. You regain all expended Pact Magic spell slots when you finish a {@variantrule Short Rest|XPHB|Short} or {@variantrule Long Rest|XPHB}."", ""For example, when you're a level 5 Warlock, you have two level 3 spell slots. To cast the level 1 spell {@spell Witch Bolt|XPHB}, you must spend one of those slots, and you cast it as a level 3 spell.""]}, {""type"": ""entries"", ""name"": ""Prepared Spells of Level 1+"", ""entries"": [""You prepare the list of level 1+ spells that are available for you to cast with this feature. To start, choose two level 1 Warlock spells. {@spell Charm Person|XPHB} and {@spell Hex|XPHB} are recommended.""]}]}, ""The number of spells on your list increases as you gain Warlock levels, as shown in the Prepared Spells column of the Warlock Features table. Whenever that number increases, choose additional Warlock spells until the number of spells on your list matches the number in the table. The chosen spells must be of a level no higher than what's shown in the table's Slot Level column for your level. When you reach level 6, for example, you learn a new Warlock spell, which can be of levels 1–3."", ""If another Warlock feature gives you spells that you always have prepared, those spells don't count against the number of spells you can prepare with this feature, but those spells otherwise count as Warlock spells for you."", {""type"": ""entries"", ""entries"": [{""type"": ""entries"", ""name"": ""Changing Your Prepared Spells"", ""entries"": [""Whenever you gain a Warlock level, you can replace one spell on your list with another Warlock spell of an eligible level.""]}, {""type"": ""entries"", ""name"": ""Spellcasting Ability"", ""entries"": [""Charisma is the spellcasting ability for your Warlock spells.""]}, {""type"": ""entries"", ""name"": ""Spellcasting Focus"", ""entries"": [""You can use an {@item Arcane Focus|XPHB} as a {@variantrule Spellcasting Focus|XPHB} for your Warlock spells.""]}]}]"
Magical Cunning,XPHB,Warlock,XPHB,2,"[""You can perform an esoteric rite for 1 minute. At the end of it, you regain expended Pact Magic spell slots but no more than a number equal to half your maximum (round up). Once you use this feature, you can't do so again until you finish a {@variantrule Long Rest|XPHB}.""]"
Warlock Subclass,XPHB,Warlock,XPHB,3,"[""You gain a Warlock subclass of your choice. A subclass is a specialization that grants you features at certain Warlock levels. For the rest of your career, you gain each of your subclass's features that are of your Warlock level or lower.""]"
Ability Score Improvement,XPHB,Warlock,XPHB,4,"[""You gain the {@feat Ability Score Improvement|XPHB} feat or another {@5etools feat|feats.html} of your choice for which you qualify. You gain this feature again at Warlock levels 8, 12, and 16.""]"
Subclass Feature,XPHB,Warlock,XPHB,6,"[""You gain a feature from your Warlock subclass.""]"
Ability Score Improvement,XPHB,Warlock,XPHB,8,"[""You gain the {@feat Ability Score Improvement|XPHB} Feat or another {@5etools feat|feats.html} of your choice for which you qualify.""]"
Contact Patron,XPHB,Warlock,XPHB,9,"[""In the past, you usually contacted your patron through intermediaries. Now you can communicate directly; you always have the {@spell Contact Other Plane|XPHB} spell prepared. With this feature, you can cast the spell without expending a spell slot to contact your patron, and you automatically succeed on the spell's saving throw."", ""Once you cast the spell with this feature, you can't do so in this way again until you finish a {@variantrule Long Rest|XPHB}.""]"
Subclass Feature,XPHB,Warlock,XPHB,10,"[""You gain a feature from your Warlock subclass.""]"
Mystic Arcanum,XPHB,Warlock,XPHB,11,"[""Your patron grants you a magical secret called an arcanum. Choose one level 6 Warlock spell as this arcanum."", ""You can cast your arcanum spell once without expending a spell slot, and you must finish a {@variantrule Long Rest|XPHB} before you can cast it in this way again."", ""As shown in the Warlock Features table, you gain another Warlock spell of your choice that can be cast in this way when you reach Warlock levels 13 (level 7 spell), 15 (level 8 spell), and 17 (level 9 spell). You regain all uses of your Mystic Arcanum when you finish a {@variantrule Long Rest|XPHB}."", ""Whenever you gain a Warlock level, you can replace one of your arcanum spells with another Warlock spell of the same level.""]"
Ability Score Improvement,XPHB,Warlock,XPHB,12,"[""You gain the {@feat Ability Score Improvement|XPHB} Feat or another {@5etools feat|feats.html} of your choice for which you qualify.""]"
Mystic Arcanum,XPHB,Warlock,XPHB,13,"[""You gain a level 7 Warlock Spell of your choice.""]"
Subclass Feature,XPHB,Warlock,XPHB,14,"[""You gain a feature from your Warlock subclass.""]"
Mystic Arcanum,XPHB,Warlock,XPHB,15,"[""You gain a level 8 Warlock Spell of your choice.""]"
Ability Score Improvement,XPHB,Warlock,XPHB,16,"[""You gain the {@feat Ability Score Improvement|XPHB} Feat or another {@5etools feat|feats.html} of your choice for which you qualify.""]"
Mystic Arcanum,XPHB,Warlock,XPHB,17,"[""You gain a level 9 Warlock Spell of your choice.""]"
Epic Boon,XPHB,Warlock,XPHB,19,"[""You gain an {@filter Epic Boon feat|feats|category=EB} or another {@5etools feat|feats.html} of your choice for which you qualify. {@feat Boon of Fate|XPHB} is recommended.""]"
Eldritch Master,XPHB,Warlock,XPHB,20,"[""When you use your Magical Cunning feature, you regain all your expended Pact Magic spell slots.""]"
Lay on Hands,XPHB,Paladin,XPHB,1,"[""Your blessed touch can heal wounds. You have a pool of healing power that replenishes when you finish a {@variantrule Long Rest|XPHB}. With that pool, you can restore a total number of {@variantrule Hit Points|XPHB} equal to five times your Paladin level."", ""As a {@variantrule Bonus Action|XPHB}, you can touch a creature (which could be yourself) and draw power from the pool of healing to restore a number of {@variantrule Hit Points|XPHB} to that creature, up to the maximum amount remaining in the pool."", ""You can also expend 5 {@variantrule Hit Points|XPHB} from the pool of healing power to remove the {@condition Poisoned|XPHB} condition from the creature; those points don't also restore {@variantrule Hit Points|XPHB} to the creature.""]"
Spellcasting,XPHB,Paladin,XPHB,1,"[""You have learned to cast spells through prayer and meditation. See {@book chapter 7|XPHB|7} for the rules on spellcasting. The information below details how you use those rules with Paladin spells, which appear in the {@filter Paladin spell list|spells|class=Paladin} later in the class's description."", {""type"": ""entries"", ""entries"": [{""type"": ""entries"", ""name"": ""Spell Slots"", ""entries"": [""The Paladin Features table shows how many spell slots you have to cast your level 1+ spells. You regain all expended slots when you finish a {@variantrule Long Rest|XPHB}.""]}, {""type"": ""entries"", ""name"": ""Prepared Spells of Level 1+"", ""entries"": [""You prepare the list of level 1+ spells that are available for you to cast with this feature. To start, choose two {@filter level 1 Paladin spells|spells|class=Paladin|level=1}. {@spell Heroism|XPHB} and {@spell Searing Smite|XPHB} are recommended."", ""The number of spells on your list increases as you gain Paladin levels, as shown in the Prepared Spells column of the Paladin Features table. Whenever that number increases, choose additional Paladin spells until the number of spells on your list matches the number in the Paladin Features table. The chosen spells must be of a level for which you have spell slots. For example, if you're a level 5 Paladin, your list of prepared spells can include six Paladin spells of level 1 or 2 in any combination."", ""If another Paladin feature gives you spells that you always have prepared, those spells don't count against the number of spells you can prepare with this feature, but those spells otherwise count as Paladin spells for you.""]}, {""type"": ""entries"", ""name"": ""Changing Your Prepared Spells"", ""entries"": [""Whenever you finish a {@variantrule Long Rest|XPHB}, you can replace one spell on your list with another Paladin spell for which you have spell slots.""]}, {""type"": ""entries"", ""name"": ""Spellcasting Ability"", ""entries"": [""Charisma is your spellcasting ability for your Paladin spells.""]}, {""type"": ""entries"", ""name"": ""Spellcasting Focus"", ""entries"": [""You can use a {@item Holy Symbol|XPHB} as a {@variantrule Spellcasting Focus|XPHB} for your Paladin spells.""]}]}]"
Weapon Mastery,XPHB,Paladin,XPHB,1,"[""Your training with weapons allows you to use the {@variantrule weapon mastery properties|XPHB|mastery properties} of two kinds of {@filter weapons|items|type=simple weapon;martial weapon} of your choice with which you have proficiency, such as {@item Longsword|XPHB|Longswords} and {@item Javelin|XPHB|Javelins}."", ""Whenever you finish a {@variantrule Long Rest|XPHB}, you can change the kinds of weapons you chose. For example, you could switch to using the {@variantrule weapon mastery properties|XPHB|mastery properties} of {@item Halberd|XPHB|Halberds} and {@item Flail|XPHB|Flails}.""]"
Fighting Style,XPHB,Paladin,XPHB,2,"[""You gain a {@filter Fighting Style feat|feats|category=FS} of your choice. Instead of choosing one of those feats, you can choose the option below."", {""type"": ""entries"", ""entries"": [{""type"": ""refFeat"", ""feat"": ""Blessed Warrior|XPHB""}]}]"
Paladin's Smite,XPHB,Paladin,XPHB,2,"[""You always have the {@spell Divine Smite|XPHB} spell prepared. In addition, you can cast it without expending a spell slot, but you must finish a {@variantrule Long Rest|XPHB} before you can cast it in this way again.""]"
Channel Divinity,XPHB,Paladin,XPHB,3,"[""You can channel divine energy directly from the Outer Planes, using it to fuel magical effects. You start with one such effect: Divine Sense, which is described below. Other Paladin features give additional Channel Divinity effect options. Each time you use this class's Channel Divinity, you choose which effect from this class to create."", ""You can use this class's Channel Divinity twice. You regain one of its expended uses when you finish a {@variantrule Short Rest|XPHB}, and you regain all expended uses when you finish a {@variantrule Long Rest|XPHB}. You gain an additional use when you reach Paladin level 11."", ""If a Channel Divinity effect requires a saving throw, the DC equals the spell save DC from this class's Spellcasting feature."", {""type"": ""entries"", ""entries"": [{""type"": ""refClassFeature"", ""classFeature"": ""Divine Sense|Paladin|XPHB|3|XPHB""}]}]"
Divine Sense,XPHB,Paladin,XPHB,3,"[""As a {@variantrule Bonus Action|XPHB}, you can open your awareness to detect Celestials, Fiends, and Undead. For the next 10 minutes or until you have the {@condition Incapacitated|XPHB} condition, you know the location of any creature of those types within 60 feet of yourself, and you know its creature type. Within the same radius, you also detect the presence of any place or object that has been consecrated or desecrated, as with the {@spell Hallow|XPHB} spell.""]"
Paladin Subclass,XPHB,Paladin,XPHB,3,"[""You gain a Paladin subclass of your choice. A subclass is a specialization that grants you features at certain Paladin levels. For the rest of your career, you gain each of your subclass's features that are of your Paladin level or lower."", {""type"": ""inset"", ""name"": ""Breaking Your Oath"", ""entries"": [""A Paladin tries to hold to the highest standards of conduct, but even the most dedicated are fallible. Sometimes a Paladin transgresses their oath."", ""A Paladin who has broken a vow typically seeks absolution, spending an all-night vigil as a sign of penitence or undertaking a fast. After a rite of forgiveness, the Paladin starts fresh."", ""If your Paladin unrepentantly violates their oath, talk to your DM. Your Paladin should probably take a more appropriate subclass or even abandon the class and adopt another one.""]}]"
Ability Score Improvement,XPHB,Paladin,XPHB,4,"[""You gain the {@feat Ability Score Improvement|XPHB} feat or another {@5etools feat|feats.html} of your choice for which you qualify. You gain this feature again at Paladin levels 8, 12, and 16.""]"
Extra Attack,XPHB,Paladin,XPHB,5,"[""You can attack twice instead of once whenever you take the {@action Attack|XPHB} action on your turn.""]"
Faithful Steed,XPHB,Paladin,XPHB,5,"[""You can call on the aid of an otherworldly steed. You always have the {@spell Find Steed|XPHB} spell prepared."", ""You can also cast the spell once without expending a spell slot, and you regain the ability to do so when you finish a {@variantrule Long Rest|XPHB}.""]"
Aura of Protection,XPHB,Paladin,XPHB,6,"[""You radiate a protective, unseeable aura in a 10-foot {@variantrule Emanation [Area of Effect]|XPHB|Emanation} that originates from you. The aura is inactive while you have the {@condition Incapacitated|XPHB} condition."", ""You and your allies in the aura gain a bonus to saving throws equal to your Charisma modifier (minimum bonus of +1)."", ""If another Paladin is present, a creature can benefit from only one Aura of Protection at a time; the creature chooses which aura while in them.""]"
Subclass Feature,XPHB,Paladin,XPHB,7,"[""You gain a feature from your Paladin Subclass.""]"
Ability Score Improvement,XPHB,Paladin,XPHB,8,"[""You gain the {@feat Ability Score Improvement|XPHB} Feat or another {@5etools feat|feats.html} of your choice for which you qualify.""]"
Abjure Foes,XPHB,Paladin,XPHB,9,"[""As a {@action Magic|XPHB} action, you can expend one use of this class's Channel Divinity to overwhelm foes with awe. As you present your {@item Holy Symbol|XPHB} or weapon, you can target a number of creatures equal to your Charisma modifier (minimum of one creature) that you can see within 60 feet of yourself. Each target must succeed on a Wisdom saving throw or have the {@condition Frightened|XPHB} condition for 1 minute or until it takes any damage. While {@condition Frightened|XPHB} in this way, a target can do only one of the following on its turns: move, take an action, or take a {@variantrule Bonus Action|XPHB}.""]"
Aura of Courage,XPHB,Paladin,XPHB,10,"[""You and your allies have {@variantrule Immunity|XPHB} to the {@condition Frightened|XPHB} condition while in your Aura of Protection. If a {@condition Frightened|XPHB} ally enters the aura, that condition has no effect on that ally while there.""]"
Radiant Strikes,XPHB,Paladin,XPHB,11,"[""Your strikes now carry supernatural power. When you hit a target with an attack roll using a Melee weapon or an {@variantrule Unarmed Strike|XPHB}, the target takes an extra {@damage 1d8} Radiant damage.""]"
Ability Score Improvement,XPHB,Paladin,XPHB,12,"[""You gain the {@feat Ability Score Improvement|XPHB} Feat or another {@5etools feat|feats.html} of your choice for which you qualify.""]"
Restoring Touch,XPHB,Paladin,XPHB,14,"[""When you use Lay On Hands on a creature, you can also remove one or more of the following conditions from the creature: {@condition Blinded|XPHB}, {@condition Charmed|XPHB}, {@condition Deafened|XPHB}, {@condition Frightened|XPHB}, {@condition Paralyzed|XPHB}, or {@condition Stunned|XPHB}. You must expend 5 {@variantrule Hit Points|XPHB} from the healing pool of Lay On Hands for each of these conditions you remove; those points don't also restore {@variantrule Hit Points|XPHB} to the creature.""]"
Subclass Feature,XPHB,Paladin,XPHB,15,"[""You gain a feature from your Paladin Subclass.""]"
Ability Score Improvement,XPHB,Paladin,XPHB,16,"[""You gain the {@feat Ability Score Improvement|XPHB} Feat or another {@5etools feat|feats.html} of your choice for which you qualify.""]"
Aura Expansion,XPHB,Paladin,XPHB,18,"[""Your Aura of Protection is now a 30-foot {@variantrule Emanation [Area of Effect]|XPHB|Emanation}.""]"
Epic Boon,XPHB,Paladin,XPHB,19,"[""You gain an {@filter Epic Boon feat|feats|category=EB} or another {@5etools feat|feats.html} of your choice for which you qualify. {@feat Boon of Truesight|XPHB} is recommended.""]"
Subclass Feature,XPHB,Paladin,XPHB,20,"[""You gain a feature from your Paladin Subclass.""]"
Druidic,XPHB,Druid,XPHB,1,"[""You know Druidic, the secret language of Druids. While learning this ancient tongue, you also unlocked the magic of communicating with animals; you always have the {@spell Speak with Animals|XPHB} spell prepared."", ""You can use Druidic to leave hidden messages. You and others who know Druidic automatically spot such a message. Others spot the message's presence with a successful {@dc 15} Intelligence ({@skill Investigation|XPHB}) check but can't decipher it without magic.""]"
Magician,XPHB,Druid,XPHB,1,"[""You know one extra cantrip from the {@filter Druid spell list|spells|class=Druid}. In addition, your mystical connection to nature gives you a bonus to your Intelligence ({@skill Arcana|XPHB} or {@skill Nature|XPHB}) checks. The bonus equals your Wisdom modifier (minimum bonus of +1).""]"
Primal Order,XPHB,Druid,XPHB,1,"[""You have dedicated yourself to one of the following sacred roles of your choice."", {""type"": ""entries"", ""entries"": [{""type"": ""options"", ""count"": 1, ""entries"": [{""type"": ""refClassFeature"", ""classFeature"": ""Magician|Druid|XPHB|1""}, {""type"": ""refClassFeature"", ""classFeature"": ""Warden|Druid|XPHB|1""}]}]}]"
Spellcasting,XPHB,Druid,XPHB,1,"[""You have learned to cast spells through studying the mystical forces of nature. See {@book chapter 7|XPHB|7} for the rules on spellcasting. The information below details how you use those rules with Druid spells, which appear on the {@filter Druid spell list|spells|class=Druid} later in the class's description."", {""type"": ""entries"", ""entries"": [{""type"": ""entries"", ""name"": ""Cantrips"", ""entries"": [""You know two cantrips of your choice from the {@filter Druid spell list|spells|class=Druid}. {@spell Druidcraft|XPHB} and {@spell Produce Flame|XPHB} are recommended."", ""Whenever you gain a Druid level, you can replace one of your cantrips with another cantrip of your choice from the {@filter Druid spell list|spells|class=Druid}."", ""When you reach Druid levels 4 and 10, you learn another cantrip of your choice from the {@filter Druid spell list|spells|class=Druid}, as shown in the Cantrips column of the Druid Features table.""]}, {""type"": ""entries"", ""name"": ""Spell Slots"", ""entries"": [""The Druid Features table shows how many spell slots you have to cast your level 1+ spells. You regain all expended slots when you finish a {@variantrule Long Rest|XPHB}.""]}, {""type"": ""entries"", ""name"": ""Prepared Spells of Level 1+"", ""entries"": [""You prepare the list of level 1+ spells that are available for you to cast with this feature. To start, choose four level 1 spells from the {@filter Druid spell list|spells|class=Druid}. {@spell Animal Friendship|XPHB}, {@spell Cure Wounds|XPHB}, {@spell Faerie Fire|XPHB}, and {@spell Thunderwave|XPHB} are recommended."", ""The number of spells on your list increases as you gain Druid levels, as shown in the Prepared Spells column of the Druid Features table. Whenever that number increases, choose additional spells from the {@filter Druid spell list|spells|class=Druid} until the number of spells on your list matches the number on the table. The chosen spells must be of a level for which you have spell slots. For example, if you're a level 3 Druid, your list of prepared spells can include six spells of levels 1 and 2 in any combination."", ""If another Druid feature gives you spells that you always have prepared, those spells don't count against the number of spells you can prepare with this feature, but those spells otherwise count as Druid spells for you.""]}, {""type"": ""entries"", ""name"": ""Changing Your Prepared Spells"", ""entries"": [""Whenever you finish a {@variantrule Long Rest|XPHB}, you can change your list of prepared spells, replacing any of the spells with other Druid spells for which you have spell slots.""]}, {""type"": ""entries"", ""name"": ""Spellcasting Ability"", ""entries"": [""Wisdom is your spellcasting ability for your Druid spells.""]}, {""type"": ""entries"", ""name"": ""Spellcasting Focus"", ""entries"": [""You can use a {@item Druidic Focus|XPHB} as a {@variantrule Spellcasting Focus|XPHB} for your Druid spells.""]}]}]"
Warden,XPHB,Druid,XPHB,1,"[""Trained for battle, you gain proficiency with {@filter Martial weapons|items|type=martial weapon} and training with {@filter Medium armor|items|type=Medium Armor}.""]"
Wild Companion,XPHB,Druid,XPHB,2,"[""You can summon a nature spirit that assumes an animal form to aid you. As a {@action Magic|XPHB} action, you can expend a spell slot or a use of Wild Shape to cast the {@spell Find Familiar|XPHB} spell without Material components."", ""When you cast the spell in this way, the familiar is Fey and disappears when you finish a {@variantrule Long Rest|XPHB}.""]"
Wild Shape,XPHB,Druid,XPHB,2,"[""The power of nature allows you to assume the form of an animal. As a {@variantrule Bonus Action|XPHB}, you shape-shift into a Beast form that you have learned for this feature (see \""Known Forms\"" below). You stay in that form for a number of hours equal to half your Druid level or until you use Wild Shape again, have the {@condition Incapacitated|XPHB} condition, or die. You can also leave the form early as a {@variantrule Bonus Action|XPHB}."", {""type"": ""entries"", ""entries"": [{""type"": ""entries"", ""name"": ""Number of Uses"", ""entries"": [""You can use Wild Shape twice. You regain one expended use when you finish a {@variantrule Short Rest|XPHB}, and you regain all expended uses when you finish a {@variantrule Long Rest|XPHB}."", ""You gain additional uses when you reach certain Druid levels, as shown in the Wild Shape column of the Druid Features table.""]}, {""type"": ""entries"", ""name"": ""Known Forms"", ""entries"": [""You know four Beast forms for this feature, chosen from among Beast stat blocks that have a maximum {@variantrule Challenge Rating|XPHB} of 1/4 and that lack a {@variantrule Fly Speed|XPHB} (see appendix B for stat block options). The {@creature Rat|XMM}, {@creature Riding Horse|XMM}, {@creature Spider|XMM}, and {@creature Wolf|XMM} are recommended. Whenever you finish a {@variantrule Long Rest|XPHB}, you can replace one of your known forms with another eligible form."", ""When you reach certain Druid levels, your number of known forms and the maximum {@variantrule Challenge Rating|XPHB} for those forms increases, as shown in the Beast Shapes table. In addition, starting at level 8, you can adopt a form that has a {@variantrule Fly Speed|XPHB}."", ""When choosing known forms, you may look in the {@book Monster Manual|XMM} or elsewhere for eligible Beasts if the Dungeon Master permits you to do so.""]}, {""type"": ""table"", ""caption"": ""Beast Shapes"", ""colLabels"": [""Druid Level"", ""Known Forms"", ""Max CR"", ""Fly Speed""], ""colStyles"": [""col-3 text-center"", ""col-3 text-center"", ""col-3 text-center""], ""rows"": [[""2"", ""4"", ""{@filter 1/4|bestiary|challenge rating=[&0;&1/4]|type=beast|speed type=!fly|miscellaneous=!swarm}"", ""No""], [""4"", ""6"", ""{@filter 1/2|bestiary|challenge rating=[&0;&1/2]|type=beast|speed type=!fly|miscellaneous=!swarm}"", ""No""], [""8"", ""8"", ""{@filter 1|bestiary|challenge rating=[&0;&1]|type=beast|miscellaneous=!swarm}"", ""Yes""]]}, {""type"": ""entries"", ""name"": ""Rules While Shape-Shifted"", ""entries"": [""While in a form, you retain your personality, memories, and ability to speak, and the following rules apply:"", {""type"": ""list"", ""style"": ""list-hang-notitle"", ""items"": [{""type"": ""item"", ""name"": ""Temporary Hit Points"", ""entries"": [""When you assume a Wild Shape form, you gain a number of {@variantrule Temporary Hit Points|XPHB} equal to your Druid level.""]}, {""type"": ""item"", ""name"": ""Game Statistics"", ""entries"": [""Your game statistics are replaced by the Beast's stat block, but you retain your creature type; {@variantrule Hit Points|XPHB}; {@variantrule Hit Point Dice|XPHB}; Intelligence, Wisdom, and Charisma scores; class features; languages; and feats. You also retain your skill and saving throw proficiencies and use your {@variantrule Proficiency|XPHB|Proficiency Bonus} for them, in addition to gaining the proficiencies of the creature. If a skill or saving throw modifier in the Beast's stat block is higher than yours, use the one in the stat block.""]}, {""type"": ""item"", ""name"": ""No Spellcasting"", ""entries"": [""You can't cast spells, but shape-shifting doesn't break your {@status Concentration|XPHB} or otherwise interfere with a spell you've already cast.""]}, {""type"": ""item"", ""name"": ""Objects"", ""entries"": [""Your ability to handle objects is determined by the form's limbs rather than your own. In addition, you choose whether your equipment falls in your space, merges into your new form, or is worn by it. Worn equipment functions as normal, but the DM decides whether it's practical for the new form to wear a piece of equipment based on the creature's size and shape. Your equipment doesn't change size or shape to match the new form, and any equipment that the new form can't wear must either fall to the ground or merge with the form. Equipment that merges with the form has no effect while you're in that form.""]}]}]}]}]"
Druid Subclass,XPHB,Druid,XPHB,3,"[""You gain a Druid subclass of your choice. A subclass is a specialization that grants you features at certain Druid levels. For the rest of your career, you gain each of your subclass's features that are of your Druid level or lower.""]"
Ability Score Improvement,XPHB,Druid,XPHB,4,"[""You gain the {@feat Ability Score Improvement|XPHB} feat or another {@5etools feat|feats.html} of your choice for which you qualify. You gain this feature again at Druid levels 8, 12, and 16.""]"
Wild Resurgence,XPHB,Druid,XPHB,5,"[""Once on each of your turns, if you have no uses of Wild Shape left, you can give yourself one use by expending a spell slot (no action required)."", ""In addition, you can expend one use of Wild Shape (no action required) to give yourself a level 1 spell slot, but you can't do so again until you finish a {@variantrule Long Rest|XPHB}.""]"
Subclass Feature,XPHB,Druid,XPHB,6,"[""You gain a feature from your Druid Subclass.""]"
Elemental Fury,XPHB,Druid,XPHB,7,"[""The might of the elements flows through you. You gain one of the following options of your choice."", {""type"": ""entries"", ""entries"": [{""type"": ""options"", ""count"": 1, ""entries"": [{""type"": ""refClassFeature"", ""classFeature"": ""Potent Spellcasting|Druid|XPHB|7""}, {""type"": ""refClassFeature"", ""classFeature"": ""Primal Strike|Druid|XPHB|7""}]}]}]"
Potent Spellcasting,XPHB,Druid,XPHB,7,"[""Add your Wisdom modifier to the damage you deal with any Druid cantrip.""]"
Primal Strike,XPHB,Druid,XPHB,7,"[""Once on each of your turns when you hit a creature with an attack roll using a weapon or a Beast form's attack in Wild Shape, you can cause the target to take an extra {@damage 1d8} Cold, Fire, Lightning, or Thunder damage (choose when you hit).""]"
Ability Score Improvement,XPHB,Druid,XPHB,8,"[""You gain the {@feat Ability Score Improvement|XPHB} Feat or another {@5etools feat|feats.html} of your choice for which you qualify.""]"
Subclass Feature,XPHB,Druid,XPHB,10,"[""You gain a feature from your Druid Subclass.""]"
Ability Score Improvement,XPHB,Druid,XPHB,12,"[""You gain the {@feat Ability Score Improvement|XPHB} Feat or another {@5etools feat|feats.html} of your choice for which you qualify.""]"
Subclass Feature,XPHB,Druid,XPHB,14,"[""You gain a feature from your Druid Subclass.""]"
Improved Elemental Fury,XPHB,Druid,XPHB,15,"[""The option you chose for Elemental Fury grows more powerful, as detailed below."", {""type"": ""entries"", ""entries"": [{""type"": ""entries"", ""name"": ""Potent Spellcasting"", ""entries"": [""When you cast a Druid cantrip with a range of 10 feet or greater, the spell's range increases by 300 feet.""]}, {""type"": ""entries"", ""name"": ""Primal Strike"", ""entries"": [""The extra damage of your Primal Strike increases to {@damage 2d8}.""]}]}]"
Ability Score Improvement,XPHB,Druid,XPHB,16,"[""You gain the {@feat Ability Score Improvement|XPHB} Feat or another {@5etools feat|feats.html} of your choice for which you qualify.""]"
Beast Spells,XPHB,Druid,XPHB,18,"[""While using Wild Shape, you can cast spells in Beast form, except for any spell that has a Material component with a cost specified or that consumes its Material component.""]"
Epic Boon,XPHB,Druid,XPHB,19,"[""You gain an {@filter Epic Boon feat|feats|category=EB} or another {@5etools feat|feats.html} of your choice for which you qualify. {@feat Boon of Dimensional Travel|XPHB} is recommended.""]"
Archdruid,XPHB,Druid,XPHB,20,"[""The vitality of nature constantly blooms within you, granting you the following benefits."", {""type"": ""entries"", ""entries"": [{""type"": ""entries"", ""name"": ""Evergreen Wild Shape"", ""entries"": [""Whenever you roll {@variantrule Initiative|XPHB} and have no uses of Wild Shape left, you regain one expended use of it.""]}, {""type"": ""entries"", ""name"": ""Nature Magician"", ""entries"": [""You can convert uses of Wild Shape into a spell slot (no action required). Choose a number of your unexpended uses of Wild Shape and convert them into a single spell slot, with each use contributing 2 spell levels. For example, if you convert two uses of Wild Shape, you produce a level 4 spell slot. Once you use this benefit, you can't do so again until you finish a {@variantrule Long Rest|XPHB}.""]}, {""type"": ""entries"", ""name"": ""Longevity"", ""entries"": [""The primal magic that you wield causes you to age more slowly. For every ten years that pass, your body ages only one year.""]}]}]"
