Name,Source,Type,IsBaseItem,Rarity,Weight,Value,RequiresAttunement,Description,Property,Damage,DamageType,ArmorClass
Alchemist's Supplies,XPHB,AT|XPHB,True,none,8,5000,,"[{""type"": ""list"", ""style"": ""list-hang-notitle"", ""items"": [{""name"": ""Ability:"", ""type"": ""item"", ""entries"": [""Intelligence""]}, {""name"": ""Utilize:"", ""type"": ""item"", ""entries"": [""Identify a substance ({@dc 15}), or start a fire ({@dc 15})""]}, {""name"": ""Craft:"", ""type"": ""item"", ""entries"": [""{@item Acid|XPHB}, {@item Alchemist's Fire|XPHB}, {@item Component Pouch|XPHB}, {@item Oil|XPHB}, {@item Paper|XPHB}, {@item Perfume|XPHB}""]}]}]",,,,
Arrow,XPHB,A|XPHB,True,none,0.05,5,,"[""Arrows are used with a weapon that has the ammunition property to make a ranged attack. Each time you attack with the weapon, you expend one piece of ammunition. Drawing the ammunition from a quiver, case, or other container is part of the attack (you need a free hand to load a one-handed weapon). At the end of the battle, you can recover half your expended ammunition by taking a minute to search the battlefield."", ""Arrows are typically stored in a {@item Quiver|XPHB} (bought separately).""]",,,,
Arrows (20),XPHB,A|XPHB,True,none,1,100,,"[""Arrows are used with a weapon that has the ammunition property to make a ranged attack. Each time you attack with the weapon, you expend one piece of ammunition. Drawing the ammunition from a quiver, case, or other container is part of the attack (you need a free hand to load a one-handed weapon). At the end of the battle, you can recover half your expended ammunition by taking a minute to search the battlefield."", ""Arrows are typically stored in a {@item Quiver|XPHB} (bought separately).""]",,,,
Bagpipes,XPHB,INS|XPHB,True,none,6,3000,,"[{""type"": ""list"", ""style"": ""list-hang-notitle"", ""items"": [{""name"": ""Ability:"", ""type"": ""item"", ""entries"": [""Charisma""]}, {""name"": ""Utilize:"", ""type"": ""item"", ""entries"": [""Play a known tune ({@dc 10}), or improvise a song ({@dc 15})""]}]}]",,,,
Battleaxe,XPHB,M|XPHB,True,none,4,1000,,,"[""V|XPHB""]",1d8,S,
Blowgun,XPHB,R|XPHB,True,none,1,1000,,,"[""A|XPHB"", ""LD|XPHB""]",1,P,
Bolt,XPHB,A|XPHB,True,none,0.075,5,,"[""Crossbow bolts are used with a weapon that has the ammunition property to make a ranged attack. Each time you attack with the weapon, you expend one piece of ammunition. Drawing the ammunition from a quiver, case, or other container is part of the attack (you need a free hand to load a one-handed weapon). At the end of the battle, you can recover half your expended ammunition by taking a minute to search the battlefield."", ""Bolts are typically stored in a {@item Crossbow Bolt Case|XPHB} (bought separately).""]",,,,
Bolts (20),XPHB,A|XPHB,True,none,1.5,100,,"[""Crossbow bolts are used with a weapon that has the ammunition property to make a ranged attack. Each time you attack with the weapon, you expend one piece of ammunition. Drawing the ammunition from a quiver, case, or other container is part of the attack (you need a free hand to load a one-handed weapon). At the end of the battle, you can recover half your expended ammunition by taking a minute to search the battlefield."", ""Bolts are typically stored in a {@item Crossbow Bolt Case|XPHB} (bought separately).""]",,,,
Breastplate,XPHB,MA|XPHB,True,none,20,40000,,,,,,14
Brewer's Supplies,XPHB,AT|XPHB,True,none,9,2000,,"[{""type"": ""list"", ""style"": ""list-hang-notitle"", ""items"": [{""name"": ""Ability:"", ""type"": ""item"", ""entries"": [""Intelligence""]}, {""name"": ""Utilize:"", ""type"": ""item"", ""entries"": [""Detect poisoned drink ({@dc 15}), or identify alcohol ({@dc 10})""]}, {""name"": ""Craft:"", ""type"": ""item"", ""entries"": [""{@item Antitoxin|XPHB}""]}]}]",,,,
Calligrapher's Supplies,XPHB,AT|XPHB,True,none,5,1000,,"[{""type"": ""list"", ""style"": ""list-hang-notitle"", ""items"": [{""name"": ""Ability:"", ""type"": ""item"", ""entries"": [""Dexterity""]}, {""name"": ""Utilize:"", ""type"": ""item"", ""entries"": [""Write text with impressive flourishes that guard against forgery ({@dc 15})""]}, {""name"": ""Craft:"", ""type"": ""item"", ""entries"": [""{@item Ink|XPHB}, {@item Spell Scroll|XDMG}""]}]}]",,,,
Carpenter's Tools,XPHB,AT|XPHB,True,none,6,800,,"[{""type"": ""list"", ""style"": ""list-hang-notitle"", ""items"": [{""name"": ""Ability:"", ""type"": ""item"", ""entries"": [""Strength""]}, {""name"": ""Utilize:"", ""type"": ""item"", ""entries"": [""Seal or pry open a door or container ({@dc 20})""]}, {""name"": ""Craft:"", ""type"": ""item"", ""entries"": [""{@item Club|XPHB}, {@item Greatclub|XPHB}, {@item Quarterstaff|XPHB}, {@item Barrel|XPHB}, {@item Chest|XPHB}, {@item Ladder|XPHB}, {@item Pole|XPHB}, {@item Portable Ram|XPHB}, {@item Torch|XPHB}""]}]}]",,,,
Cartographer's Tools,XPHB,AT|XPHB,True,none,6,1500,,"[{""type"": ""list"", ""style"": ""list-hang-notitle"", ""items"": [{""name"": ""Ability:"", ""type"": ""item"", ""entries"": [""Wisdom""]}, {""name"": ""Utilize:"", ""type"": ""item"", ""entries"": [""Draft a map of a small area ({@dc 15})""]}, {""name"": ""Craft:"", ""type"": ""item"", ""entries"": [""{@item Map|XPHB}""]}]}]",,,,
Chain Mail,XPHB,HA|XPHB,True,none,55,7500,,,,,,16
Chain Shirt,XPHB,MA|XPHB,True,none,20,5000,,,,,,13
Club,XPHB,M|XPHB,True,none,2,10,,,"[""L|XPHB""]",1d4,B,
Cobbler's Tools,XPHB,AT|XPHB,True,none,5,500,,"[{""type"": ""list"", ""style"": ""list-hang-notitle"", ""items"": [{""name"": ""Ability:"", ""type"": ""item"", ""entries"": [""Dexterity""]}, {""name"": ""Utilize:"", ""type"": ""item"", ""entries"": [""Modify footwear to give {@variantrule Advantage|XPHB} on the wearer's next Dexterity ({@skill Acrobatics|XPHB}) check ({@dc 10})""]}, {""name"": ""Craft:"", ""type"": ""item"", ""entries"": [""{@item Climber's Kit|XPHB}""]}]}]",,,,
Cook's Utensils,XPHB,AT|XPHB,True,none,8,100,,"[{""type"": ""list"", ""style"": ""list-hang-notitle"", ""items"": [{""name"": ""Ability:"", ""type"": ""item"", ""entries"": [""Wisdom""]}, {""name"": ""Utilize:"", ""type"": ""item"", ""entries"": [""Improve food's flavor ({@dc 10}), or detect spoiled or poisoned food ({@dc 15})""]}, {""name"": ""Craft:"", ""type"": ""item"", ""entries"": [""{@item Rations|XPHB}""]}]}]",,,,
Crystal,XPHB,SCF|XPHB,True,none,1,1000,,,,,,
Dagger,XPHB,M|XPHB,True,none,1,200,,,"[""F|XPHB"", ""L|XPHB"", ""T|XPHB""]",1d4,P,
Dart,XPHB,R|XPHB,True,none,0.25,5,,,"[""F|XPHB"", ""T|XPHB""]",1d4,P,
Drum,XPHB,INS|XPHB,True,none,3,600,,"[{""type"": ""list"", ""style"": ""list-hang-notitle"", ""items"": [{""name"": ""Ability:"", ""type"": ""item"", ""entries"": [""Charisma""]}, {""name"": ""Utilize:"", ""type"": ""item"", ""entries"": [""Play a known tune ({@dc 10}), or improvise a song ({@dc 15})""]}]}]",,,,
Dulcimer,XPHB,INS|XPHB,True,none,10,2500,,"[{""type"": ""list"", ""style"": ""list-hang-notitle"", ""items"": [{""name"": ""Ability:"", ""type"": ""item"", ""entries"": [""Charisma""]}, {""name"": ""Utilize:"", ""type"": ""item"", ""entries"": [""Play a known tune ({@dc 10}), or improvise a song ({@dc 15})""]}]}]",,,,
Flail,XPHB,M|XPHB,True,none,2,1000,,,,1d8,B,
Flute,XPHB,INS|XPHB,True,none,1,200,,"[{""type"": ""list"", ""style"": ""list-hang-notitle"", ""items"": [{""name"": ""Ability:"", ""type"": ""item"", ""entries"": [""Charisma""]}, {""name"": ""Utilize:"", ""type"": ""item"", ""entries"": [""Play a known tune ({@dc 10}), or improvise a song ({@dc 15})""]}]}]",,,,
Glaive,XPHB,M|XPHB,True,none,6,2000,,,"[""H|XPHB"", ""R|XPHB"", ""2H|XPHB""]",1d10,S,
Glassblower's Tools,XPHB,AT|XPHB,True,none,5,3000,,"[{""type"": ""list"", ""style"": ""list-hang-notitle"", ""items"": [{""name"": ""Ability:"", ""type"": ""item"", ""entries"": [""Intelligence""]}, {""name"": ""Utilize:"", ""type"": ""item"", ""entries"": [""Discern what a glass object held in the past 24 hours ({@dc 15})""]}, {""name"": ""Craft:"", ""type"": ""item"", ""entries"": [""{@item Glass Bottle|XPHB}, {@item Magnifying Glass|XPHB}, {@item Spyglass|XPHB}, {@item Vial|XPHB}""]}]}]",,,,
Greataxe,XPHB,M|XPHB,True,none,7,3000,,,"[""H|XPHB"", ""2H|XPHB""]",1d12,S,
Greatclub,XPHB,M|XPHB,True,none,10,20,,,"[""2H|XPHB""]",1d8,B,
Greatsword,XPHB,M|XPHB,True,none,6,5000,,,"[""H|XPHB"", ""2H|XPHB""]",2d6,S,
Halberd,XPHB,M|XPHB,True,none,6,2000,,,"[""H|XPHB"", ""R|XPHB"", ""2H|XPHB""]",1d10,S,
Half Plate Armor,XPHB,MA|XPHB,True,none,40,75000,,,,,,15
Hand Crossbow,XPHB,R|XPHB,True,none,3,7500,,,"[""A|XPHB"", ""L|XPHB"", ""LD|XPHB""]",1d6,P,
Handaxe,XPHB,M|XPHB,True,none,2,500,,,"[""L|XPHB"", ""T|XPHB""]",1d6,S,
Heavy Crossbow,XPHB,R|XPHB,True,none,18,5000,,,"[""A|XPHB"", ""H|XPHB"", ""LD|XPHB"", ""2H|XPHB""]",1d10,P,
Hide Armor,XPHB,MA|XPHB,True,none,12,1000,,,,,,12
Horn,XPHB,INS|XPHB,True,none,2,300,,"[{""type"": ""list"", ""style"": ""list-hang-notitle"", ""items"": [{""name"": ""Ability:"", ""type"": ""item"", ""entries"": [""Charisma""]}, {""name"": ""Utilize:"", ""type"": ""item"", ""entries"": [""Play a known tune ({@dc 10}), or improvise a song ({@dc 15})""]}]}]",,,,
Javelin,XPHB,M|XPHB,True,none,2,50,,,"[""T|XPHB""]",1d6,P,
Jeweler's Tools,XPHB,AT|XPHB,True,none,2,2500,,"[{""type"": ""list"", ""style"": ""list-hang-notitle"", ""items"": [{""name"": ""Ability:"", ""type"": ""item"", ""entries"": [""Intelligence""]}, {""name"": ""Utilize:"", ""type"": ""item"", ""entries"": [""Discern a gem's value ({@dc 15})""]}, {""name"": ""Craft:"", ""type"": ""item"", ""entries"": [""{@item Arcane Focus|XPHB}, {@item Holy Symbol|XPHB}""]}]}]",,,,
Lance,XPHB,M|XPHB,True,none,6,1000,,"[""A Lance requires two hands to wield when you aren't mounted.""]","[""H|XPHB"", ""R|XPHB"", {""uid"": ""2H|XPHB"", ""note"": ""unless mounted""}]",1d10,P,
Leather Armor,XPHB,LA|XPHB,True,none,10,1000,,,,,,11
Leatherworker's Tools,XPHB,AT|XPHB,True,none,5,500,,"[{""type"": ""list"", ""style"": ""list-hang-notitle"", ""items"": [{""name"": ""Ability:"", ""type"": ""item"", ""entries"": [""Dexterity""]}, {""name"": ""Utilize:"", ""type"": ""item"", ""entries"": [""Add a design to a leather item ({@dc 10})""]}, {""name"": ""Craft:"", ""type"": ""item"", ""entries"": [""{@item Sling|XPHB}, {@item Whip|XPHB}, {@item Hide Armor|XPHB}, {@item Leather Armor|XPHB}, {@item Studded Leather Armor|XPHB}, {@item Backpack|XPHB}, {@item Crossbow Bolt Case|XPHB}, {@item Map or Scroll Case|XPHB}, {@item Parchment|XPHB}, {@item Pouch|XPHB}, {@item Quiver|XPHB}, {@item Waterskin|XPHB}""]}]}]",,,,
Light Crossbow,XPHB,R|XPHB,True,none,5,2500,,,"[""A|XPHB"", ""LD|XPHB"", ""2H|XPHB""]",1d8,P,
Light Hammer,XPHB,M|XPHB,True,none,2,200,,,"[""L|XPHB"", ""T|XPHB""]",1d4,B,
Longbow,XPHB,R|XPHB,True,none,2,5000,,,"[""A|XPHB"", ""H|XPHB"", ""2H|XPHB""]",1d8,P,
Longsword,XPHB,M|XPHB,True,none,3,1500,,,"[""V|XPHB""]",1d8,S,
Lute,XPHB,INS|XPHB,True,none,2,3500,,"[{""type"": ""list"", ""style"": ""list-hang-notitle"", ""items"": [{""name"": ""Ability:"", ""type"": ""item"", ""entries"": [""Charisma""]}, {""name"": ""Utilize:"", ""type"": ""item"", ""entries"": [""Play a known tune ({@dc 10}), or improvise a song ({@dc 15})""]}]}]",,,,
Lyre,XPHB,INS|XPHB,True,none,2,3000,,"[{""type"": ""list"", ""style"": ""list-hang-notitle"", ""items"": [{""name"": ""Ability:"", ""type"": ""item"", ""entries"": [""Charisma""]}, {""name"": ""Utilize:"", ""type"": ""item"", ""entries"": [""Play a known tune ({@dc 10}), or improvise a song ({@dc 15})""]}]}]",,,,
Mace,XPHB,M|XPHB,True,none,4,500,,,,1d6,B,
Mason's Tools,XPHB,AT|XPHB,True,none,8,1000,,"[{""type"": ""list"", ""style"": ""list-hang-notitle"", ""items"": [{""name"": ""Ability:"", ""type"": ""item"", ""entries"": [""Strength""]}, {""name"": ""Utilize:"", ""type"": ""item"", ""entries"": [""Chisel a symbol or hole in stone ({@dc 10})""]}, {""name"": ""Craft:"", ""type"": ""item"", ""entries"": [""{@item Block and Tackle|XPHB}""]}]}]",,,,
Maul,XPHB,M|XPHB,True,none,10,1000,,,"[""H|XPHB"", ""2H|XPHB""]",2d6,B,
Morningstar,XPHB,M|XPHB,True,none,4,1500,,,,1d8,P,
Musket,XPHB,R|XPHB,True,none,10,50000,,,"[""A|XPHB"", ""LD|XPHB"", ""2H|XPHB""]",1d12,P,
Needle,XPHB,A|XPHB,True,none,0.02,2,,"[""Blowgun needles are used with a weapon that has the ammunition property to make a ranged attack. Each time you attack with the weapon, you expend one piece of ammunition. Drawing the ammunition from a quiver, case, or other container is part of the attack (you need a free hand to load a one-handed weapon). At the end of the battle, you can recover half your expended ammunition by taking a minute to search the battlefield."", ""Needles are typically stored in a {@item Pouch|XPHB} (bought separately).""]",,,,
Needles (50),XPHB,A|XPHB,True,none,1,100,,"[""Blowgun needles are used with a weapon that has the ammunition property to make a ranged attack. Each time you attack with the weapon, you expend one piece of ammunition. Drawing the ammunition from a quiver, case, or other container is part of the attack (you need a free hand to load a one-handed weapon). At the end of the battle, you can recover half your expended ammunition by taking a minute to search the battlefield."", ""Needles are typically stored in a {@item Pouch|XPHB} (bought separately).""]",,,,
Orb,XPHB,SCF|XPHB,True,none,3,2000,,,,,,
Padded Armor,XPHB,LA|XPHB,True,none,8,500,,,,,,11
Painter's Supplies,XPHB,AT|XPHB,True,none,5,1000,,"[{""type"": ""list"", ""style"": ""list-hang-notitle"", ""items"": [{""name"": ""Ability:"", ""type"": ""item"", ""entries"": [""Wisdom""]}, {""name"": ""Utilize:"", ""type"": ""item"", ""entries"": [""Paint a recognizable image of something you've seen ({@dc 10})""]}, {""name"": ""Craft:"", ""type"": ""item"", ""entries"": [""{@item Druidic Focus|XPHB}, {@item Holy Symbol|XPHB}""]}]}]",,,,
Pan Flute,XPHB,INS|XPHB,True,none,2,1200,,"[{""type"": ""list"", ""style"": ""list-hang-notitle"", ""items"": [{""name"": ""Ability:"", ""type"": ""item"", ""entries"": [""Charisma""]}, {""name"": ""Utilize:"", ""type"": ""item"", ""entries"": [""Play a known tune ({@dc 10}), or improvise a song ({@dc 15})""]}]}]",,,,
Pike,XPHB,M|XPHB,True,none,18,500,,,"[""H|XPHB"", ""R|XPHB"", ""2H|XPHB""]",1d10,P,
Pistol,XPHB,R|XPHB,True,none,3,25000,,,"[""A|XPHB"", ""LD|XPHB""]",1d10,P,
Plate Armor,XPHB,HA|XPHB,True,none,65,150000,,,,,,18
Potter's Tools,XPHB,AT|XPHB,True,none,3,1000,,"[{""type"": ""list"", ""style"": ""list-hang-notitle"", ""items"": [{""name"": ""Ability:"", ""type"": ""item"", ""entries"": [""Intelligence""]}, {""name"": ""Utilize:"", ""type"": ""item"", ""entries"": [""Discern what a ceramic object held in the past 24 hours ({@dc 15})""]}, {""name"": ""Craft:"", ""type"": ""item"", ""entries"": [""{@item Jug|XPHB}, {@item Lamp|XPHB}""]}]}]",,,,
Quarterstaff,XPHB,M|XPHB,True,none,4,20,,,"[""V|XPHB""]",1d6,B,
Rapier,XPHB,M|XPHB,True,none,2,2500,,,"[""F|XPHB""]",1d8,P,
Ring Mail,XPHB,HA|XPHB,True,none,40,3000,,,,,,14
Rod,XPHB,SCF|XPHB,True,none,2,1000,,,,,,
Scale Mail,XPHB,MA|XPHB,True,none,45,5000,,,,,,14
Scimitar,XPHB,M|XPHB,True,none,3,2500,,,"[""F|XPHB"", ""L|XPHB""]",1d6,S,
Shawm,XPHB,INS|XPHB,True,none,1,200,,"[{""type"": ""list"", ""style"": ""list-hang-notitle"", ""items"": [{""name"": ""Ability:"", ""type"": ""item"", ""entries"": [""Charisma""]}, {""name"": ""Utilize:"", ""type"": ""item"", ""entries"": [""Play a known tune ({@dc 10}), or improvise a song ({@dc 15})""]}]}]",,,,
Shield,XPHB,S|XPHB,True,none,6,1000,,,,,,2
Shortbow,XPHB,R|XPHB,True,none,2,2500,,,"[""A|XPHB"", ""2H|XPHB""]",1d6,P,
Shortsword,XPHB,M|XPHB,True,none,2,1000,,,"[""F|XPHB"", ""L|XPHB""]",1d6,P,
Sickle,XPHB,M|XPHB,True,none,2,100,,,"[""L|XPHB""]",1d4,S,
Sling,XPHB,R|XPHB,True,none,,10,,,"[""A|XPHB""]",1d4,B,
Sling Bullet,XPHB,A|XPHB,True,none,0.075,0.2,,"[""Sling bullets are used with a weapon that has the ammunition property to make a ranged attack. Each time you attack with the weapon, you expend one piece of ammunition. Drawing the ammunition from a quiver, case, or other container is part of the attack (you need a free hand to load a one-handed weapon). At the end of the battle, you can recover half your expended ammunition by taking a minute to search the battlefield."", ""Sling Bullets are typically stored in a {@item Pouch|XPHB} (bought separately).""]",,,,
Sling Bullets (20),XPHB,A|XPHB,True,none,1.5,4,,"[""Sling bullets are used with a weapon that has the ammunition property to make a ranged attack. Each time you attack with the weapon, you expend one piece of ammunition. Drawing the ammunition from a quiver, case, or other container is part of the attack (you need a free hand to load a one-handed weapon). At the end of the battle, you can recover half your expended ammunition by taking a minute to search the battlefield."", ""Sling Bullets are typically stored in a {@item Pouch|XPHB} (bought separately).""]",,,,
Smith's Tools,XPHB,AT|XPHB,True,none,8,2000,,"[{""type"": ""list"", ""style"": ""list-hang-notitle"", ""items"": [{""name"": ""Ability:"", ""type"": ""item"", ""entries"": [""Strength""]}, {""name"": ""Utilize:"", ""type"": ""item"", ""entries"": [""Pry open a door or container ({@dc 20})""]}, {""name"": ""Craft:"", ""type"": ""item"", ""entries"": [""Any Melee weapon (except {@item Club|XPHB}, {@item Greatclub|XPHB}, {@item Quarterstaff|XPHB}, and {@item Whip|XPHB}), Medium armor (except {@item Hide Armor|XPHB|Hide}), Heavy armor, {@item Ball Bearings|XPHB}, {@item Bucket|XPHB}, {@item Caltrops|XPHB}, {@item Chain|XPHB}, {@item Crowbar|XPHB}, {@item Firearm Bullets (10)|XPHB|Firearm Bullets}, {@item Grappling Hook|XPHB}, {@item Iron Pot|XPHB}, {@item Iron Spikes|XPHB}, {@item Sling Bullets (20)|XPHB|Sling Bullets}""]}]}]",,,,
Spear,XPHB,M|XPHB,True,none,3,100,,,"[""T|XPHB"", ""V|XPHB""]",1d6,P,
Splint Armor,XPHB,HA|XPHB,True,none,60,20000,,,,,,17
Staff,XPHB,SCF|XPHB,True,none,4,500,,,"[""V""]",1d6,B,
Studded Leather Armor,XPHB,LA|XPHB,True,none,13,4500,,,,,,12
Tinker's Tools,XPHB,AT|XPHB,True,none,10,5000,,"[{""type"": ""list"", ""style"": ""list-hang-notitle"", ""items"": [{""name"": ""Ability:"", ""type"": ""item"", ""entries"": [""Dexterity""]}, {""name"": ""Utilize:"", ""type"": ""item"", ""entries"": [""Assemble a Tiny item composed of scrap, which falls apart in 1 minute ({@dc 20})""]}, {""name"": ""Craft:"", ""type"": ""item"", ""entries"": [""{@item Musket|XPHB}, {@item Pistol|XPHB}, {@item Bell|XPHB}, {@item Bullseye Lantern|XPHB}, {@item Flask|XPHB}, {@item Hooded Lantern|XPHB}, {@item Hunting Trap|XPHB}, {@item Lock|XPHB}, {@item Manacles|XPHB}, {@item Mirror|XPHB}, {@item Shovel|XPHB}, {@item Signal Whistle|XPHB}, {@item Tinderbox|XPHB}""]}]}]",,,,
Trident,XPHB,M|XPHB,True,none,4,500,,,"[""T|XPHB"", ""V|XPHB""]",1d8,P,
Viol,XPHB,INS|XPHB,True,none,1,3000,,"[{""type"": ""list"", ""style"": ""list-hang-notitle"", ""items"": [{""name"": ""Ability:"", ""type"": ""item"", ""entries"": [""Charisma""]}, {""name"": ""Utilize:"", ""type"": ""item"", ""entries"": [""Play a known tune ({@dc 10}), or improvise a song ({@dc 15})""]}]}]",,,,
Wand,XPHB,SCF|XPHB,True,none,1,1000,,,,,,
War Pick,XPHB,M|XPHB,True,none,2,500,,,"[""V|XPHB""]",1d8,P,
Warhammer,XPHB,M|XPHB,True,none,5,1500,,,"[""V|XPHB""]",1d8,B,
Weaver's Tools,XPHB,AT|XPHB,True,none,5,100,,"[{""type"": ""list"", ""style"": ""list-hang-notitle"", ""items"": [{""name"": ""Ability:"", ""type"": ""item"", ""entries"": [""Dexterity""]}, {""name"": ""Utilize:"", ""type"": ""item"", ""entries"": [""Mend a tear in clothing ({@dc 10}), or sew a Tiny design ({@dc 10})""]}, {""name"": ""Craft:"", ""type"": ""item"", ""entries"": [""{@item Padded Armor|XPHB}, {@item Basket|XPHB}, {@item Bedroll|XPHB}, {@item Blanket|XPHB}, {@item Fine Clothes|XPHB}, {@item Net|XPHB}, {@item Robe|XPHB}, {@item Rope|XPHB}, {@item Sack|XPHB}, {@item String|XPHB}, {@item Tent|XPHB}, {@item Traveler's Clothes|XPHB}""]}]}]",,,,
Whip,XPHB,M|XPHB,True,none,3,200,,,"[""F|XPHB"", ""R|XPHB""]",1d4,S,
Woodcarver's Tools,XPHB,AT|XPHB,True,none,5,100,,"[{""type"": ""list"", ""style"": ""list-hang-notitle"", ""items"": [{""name"": ""Ability:"", ""type"": ""item"", ""entries"": [""Dexterity""]}, {""name"": ""Utilize:"", ""type"": ""item"", ""entries"": [""Carve a pattern in wood ({@dc 10})""]}, {""name"": ""Craft:"", ""type"": ""item"", ""entries"": [""{@item Club|XPHB}, {@item Greatclub|XPHB}, {@item Quarterstaff|XPHB}, Ranged weapons (except {@item Pistol|XPHB}, {@item Musket|XPHB}, and  {@item Sling|XPHB}), {@item Arcane Focus|XPHB}, {@item Arrows (20)|XPHB|Arrows}, {@item Bolts (20)|XPHB|Bolts}, {@item Druidic Focus|XPHB}, {@item Ink Pen|XPHB}, {@item Needles (50)|XPHB|Needles}""]}]}]",,,,
Wooden Staff,XPHB,SCF|XPHB,True,none,4,500,,,"[""V""]",1d6,B,
+1 Wand of the War Mage,XDMG,WD|XDMG,False,uncommon,1,,by a spellcaster,"[""While holding this wand, you gain a +1 bonus to spell attack rolls. In addition, you ignore {@variantrule Cover|XPHB|Half Cover} when making a spell attack roll.""]",,,,
+2 Wand of the War Mage,XDMG,WD|XDMG,False,rare,1,,by a spellcaster,"[""While holding this wand, you gain a +2 bonus to spell attack rolls. In addition, you ignore {@variantrule Cover|XPHB|Half Cover} when making a spell attack roll.""]",,,,
+3 Wand of the War Mage,XDMG,WD|XDMG,False,very rare,1,,by a spellcaster,"[""While holding this wand, you gain a +3 bonus to spell attack rolls. In addition, you ignore {@variantrule Cover|XPHB|Half Cover} when making a spell attack roll.""]",,,,
Acid,XPHB,G|XPHB,False,none,1,2500,,"[""When you take the {@action Attack|XPHB} action, you can replace one of your attacks with throwing a vial of Acid. Target one creature or object you can see within 20 feet of yourself. The target must succeed on a Dexterity saving throw ({@dc 8} plus your Dexterity modifier and {@variantrule Proficiency|XPHB|Proficiency Bonus}) or take {@damage 2d6} Acid damage.""]",,,,
Alchemist's Fire,XPHB,G|XPHB,False,none,1,5000,,"[""When you take the {@action Attack|XPHB} action, you can replace one of your attacks with throwing a flask of Alchemist's Fire. Target one creature or object you can see within 20 feet of yourself. The target must succeed on a Dexterity saving throw ({@dc 8} plus your Dexterity modifier and {@variantrule Proficiency|XPHB|Proficiency Bonus}) or take {@damage 1d4} Fire damage and start {@hazard burning|XPHB}.""]",,,,
Ale (mug),XPHB,FD|XPHB,False,none,,4,,,,,,
Amulet,XPHB,SCF|XPHB,False,none,1,500,,"[""For an Amulet to be an effective Holy Symbol, it must be worn or held.""]",,,,
Amulet of Health,XDMG,,False,rare,1,,true,"[""Your Constitution score is 19 while you wear this amulet. It has no effect on you if your Constitution is already 19 or higher without it.""]",,,,
Amulet of Proof against Detection and Location,XDMG,,False,uncommon,1,,true,"[""While wearing this amulet, you can't be targeted by Divination spells or perceived through magical scrying sensors unless you allow it.""]",,,,
Amulet of the Planes,XDMG,,False,very rare,1,,true,"[""While wearing this amulet, you can take a {@action Magic|XPHB} action to name a location that you are familiar with on another plane of existence. Then make a {@dc 15} Intelligence ({@skill Arcana|XPHB}) check. On a successful check, you cast {@spell Plane Shift|XPHB}. On a failed check, you and each creature and object within 15 feet of you travel to a random destination determined by rolling {@dice 1d100} and consulting the following table."", {""type"": ""table"", ""colStyles"": [""col-2 text-center"", ""col-10""], ""colLabels"": [""1d100"", ""Destination""], ""rows"": [[""01-60"", ""Random location on the plane you named""], [""61-70"", ""Random location on an Inner Plane determined by rolling {@dice 1d6}: on a {@b 1}, the Plane of Air; on a {@b 2}, the Plane of Earth; on a {@b 3}, the Plane of Fire; on a {@b 4}, the Plane of Water; on a {@b 5}, the Feywild; on a {@b 6}, the Shadowfell""], [""71-80"", ""Random location on an Outer Plane determined by rolling 1d8: on a {@b 1}, Arborea; on a {@b 2}, Arcadia; on a {@b 3}, the Beastlands; on a {@b 4}, Bytopia; on a {@b 5}, Elysium; on a {@b 6}, Mechanus; on a {@b 7}, Mount Celestia; on an {@b 8}, Ysgard""], [""81-90"", ""Random location on an Outer Plane determined by rolling {@dice 1d8}: on a {@b 1}, the Abyss; on a {@b 2}, Acheron; on a {@b 3}, Carceri; on a {@b 4}, Gehenna; on a {@b 5}, Hades; on a {@b 6}, Limbo; on a {@b 7}, the Nine Hells; on an {@b 8}, Pandemonium""], [""91-00"", ""Random location on the Astral Plane""]]}]",,,,
Animated Shield,XDMG,S|XPHB,False,very rare,6,,true,"[""While holding this Shield, you can take a {@variantrule Bonus Action|XPHB} to cause it to animate. The Shield leaps into the air and hovers in your space to protect you as if you were wielding it, leaving your hands free. The Shield remains animate for 1 minute, until you take a {@variantrule Bonus Action|XPHB} to end this effect, or until you die or have the {@condition Incapacitated|XPHB} condition, at which point the Shield falls to the ground or into your hand if you have one free.""]",,,,2
Antitoxin,XPHB,G|XPHB,False,none,,5000,,"[""As a {@variantrule Bonus Action|XPHB}, you can drink a vial of Antitoxin to gain {@variantrule Advantage|XPHB} on saving throws to avoid or end the {@condition Poisoned|XPHB} condition for 1 hour.""]",,,,
Apparatus of Kwalish,XDMG,,False,legendary,500,,,"[""This item first appears to be a sealed iron barrel weighing 500 pounds. The barrel has a hidden catch, which can be found with a successful {@dc 20} Intelligence ({@skill Investigation|XPHB}) check. Releasing the catch unlocks a hatch at one end of the barrel, allowing two Medium or smaller creatures to crawl inside. Ten levers are set in a row at the far end, each in a neutral position, able to move up or down. When certain levers are used, the apparatus transforms to resemble a giant lobster."", ""The Apparatus of Kwalish is a Large object with the following statistics: {@b AC} 20; {@b HP} 200; {@b Speed} 30 ft., Swim 30 ft. (or 0 ft. for both if the legs aren't extended); {@b Immunity} to Poison and Psychic damage."", ""To be used as a vehicle, the apparatus requires one pilot. While the apparatus's hatch is closed, the compartment is airtight and watertight. The compartment holds enough air for 10 hours of breathing, divided by the number of breathing creatures inside."", ""The apparatus floats on water. It can also go underwater to a depth of 900 feet. Below that, the vehicle takes {@damage 2d6} Bludgeoning damage each minute from pressure."", ""A creature in the compartment can take a {@action Utilize|XPHB} action to move as many as two of the apparatus's levers up or down. After each use, a lever goes back to its neutral position. Each lever, from left to right, functions as shown in the Apparatus of Kwalish Levers table."", {""type"": ""table"", ""caption"": ""Apparatus of Kwalish Levers"", ""colStyles"": [""col-1 text-center"", ""col-5-5"", ""col-5-5""], ""colLabels"": [""Lever"", ""Up"", ""Down""], ""rows"": [[""1"", ""Legs extend, allowing the apparatus to walk and swim."", ""Legs retract, reducing the apparatus's {@variantrule Speed|XPHB} and {@variantrule Swim Speed|XPHB} to 0 and making it unable to benefit from bonuses to speed.""], [""2"", ""Forward window shutter opens."", ""Forward window shutter closes.""], [""3"", ""Side window shutters open (two per side)."", ""Side window shutters close (two per side).""], [""4"", ""Two claws extend from the front side of the apparatus."", ""The claws retract.""], [""5"", ""Each extended claw makes the following melee attack: +8 to hit, reach 5 ft. {@i Hit:} 7 ({@damage 2d6}) Bludgeoning damage."", ""Each extended claw makes the following melee attack: +8 to hit, reach 5 ft. {@i Hit:} The target has the {@condition Grappled|XPHB} condition (escape {@dc 15}).""], [""6"", ""The apparatus walks or swims forward provided its legs are extended."", ""The apparatus walks or swims backward provided its legs are extended.""], [""7"", ""The apparatus turns 90 degrees counterclockwise provided its legs are extended."", ""The apparatus turns 90 degrees clockwise provided its legs are extended.""], [""8"", ""Eyelike fixtures emit {@variantrule Bright Light|XPHB} in a 30-foot radius and {@variantrule Dim Light|XPHB} for an additional 30 feet."", ""The light turns off.""], [""9"", ""The apparatus sinks up to 20 feet if it's in liquid."", ""The apparatus rises up to 20 feet if it's in liquid.""], [""10"", ""The rear hatch unseals and opens."", ""The rear hatch closes and seals.""]]}]",,,,
Armor of Invulnerability,XDMG,HA|XPHB,False,legendary,65,,true,"[""You have {@variantrule Resistance|XPHB} to Bludgeoning, Piercing, and Slashing damage while you wear this armor."", {""type"": ""entries"", ""name"": ""Metal Shell"", ""entries"": [""You can take a {@action Magic|XPHB} action to give yourself {@variantrule Immunity|XPHB} to Bludgeoning, Piercing, and Slashing damage for 10 minutes or until you are no longer wearing the armor. Once this property is used, it can't be used again until the next dawn.""]}]",,,,18
Arrow-Catching Shield,XDMG,S|XPHB,False,rare,6,,true,"[""You gain a +2 bonus to {@variantrule Armor Class|XPHB} against ranged attack rolls while you wield this Shield. This bonus is in addition to the Shield's normal bonus to AC."", ""Whenever an attacker makes a ranged attack roll against a target within 5 feet of you, you can take a {@variantrule Reaction|XPHB} to become the target of the attack instead.""]",,,,2
Assassin's Blood,XDMG,G|XPHB,False,none,,15000,,"[""A creature subjected to Assassin's Blood makes a {@dc 10} Constitution saving throw. On a failed save, the creature takes 6 ({@damage 1d12}) Poison damage and has the {@condition Poisoned|XPHB} condition for 24 hours. On a successful save, the creature takes half as much damage only.""]",,,,
Backpack,XPHB,G|XPHB,False,none,5,200,,"[""A Backpack holds up to 30 pounds within 1 cubic foot. It can also serve as a saddlebag.""]",,,,
Bag of Beans,XDMG,,False,rare,,,,"[""This heavy cloth bag contains {@dice 3d4} dry beans when found. The bag weighs half a pound regardless of how many beans it contains and becomes a nonmagical item when it no longer contains any beans."", ""If you dump one or more beans out of the bag, they explode in a 10-foot-radius {@variantrule Sphere [Area of Effect]|XPHB|Sphere} centered on them. All the dumped beans are destroyed in the explosion, and each creature in the {@variantrule Sphere [Area of Effect]|XPHB|Sphere}, including you, makes a {@dc 15} Dexterity saving throw, taking {@damage 5d4} Force damage on a failed save or half as much damage on a successful one."", ""If you remove a bean from the bag, plant it in dirt or sand, and then water it, the bean disappears as it produces an effect 1 minute later from the ground where it was planted. The DM can choose an effect from the following table or determine it randomly."", {""type"": ""table"", ""colStyles"": [""col-2 text-center"", ""col-10""], ""colLabels"": [""1d100"", ""Effect""], ""rows"": [[""01"", ""{@dice 5d4} toadstools sprout. If a creature eats a toadstool, roll any die. On an odd roll, the eater must succeed on a {@dc 15} Constitution saving throw or take {@damage 5d6} Poison damage and have the {@condition Poisoned|XPHB} condition for 1 hour. On an even roll, the eater gains {@dice 5d6} {@variantrule Temporary Hit Points|XPHB} for 1 hour.""], [""02-10"", ""A geyser erupts and spouts water, beer, mayonnaise, tea, vinegar, wine, or oil (DM's choice) 30 feet into the air for {@dice 1d4} minutes.""], [""11-20"", ""A {@creature Treant|XMM} sprouts. Roll any die. On an odd roll, the treant is Chaotic Evil. On an even roll, the treant is Chaotic Good.""], [""21-30"", ""An animate but immobile stone statue in your likeness rises and makes verbal threats against you. If you leave it and others come near, it describes you as the most heinous of villains and directs the newcomers to find and attack you. If you are on the same plane of existence as the statue, it knows where you are. The statue becomes inanimate after 24 hours.""], [""31-40"", ""A campfire with green flames springs forth and burns for 24 hours or until it is extinguished.""], [""41-50"", ""Three {@b Shrieker Fungi} sprout.""], [""51-60"", ""{@dice 1d4 + 4} bright-pink toads crawl forth. Whenever a toad is touched, it transforms into a Large or smaller monster of the DM's choice that acts in accordance with its alignment and nature. The monster remains for 1 minute, then disappears in a puff of bright-pink smoke.""], [""61-70"", ""A hungry {@creature Bulette|XMM} burrows up and attacks.""], [""71-80"", ""A fruit tree grows. It has {@dice 1d10 + 20} fruit, {@dice 1d8} of which act as randomly determined potions. The tree vanishes after 1 hour. Picked fruit remains, retaining any magic for 30 days.""], [""81-90"", ""A nest of {@dice 1d4 + 3} rainbow-colored eggs springs up. Any creature that eats an egg makes a {@dc 20} Constitution saving throw. On a successful save, a creature permanently increases its lowest ability score by 1, randomly choosing among equally low scores. On a failed save, the creature takes {@damage 10d6} Force damage from an internal explosion.""], [""91-95"", ""A pyramid with a 60-foot-square base bursts upward. Inside is a burial chamber containing a {@creature Mummy|XMM}, a {@creature Mummy Lord|XMM}, or some other Undead of the DM's choice. Its sarcophagus contains treasure of the DM's choice.""], [""96-00"", ""A giant beanstalk sprouts, growing to a height of the DM's choice. The top leads where the DM chooses, such as to a great view, a cloud giant's castle, or another plane of existence.""]]}]",,,,
Bag of Devouring,XDMG,,False,very rare,,,,"[""This bag resembles a {@item Bag of Holding|XDMG} but is a feeding orifice for a gigantic extradimensional creature. Turning the bag inside out closes the orifice."", ""The extradimensional creature attached to the bag can sense whatever is placed inside the bag. Animal or vegetable matter placed wholly in the bag is devoured and lost forever. When part of a living creature is placed in the bag, as happens when someone reaches inside it, there is a {@chance 50} chance that the creature is pulled inside the bag. A creature inside the bag can take an action to try to escape, doing so with a successful {@dc 15} Strength ({@skill Athletics|XPHB}) check. Another creature can take an action to reach into the bag to pull a creature out, doing so with a successful {@dc 20} Strength ({@skill Athletics|XPHB}) check, provided the puller isn't pulled inside the bag first. Any creature that starts its turn inside the bag is devoured, its body destroyed."", ""Inanimate objects can be stored in the bag, which can hold a cubic foot of such material. However, once each day, the bag swallows any objects inside it and spits them out into another plane of existence. The DM determines the time and plane."", ""If the bag is pierced or torn, it is destroyed, and anything contained within it is transported to a random location on the Astral Plane.""]",,,,
Bag of Holding,XDMG,,False,uncommon,5,,,"[""This bag has an interior space considerably larger than its outside dimensions—roughly 2 feet square and 4 feet deep on the inside. The bag can hold up to 500 pounds, not exceeding a volume of 64 cubic feet. The bag weighs 5 pounds, regardless of its contents. Retrieving an item from the bag requires a {@action Utilize|XPHB} action."", ""If the bag is overloaded, pierced, or torn, it is destroyed, and its contents are scattered in the Astral Plane. If the bag is turned inside out, its contents spill forth unharmed, but the bag must be put right before it can be used again. The bag holds enough air for 10 minutes of breathing, divided by the number of breathing creatures inside."", ""Placing a Bag of Holding inside an extradimensional space created by a {@item Heward's Handy Haversack|XDMG}, Portable Hole, or similar item instantly destroys both items and opens a gate to the Astral Plane. The gate originates where the one item was placed inside the other. Any creature within a 10-foot-radius {@variantrule Sphere [Area of Effect]|XPHB|Sphere} centered on the gate is sucked through it to a random location on the Astral Plane. The gate then closes. The gate is one-way and can't be reopened.""]",,,,
"Bag of Tricks, Gray",XDMG,,False,uncommon,,,,"[""This bag made from gray cloth appears empty. Reaching inside the bag, however, reveals the presence of a small, fuzzy object."", ""You can take a {@action Magic|XPHB} action to pull the fuzzy object from the bag and throw it up to 20 feet. When the object lands, it transforms into a creature you determine by rolling on the table below. See the {@book Monster Manual|XMM} for the creature's stat block. The creature vanishes at the next dawn or when it is reduced to 0 {@variantrule Hit Points|XPHB}."", ""The creature is {@variantrule Friendly [Attitude]|XPHB|Friendly} to you and your allies, and it acts immediately after you on your {@variantrule Initiative|XPHB} count. You can take a {@variantrule Bonus Action|XPHB} to command how the creature moves and what action it takes on its next turn, such as attacking an enemy. In the absence of such orders, the creature acts in a fashion appropriate to its nature."", ""Once three fuzzy objects have been pulled from the bag, the bag can't be used again until the next dawn."", {""type"": ""table"", ""colStyles"": [""col-2 text-center"", ""col-10""], ""colLabels"": [""1d8"", ""Creature""], ""rows"": [[""1"", ""{@creature Weasel|XMM}""], [""2"", ""{@creature Giant Rat|XMM}""], [""3"", ""{@creature Badger|XMM}""], [""4"", ""{@creature Boar|XMM}""], [""5"", ""{@creature Panther|XMM}""], [""6"", ""{@creature Giant Badger|XMM}""], [""7"", ""{@creature Dire Wolf|XMM}""], [""8"", ""{@creature Giant Elk|XMM}""]]}]",,,,
"Bag of Tricks, Rust",XDMG,,False,uncommon,,,,"[""This bag made from rust cloth appears empty. Reaching inside the bag, however, reveals the presence of a small, fuzzy object."", ""You can take a {@action Magic|XPHB} action to pull the fuzzy object from the bag and throw it up to 20 feet. When the object lands, it transforms into a creature you determine by rolling on the table below. See the {@book Monster Manual|XMM} for the creature's stat block. The creature vanishes at the next dawn or when it is reduced to 0 {@variantrule Hit Points|XPHB}."", ""The creature is {@variantrule Friendly [Attitude]|XPHB|Friendly} to you and your allies, and it acts immediately after you on your {@variantrule Initiative|XPHB} count. You can take a {@variantrule Bonus Action|XPHB} to command how the creature moves and what action it takes on its next turn, such as attacking an enemy. In the absence of such orders, the creature acts in a fashion appropriate to its nature."", ""Once three fuzzy objects have been pulled from the bag, the bag can't be used again until the next dawn."", {""type"": ""table"", ""colStyles"": [""col-2 text-center"", ""col-10""], ""colLabels"": [""1d8"", ""Creature""], ""rows"": [[""1"", ""{@creature Rat|XMM}""], [""2"", ""{@creature Owl|XMM}""], [""3"", ""{@creature Mastiff|XMM}""], [""4"", ""{@creature Goat|XMM}""], [""5"", ""{@creature Giant Goat|XMM}""], [""6"", ""{@creature Giant Boar|XMM}""], [""7"", ""{@creature Lion|XMM}""], [""8"", ""{@creature Brown Bear|XMM}""]]}]",,,,
"Bag of Tricks, Tan",XDMG,,False,uncommon,,,,"[""This bag made from tan cloth appears empty. Reaching inside the bag, however, reveals the presence of a small, fuzzy object."", ""You can take a {@action Magic|XPHB} action to pull the fuzzy object from the bag and throw it up to 20 feet. When the object lands, it transforms into a creature you determine by rolling on the table below. See the {@book Monster Manual|XMM} for the creature's stat block. The creature vanishes at the next dawn or when it is reduced to 0 {@variantrule Hit Points|XPHB}."", ""The creature is {@variantrule Friendly [Attitude]|XPHB|Friendly} to you and your allies, and it acts immediately after you on your {@variantrule Initiative|XPHB} count. You can take a {@variantrule Bonus Action|XPHB} to command how the creature moves and what action it takes on its next turn, such as attacking an enemy. In the absence of such orders, the creature acts in a fashion appropriate to its nature."", ""Once three fuzzy objects have been pulled from the bag, the bag can't be used again until the next dawn."", {""type"": ""table"", ""colStyles"": [""col-2 text-center"", ""col-10""], ""colLabels"": [""1d8"", ""Creature""], ""rows"": [[""1"", ""{@creature Jackal|XMM}""], [""2"", ""{@creature Ape|XMM}""], [""3"", ""{@creature Baboon|XMM}""], [""4"", ""{@creature Axe Beak|XMM}""], [""5"", ""{@creature Black Bear|XMM}""], [""6"", ""{@creature Giant Weasel|XMM}""], [""7"", ""{@creature Giant Hyena|XMM}""], [""8"", ""{@creature Tiger|XMM}""]]}]",,,,
Ball Bearings,XPHB,G|XPHB,False,none,2,100,,"[""As a {@action Utilize|XPHB} action, you can spill Ball Bearings from their pouch. They spread to cover a level, 10-foot-square area within 10 feet of yourself. A creature that enters this area for the first time on a turn must succeed on a {@dc 10} Dexterity saving throw or have the {@condition Prone|XPHB} condition. It takes 10 minutes to recover the Ball Bearings.""]",,,,
Barrel,XPHB,G|XPHB,False,none,70,200,,"[""A Barrel holds up to 40 gallons of liquid or up to 4 cubic feet of dry goods.""]",,,,
Basic Poison,XPHB,G|XPHB,False,none,,10000,,"[""As a {@variantrule Bonus Action|XPHB}, you can use a vial of Basic Poison to coat one weapon or up to three pieces of ammunition. A creature that takes Piercing or Slashing damage from the poisoned weapon or ammunition takes an extra {@damage 1d4} Poison damage. Once applied, the poison retains potency for 1 minute or until its damage is dealt, whichever comes first.""]",,,,
Basket,XPHB,G|XPHB,False,none,2,40,,"[""A Basket holds up to 40 pounds within 2 cubic feet.""]",,,,
Bead of Force,XDMG,,False,rare,0.5,,,"[""This small black sphere measures 3/4 of an inch in diameter and weighs an ounce. Typically, {@dice 1d4 + 4} Beads of Force are found together."", ""You can take a {@action Magic|XPHB} action to throw the bead up to 60 feet. The bead explodes in a 10-foot-radius {@variantrule Sphere [Area of Effect]|XPHB|Sphere} on impact and is destroyed. Each creature in the {@variantrule Sphere [Area of Effect]|XPHB|Sphere} must succeed on a {@dc 15} Dexterity saving throw or take {@damage 5d4} Force damage. A sphere of transparent force then encloses the area for 1 minute. Any creature that failed the save and is completely within the area is trapped inside this sphere. Creatures that succeeded on the save or are partially within the area are pushed away from the center of the sphere until they are no longer inside it. Only breathable air can pass through the sphere's wall. No attack or other effect can pass through."", ""An enclosed creature can take a {@action Utilize|XPHB} action to push against the sphere's wall, moving the sphere up to half the creature's {@variantrule Speed|XPHB}. The sphere can be picked up, and its magic causes it to weigh only 1 pound, regardless of the weight of creatures inside.""]",,,,
Bead of Nourishment,XDMG,,False,common,,,,"[""This flavorless, gelatinous bead dissolves on your tongue and provides as much nourishment as 1 day of Rations.""]",,,,
Bedroll,XPHB,G|XPHB,False,none,7,100,,"[""A Bedroll sleeps one Small or Medium creature. While in a Bedroll, you automatically succeed on saving throws against {@hazard extreme cold|XDMG} (see the {@book Dungeon Master's Guide|XDMG}).""]",,,,
Bell,XPHB,G|XPHB,False,none,,100,,"[""When rung as a {@action Utilize|XPHB} action, a Bell produces a sound that can be heard up to 60 feet away.""]",,,,
Belt of Cloud Giant Strength,XDMG,,False,legendary,,,true,"[""While wearing this belt, your Strength score changes to 27. The item has no effect on you if your Strength without the belt is equal to or greater than the belt's score.""]",,,,
Belt of Dwarvenkind,XDMG,,False,rare,,,true,"[""While wearing this belt, you gain the following benefits:"", {""type"": ""list"", ""style"": ""list-hang-notitle"", ""items"": [{""type"": ""item"", ""name"": ""Dwarvish"", ""entries"": [""You know Dwarvish.""]}, {""type"": ""item"", ""name"": ""Friend of Dwarvenkind"", ""entries"": [""You have {@variantrule Advantage|XPHB} on Charisma ({@skill Persuasion|XPHB}) checks made to interact with dwarves and duergar.""]}, {""type"": ""item"", ""name"": ""Toughness"", ""entries"": [""Your Constitution increases by 2, to a maximum of 20."", ""In addition, while attuned to the belt, you have a {@chance 50} chance each day at dawn of growing a full beard if you can grow one, or a thicker beard if you already have one."", ""If you aren't a dwarf or duergar, you gain the following additional benefits while wearing the belt:""]}, {""type"": ""item"", ""name"": ""Darkvision"", ""entries"": [""You have {@sense Darkvision|XPHB} with a range of 60 feet.""]}, {""type"": ""item"", ""name"": ""Resilience"", ""entries"": [""You have {@variantrule Resistance|XPHB} to Poison damage. You also have {@variantrule Advantage|XPHB} on saving throws you make to avoid or end the {@condition Poisoned|XPHB} condition.""]}]}]",,,,
Belt of Fire Giant Strength,XDMG,,False,very rare,,,true,"[""While wearing this belt, your Strength score changes to 25. The item has no effect on you if your Strength without the belt is equal to or greater than the belt's score.""]",,,,
Belt of Frost Giant Strength,XDMG,,False,very rare,,,true,"[""While wearing this belt, your Strength score changes to 23. The item has no effect on you if your Strength without the belt is equal to or greater than the belt's score.""]",,,,
Belt of Hill Giant Strength,XDMG,,False,rare,,,true,"[""While wearing this belt, your Strength score changes to 21. The item has no effect on you if your Strength without the belt is equal to or greater than the belt's score.""]",,,,
Belt of Stone Giant Strength,XDMG,,False,very rare,,,true,"[""While wearing this belt, your Strength score changes to 23. The item has no effect on you if your Strength without the belt is equal to or greater than the belt's score.""]",,,,
Belt of Storm Giant Strength,XDMG,,False,legendary,,,true,"[""While wearing this belt, your Strength score changes to 29. The item has no effect on you if your Strength without the belt is equal to or greater than the belt's score.""]",,,,
Black Dragon Scale Mail,XDMG,MA|XPHB,False,very rare,45,,true,"[""{#itemEntry Dragon Scale Mail|XDMG}""]",,,,14
Blanket,XPHB,G|XPHB,False,none,3,50,,"[""While wrapped in a blanket, you have {@variantrule Advantage|XPHB} on saving throws against {@hazard extreme cold|XDMG} (see the {@book Dungeon Master's Guide|XDMG}).""]",,,,
Block and Tackle,XPHB,G|XPHB,False,none,5,100,,"[""A {@item Block and Tackle|XPHB} allows you to hoist up to four times the weight you can normally lift.""]",,,,
Blue Dragon Scale Mail,XDMG,MA|XPHB,False,very rare,45,,true,"[""{#itemEntry Dragon Scale Mail|XDMG}""]",,,,14
Book,XPHB,G|XPHB,False,none,5,2500,,"[""A Book contains fiction or nonfiction. If you consult an accurate nonfiction Book about its topic, you gain a +5 bonus to Intelligence ({@skill Arcana|XPHB}, {@skill History|XPHB}, {@skill Nature|XPHB}, or {@skill Religion|XPHB}) checks you make about that topic.""]",,,,
Boots of Elvenkind,XDMG,,False,uncommon,,,,"[""While you wear these boots, your steps make no sound, regardless of the surface you are moving across. You also have {@variantrule Advantage|XPHB} on Dexterity ({@skill Stealth|XPHB}) checks.""]",,,,
Boots of Levitation,XDMG,,False,rare,,,true,"[""While you wear these boots, you can cast {@spell Levitate|XPHB} on yourself.""]",,,,
Boots of Speed,XDMG,,False,rare,,,true,"[""While you wear these boots, you can take a {@variantrule Bonus Action|XPHB} to click the boots' heels together. If you do, the boots double your {@variantrule Speed|XPHB}, and any creature that makes an {@action Opportunity Attack|XPHB} against you has {@variantrule Disadvantage|XPHB} on the attack roll. If you click your heels together again, you end the effect."", ""When you've used the boots' property for a total of 10 minutes, the magic ceases to function for you until you finish a {@variantrule Long Rest|XPHB}.""]",,,,
Boots of Striding and Springing,XDMG,,False,uncommon,,,true,"[""While you wear these boots, your {@variantrule Speed|XPHB} becomes 30 feet unless your {@variantrule Speed|XPHB} is higher, and your {@variantrule Speed|XPHB} isn't reduced by you carrying weight in excess of your carrying capacity or wearing Heavy Armor."", ""Once on each of your turns, you can jump up to 30 feet by spending only 10 feet of movement.""]",,,,
Boots of the Winterlands,XDMG,,False,uncommon,,,true,"[""These furred boots are snug and feel warm. While wearing them, you gain the following benefits."", {""type"": ""entries"", ""name"": ""Cold Resistance"", ""entries"": [""You have {@variantrule Resistance|XPHB} to Cold damage and can tolerate temperatures of 0 degrees Fahrenheit or lower without any additional protection.""]}, {""type"": ""entries"", ""name"": ""Winter Strider"", ""entries"": [""You ignore {@variantrule Difficult Terrain|XPHB} created by ice or snow.""]}]",,,,
Bowl of Commanding Water Elementals,XDMG,,False,rare,,,,"[""While this bowl is filled with water and you are within 5 feet of it, you can take a {@action Magic|XPHB} action to summon a {@creature Water Elemental|XMM}. The elemental appears in an unoccupied space as close to the bowl as possible, understands your languages, obeys your commands, and takes its turn immediately after you on your {@variantrule Initiative|XPHB} count. The elemental disappears after 1 hour, when it dies, or when you dismiss it as a {@variantrule Bonus Action|XPHB}. The bowl can't be used this way again until the next dawn."", ""The bowl is about 1 foot in diameter and half as deep. It holds about 3 gallons.""]",,,,
Bracers of Archery,XDMG,,False,uncommon,,,true,"[""While wearing these bracers, you have proficiency with the {@item Longbow|XPHB} and {@item Shortbow|XPHB}, and you gain a +2 bonus to damage rolls made with such weapons.""]",,,,
Bracers of Defense,XDMG,,False,rare,,,true,"[""While wearing these bracers, you gain a +2 bonus to {@variantrule Armor Class|XPHB} if you are wearing no armor and using no {@item Shield|XPHB}.""]",,,,
Brass Dragon Scale Mail,XDMG,MA|XPHB,False,very rare,45,,true,"[""{#itemEntry Dragon Scale Mail|XDMG}""]",,,,14
Brazier of Commanding Fire Elementals,XDMG,,False,rare,,,,"[""While you are within 5 feet of this brazier, you can take a {@action Magic|XPHB} action to summon a {@creature Fire Elemental|XMM}. The elemental appears in an unoccupied space as close to the brazier as possible, understands your languages, obeys your commands, and takes its turn immediately after you on your {@variantrule Initiative|XPHB} count. The elemental disappears after 1 hour, when it dies, or when you dismiss it as a {@variantrule Bonus Action|XPHB}. The brazier can't be used this way again until the next dawn.""]",,,,
Bread (loaf),XPHB,FD|XPHB,False,none,,2,,,,,,
Bronze Dragon Scale Mail,XDMG,MA|XPHB,False,very rare,45,,true,"[""{#itemEntry Dragon Scale Mail|XDMG}""]",,,,14
Brooch of Shielding,XDMG,,False,uncommon,,,true,"[""While wearing this brooch, you have {@variantrule Resistance|XPHB} to Force damage, and you have {@variantrule Immunity|XPHB} to damage from the {@spell Magic Missile|XPHB} spell.""]",,,,
Broom of Flying,XDMG,,False,uncommon,,,true,"[""This wooden broom functions like a mundane broom until you stand astride it and take a {@action Magic|XPHB} action to make it hover beneath you, at which time it can be ridden in the air. It has a {@variantrule Fly Speed|XPHB} of 50 feet. It can carry up to 400 pounds, but its {@variantrule Fly Speed|XPHB} becomes 30 feet while carrying over 200 pounds. The broom stops hovering when you land or when you're no longer riding it."", ""As a {@action Magic|XPHB} action, you can send the broom to travel alone to a destination within 1 mile of you if you name the location and are familiar with it. The broom comes back to you when you take a {@action Magic|XPHB} action and use a command word if the broom is still within 1 mile of you.""]",,,,
Bucket,XPHB,G|XPHB,False,none,2,5,,"[""A Bucket holds up to half a cubic foot of contents.""]",,,,
Bullseye Lantern,XPHB,G|XPHB,False,none,2,1000,,"[""A Bullseye Lantern burns Oil as fuel to cast {@variantrule Bright Light|XPHB} in a 60-foot Cone and {@variantrule Dim Light|XPHB} for an additional 60 feet.""]",,,,
Burglar's Pack,XPHB,G|XPHB,False,none,47.5,1600,,"[""A Burglar's Pack contains the following items: {@item Backpack|XPHB}, {@item Ball Bearings|XPHB}, {@item Bell|XPHB}, 10 {@item Candle|XPHB|Candles}, {@item Crowbar|XPHB}, {@item Hooded Lantern|XPHB}, 7 flasks of {@item Oil|XPHB}, 5 days of {@item Rations|XPHB}, {@item Rope|XPHB}, {@item Tinderbox|XPHB}, and {@item Waterskin|XPHB}.""]",,,,
Burnt Othur Fumes,XDMG,G|XPHB,False,none,,50000,,"[""A creature subjected to Burnt Othur Fumes must succeed on a {@dc 13} Constitution saving throw or take 10 ({@damage 3d6}) Poison damage, and it must repeat the save at the start of each of its turns. On each successive failed save, the creature takes 3 ({@damage 1d6}) Poison damage. After three successful saves, the poison ends.""]",,,,
Caltrops,XPHB,G|XPHB,False,none,2,100,,"[""As a {@action Utilize|XPHB} action, you can spread Caltrops from their bag to cover a 5-foot-square area within 5 feet of yourself. A creature that enters this area for the first time on a turn must succeed on a {@dc 15} Dexterity saving throw or take 1 Piercing damage and have its {@variantrule Speed|XPHB} reduced to 0 until the start of its next turn. It takes 10 minutes to recover the Caltrops.""]",,,,
Camel,XPHB,MNT|XPHB,False,none,,5000,,,,,,
Candle,XPHB,G|XPHB,False,none,,1,,"[""For 1 hour, a lit Candle sheds {@variantrule Bright Light|XPHB} in a 5-foot radius and {@variantrule Dim Light|XPHB} for an additional 5 feet.""]",,,,
Candle of Invocation,XDMG,,False,very rare,,,true,"[""This candle's magic is activated when the candle is lit, which requires a {@action Magic|XPHB} action. After burning for 4 hours, the candle is destroyed. You can snuff it out early for use at a later time. Deduct the time it burned in increments of 1 minute from its total burn time."", ""While lit, the candle sheds {@variantrule Dim Light|XPHB} in a 30-foot radius. While you are within that light, you have {@variantrule Advantage|XPHB} on {@variantrule D20 Test|XPHB|D20 Tests}. In addition, a Cleric or Druid in the light can cast level 1 spells they have prepared without expending spell slots."", ""Alternatively, when you light the candle for the first time, you can cast {@spell Gate|XPHB} with it. Doing so destroys the candle. The portal created by the spell links to a particular Outer Plane chosen by the DM or determined by rolling on the following table."", {""type"": ""table"", ""colStyles"": [""col-2 text-center"", ""col-10""], ""colLabels"": [""1d100"", ""Outer Plane""], ""rows"": [[""01-05"", ""{@book Abyss|XDMG|5|Abyss}""], [""06-10"", ""{@book Acheron|XDMG|5|Acheron}""], [""11-17"", ""{@book Arborea|XDMG|5|Arborea}""], [""18-25"", ""{@book Arcadia|XDMG|5|Arcadia}""], [""26-33"", ""{@book Beastlands|XDMG|5|Beastlands}""], [""34-41"", ""{@book Bytopia|XDMG|5|Bytopia}""], [""42-46"", ""{@book Carceri|XDMG|5|Carceri}""], [""47-54"", ""{@book Elysium|XDMG|5|Elysium}""], [""55-59"", ""{@book Gehenna|XDMG|5|Gehenna}""], [""60-64"", ""{@book Hades|XDMG|5|Hades}""], [""65-69"", ""{@book Limbo|XDMG|5|Limbo}""], [""70-77"", ""{@book Mechanus|XDMG|5|Mechanus}""], [""78-85"", ""{@book Mount Celestia|XDMG|5|Mount Celestia}""], [""86-90"", ""{@book Nine Hells|XDMG|5|Nine Hells}""], [""91-95"", ""{@book Pandemonium|XDMG|5|Pandemonium}""], [""96-00"", ""{@book Ysgard|XDMG|5|Ysgard}""]]}]",,,,
Canvas (1 sq. yd.),XDMG,TG|XDMG,False,none,,10,,,,,,
Cape of the Mountebank,XDMG,,False,rare,,,,"[""This cape smells faintly of brimstone. While wearing it, you can use it to cast {@spell Dimension Door|XPHB} as a {@action Magic|XPHB} action. This property can't be used again until the next dawn."", ""When you teleport with that spell, you leave behind a cloud of smoke. The space you left is {@variantrule Lightly Obscured|XPHB} by that smoke until the end of your next turn.""]",,,,
"Carpet of Flying, 3 ft. × 5 ft.",XDMG,,False,very rare,,,,"[""You can make this carpet hover and fly by taking a {@action Magic|XPHB} action and using the carpet's command word. It moves according to your directions if you are within 30 feet of it."", ""A 3 ft. × 5 ft. carpet can carry up to 200 lb. at a fly speed of 80 feet. A carpet can carry up to twice the weight shown on the table, but its {@variantrule Fly Speed|XPHB} is halved if it carries more than its normal capacity.""]",,,,
"Carpet of Flying, 4 ft. × 6 ft.",XDMG,,False,very rare,,,,"[""You can make this carpet hover and fly by taking a {@action Magic|XPHB} action and using the carpet's command word. It moves according to your directions if you are within 30 feet of it."", ""A 4 ft. × 6 ft. carpet can carry up to 400 lb. at a fly speed of 60 feet. A carpet can carry up to twice the weight shown on the table, but its {@variantrule Fly Speed|XPHB} is halved if it carries more than its normal capacity.""]",,,,
"Carpet of Flying, 5 ft. × 7 ft.",XDMG,,False,very rare,,,,"[""You can make this carpet hover and fly by taking a {@action Magic|XPHB} action and using the carpet's command word. It moves according to your directions if you are within 30 feet of it."", ""A 5 ft. × 7 ft. carpet can carry up to 600 lb. at a fly speed of 40 feet. A carpet can carry up to twice the weight shown on the table, but its {@variantrule Fly Speed|XPHB} is halved if it carries more than its normal capacity.""]",,,,
"Carpet of Flying, 6 ft. × 9 ft.",XDMG,,False,very rare,,,,"[""You can make this carpet hover and fly by taking a {@action Magic|XPHB} action and using the carpet's command word. It moves according to your directions if you are within 30 feet of it."", ""A 6 ft. × 9 ft. carpet can carry up to 800 lb. at a fly speed of 30 feet. A carpet can carry up to twice the weight shown on the table, but its {@variantrule Fly Speed|XPHB} is halved if it carries more than its normal capacity.""]",,,,
Carriage,XPHB,VEH|XPHB,False,none,600,10000,,,,,,
Carrion Crawler Mucus,XDMG,G|XPHB,False,none,,20000,,"[""A creature subjected to Carrion Crawler Mucus must succeed on a {@dc 13} Constitution saving throw or have the {@condition Poisoned|XPHB} condition for 1 minute. The creature also has the {@condition Paralyzed|XPHB} condition while {@condition Poisoned|XPHB} in this way. The creature repeats the save at the end of each of its turns, ending the effect on itself on a success.""]",,,,
Cart,XPHB,VEH|XPHB,False,none,200,1500,,,,,,
Censer of Controlling Air Elementals,XDMG,,False,rare,,,,"[""While gently swinging this censer, you can take a {@action Magic|XPHB} action to summon an {@creature Air Elemental|XMM}. The elemental appears in an unoccupied space as close to the censer as possible, understands your languages, obeys your commands, and takes its turn immediately after you on your {@variantrule Initiative|XPHB} count. The elemental disappears after 1 hour, when it dies, or when you dismiss it as a {@variantrule Bonus Action|XPHB}. The censer can't be used this way again until the next dawn.""]",,,,
Chain,XPHB,G|XPHB,False,none,10,500,,"[""As a {@action Utilize|XPHB} action, you can wrap a Chain around an unwilling creature within 5 feet of yourself that has the {@condition Grappled|XPHB}, {@condition Incapacitated|XPHB}, or {@condition Restrained|XPHB} condition if you succeed on a {@dc 13} Strength ({@skill Athletics|XPHB}) check. If the creature's legs are bound, the creature has the {@condition Restrained|XPHB} condition until it escapes. Escaping the Chain requires the creature to make a successful {@dc 18} Dexterity ({@skill Acrobatics|XPHB}) check as an action. Bursting the Chain requires a successful {@dc 20} Strength ({@skill Athletics|XPHB}) check as an action.""]",,,,
Chariot,XPHB,VEH|XPHB,False,none,100,25000,,,,,,
Cheese (wedge),XPHB,FD|XPHB,False,none,,10,,,,,,
Chest,XPHB,G|XPHB,False,none,25,500,,"[""A Chest holds up to 12 cubic feet of contents.""]",,,,
Chicken,XDMG,TG|XDMG,False,none,,2,,,,,,
Chime of Opening,XDMG,,False,rare,1,,,"[""This hollow metal tube measures about 1 foot long and weighs 1 pound. As a {@action Magic|XPHB} action, you can strike the chime to cast {@spell Knock|XPHB}. The spell's customary knocking sound is replaced by the clear, ringing tone of the chime, which is audible out to 300 feet. The chime can be used 10 times. After the tenth time, it cracks and becomes useless.""]",,,,
Cinnamon,XDMG,TG|XDMG,False,none,1,200,,,,,,
Circlet of Blasting,XDMG,,False,uncommon,,,,"[""While wearing this circlet, you can cast {@spell Scorching Ray|XPHB} with it ({@hit 5} to hit). The circlet can't cast this spell again until the next dawn.""]",,,,
Climber's Kit,XPHB,G|XPHB,False,none,12,2500,,"[""A Climber's Kit includes boot tips, gloves, pitons, and a harness. As a {@action Utilize|XPHB} action, you can use the Climber's Kit to anchor yourself; when you do, you can't fall more than 25 feet from the anchor point, and you can't move more than 25 feet from there without undoing the anchor as a {@variantrule Bonus Action|XPHB}.""]",,,,
Cloak of Arachnida,XDMG,,False,very rare,,,true,"[""This fine garment is made of black silk interwoven with faint, silvery threads. While wearing it, you gain the following benefits."", {""type"": ""entries"", ""name"": ""Poison Resistance"", ""entries"": [""You have {@variantrule Resistance|XPHB} to Poison damage.""]}, {""type"": ""entries"", ""name"": ""Spider Climb"", ""entries"": [""You have a {@variantrule Climb Speed|XPHB} equal to your {@variantrule Speed|XPHB} and can move up, down, and across vertical surfaces and along ceilings, while leaving your hands free.""]}, {""type"": ""entries"", ""name"": ""Spider Walk"", ""entries"": [""You can't be caught in webs of any sort and can move through webs as if they were {@variantrule Difficult Terrain|XPHB}.""]}, {""type"": ""entries"", ""name"": ""Web"", ""entries"": [""You can cast {@spell Web|XPHB} (save {@dc 13}). The web created by the spell fills twice its normal area. Once used, this property can't be used again until the next dawn.""]}]",,,,
Cloak of Displacement,XDMG,,False,rare,,,true,"[""While you wear this cloak, it magically projects an illusion that makes you appear to be standing in a place near your actual location, causing any creature to have {@variantrule Disadvantage|XPHB} on attack rolls against you. If you take damage, the property ceases to function until the start of your next turn. This property is suppressed while your {@variantrule Speed|XPHB} is 0.""]",,,,
Cloak of Elvenkind,XDMG,,False,uncommon,,,true,"[""While you wear this cloak, Wisdom ({@skill Perception|XPHB}) checks made to perceive you have {@variantrule Disadvantage|XPHB}, and you have {@variantrule Advantage|XPHB} on Dexterity ({@skill Stealth|XPHB}) checks.""]",,,,
Cloak of Invisibility,XDMG,,False,legendary,,,true,"[""This cloak has 3 charges and regains {@dice 1d3} expended charges daily at dawn. While wearing the cloak, you can take a {@action Magic|XPHB} action to pull its hood over your head and expend 1 charge to give yourself the {@condition Invisible|XPHB} condition for 1 hour. The effect ends early if you pull the hood down (no action required) or cease wearing the hood.""]",,,,
Cloak of Protection,XDMG,,False,uncommon,,,true,"[""You gain a +1 bonus to {@variantrule Armor Class|XPHB} and saving throws while you wear this cloak.""]",,,,
Cloak of the Bat,XDMG,,False,rare,,,true,"[""While wearing this cloak, you have {@variantrule Advantage|XPHB} on Dexterity ({@skill Stealth|XPHB}) checks. In an area of {@variantrule Dim Light|XPHB} or {@variantrule Darkness|XPHB}, you can grip the edges of the cloak and use it to gain a {@variantrule Fly Speed|XPHB} of 40 feet. If you ever fail to grip the cloak's edges while flying in this way, or if you are no longer in {@variantrule Dim Light|XPHB} or {@variantrule Darkness|XPHB}, you lose this {@variantrule Fly Speed|XPHB}."", ""While wearing the cloak in an area of {@variantrule Dim Light|XPHB} or {@variantrule Darkness|XPHB}, you can cast {@spell Polymorph|XPHB} on yourself, shape-shifting into a {@creature Bat|XMM}. While in that form, you retain your Intelligence, Wisdom, and Charisma scores. The cloak can't be used this way again until the next dawn.""]",,,,
Cloak of the Manta Ray,XDMG,,False,uncommon,,,true,"[""While wearing this cloak, you can breathe underwater, and you have a {@variantrule Swim Speed|XPHB} of 60 feet.""]",,,,
Cloves,XDMG,TG|XDMG,False,none,1,300,,,,,,
Common Wine (bottle),XPHB,FD|XPHB,False,none,,20,,,,,,
Component Pouch,XPHB,G|XPHB,False,none,2,2500,,"[""A Component Pouch is watertight and filled with compartments that hold all the free Material components of your spells.""]",,,,
Copper,XDMG,TG|XDMG,False,none,1,50,,,,,,
Copper Dragon Scale Mail,XDMG,MA|XPHB,False,very rare,45,,true,"[""{#itemEntry Dragon Scale Mail|XDMG}""]",,,,14
Costume,XPHB,G|XPHB,False,none,4,500,,"[""While wearing a Costume, you have {@variantrule Advantage|XPHB} on any ability check you make to impersonate the person or type of person it represents.""]",,,,
Cotton Cloth (1 sq. yd.),XDMG,TG|XDMG,False,none,,50,,,,,,
Cow,XDMG,TG|XDMG,False,none,,1000,,,,,,
Crossbow Bolt Case,XPHB,G|XPHB,False,none,1,100,,"[""A {@item Crossbow Bolt Case|XPHB} holds up to 20 Bolts.""]",,,,
Crowbar,XPHB,G|XPHB,False,none,5,200,,"[""Using a Crowbar gives you {@variantrule Advantage|XPHB} on Strength checks where the Crowbar's leverage can be applied.""]",,,,
Crystal Ball,XDMG,,False,very rare,3,,true,"[""The typical crystal ball, a very rare item, is about 6 inches in diameter. While touching it, you can cast the {@spell Scrying|XPHB} spell (save {@dc 17}) with it.""]",,,,
Crystal Ball of Mind Reading,XDMG,,False,legendary,3,,true,"[""While touching this crystal orb, you can cast {@spell Scrying|XPHB} (save {@dc 17}) with it. In addition, you can cast {@spell Detect Thoughts|XPHB} (save {@dc 17}) targeting creatures you can see within 30 feet of the spell's sensor. You don't need to concentrate on this {@spell Detect Thoughts|XPHB} spell to maintain it during its duration, but it ends if the {@spell Scrying|XPHB} spell ends.""]",,,,
Crystal Ball of Telepathy,XDMG,,False,legendary,3,,true,"[""While touching this crystal orb, you can cast {@spell Scrying|XPHB} (save {@dc 17}) with it. In addition, you can communicate telepathically with creatures you can see within 30 feet of the spell's sensor. You can also cast {@spell Suggestion|XPHB} (save {@dc 17}) through the sensor on one of those creatures. You don't need to concentrate on this {@spell Suggestion|XPHB} to maintain it during its duration, but it ends if {@spell Scrying|XPHB} ends. You can't cast {@spell Suggestion|XPHB} in this way again until the next dawn.""]",,,,
Crystal Ball of True Seeing,XDMG,,False,legendary,3,,true,"[""While touching this crystal orb, you can cast {@spell Scrying|XPHB} (save {@dc 17}) with it. In addition, you have {@sense Truesight|XPHB} with a range of 120 feet centered on the spell's sensor.""]",,,,
Cube of Force,XDMG,,False,rare,,,true,"[""This cube is about an inch across. Each face has a distinct marking on it. You can press one of those faces, expend the number of charges required for it, and thereby cast the spell associated with it (save {@dc 17}), as shown in the Cube of Force Faces table."", ""The cube starts with 10 charges, and it regains {@dice 1d6} expended charges daily at dawn."", {""type"": ""table"", ""caption"": ""Cube of Force Faces"", ""colStyles"": [""col-10"", ""col-2 text-center""], ""colLabels"": [""Spell"", ""Charge Cost""], ""rows"": [[""{@spell Mage Armor|XPHB}"", ""1""], [""{@spell Shield|XPHB}"", ""1""], [""{@spell Leomund's Tiny Hut|XPHB}"", ""3""], [""{@spell Mordenkainen's Private Sanctum|XPHB}"", ""4""], [""{@spell Otiluke's Resilient Sphere|XPHB}"", ""4""], [""{@spell Wall of Force|XPHB}"", ""5""]]}]",,,,
Cubic Gate,XDMG,,False,legendary,,,,"[""This cube is 3 inches across and radiates palpable magical energy. The six sides of the cube are each keyed to a different plane of existence, one of which is the Material Plane. The other sides are linked to planes determined by the DM."", ""The cube has 3 charges and regains {@dice 1d3} expended charges daily at dawn. As a {@action Magic|XPHB} action, you can expend 1 of the cube's charges to cast one of the following spells using the cube."", {""type"": ""entries"", ""name"": ""Gate"", ""entries"": [""Pressing one side of the cube, you cast {@spell Gate|XPHB}, opening a portal to the plane of existence keyed to that side.""]}, {""type"": ""entries"", ""name"": ""Plane Shift"", ""entries"": [""Pressing one side of the cube twice, you cast {@spell Plane Shift|XPHB}, transporting the targets to the plane of existence keyed to that side.""]}]",,,,
Daern's Instant Fortress,XDMG,,False,rare,,,true,"[""As a {@action Magic|XPHB} action, you can place this 1-inch adamantine statuette on the ground and, using a command word, cause it to grow rapidly into a square adamantine tower. Repeating the command word causes the tower to revert to statuette form, which works only if the tower is empty. Each creature in the area where the tower appears is pushed to an unoccupied space outside but next to the tower. Objects in the area that aren't being worn or carried are also pushed clear of the tower."", ""The tower is 20 feet on a side and 30 feet high, with arrow slits on all sides and a battlement atop it. Its interior is divided into two floors, with a ladder, staircase, or ramp (your choice) connecting them. This ladder, staircase, or ramp ends at a trapdoor leading to the roof. When created, the tower has a single door at ground level on the side facing you. The door opens only at your command, which you can issue as a {@variantrule Bonus Action|XPHB}. It is immune to the {@spell Knock|XPHB} spell and similar magic."", ""{@action Magic|XPHB} prevents the tower from being tipped over. The roof, the door, and the walls each have AC 20; HP 100; {@variantrule Immunity|XPHB} to Bludgeoning, Piercing, and Slashing damage except that which is dealt by siege equipment; and {@variantrule Resistance|XPHB} to all other damage. Shrinking the tower back down to statuette form doesn't repair damage to the tower. Only a {@spell Wish|XPHB} spell can repair the tower (this use of the spell counts as replicating a spell of level 8 or lower). Each casting of Wish causes the tower to regain all its {@variantrule Hit Points|XPHB}.""]",,,,
Dagger of Venom,XDMG,M|XPHB,False,rare,1,,,"[""You gain a +1 bonus to attack rolls and damage rolls made with this magic weapon."", ""You can take a {@variantrule Bonus Action|XPHB} to magically coat the blade with poison. The poison remains for 1 minute or until an attack using this weapon hits a creature. That creature must succeed on a {@dc 15} Constitution saving throw or take {@damage 2d10} Poison damage and have the {@condition Poisoned|XPHB} condition for 1 minute. The weapon can't be used this way again until the next dawn.""]","[""F|XPHB"", ""L|XPHB"", ""T|XPHB""]",1d4,P,
Decanter of Endless Water,XDMG,,False,uncommon,2,,,"[""This stoppered flask sloshes when shaken, as if it contains water. The decanter weighs 2 pounds."", ""You can take a {@action Magic|XPHB} action to remove the stopper and issue one of three command words, whereupon an amount of fresh water or salt water (your choice) pours out of the flask. The water stops pouring out at the start of your next turn. Choose from the following command words:"", {""type"": ""list"", ""style"": ""list-hang-notitle"", ""items"": [{""type"": ""item"", ""name"": ""Splash"", ""entries"": [""The decanter produces 1 gallon of water.""]}, {""type"": ""item"", ""name"": ""Fountain"", ""entries"": [""The decanter produces 5 gallons of water.""]}, {""type"": ""item"", ""name"": ""Geyser"", ""entries"": [""The decanter produces 30 gallons of water that gushes forth in a {@variantrule Line [Area of Effect]|XPHB|Line} 30 feet long and 1 foot wide. If you're holding the decanter, you can aim the geyser in one direction (no action required). One creature of your choice in the {@variantrule Line [Area of Effect]|XPHB|Line} must succeed on a {@dc 13} Strength saving throw or take {@damage 1d4} Bludgeoning damage and have the {@condition Prone|XPHB} condition. Instead of a creature, you can target one object in the {@variantrule Line [Area of Effect]|XPHB|Line} that isn't being worn or carried and that weighs no more than 200 pounds. The object is knocked over by the geyser.""]}]}]",,,,
Deck of Illusions,XDMG,,False,uncommon,,,,"[""This box contains a set of cards. A full deck has 34 cards: 32 depicting specific creatures and two with a mirrored surface. A deck found as treasure is usually missing {@dice 1d20 - 1} cards."", ""The magic of the deck functions only if its cards are drawn at random. You can take a {@action Magic|XPHB} action to draw a card at random from the deck and throw it to the ground at a point within 30 feet of yourself. An illusion of a creature, determined by rolling on the Deck of Illusions table, forms over the thrown card and remains until dispelled. The illusory creature created by the card looks and behaves like a real creature of its kind, except that it can do no harm. While you are within 120 feet of the illusory creature and can see it, you can take a {@action Magic|XPHB} action to move it anywhere within 30 feet of its card."", ""Any physical interaction with the illusory creature reveals it to be false, because objects pass through it. A creature that takes a {@action Study|XPHB} action to visually inspect the illusory creature identifies it as an illusion with a successful {@dc 15} Intelligence ({@skill Investigation|XPHB}) check. The illusion lasts until its card is moved or the illusion is dispelled (using a {@spell Dispel Magic|XPHB} spell or a similar effect). When the illusion ends, the image on its card disappears, and that card can't be used again."", {""type"": ""table"", ""caption"": ""Deck of Illusions"", ""colStyles"": [""col-2 text-center"", ""col-10""], ""colLabels"": [""1d100"", ""Illusion""], ""rows"": [[""01-03"", ""{@creature Adult Red Dragon|XMM}""], [""04-06"", ""{@creature Archmage|XMM}""], [""07-09"", ""{@creature Assassin|XMM}""], [""10-12"", ""{@creature Bandit Captain|XMM}""], [""13-15"", ""{@creature Beholder|XMM}""], [""16-18"", ""{@creature Berserker|XMM}""], [""19-21"", ""{@creature Bugbear Warrior|XMM}""], [""22-24"", ""{@creature Cloud Giant|XMM}""], [""25-27"", ""{@creature Druid|XMM}""], [""28-30"", ""{@creature Erinyes|XMM}""], [""31-33"", ""{@creature Ettin|XMM}""], [""34-36"", ""{@creature Fire Giant|XMM}""], [""37-39"", ""{@creature Frost Giant|XMM}""], [""40-42"", ""{@creature Gnoll Warrior|XMM}""], [""43-45"", ""{@creature Goblin Warrior|XMM}""], [""46-48"", ""{@creature Guardian Naga|XMM}""], [""49-51"", ""{@creature Hill Giant|XMM}""], [""52-54"", ""{@creature Hobgoblin Warrior|XMM}""], [""55-57"", ""{@creature Incubus|XMM}""], [""58-60"", ""{@creature Iron Golem|XMM}""], [""61-63"", ""{@creature Knight|XMM}""], [""64-66"", ""{@creature Kobold Warrior|XMM}""], [""67-69"", ""{@creature Lich|XMM}""], [""70-72"", ""{@creature Medusa|XMM}""], [""73-75"", ""{@creature Night Hag|XMM}""], [""76-78"", ""{@creature Ogre|XMM}""], [""79-81"", ""{@creature Oni|XMM}""], [""82-84"", ""{@creature Priest|XMM}""], [""85-87"", ""{@creature Succubus|XMM}""], [""88-90"", ""{@creature Troll|XMM}""], [""91-93"", ""{@creature Warrior Veteran|XMM}""], [""94-96"", ""{@creature Wyvern|XMM}""], [""97-00"", ""The card drawer""]]}]",,,,
Deck of Many Things,XDMG,,False,legendary,,,,"[""Usually found in a box or pouch, this deck contains a number of cards made of ivory or vellum. Most (75 percent) of these decks have thirteen cards, but some have twenty-two. Use the appropriate column of the Deck of Many Things table when randomly determining cards drawn from the deck."", ""Before you draw a card, you must declare how many cards you intend to draw and then draw them randomly. Any cards drawn in excess of this number have no effect. Otherwise, as soon as you draw a card from the deck, its magic takes effect. You must draw each card no more than 1 hour after the previous draw. If you fail to draw the chosen number, the remaining number of cards fly from the deck on their own and take effect all at once."", ""Once a card is drawn, it disappears. Unless the card is the Fool or Jester, the card reappears in the deck, making it possible to draw the same card twice. (Once the Fool or Jester has left the deck, reroll on the table if that card comes up again.)"", {""type"": ""table"", ""caption"": ""Deck of Many Things"", ""colStyles"": [""col-2 text-center"", ""col-2 text-center"", ""col-8""], ""colLabels"": [""{@dice 1d100} (13-Card Deck)"", ""{@dice 1d100} (22-Card Deck)"", ""Card""], ""rows"": [[""—"", ""01-05"", ""Balance""], [""—"", ""06-10"", ""Comet""], [""—"", ""11-14"", ""Donjon""], [""01-08"", ""15-18"", ""Euryale""], [""—"", ""19-23"", ""Fates""], [""09-16"", ""24-27"", ""Flames""], [""—"", ""28-31"", ""Fool""], [""—"", ""32-36"", ""Gem""], [""17-24"", ""37-41"", ""Jester""], [""25-32"", ""42-46"", ""Key""], [""33-40"", ""47-51"", ""Knight""], [""41-48"", ""52-56"", ""Moon""], [""—"", ""57-60"", ""Puzzle""], [""49-56"", ""61-64"", ""Rogue""], [""57-64"", ""65-68"", ""Ruin""], [""—"", ""69-73"", ""Sage""], [""65-72"", ""74-77"", ""Skull""], [""73-80"", ""78-82"", ""Star""], [""81-88"", ""83-87"", ""Sun""], [""—"", ""88-91"", ""Talons""], [""89-96"", ""92-96"", ""Throne""], [""97-00"", ""97-00"", ""Void""]]}, ""Each card's effect is described below."", {""type"": ""entries"", ""name"": ""Balance"", ""entries"": [""You can increase one of your ability scores by 2, to a maximum of 22, provided you also decrease another one of your ability scores by 2. You can't decrease an ability that has a score of 5 or lower. Alternatively, you can choose not to adjust your ability scores, in which case this card has no effect.""]}, {""type"": ""entries"", ""name"": ""Comet"", ""entries"": [""The next time you enter combat against one or more {@variantrule Hostile [Attitude]|XPHB|Hostile} creatures, you can select one of them as your foe when you roll {@variantrule Initiative|XPHB}. If you reduce your foe to 0 {@variantrule Hit Points|XPHB} during that combat, you have {@variantrule Advantage|XPHB} on {@variantrule Death Saving Throw|XPHB|Death Saving Throws} for 1 year. If someone else reduces your chosen foe to 0 {@variantrule Hit Points|XPHB} or you don't choose a foe, this card has no effect.""]}, {""type"": ""entries"", ""name"": ""Donjon"", ""entries"": [""You disappear and become entombed in a state of suspended animation in an extradimensional sphere. Everything you're wearing and carrying disappears with you except for Artifacts, which stay behind in the space you occupied when you disappeared. You remain imprisoned until you are found and removed from the sphere. You can't be located by any Divination magic, but a {@spell Wish|XPHB} spell can reveal the location of your prison. You draw no more cards.""]}, {""type"": ""entries"", ""name"": ""Euryale"", ""entries"": [""The card's medusa-like visage curses you. You take a -2 penalty to saving throws while cursed in this way. Only a god or the magic of the Fates card can end this curse.""]}, {""type"": ""entries"", ""name"": ""Fates"", ""entries"": [""Reality's fabric unravels and spins anew, allowing you to avoid or erase one event as if it never happened. You can use the card's magic as soon as you draw the card or at any other time before you die.""]}, {""type"": ""entries"", ""name"": ""Flames"", ""entries"": [""A powerful devil becomes your enemy. The devil seeks your ruin and torments you, savoring your suffering before attempting to slay you. This enmity lasts until either you or the devil dies.""]}, {""type"": ""inset"", ""name"": ""A Question of Enmity"", ""entries"": [""Two of the cards in the Deck of Many Things can earn a character the enmity of another being. With the Flames card, the enmity is overt. The character should experience the devil's malevolent efforts on multiple occasions. Seeking out the fiend shouldn't be a simple task, and the adventurer should clash with the devil's allies and followers a few times before being able to confront the devil."", ""In the case of the Rogue card, the enmity is secret and should come from someone thought to be a friend or an ally. As Dungeon Master, you should wait for a dramatically appropriate moment to reveal this enmity, leaving the adventurer guessing who is likely to become a betrayer.""]}, {""type"": ""entries"", ""name"": ""Fool"", ""entries"": [""You have {@variantrule Disadvantage|XPHB} on {@variantrule D20 Test|XPHB|D20 Tests} for the next 72 hours. Draw another card; this draw doesn't count as one of your declared draws.""]}, {""type"": ""entries"", ""name"": ""Gem"", ""entries"": [""Twenty-five pieces of jewelry worth 2,000 GP each or fifty gems worth 1,000 GP each appear at your feet.""]}, {""type"": ""entries"", ""name"": ""Jester"", ""entries"": [""You have {@variantrule Advantage|XPHB} on {@variantrule D20 Test|XPHB|D20 Tests} for the next 72 hours, or you can draw two additional cards beyond your declared draws.""]}, {""type"": ""entries"", ""name"": ""Key"", ""entries"": [""A Rare or rarer magic weapon with which you are proficient appears on your person. The DM chooses the weapon.""]}, {""type"": ""entries"", ""name"": ""Knight"", ""entries"": [""You gain the service of a {@creature Knight|XMM}, who magically appears in an unoccupied space you choose within 30 feet of yourself. The knight has the same alignment as you and serves you loyally until death, believing the two of you have been drawn together by fate. Work with your DM to create a name and backstory for this NPC. The DM can use a different stat block to represent the knight, as desired.""]}, {""type"": ""entries"", ""name"": ""Moon"", ""entries"": [""You gain the ability to cast {@spell Wish|XPHB} {@dice 1d3} times.""]}, {""type"": ""entries"", ""name"": ""Puzzle"", ""entries"": [""Permanently reduce your Intelligence or Wisdom by {@dice 1d4 + 1} (to a minimum score of 1). You can draw one additional card beyond your declared draws.""]}, {""type"": ""entries"", ""name"": ""Rogue"", ""entries"": [""An NPC of the DM's choice becomes {@variantrule Hostile [Attitude]|XPHB|Hostile} toward you. You don't know the identity of this NPC until they or someone else reveals it. Nothing less than a {@spell Wish|XPHB} spell or divine intervention can end the NPC's hostility toward you.""]}, {""type"": ""entries"", ""name"": ""Ruin"", ""entries"": [""All forms of wealth that you carry or own, other than magic items, are lost to you. Portable property vanishes. Businesses, buildings, and land you own are lost in a way that alters reality the least. If you have a Bastion (see the {@book Dungeon Master's Guide|XDMG|7}), it is destroyed by some calamity beyond your control. Any documentation that proves you should own something lost to this card also disappears.""]}, {""type"": ""entries"", ""name"": ""Sage"", ""entries"": [""At any time you choose within one year of drawing this card, you can ask a question in meditation and mentally receive a truthful answer to that question.""]}, {""type"": ""entries"", ""name"": ""Skull"", ""entries"": [""An {@creature Avatar of Death|XDMG} appears in an unoccupied space as close to you as possible. The avatar targets only you with its attacks, appearing as a ghostly skeleton clad in a tattered black robe and carrying a spectral scythe. The avatar disappears when it drops to 0 {@variantrule Hit Points|XPHB} or you die. If an ally of yours deals damage to the avatar, that ally summons another Avatar of Death. The new avatar appears in an unoccupied space as close to that ally as possible and targets only that ally with its attacks. You and your allies can each summon only one avatar as a consequence of this draw. A creature slain by an avatar can't be restored to life.""]}, {""type"": ""entries"", ""name"": ""Star"", ""entries"": [""Increase one of your ability scores by 2, to a maximum of 24.""]}, {""type"": ""entries"", ""name"": ""Sun"", ""entries"": [""A magic item (chosen by the DM) appears on your person. In addition, you gain 10 {@variantrule Temporary Hit Points|XPHB} daily at dawn until you die.""]}, {""type"": ""entries"", ""name"": ""Talons"", ""entries"": [""Every magic item you wear or carry disintegrates. Artifacts in your possession vanish instead.""]}, {""type"": ""entries"", ""name"": ""Throne"", ""entries"": [""You gain proficiency and {@variantrule Expertise|XPHB} in your choice of {@skill History|XPHB}, {@skill Insight|XPHB}, {@skill Intimidation|XPHB}, or {@skill Persuasion|XPHB}. In addition, you gain rightful ownership of a small keep somewhere in the world. However, the keep is currently home to one or more monsters, which must be cleared out before you can claim the keep as yours.""]}, {""type"": ""entries"", ""name"": ""Void"", ""entries"": [""Your soul is drawn from your body and contained in an object in a place of the DM's choice. One or more powerful beings guard the place. While your soul is trapped in this way, your body is inert, ceases aging, and requires no food, air, or water. A {@spell Wish|XPHB} spell can't return your soul to your body, but the spell reveals the location of the object that holds your soul. You draw no more cards.""]}]",,,,
Dice Set,XPHB,GS|XPHB,False,none,,10,,"[{""type"": ""list"", ""style"": ""list-hang-notitle"", ""items"": [{""name"": ""Ability:"", ""type"": ""item"", ""entries"": [""Wisdom""]}, {""name"": ""Utilize:"", ""type"": ""item"", ""entries"": [""Discern whether someone is cheating ({@dc 10}), or win the game ({@dc 20})""]}]}]",,,,
Dimensional Shackles,XDMG,,False,rare,,,,"[""You can take a {@action Utilize|XPHB} action to place these shackles on a creature that has the {@condition Incapacitated|XPHB} condition. The shackles adjust to fit a creature of Small to Large size. The shackles prevent a creature bound by them from using any method of extradimensional movement, including teleportation or travel to a different plane of existence. They don't prevent the creature from passing through an interdimensional portal."", ""You and any creature you designate when you use the shackles can take a {@action Utilize|XPHB} action to remove them. Once every 30 days, the bound creature can make a {@dc 30} Strength ({@skill Athletics|XPHB}) check. On a successful check, the creature breaks free and destroys the shackles.""]",,,,
Diplomat's Pack,XPHB,G|XPHB,False,none,39,3900,,"[""A Diplomat's Pack contains the following items: {@item Chest|XPHB}, {@item Fine Clothes|XPHB}, {@item Ink|XPHB}, 5 {@item Ink Pen|XPHB|Ink Pens}, {@item Lamp|XPHB}, 2 {@item Map or Scroll Case|XPHB|Map or Scroll Cases}, 4 flasks of {@item Oil|XPHB}, 5 sheets of {@item Paper|XPHB}, 5 sheets of {@item Parchment|XPHB}, {@item Perfume|XPHB}, and {@item Tinderbox|XPHB}.""]",,,,
Disguise Kit,XPHB,T|XPHB,False,none,3,2500,,"[{""type"": ""list"", ""style"": ""list-hang-notitle"", ""items"": [{""name"": ""Ability:"", ""type"": ""item"", ""entries"": [""Charisma""]}, {""name"": ""Utilize:"", ""type"": ""item"", ""entries"": [""Apply makeup ({@dc 10})""]}, {""name"": ""Craft:"", ""type"": ""item"", ""entries"": [""{@item Costume|XPHB}""]}]}]",,,,
Draft Horse,XPHB,MNT|XPHB,False,none,,5000,,,,,,
Dungeoneer's Pack,XPHB,G|XPHB,False,none,55,1200,,"[""A Dungeoneer's Pack contains the following items: {@item Backpack|XPHB}, {@item Caltrops|XPHB}, {@item Crowbar|XPHB}, 2 flasks of {@item Oil|XPHB}, 10 days of {@item Rations|XPHB}, {@item Rope|XPHB}, {@item Tinderbox|XPHB}, 10 {@item Torch|XPHB|Torches}, and {@item Waterskin|XPHB}.""]",,,,
Dust of Disappearance,XDMG,,False,uncommon,,,,"[""This powder resembles fine sand. There is enough of it for one use. When you take a {@action Utilize|XPHB} action to throw the dust into the air, you and each creature and object within a 10-foot {@variantrule Emanation [Area of Effect]|XPHB|Emanation} originating from you have the {@condition Invisible|XPHB} condition for {@dice 2d4} minutes. The duration is the same for all subjects, and the dust is consumed when its magic takes effect. Immediately after an affected creature makes an attack roll, deals damage, or casts a spell, the {@condition Invisible|XPHB} condition ends for that creature.""]",,,,
Dust of Dryness,XDMG,,False,uncommon,,,,"[""This small packet contains {@dice 1d6 + 4} pinches of dust. As a {@action Utilize|XPHB} action, you can sprinkle a pinch of the dust over water, turning up to a 15-foot {@variantrule Cube [Area of Effect]|XPHB|Cube} of water into one marble-sized pellet, which floats or rests near where the dust was sprinkled. The pellet's weight is negligible. A creature can take a {@action Utilize|XPHB} action to smash the pellet against a hard surface, causing the pellet to shatter and release the water the dust absorbed. Doing so destroys the pellet and ends its magic."", ""As a {@action Utilize|XPHB} action, you can sprinkle a pinch of the dust on an Elemental within 5 feet of yourself that is composed mostly of water (such as a {@creature Water Elemental|XMM} or a {@creature Water Weird|XMM}). Such a creature exposed to a pinch of the dust makes a {@dc 13} Constitution saving throw, taking {@damage 10d6} Necrotic damage on a failed save or half as much damage on a successful one.""]",,,,
Dust of Sneezing and Choking,XDMG,,False,uncommon,,,,"[""Found in a small container, this powder resembles {@item Dust of Disappearance|XDMG}, and {@spell Identify|XPHB} reveals it to be such. There is enough of it for one use."", ""As a {@action Utilize|XPHB} action, you can throw the dust into the air, forcing yourself and every creature in a 30-foot {@variantrule Emanation [Area of Effect]|XPHB|Emanation} originating from you to make a {@dc 15} Constitution saving throw. Constructs, Elementals, Oozes, Plants, and Undead succeed on the save automatically."", ""On a failed save, a creature begins sneezing uncontrollably; it has the {@condition Incapacitated|XPHB} condition and is suffocating. The creature repeats the save at the end of each of its turns, ending the effect on itself on a success. The effect also ends on any creature targeted by a {@spell Lesser Restoration|XPHB} spell.""]",,,,
Dwarven Thrower,XDMG,M|XPHB,False,very rare,5,,by a Dwarf or a Creature Attuned to a {@item Belt of Dwarvenkind|XDMG},"[""You gain a +3 bonus to attack rolls and damage rolls made with this magic weapon. It has {@itemProperty T|XPHB|Thrown} with a normal range of 20 feet and a long range of 60 feet. When you hit with a ranged attack using this weapon, it deals an extra {@damage 1d8} Force damage, or an extra {@damage 2d8} Force damage if the target is a Giant. Immediately after hitting or missing, the weapon flies back to your hand.""]","[""T|XPHB"", ""V|XPHB""]",1d8,B,
Efreeti Bottle,XDMG,,False,very rare,,,,"[""When you take a {@action Magic|XPHB} action to remove the stopper of this painted brass bottle, a cloud of thick smoke flows out of it. At the end of your turn, the smoke disappears with a flash of harmless fire, and an {@creature Efreeti|XMM} appears in an unoccupied space within 30 feet of you."", ""The first time the bottle is opened, the DM rolls on the following table to determine what happens."", {""type"": ""table"", ""colStyles"": [""col-2 text-center"", ""col-10""], ""colLabels"": [""1d10"", ""Effect""], ""rows"": [[""1"", ""The {@creature efreeti|XMM} attacks you. After fighting for 5 rounds, the efreeti disappears, and the bottle loses its magic.""], [""2-9"", ""The {@creature efreeti|XMM} understands your languages and obeys your commands for 1 hour, after which it returns to the bottle, and a new stopper contains it. The stopper can't be removed for 24 hours. The next two times the bottle is opened, the same effect occurs. If the bottle is opened a fourth time, the efreeti escapes and disappears, and the bottle loses its magic.""], [""10"", ""The {@creature efreeti|XMM} understands your languages and can cast {@spell Wish|XPHB} once for you. It disappears when it grants the wish or after 1 hour, and the bottle loses its magic.""]]}]",,,,
"Elemental Gem, Blue Sapphire",XDMG,,False,uncommon,,,,"[""This gem contains a mote of elemental energy. When you take a {@action Utilize|XPHB} action to break the gem, an {@creature Air Elemental|XMM} is summoned, and the gem ceases to be magical. The elemental appears in an unoccupied space as close to the broken gem as possible, understands your languages, obeys your commands, and takes its turn immediately after you on your {@variantrule Initiative|XPHB} count. The elemental disappears after 1 hour, when it dies, or when you dismiss it as a {@variantrule Bonus Action|XPHB}.""]",,,,
"Elemental Gem, Emerald",XDMG,,False,uncommon,,,,"[""This gem contains a mote of elemental energy. When you take a {@action Utilize|XPHB} action to break the gem, a {@creature Water Elemental|XMM} is summoned, and the gem ceases to be magical. The elemental appears in an unoccupied space as close to the broken gem as possible, understands your languages, obeys your commands, and takes its turn immediately after you on your {@variantrule Initiative|XPHB} count. The elemental disappears after 1 hour, when it dies, or when you dismiss it as a {@variantrule Bonus Action|XPHB}.""]",,,,
"Elemental Gem, Red Corundum",XDMG,,False,uncommon,,,,"[""This gem contains a mote of elemental energy. When you take a {@action Utilize|XPHB} action to break the gem, a {@creature Fire Elemental|XMM} is summoned, and the gem ceases to be magical. The elemental appears in an unoccupied space as close to the broken gem as possible, understands your languages, obeys your commands, and takes its turn immediately after you on your {@variantrule Initiative|XPHB} count. The elemental disappears after 1 hour, when it dies, or when you dismiss it as a {@variantrule Bonus Action|XPHB}.""]",,,,
"Elemental Gem, Yellow Diamond",XDMG,,False,uncommon,,,,"[""This gem contains a mote of elemental energy. When you take a {@action Utilize|XPHB} action to break the gem, an {@creature Earth Elemental|XMM} is summoned, and the gem ceases to be magical. The elemental appears in an unoccupied space as close to the broken gem as possible, understands your languages, obeys your commands, and takes its turn immediately after you on your {@variantrule Initiative|XPHB} count. The elemental disappears after 1 hour, when it dies, or when you dismiss it as a {@variantrule Bonus Action|XPHB}.""]",,,,
Elephant,XPHB,MNT|XPHB,False,none,,20000,,,,,,
Elixir of Health,XDMG,P|XPHB,False,rare,0.5,,,"[""When you drink this potion, you are cured of all magical contagions. In addition, the following conditions end on you: {@condition Blinded|XPHB}, {@condition Deafened|XPHB}, {@condition Paralyzed|XPHB}, and {@condition Poisoned|XPHB}."", ""The clear, red liquid has tiny bubbles of light in it.""]",,,,
Emblem,XPHB,SCF|XPHB,False,none,,500,,"[""For an Emblem to be an effective Holy Symbol, it must be borne on fabric (such as a tabard or banner) or a {@item Shield|XPHB}.""]",,,,
Entertainer's Pack,XPHB,G|XPHB,False,none,58.5,4000,,"[""An Entertainer's Pack contains the following items: {@item Backpack|XPHB}, {@item Bedroll|XPHB}, {@item Bell|XPHB}, {@item Bullseye Lantern|XPHB}, 3 {@item Costume|XPHB|Costumes}, {@item Mirror|XPHB}, 8 flasks of {@item Oil|XPHB}, 9 days of {@item Rations|XPHB}, {@item Tinderbox|XPHB}, and {@item Waterskin|XPHB}.""]",,,,
Essence of Ether,XDMG,G|XPHB,False,none,,30000,,"[""A creature subjected to Essence of Ether must succeed on a {@dc 15} Constitution saving throw or have the {@condition Poisoned|XPHB} condition for 8 hours. The creature also has the {@condition Unconscious|XPHB} condition while {@condition Poisoned|XPHB} in this way. The creature wakes up if it takes damage or if another creature takes an action to shake it awake.""]",,,,
Eversmoking Bottle,XDMG,,False,uncommon,,,,"[""As a {@action Magic|XPHB} action, you can open or close this bottle."", ""Opening the bottle causes thick smoke to billow out, forming a cloud that fills a 60-foot {@variantrule Emanation [Area of Effect]|XPHB|Emanation} originating from the bottle. The area within the smoke is {@variantrule Heavily Obscured|XPHB}."", ""Each minute the bottle remains open, the size of the {@variantrule Emanation [Area of Effect]|XPHB|Emanation} increases by 10 feet until it reaches its maximum size of 120 feet."", ""Closing the bottle causes the cloud to become fixed in place until it disperses after 10 minutes. A strong wind (such as that created by the {@spell Gust of Wind|XPHB} spell) disperses the cloud after 1 minute.""]",,,,
Exotic Saddle,XPHB,TAH|XPHB,False,none,40,6000,,"[""A saddle comes with a bit, a bridle, reins, and any other equipment needed to use the saddle. An Exotic Saddle is required for riding an aquatic or a flying mount.""]",,,,
Explorer's Pack,XPHB,G|XPHB,False,none,55,1000,,"[""An Explorer's Pack contains the following items: {@item Backpack|XPHB}, {@item Bedroll|XPHB}, 2 flasks of {@item Oil|XPHB}, 10 days of {@item Rations|XPHB}, {@item Rope|XPHB}, {@item Tinderbox|XPHB}, 10 {@item Torch|XPHB|Torches}, and {@item Waterskin|XPHB}.""]",,,,
Eyes of Charming,XDMG,,False,uncommon,,,true,"[""These crystal lenses fit over the eyes. They have 3 charges. While wearing them, you can expend 1 or more charges to cast {@spell Charm Person|XPHB} (save {@dc 13}). For 1 charge, you cast the level 1 version of the spell. You increase the spell's level by one for each additional charge you expend. The lenses regain all expended charges daily at dawn.""]",,,,
Eyes of Minute Seeing,XDMG,,False,uncommon,,,,"[""These crystal lenses fit over the eyes. While wearing them, your vision improves significantly out to a range of 1 foot, granting you {@sense Darkvision|XPHB} within that range and {@variantrule Advantage|XPHB} on Intelligence ({@skill Investigation|XPHB}) checks made to examine something within that range.""]",,,,
Eyes of the Eagle,XDMG,,False,uncommon,,,,"[""These crystal lenses fit over the eyes. While wearing them, you have {@variantrule Advantage|XPHB} on Wisdom ({@skill Perception|XPHB}) checks that rely on sight. In conditions of clear visibility, you can make out details of even extremely distant creatures and objects as small as 2 feet across.""]",,,,
Feed (per day),XPHB,TAH|XPHB,False,none,10,5,,,,,,
"Figurine of Wondrous Power, Bronze Griffon",XDMG,,False,rare,,,,"[""A {@item Figurine of Wondrous Power|XDMG} is a statuette small enough to fit in a pocket. If you take a {@action Magic|XPHB} action to throw the figurine to a point on the ground within 60 feet of yourself, the figurine becomes a living creature specified in the figurine's description below. If the space where the creature would appear is occupied by other creatures or objects, or if there isn't enough space for the creature, the figurine doesn't become a creature."", ""The creature is {@variantrule Friendly [Attitude]|XPHB|Friendly} to you and your allies. It understands your languages, obeys your commands, and takes its turn immediately after you on your {@variantrule Initiative|XPHB} count. If you issue no commands, the creature defends itself but takes no other actions."", ""The creature exists for a duration specific to each figurine. At the end of the duration, the creature reverts to its figurine form. It reverts to a figurine early if its creature form drops to 0 {@variantrule Hit Points|XPHB} or if you take a {@action Magic|XPHB} action while touching the creature to make it revert to figurine form. When the creature becomes a figurine again, its property can't be used again until a certain amount of time has passed, as specified below."", {""type"": ""entries"", ""name"": ""Bronze Griffon (Rare)"", ""entries"": [""This bronze statuette is of a griffon rampant. It can become a {@creature Griffon|XMM} for up to 6 hours. Once it has been used, it can't be used again until 5 days have passed.""]}]",,,,
"Figurine of Wondrous Power, Ebony Fly",XDMG,,False,rare,,,,"[""A {@item Figurine of Wondrous Power|XDMG} is a statuette small enough to fit in a pocket. If you take a {@action Magic|XPHB} action to throw the figurine to a point on the ground within 60 feet of yourself, the figurine becomes a living creature specified in the figurine's description below. If the space where the creature would appear is occupied by other creatures or objects, or if there isn't enough space for the creature, the figurine doesn't become a creature."", ""The creature is {@variantrule Friendly [Attitude]|XPHB|Friendly} to you and your allies. It understands your languages, obeys your commands, and takes its turn immediately after you on your {@variantrule Initiative|XPHB} count. If you issue no commands, the creature defends itself but takes no other actions."", ""The creature exists for a duration specific to each figurine. At the end of the duration, the creature reverts to its figurine form. It reverts to a figurine early if its creature form drops to 0 {@variantrule Hit Points|XPHB} or if you take a {@action Magic|XPHB} action while touching the creature to make it revert to figurine form. When the creature becomes a figurine again, its property can't be used again until a certain amount of time has passed, as specified below."", {""type"": ""entries"", ""name"": ""Ebony Fly (Rare)"", ""entries"": [""This ebony statuette, carved in the likeness of a horsefly, can become a {@creature Giant Fly|XDMG} for up to 12 hours and can be ridden as a mount. Once it has been used, it can't be used again until 2 days have passed.""]}]",,,,
"Figurine of Wondrous Power, Golden Lions",XDMG,,False,rare,,,,"[""A {@item Figurine of Wondrous Power|XDMG} is a statuette small enough to fit in a pocket. If you take a {@action Magic|XPHB} action to throw the figurine to a point on the ground within 60 feet of yourself, the figurine becomes a living creature specified in the figurine's description below. If the space where the creature would appear is occupied by other creatures or objects, or if there isn't enough space for the creature, the figurine doesn't become a creature."", ""The creature is {@variantrule Friendly [Attitude]|XPHB|Friendly} to you and your allies. It understands your languages, obeys your commands, and takes its turn immediately after you on your {@variantrule Initiative|XPHB} count. If you issue no commands, the creature defends itself but takes no other actions."", ""The creature exists for a duration specific to each figurine. At the end of the duration, the creature reverts to its figurine form. It reverts to a figurine early if its creature form drops to 0 {@variantrule Hit Points|XPHB} or if you take a {@action Magic|XPHB} action while touching the creature to make it revert to figurine form. When the creature becomes a figurine again, its property can't be used again until a certain amount of time has passed, as specified below."", {""type"": ""entries"", ""name"": ""Golden Lions (Rare)"", ""entries"": [""These gold statuettes of lions are always created in pairs. You can use one figurine or both simultaneously. Each can become a {@creature Lion|XMM} for up to 1 hour. Once a lion has been used, it can't be used again until 7 days have passed.""]}]",,,,
"Figurine of Wondrous Power, Ivory Goats",XDMG,,False,rare,,,,"[""A {@item Figurine of Wondrous Power|XDMG} is a statuette small enough to fit in a pocket. If you take a {@action Magic|XPHB} action to throw the figurine to a point on the ground within 60 feet of yourself, the figurine becomes a living creature specified in the figurine's description below. If the space where the creature would appear is occupied by other creatures or objects, or if there isn't enough space for the creature, the figurine doesn't become a creature."", ""The creature is {@variantrule Friendly [Attitude]|XPHB|Friendly} to you and your allies. It understands your languages, obeys your commands, and takes its turn immediately after you on your {@variantrule Initiative|XPHB} count. If you issue no commands, the creature defends itself but takes no other actions."", ""The creature exists for a duration specific to each figurine. At the end of the duration, the creature reverts to its figurine form. It reverts to a figurine early if its creature form drops to 0 {@variantrule Hit Points|XPHB} or if you take a {@action Magic|XPHB} action while touching the creature to make it revert to figurine form. When the creature becomes a figurine again, its property can't be used again until a certain amount of time has passed, as specified below."", {""type"": ""entries"", ""name"": ""Ivory Goats (Rare)"", ""entries"": [""These ivory statuettes of goats are always created in sets of three. Each goat looks unique and functions differently from the others. Their properties are as follows:"", {""type"": ""list"", ""style"": ""list-hang-notitle"", ""items"": [{""type"": ""item"", ""name"": ""Goat of Terror"", ""entries"": [""This figurine can become a {@creature Giant Goat|XMM} for up to 3 hours. The goat can't attack, but you can (harmlessly) remove its horns and use them as weapons. One horn becomes a {@item +1 Lance|XDMG}, and the other becomes a {@item +2 Longsword|XDMG}. Removing a horn requires a {@action Magic|XPHB} action, and the weapons disappear and the horns return when the goat reverts to figurine form. While you ride the goat, any {@variantrule Hostile [Attitude]|XPHB|Hostile} creature that starts its turn within a 30-foot {@variantrule Emanation [Area of Effect]|XPHB|Emanation} originating from the goat must succeed on a {@dc 15} Wisdom saving throw or have the {@condition Frightened|XPHB} condition for 1 minute, until you are no longer riding the goat, or until the goat reverts to figurine form. The {@condition Frightened|XPHB} creature repeats the save at the end of each of its turns, ending the effect on itself on a success. Once it succeeds on the save, a creature is immune to this effect for the next 24 hours. Once the figurine has been used, it can't be used again until 15 days have passed.""]}, {""type"": ""item"", ""name"": ""Goat of Traveling"", ""entries"": [""This figurine can become a Large goat with the same statistics as a {@creature Riding Horse|XMM}. It has 24 charges, and each hour or portion thereof it spends in goat form costs 1 charge. While it has charges, you can use it as often as you wish. When it runs out of charges, it reverts to a figurine and can't be used again until 7 days have passed, when it regains all expended charges.""]}, {""type"": ""item"", ""name"": ""Goat of Travail"", ""entries"": [""This figurine can become a {@creature Giant Goat|XMM} for up to 3 hours. Once it has been used, it can't be used again until 30 days have passed.""]}]}]}]",,,,
"Figurine of Wondrous Power, Marble Elephant",XDMG,,False,rare,,,,"[""A {@item Figurine of Wondrous Power|XDMG} is a statuette small enough to fit in a pocket. If you take a {@action Magic|XPHB} action to throw the figurine to a point on the ground within 60 feet of yourself, the figurine becomes a living creature specified in the figurine's description below. If the space where the creature would appear is occupied by other creatures or objects, or if there isn't enough space for the creature, the figurine doesn't become a creature."", ""The creature is {@variantrule Friendly [Attitude]|XPHB|Friendly} to you and your allies. It understands your languages, obeys your commands, and takes its turn immediately after you on your {@variantrule Initiative|XPHB} count. If you issue no commands, the creature defends itself but takes no other actions."", ""The creature exists for a duration specific to each figurine. At the end of the duration, the creature reverts to its figurine form. It reverts to a figurine early if its creature form drops to 0 {@variantrule Hit Points|XPHB} or if you take a {@action Magic|XPHB} action while touching the creature to make it revert to figurine form. When the creature becomes a figurine again, its property can't be used again until a certain amount of time has passed, as specified below."", {""type"": ""entries"", ""name"": ""Marble Elephant (Rare)"", ""entries"": [""This marble statuette resembles a trumpeting elephant. It can become an {@creature Elephant|XMM} for up to 24 hours. Once it has been used, it can't be used again until 7 days have passed.""]}]",,,,
"Figurine of Wondrous Power, Obsidian Steed",XDMG,,False,very rare,,,,"[""A {@item Figurine of Wondrous Power|XDMG} is a statuette small enough to fit in a pocket. If you take a {@action Magic|XPHB} action to throw the figurine to a point on the ground within 60 feet of yourself, the figurine becomes a living creature specified in the figurine's description below. If the space where the creature would appear is occupied by other creatures or objects, or if there isn't enough space for the creature, the figurine doesn't become a creature."", ""The creature is {@variantrule Friendly [Attitude]|XPHB|Friendly} to you and your allies. It understands your languages, obeys your commands, and takes its turn immediately after you on your {@variantrule Initiative|XPHB} count. If you issue no commands, the creature defends itself but takes no other actions."", ""The creature exists for a duration specific to each figurine. At the end of the duration, the creature reverts to its figurine form. It reverts to a figurine early if its creature form drops to 0 {@variantrule Hit Points|XPHB} or if you take a {@action Magic|XPHB} action while touching the creature to make it revert to figurine form. When the creature becomes a figurine again, its property can't be used again until a certain amount of time has passed, as specified below."", {""type"": ""entries"", ""name"": ""Obsidian Steed (Very Rare)"", ""entries"": [""This polished obsidian horse can become a {@creature Nightmare|XMM} for up to 24 hours. The nightmare fights only to defend itself. Once it has been used, it can't be used again until 5 days have passed."", ""The figurine has a {@chance 10} chance each time you use it to ignore your orders, including a command to revert to figurine form. If you mount the nightmare while it is ignoring your orders, you and the nightmare are instantly transported to a random location on the plane of Hades, where the nightmare reverts to figurine form.""]}]",,,,
"Figurine of Wondrous Power, Onyx Dog",XDMG,,False,rare,,,,"[""A {@item Figurine of Wondrous Power|XDMG} is a statuette small enough to fit in a pocket. If you take a {@action Magic|XPHB} action to throw the figurine to a point on the ground within 60 feet of yourself, the figurine becomes a living creature specified in the figurine's description below. If the space where the creature would appear is occupied by other creatures or objects, or if there isn't enough space for the creature, the figurine doesn't become a creature."", ""The creature is {@variantrule Friendly [Attitude]|XPHB|Friendly} to you and your allies. It understands your languages, obeys your commands, and takes its turn immediately after you on your {@variantrule Initiative|XPHB} count. If you issue no commands, the creature defends itself but takes no other actions."", ""The creature exists for a duration specific to each figurine. At the end of the duration, the creature reverts to its figurine form. It reverts to a figurine early if its creature form drops to 0 {@variantrule Hit Points|XPHB} or if you take a {@action Magic|XPHB} action while touching the creature to make it revert to figurine form. When the creature becomes a figurine again, its property can't be used again until a certain amount of time has passed, as specified below."", {""type"": ""entries"", ""name"": ""Onyx Dog (Rare)"", ""entries"": [""This onyx statuette of a dog can become a {@creature Mastiff|XMM} for up to 6 hours. The mastiff has an Intelligence of 8 and can speak Common. It also has {@sense Blindsight|XPHB} with a range of 60 feet. Once it has been used, it can't be used again until 7 days have passed.""]}]",,,,
"Figurine of Wondrous Power, Serpentine Owl",XDMG,,False,rare,,,,"[""A {@item Figurine of Wondrous Power|XDMG} is a statuette small enough to fit in a pocket. If you take a {@action Magic|XPHB} action to throw the figurine to a point on the ground within 60 feet of yourself, the figurine becomes a living creature specified in the figurine's description below. If the space where the creature would appear is occupied by other creatures or objects, or if there isn't enough space for the creature, the figurine doesn't become a creature."", ""The creature is {@variantrule Friendly [Attitude]|XPHB|Friendly} to you and your allies. It understands your languages, obeys your commands, and takes its turn immediately after you on your {@variantrule Initiative|XPHB} count. If you issue no commands, the creature defends itself but takes no other actions."", ""The creature exists for a duration specific to each figurine. At the end of the duration, the creature reverts to its figurine form. It reverts to a figurine early if its creature form drops to 0 {@variantrule Hit Points|XPHB} or if you take a {@action Magic|XPHB} action while touching the creature to make it revert to figurine form. When the creature becomes a figurine again, its property can't be used again until a certain amount of time has passed, as specified below."", {""type"": ""entries"", ""name"": ""Serpentine Owl (Rare)"", ""entries"": [""This serpentine statuette of an owl can become a {@creature Giant Owl|XMM} for up to 8 hours. The owl can communicate telepathically with you at any range if you and it are on the same plane of existence. Once it has been used, it can't be used again until 2 days have passed.""]}]",,,,
"Figurine of Wondrous Power, Silver Raven",XDMG,,False,uncommon,,,,"[""A {@item Figurine of Wondrous Power|XDMG} is a statuette small enough to fit in a pocket. If you take a {@action Magic|XPHB} action to throw the figurine to a point on the ground within 60 feet of yourself, the figurine becomes a living creature specified in the figurine's description below. If the space where the creature would appear is occupied by other creatures or objects, or if there isn't enough space for the creature, the figurine doesn't become a creature."", ""The creature is {@variantrule Friendly [Attitude]|XPHB|Friendly} to you and your allies. It understands your languages, obeys your commands, and takes its turn immediately after you on your {@variantrule Initiative|XPHB} count. If you issue no commands, the creature defends itself but takes no other actions."", ""The creature exists for a duration specific to each figurine. At the end of the duration, the creature reverts to its figurine form. It reverts to a figurine early if its creature form drops to 0 {@variantrule Hit Points|XPHB} or if you take a {@action Magic|XPHB} action while touching the creature to make it revert to figurine form. When the creature becomes a figurine again, its property can't be used again until a certain amount of time has passed, as specified below."", {""type"": ""entries"", ""name"": ""Silver Raven (Uncommon)"", ""entries"": [""This silver statuette of a raven can become a {@creature Raven|XMM} for up to 12 hours. Once it has been used, it can't be used again until 2 days have passed. While in raven form, the figurine grants you the ability to cast {@spell Animal Messenger|XPHB} on it.""]}]",,,,
Fine Clothes,XPHB,G|XPHB,False,none,6,1500,,"[""Fine Clothes are made of expensive fabrics and adorned with expertly crafted details. Some events and locations admit only people wearing these clothes.""]",,,,
Fine Wine (bottle),XPHB,FD|XPHB,False,none,,1000,,,,,,
Flask,XPHB,G|XPHB,False,none,1,2,,"[""A Flask holds up to 1 pint.""]",,,,
Flour,XDMG,TG|XDMG,False,none,2,2,,,,,,
Folding Boat,XDMG,,False,rare,4,,,"[""This object appears as a wooden box that measures 12 inches long, 6 inches wide, and 6 inches deep. It weighs 4 pounds and floats. It can be opened to store items inside. This item also has three command words, each requiring a {@action Magic|XPHB} action to use:"", {""type"": ""list"", ""style"": ""list-hang-notitle"", ""items"": [{""type"": ""item"", ""name"": ""First Command Word"", ""entries"": [""The box unfolds into a Rowboat.""]}, {""type"": ""item"", ""name"": ""Second Command Word"", ""entries"": [""The box unfolds into a Keelboat.""]}, {""type"": ""item"", ""name"": ""Third Command Word"", ""entries"": [""The Folding Boat folds back into a box if no creatures are aboard. Any objects in the vessel that can't fit inside the box remain outside the box as it folds. Any objects in the vessel that can fit inside the box do so.""]}]}, ""When the box becomes a vessel, its weight becomes that of a normal vessel its size, and anything that was stored in the box remains in the boat."", ""Statistics for the {@item Rowboat|XPHB} and {@item Keelboat|XPHB} appear in the {@book Player's Handbook|XPHB}. If either vessel is reduced to 0 {@variantrule Hit Points|XPHB}, the Folding Boat is destroyed.""]",,,,
Forgery Kit,XPHB,T|XPHB,False,none,5,1500,,"[{""type"": ""list"", ""style"": ""list-hang-notitle"", ""items"": [{""name"": ""Ability:"", ""type"": ""item"", ""entries"": [""Dexterity""]}, {""name"": ""Utilize:"", ""type"": ""item"", ""entries"": [""Mimic 10 or fewer words of someone else's handwriting ({@dc 15}), or duplicate a wax seal ({@dc 20})""]}]}]",,,,
Galley,XPHB,SHP|XPHB,False,none,,3000000,,,,,,
Gauntlets of Ogre Power,XDMG,,False,uncommon,,,true,"[""Your Strength score is 19 while you wear these gauntlets. They have no effect on you if your Strength is 19 or higher without them.""]",,,,
Gem of Brightness,XDMG,,False,uncommon,,,,"[""This prism has 50 charges. While you are holding it, you can take a {@action Magic|XPHB} action and use one of three command words to cause one of the following effects:"", {""type"": ""list"", ""style"": ""list-hang-notitle"", ""items"": [{""type"": ""item"", ""name"": ""First Command Word"", ""entries"": [""The gem sheds {@variantrule Bright Light|XPHB} in a 30-foot radius and {@variantrule Dim Light|XPHB} for an additional 30 feet. This effect doesn't expend a charge. It lasts until you take a {@variantrule Bonus Action|XPHB} to repeat the command word or until you use another function of the gem.""]}, {""type"": ""item"", ""name"": ""Second Command Word"", ""entries"": [""You expend 1 charge and cause the gem to fire a brilliant beam of light at one creature you can see within 60 feet of yourself. The creature must succeed on a {@dc 15} Constitution saving throw or have the {@condition Blinded|XPHB} condition for 1 minute. The creature repeats the save at the end of each of its turns, ending the effect on itself on a success.""]}, {""type"": ""item"", ""name"": ""Third Command Word"", ""entries"": [""You expend 5 charges and cause the gem to flare with intense light in a 30-foot {@variantrule Cone [Area of Effect]|XPHB|Cone}. Each creature in the {@variantrule Cone [Area of Effect]|XPHB|Cone} makes a saving throw as if struck by the beam created with the second command word.""]}]}, ""When all of the gem's charges are expended, the gem becomes a nonmagical jewel worth 50 GP.""]",,,,
Gem of Seeing,XDMG,,False,rare,,,true,"[""This gem has 3 charges. As a {@action Magic|XPHB} action, you can expend 1 charge. For the next 10 minutes, you have {@sense Truesight|XPHB} out to 120 feet when you peer through the gem."", ""The gem regains {@dice 1d3} expended charges daily at dawn.""]",,,,
Ginger,XDMG,TG|XDMG,False,none,1,100,,,,,,
Glamoured Studded Leather,XDMG,LA|XPHB,False,rare,13,,,"[""While wearing this armor, you gain a +1 bonus to {@variantrule Armor Class|XPHB}. You can also take a {@variantrule Bonus Action|XPHB} to cause the armor to assume the appearance of a normal set of clothing or some other kind of armor. You decide what it looks like—including color, style, and accessories—but the armor retains its normal bulk and weight. The illusory appearance lasts until you use this property again or doff the armor.""]",,,,12
Glass Bottle,XPHB,G|XPHB,False,none,2,200,,"[""A Glass Bottle holds up to 1½ pints.""]",,,,
Gloves of Missile Snaring,XDMG,,False,uncommon,,,true,"[""If you're hit by an attack roll made with a Ranged or Thrown weapon while wearing these gloves, you can take a {@variantrule Reaction|XPHB} to reduce the damage by {@dice 1d10} plus your Dexterity modifier if you have a free hand. If you reduce the damage to 0, you can catch the ammunition or weapon if it is small enough for you to hold in that hand.""]",,,,
Gloves of Swimming and Climbing,XDMG,,False,uncommon,,,true,"[""While wearing these gloves, climbing and swimming don't cost you extra movement, and you gain a +5 bonus to Strength ({@skill Athletics|XPHB}) checks made to climb or swim.""]",,,,
Gloves of Thievery,XDMG,,False,uncommon,,,,"[""These gloves are imperceptible while worn. While wearing them, you gain a +5 bonus to Dexterity ({@skill Sleight of Hand|XPHB}) checks.""]",,,,
Goat,XDMG,TG|XDMG,False,none,,100,,,,,,
Goggles of Night,XDMG,,False,uncommon,,,,"[""While wearing these dark lenses, you have {@sense Darkvision|XPHB} out to 60 feet. If you already have {@sense Darkvision|XPHB}, wearing the goggles increases its range by 60 feet.""]",,,,
Gold,XDMG,TG|XDMG,False,none,1,5000,,,,,,
Gold Dragon Scale Mail,XDMG,MA|XPHB,False,very rare,45,,true,"[""{#itemEntry Dragon Scale Mail|XDMG}""]",,,,14
Grappling Hook,XPHB,G|XPHB,False,none,4,200,,"[""As a {@action Utilize|XPHB} action, you can throw the Grappling Hook at a railing, a ledge, or another catch within 50 feet of yourself, and the hook catches on if you succeed on a {@dc 13} Dexterity ({@skill Acrobatics|XPHB}) check. If you tied a Rope to the hook, you can then climb it.""]",,,,
Green Dragon Scale Mail,XDMG,MA|XPHB,False,very rare,45,,true,"[""{#itemEntry Dragon Scale Mail|XDMG}""]",,,,14
Hat of Disguise,XDMG,,False,uncommon,,,true,"[""While wearing this hat, you can cast the {@spell Disguise Self|XPHB} spell. The spell ends if the hat is removed.""]",,,,
Hat of Many Spells,XDMG,SCF|XPHB,False,very rare,,,by a wizard,"[""This pointed hat has the following properties."", {""type"": ""entries"", ""name"": ""Spellcasting Focus"", ""entries"": [""While holding the hat, you can use it as a {@variantrule Spellcasting Focus|XPHB} for your Wizard spells. Any spell you cast using the hat gains a special Somatic component: you must reach into the hat and \""pull\"" the spell out of it.""]}, {""type"": ""entries"", ""name"": ""Unknown Spell"", ""entries"": [""While holding the hat, you can try to cast a level 1+ spell you don't know. The spell must be on the Wizard spell list, it must be of a level you can cast, and it can't have Material components costing more than 1,000 GP. Once you decide on the spell, you must expend a spell slot of the spell's level. Then, to determine whether you cast the spell, make an Intelligence ({@skill Arcana|XPHB}) check ({@dc 10} plus the spell's level). On a successful check, you cast the spell using its normal casting time, and you can't use this property again until you finish a {@variantrule Short Rest|XPHB|Short} or {@variantrule Long Rest|XPHB}. On a failed check, you fail to cast the spell and a random effect occurs instead, determined by rolling on the following table."", ""Any spell you cast from the hat uses your spell save DC and spell attack bonus."", {""type"": ""table"", ""colStyles"": [""col-2 text-center"", ""col-10""], ""colLabels"": [""1d100"", ""Effect""], ""rows"": [[""01-50"", ""You cast a random spell determined by rolling {@dice 1d10}: on a {@b 1}, {@spell Enlarge/Reduce|XPHB} (enlarge effect); on a {@b 2}, {@spell Enlarge/Reduce|XPHB} (reduce effect); on a {@b 3}, {@spell Faerie Fire|XPHB}; on a {@b 4}, {@spell Fireball|XPHB}; on a {@b 5}, {@spell Gust of Wind|XPHB}; on a {@b 6}, {@spell Invisibility|XPHB} (cast on yourself); on a {@b 7}, {@spell Lightning Bolt|XPHB}; on an {@b 8}, {@spell Phantasmal Force|XPHB}; on a {@b 9}, {@spell Polymorph|XPHB}; on a {@b 10}, {@spell Stinking Cloud|XPHB}.""], [""51-55"", ""You have the {@condition Stunned|XPHB} condition until the end of your next turn, believing something awesome just happened.""], [""56-60"", ""A harmless swarm of butterflies fills a 10-foot {@variantrule Cube [Area of Effect]|XPHB|Cube} within 30 feet of yourself. The swarm disperses after 1 minute.""], [""61-65"", ""You pull a nonmagical object out of the hat. Roll {@dice 1d4} to determine the object: on a {@b 1}, a vial of Acid; on a {@b 2}, a flask of Alchemist's Fire; on a {@b 3}, a Crowbar; on a {@b 4}, a lit Torch.""], [""66-70"", ""You suffer a bout of \""magic sickness\"" and have the {@condition Poisoned|XPHB} condition for 1 hour.""], [""71-75"", ""You have the {@condition Petrified|XPHB} condition until the end of your next turn.""], [""76-80"", ""You pull a nonmagical object out of the hat. Roll {@dice 1d4} to determine the object: on a {@b 1}, a {@item Dagger|XPHB}; on a {@b 2}, a {@item Rope|XPHB} with a {@item Grappling Hook|XPHB} tied to one end; on a {@b 3}, a bag of {@item Caltrops|XPHB}; on a {@b 4}, a gem worth 50 GP.""], [""81-85"", ""A creature appears in an unoccupied space as close to you as possible. The creature isn't under your control and acts as it normally would, and it disappears after 1 hour or when it drops to 0 {@variantrule Hit Points|XPHB}. Roll {@dice 1d4} to determine the creature: on a {@b 1}, a {@creature Camel|XMM}; on a {@b 2}, a {@creature Constrictor Snake|XMM}; on a {@b 3}, an {@creature Elephant|XMM}; on a {@b 4}, a {@creature Mule|XMM}.""], [""86-90"", ""A {@variantrule Hostile [Attitude]|XPHB|Hostile} {@creature Swarm of Bats|XMM} flies out of the hat, occupies your space, and attacks you.""], [""91-95"", ""A vertical, 10-foot-diameter, two-way portal to another plane of existence opens in an unoccupied space within 30 feet of you and remains open until the end of your next turn. The DM determines where it leads.""], [""96-00"", ""You pull a magic item out of the hat. Roll {@dice 1d6} to determine the item's rarity: on a {@b 1-3}, {@filter Common|items|rarity=Common}; on a {@b 4-5}, {@filter Uncommon|items|rarity=Uncommon}; on a {@b 6}, {@filter Rare|items|rarity=Rare}. The DM chooses the item, which disappears after 1 hour if it's not consumed or destroyed before then.""]]}]}]",,,,
Headband of Intellect,XDMG,,False,uncommon,,,true,"[""Your Intelligence score is 19 while you wear this headband. It has no effect on you if your Intelligence is 19 or higher without it.""]",,,,
Healer's Kit,XPHB,G|XPHB,False,none,3,500,,"[""A Healer's Kit has ten uses. As a {@action Utilize|XPHB} action, you can expend one of its uses to stabilize an {@condition Unconscious|XPHB} creature that has 0 {@variantrule Hit Points|XPHB} without needing to make a Wisdom ({@skill Medicine|XPHB}) check.""]",,,,
Helm of Brilliance,XDMG,,False,very rare,,,true,"[""This helm is set with {@dice 1d10} diamonds, {@dice 2d10} rubies, {@dice 3d10} fire opals, and {@dice 4d10} opals. Any gem pried from the helm crumbles to dust. When all the gems are removed or destroyed, the helm loses its magic."", ""You gain the following benefits while wearing the helm."", {""type"": ""entries"", ""name"": ""Diamond Light"", ""entries"": [""As long as it has at least one diamond, the helm emits a 30-foot {@variantrule Emanation [Area of Effect]|XPHB|Emanation}. When at least one Undead is within that area, the {@variantrule Emanation [Area of Effect]|XPHB|Emanation} is filled with {@variantrule Dim Light|XPHB}. Any Undead that starts its turn in that area takes {@damage 1d6} Radiant damage.""]}, {""type"": ""entries"", ""name"": ""Fire Opal Flames"", ""entries"": [""As long as the helm has at least one fire opal, you can take a {@action Magic|XPHB} action to cause one weapon you are holding to burst into flames. The flames emit {@variantrule Bright Light|XPHB} in a 10-foot radius and {@variantrule Dim Light|XPHB} for an additional 10 feet. The flames are harmless to you and the weapon. When you hit with an attack using the blazing weapon, the target takes an extra {@damage 1d6} Fire damage. The flames last until you take a {@variantrule Bonus Action|XPHB} to extinguish them or until you drop or stow the weapon.""]}, {""type"": ""entries"", ""name"": ""Ruby Resistance"", ""entries"": [""As long as the helm has at least one ruby, you have {@variantrule Resistance|XPHB} to Fire damage.""]}, {""type"": ""entries"", ""name"": ""Spells"", ""entries"": [""You can cast one of the following spells (save {@dc 18}), using one of the helm's gems of the specified type as a component: {@spell Daylight|XPHB} (opal), {@spell Fireball|XPHB} (fire opal), {@spell Prismatic Spray|XPHB} (diamond), or {@spell Wall of Fire|XPHB} (ruby). The gem is destroyed when the spell is cast and disappears from the helm.""]}, {""type"": ""entries"", ""name"": ""Taking Fire Damage"", ""entries"": [""Roll {@dice 1d20} if you are wearing the helm and take Fire damage as a result of failing a saving throw against a spell. On a roll of 1, the helm emits beams of light from its remaining gems and is then destroyed. Each creature within a 60-foot {@variantrule Emanation [Area of Effect]|XPHB|Emanation} originating from you must succeed on a {@dc 17} Dexterity saving throw or be struck by a beam, taking Radiant damage equal to the number of gems in the helm.""]}]",,,,
Helm of Comprehending Languages,XDMG,,False,uncommon,,,,"[""While wearing this helm, you can cast {@spell Comprehend Languages|XPHB} from it.""]",,,,
Helm of Telepathy,XDMG,,False,uncommon,,,true,"[""While wearing this helm, you have telepathy with a range of 30 feet, and you can cast {@spell Detect Thoughts|XPHB} or {@spell Suggestion|XPHB} (save {@dc 13}) from the helm. Once either spell is cast from the helm, that spell can't be cast from it again until the next dawn.""]",,,,
Helm of Teleportation,XDMG,,False,rare,,,true,"[""This helm has 3 charges. While wearing it, you can expend 1 charge to cast {@spell Teleport|XPHB} from it. The helm regains {@dice 1d3} expended charges daily at dawn.""]",,,,
Herbalism Kit,XPHB,T|XPHB,False,none,3,500,,"[{""type"": ""list"", ""style"": ""list-hang-notitle"", ""items"": [{""name"": ""Ability:"", ""type"": ""item"", ""entries"": [""Intelligence""]}, {""name"": ""Utilize:"", ""type"": ""item"", ""entries"": [""Identify a plant ({@dc 10})""]}, {""name"": ""Craft:"", ""type"": ""item"", ""entries"": [""{@item Antitoxin|XPHB}, {@item Candle|XPHB}, {@item Healer's Kit|XPHB}, {@item Potion of Healing|XDMG}""]}]}]",,,,
Heward's Handy Haversack,XDMG,,False,rare,5,,,"[""This backpack has a central pouch and two side pouches, each of which is an extradimensional space. Each side pouch can hold up to 200 pounds of material, not exceeding a volume of 25 cubic feet. The central pouch can hold up to 500 pounds of material, not exceeding a volume of 64 cubic feet. The haversack always weighs 5 pounds, regardless of its contents."", ""Retrieving an item from the haversack requires a {@action Utilize|XPHB} action or a {@variantrule Bonus Action|XPHB} (your choice). When you reach into the haversack for a specific item, the item is always magically on top."", ""If any of its pouches is overloaded, pierced, or torn, the haversack ruptures and is destroyed. If the haversack is destroyed, its contents are lost forever, although an Artifact always turns up again somewhere. If the haversack is turned inside out, its contents spill forth unharmed, and the haversack must be put right before it can be used again."", ""Each pouch of the haversack holds enough air for 10 minutes of breathing, divided by the number of breathing creatures inside."", ""Placing the haversack inside an extradimensional space created by a {@item Bag of Holding|XDMG}, {@item Portable Hole|XDMG}, or similar item instantly destroys both items and opens a gate to the Astral Plane. The gate originates where the one item was placed inside the other. Any creature within 10 feet of the gate and not behind {@variantrule Cover|XPHB|Total Cover} is sucked through it and deposited in a random location on the Astral Plane. The gate then closes. The gate is one-way only and can't be reopened.""]",,,,
Holy Water,XPHB,G|XPHB,False,none,1,2500,,"[""When you take the {@action Attack|XPHB} action, you can replace one of your attacks with throwing a flask of Holy Water. Target one creature you can see within 20 feet of yourself. The target must succeed on a Dexterity saving throw ({@dc 8} plus your Dexterity modifier and {@variantrule Proficiency|XPHB|Proficiency Bonus}) or take {@damage 2d8} Radiant damage if it is a Fiend or an Undead.""]",,,,
Hooded Lantern,XPHB,G|XPHB,False,none,2,500,,"[""A Hooded Lantern burns Oil as fuel to cast {@variantrule Bright Light|XPHB} in a 30-foot radius and {@variantrule Dim Light|XPHB} for an additional 30 feet. As a {@variantrule Bonus Action|XPHB}, you can lower the hood, reducing the light to {@variantrule Dim Light|XPHB} in a 5-foot radius, or raise it again.""]",,,,
Horn of Blasting,XDMG,INS|XPHB,False,rare,,,,"[""You can take a {@action Magic|XPHB} action to blow the horn, which emits a thunderous blast in a 30-foot {@variantrule Cone [Area of Effect]|XPHB|Cone} that is audible out to 600 feet. Each creature in the {@variantrule Cone [Area of Effect]|XPHB|Cone} makes a {@dc 15} Constitution saving throw. On a failed save, a creature takes {@damage 5d8} Thunder damage and has the {@condition Deafened|XPHB} condition for 1 minute. On a successful save, a creature takes half as much damage only. Glass or crystal objects in the {@variantrule Cone [Area of Effect]|XPHB|Cone} that aren't being worn or carried take {@damage 10d8} Thunder damage."", ""Each use of the horn's magic has a {@chance 20} chance of causing the horn to explode. The explosion deals {@damage 10d6} Force damage to the user and destroys the horn.""]",,,,
"Horn of Valhalla, Brass",XDMG,INS|XPHB,False,rare,,,,"[""You can take a {@action Magic|XPHB} action to blow this horn. In response, warrior spirits from the plane of Ysgard appear in unoccupied spaces within 60 feet of you. Each spirit uses the {@creature Berserker|XMM} stat block and returns to Ysgard after 1 hour or when it drops to 0 {@variantrule Hit Points|XPHB}. The spirits look like living, breathing warriors, and they have {@variantrule Immunity|XPHB} to the {@condition Charmed|XPHB} and {@condition Frightened|XPHB} conditions. Once you use the horn, it can't be used again until 7 days have passed."", ""A brass horn summons 3 {@creature Berserker|XMM|Berserkers}. To use the brass horn, you must have {@variantrule Proficiency|XPHB} with all Simple weapons."", ""If you blow the horn without meeting its requirement, the summoned {@creature Berserker|XMM|Berserkers} attack you. If you meet the requirement, they are {@variantrule Friendly [Attitude]|XPHB|Friendly} to you and your allies and follow your commands.""]",,,,
"Horn of Valhalla, Bronze",XDMG,INS|XPHB,False,very rare,,,,"[""You can take a {@action Magic|XPHB} action to blow this horn. In response, warrior spirits from the plane of Ysgard appear in unoccupied spaces within 60 feet of you. Each spirit uses the {@creature Berserker|XMM} stat block and returns to Ysgard after 1 hour or when it drops to 0 {@variantrule Hit Points|XPHB}. The spirits look like living, breathing warriors, and they have {@variantrule Immunity|XPHB} to the {@condition Charmed|XPHB} and {@condition Frightened|XPHB} conditions. Once you use the horn, it can't be used again until 7 days have passed."", ""A bronze horn summons 4 {@creature Berserker|XMM|Berserkers}. To use the bronze horn, you must have training with all Medium armor."", ""If you blow the horn without meeting its requirement, the summoned {@creature Berserker|XMM|Berserkers} attack you. If you meet the requirement, they are {@variantrule Friendly [Attitude]|XPHB|Friendly} to you and your allies and follow your commands.""]",,,,
"Horn of Valhalla, Iron",XDMG,INS|XPHB,False,legendary,,,,"[""You can take a {@action Magic|XPHB} action to blow this horn. In response, warrior spirits from the plane of Ysgard appear in unoccupied spaces within 60 feet of you. Each spirit uses the {@creature Berserker|XMM} stat block and returns to Ysgard after 1 hour or when it drops to 0 {@variantrule Hit Points|XPHB}. The spirits look like living, breathing warriors, and they have {@variantrule Immunity|XPHB} to the {@condition Charmed|XPHB} and {@condition Frightened|XPHB} conditions. Once you use the horn, it can't be used again until 7 days have passed."", ""A iron horn summons 5 {@creature Berserker|XMM|Berserkers}. To use the iron horn, you must have {@variantrule Proficiency|XPHB} with all Martial weapons."", ""If you blow the horn without meeting its requirement, the summoned {@creature Berserker|XMM|Berserkers} attack you. If you meet the requirement, they are {@variantrule Friendly [Attitude]|XPHB|Friendly} to you and your allies and follow your commands.""]",,,,
"Horn of Valhalla, Silver",XDMG,INS|XPHB,False,rare,,,,"[""You can take a {@action Magic|XPHB} action to blow this horn. In response, warrior spirits from the plane of Ysgard appear in unoccupied spaces within 60 feet of you. Each spirit uses the {@creature Berserker|XMM} stat block and returns to Ysgard after 1 hour or when it drops to 0 {@variantrule Hit Points|XPHB}. The spirits look like living, breathing warriors, and they have {@variantrule Immunity|XPHB} to the {@condition Charmed|XPHB} and {@condition Frightened|XPHB} conditions. Once you use the horn, it can't be used again until 7 days have passed."", ""A silver horn summons 2 {@creature Berserker|XMM|Berserkers}. They are {@variantrule Friendly [Attitude]|XPHB|Friendly} to you and your allies and follow your commands.""]",,,,
Horseshoes of a Zephyr,XDMG,,False,very rare,,,,"[""These horseshoes come in a set of four. As a {@action Magic|XPHB} action, you can touch one of the horseshoes to the hoof of a horse or similar creature, whereupon the horseshoe affixes itself to the hoof. Removing a horseshoe also takes a {@action Magic|XPHB} action."", ""While all four shoes are affixed to the hooves of a horse or similar creature, they allow the creature to move normally while floating 4 inches above a surface. This effect means the creature can cross or stand above nonsolid or unstable surfaces, such as water or lava. The creature leaves no tracks and ignores {@variantrule Difficult Terrain|XPHB}. In addition, the creature can travel for up to 12 hours a day without gaining {@condition Exhaustion|XPHB} levels from extended travel.""]",,,,
Horseshoes of Speed,XDMG,,False,rare,,,,"[""These horseshoes come in a set of four. As a {@action Magic|XPHB} action, you can touch one of the horseshoes to the hoof of a horse or similar creature, whereupon the horseshoe affixes itself to the hoof. Removing a horseshoe also takes a {@action Magic|XPHB} action."", ""While all four horseshoes are attached to the same creature, its {@variantrule Speed|XPHB} is increased by 30 feet.""]",,,,
Hunting Trap,XPHB,G|XPHB,False,none,25,500,,"[""As a {@action Utilize|XPHB} action, you can set a Hunting Trap, which is a sawtooth steel ring that snaps shut when a creature steps on a pressure plate in the center. The trap is affixed by a heavy chain to an immobile object, such as a tree or a spike driven into the ground. A creature that steps on the plate must succeed on a {@dc 13} Dexterity saving throw or take {@damage 1d4} Piercing damage and have its {@variantrule Speed|XPHB} reduced to 0 until the start of its next turn. Thereafter, until the creature breaks free of the trap, its movement is limited by the length of the chain (typically 3 feet). A creature can use its action to make a {@dc 13} Strength ({@skill Athletics|XPHB}) check, freeing itself or another creature within its reach on a success. Each failed check deals 1 Piercing damage to the trapped creature.""]",,,,
Immovable Rod,XDMG,RD|XDMG,False,uncommon,2,,,"[""This iron rod has a button on one end. You can take a {@action Utilize|XPHB} action to press the button, which causes the rod to become magically fixed in place. Until you or another creature takes a {@action Utilize|XPHB} action to push the button again, the rod doesn't move, even if it defies gravity. The rod can hold up to 8,000 pounds of weight. More weight causes the rod to deactivate and fall. A creature can take a {@action Utilize|XPHB} action to make a {@dc 30} Strength ({@skill Athletics|XPHB}) check, moving the fixed rod up to 10 feet on a successful check.""]",,,,
Ink,XPHB,G|XPHB,False,none,,1000,,"[""Ink comes in a 1-ounce bottle, which provides enough ink to write about 500 pages.""]",,,,
Ink Pen,XPHB,G|XPHB,False,none,,2,,"[""Using {@item Ink|XPHB}, an Ink Pen is used to write or draw.""]",,,,
"Ioun Stone, Absorption",XDMG,,False,very rare,,,true,"[""{#itemEntry Ioun Stone|XDMG}"", ""While this pale lavender ellipsoid orbits your head, you can take a {@variantrule Reaction|XPHB} to cancel a spell of level 4 or lower cast by a creature you can see. A canceled spell has no effect, and any resources used to cast it are wasted. Once the stone has canceled 20 levels of spells, it burns out, turns dull gray, and loses its magic.""]",,,,
"Ioun Stone, Agility",XDMG,,False,very rare,,,true,"[""{#itemEntry Ioun Stone|XDMG}"", ""Your Dexterity increases by 2, to a maximum of 20, while this deep-red sphere orbits your head.""]",,,,
"Ioun Stone, Awareness",XDMG,,False,rare,,,true,"[""{#itemEntry Ioun Stone|XDMG}"", ""While this dark-blue rhomboid orbits your head, you have {@variantrule Advantage|XPHB} on {@variantrule Initiative|XPHB} rolls and Wisdom ({@skill Perception|XPHB}) checks.""]",,,,
"Ioun Stone, Fortitude",XDMG,,False,very rare,,,true,"[""{#itemEntry Ioun Stone|XDMG}"", ""Your Constitution increases by 2, to a maximum of 20, while this pink rhomboid orbits your head.""]",,,,
"Ioun Stone, Greater Absorption",XDMG,,False,legendary,,,true,"[""{#itemEntry Ioun Stone|XDMG}"", ""While this marbled lavender and green ellipsoid orbits your head, you can take a {@variantrule Reaction|XPHB} to cancel a spell of level 8 or lower cast by a creature you can see. A canceled spell has no effect, and any resources used to cast it are wasted. Once the stone has canceled 20 levels of spells, it burns out, turns dull gray, and loses its magic.""]",,,,
"Ioun Stone, Insight",XDMG,,False,very rare,,,true,"[""{#itemEntry Ioun Stone|XDMG}"", ""Your Wisdom increases by 2, to a maximum of 20, while this incandescent blue sphere orbits your head.""]",,,,
"Ioun Stone, Intellect",XDMG,,False,very rare,,,true,"[""{#itemEntry Ioun Stone|XDMG}"", ""Your Intelligence increases by 2, to a maximum of 20, while this marbled scarlet and blue sphere orbits your head.""]",,,,
"Ioun Stone, Leadership",XDMG,,False,very rare,,,true,"[""{#itemEntry Ioun Stone|XDMG}"", ""Your Charisma increases by 2, to a maximum of 20, while this marbled pink and green sphere orbits your head.""]",,,,
"Ioun Stone, Mastery",XDMG,,False,legendary,,,true,"[""{#itemEntry Ioun Stone|XDMG}"", ""Your {@variantrule Proficiency|XPHB|Proficiency Bonus} increases by 1 while this pale green prism orbits your head.""]",,,,
"Ioun Stone, Protection",XDMG,,False,rare,,,true,"[""{#itemEntry Ioun Stone|XDMG}"", ""You gain a +1 bonus to {@variantrule Armor Class|XPHB} while this dusty-rose prism orbits your head.""]",,,,
"Ioun Stone, Regeneration",XDMG,,False,legendary,,,true,"[""{#itemEntry Ioun Stone|XDMG}"", ""You regain 15 {@variantrule Hit Points|XPHB} at the end of each hour this pearly white spindle orbits your head if you have at least 1 {@variantrule Hit Points|XPHB|Hit Point}.""]",,,,
"Ioun Stone, Reserve",XDMG,,False,rare,,,true,"[""{#itemEntry Ioun Stone|XDMG}"", ""This vibrant purple prism stores spells cast into it, holding them until you use them. The stone can store up to 4 levels of spells at a time. When found, it contains {@dice 1d4} levels of stored spells chosen by the DM."", ""Any creature can cast a spell of level 1 through 4 into the stone by touching it as the spell is cast. The spell has no effect, other than to be stored in the stone. If the stone can't hold the spell, the spell is expended without effect. The level of the slot used to cast the spell determines how much space it uses."", ""While this stone orbits your head, you can cast any spell stored in it. The spell uses the slot level, spell save DC, spell attack bonus, and spellcasting ability of the original caster but is otherwise treated as if you cast the spell. The spell cast from the stone is no longer stored in it, freeing up space.""]",,,,
"Ioun Stone, Strength",XDMG,,False,very rare,,,true,"[""{#itemEntry Ioun Stone|XDMG}"", ""Your Strength increases by 2, to a maximum of 20, while this pale blue rhomboid orbits your head.""]",,,,
"Ioun Stone, Sustenance",XDMG,,False,rare,,,true,"[""{#itemEntry Ioun Stone|XDMG}"", ""You don't need to eat or drink while this clear spindle orbits your head.""]",,,,
Iron,XDMG,TG|XDMG,False,none,1,10,,,,,,
Iron Bands of Bilarro,XDMG,,False,rare,1,,,"[""This rusty iron sphere measures 3 inches in diameter and weighs 1 pound. You can take a {@action Magic|XPHB} action to throw the sphere at a Huge or smaller creature you can see within 60 feet of yourself. As the sphere moves through the air, it opens into a tangle of metal bands."", ""Make a ranged attack roll with an attack bonus equal to your Dexterity modifier plus your {@variantrule Proficiency|XPHB|Proficiency Bonus}. On a hit, the target has the {@condition Restrained|XPHB} condition until you take a {@variantrule Bonus Action|XPHB} to issue a command that releases it. Doing so or missing with the attack causes the bands to contract and become a sphere once more."", ""A creature that can touch the bands, including the one {@condition Restrained|XPHB}, can take an action to make a {@dc 20} Strength ({@skill Athletics|XPHB}) check to break the iron bands. On a successful check, the item is destroyed, and the {@condition Restrained|XPHB} creature is freed. On a failed check, any further attempts made by that creature automatically fail until 24 hours have elapsed."", ""Once the bands are used, they can't be used again until the next dawn.""]",,,,
Iron Flask,XDMG,,False,legendary,,,,"[""While holding this brass-stoppered iron flask, you can take a {@action Magic|XPHB} action to target a creature that you can see within 60 feet of yourself. If the flask is empty and the target is native to a plane of existence other than the one you're on, the target must succeed on a {@dc 17} Wisdom saving throw or be trapped in the flask. If the target has been trapped by the flask before, it has {@variantrule Advantage|XPHB} on the save. Once trapped, a creature remains in the flask until released. The flask can hold only one creature at a time. A creature trapped in the flask doesn't age and doesn't need to breathe, eat, or drink."", ""You can take a {@action Magic|XPHB} action to remove the flask's stopper and release the creature in the flask. The creature then obeys your commands for 1 hour, understanding those commands even if it doesn't know the language in which the commands are given. If you issue no commands or give the creature a command that is likely to result in its death or imprisonment, it defends itself but otherwise takes no actions. At the end of the duration, the creature acts in accordance with its normal disposition and alignment."", ""An {@spell Identify|XPHB} spell reveals if the flask contains a creature, but the only way to determine the type of creature is to open the flask. A newly discovered Iron Flask might already contain a creature chosen by the DM or determined randomly by rolling on the following table (see the {@book Monster Manual|XMM} for the creature's stat block)."", {""type"": ""table"", ""colStyles"": [""col-2 text-center"", ""col-10""], ""colLabels"": [""1d100"", ""Contents""], ""rows"": [[""01-50"", ""No creature""], [""51"", ""{@creature Arcanaloth|XMM}""], [""52-54"", ""{@creature Bone Devil|XMM}""], [""55-56"", ""{@creature Cambion|XMM}""], [""57-58"", ""{@creature Dao|XMM}""], [""59"", ""{@creature Deva|XMM}""], [""60-61"", ""{@creature Djinni|XMM}""], [""62-63"", ""{@creature Efreeti|XMM}""], [""64-65"", ""{@creature Erinyes|XMM}""], [""66-67"", ""{@creature Fomorian|XMM}""], [""68"", ""{@creature Githyanki Knight|XMM}""], [""69"", ""{@creature Githzerai Zerth|XMM}""], [""70-71"", ""{@creature Glabrezu|XMM}""], [""72-74"", ""{@creature Hezrou|XMM}""], [""75"", ""{@creature Incubus|XMM}""], [""76-77"", ""{@creature Invisible Stalker|XMM}""], [""78-79"", ""{@creature Marid|XMM}""], [""80"", ""{@creature Marilith|XMM}""], [""81-82"", ""{@creature Mezzoloth|XMM}""], [""83-84"", ""{@creature Nalfeshnee|XMM}""], [""85-86"", ""{@creature Night Hag|XMM}""], [""87-88"", ""{@creature Nycaloth|XMM}""], [""89"", ""{@creature Planetar|XMM}""], [""90-91"", ""{@creature Red Slaad|XMM}""], [""92-93"", ""{@creature Salamander|XMM}""], [""94"", ""{@creature Solar|XMM}""], [""95"", ""{@creature Succubus|XMM}""], [""96"", ""{@creature Ultroloth|XMM}""], [""97-99"", ""{@creature Vrock|XMM}""], [""00"", ""{@creature Xorn|XMM}""]]}]",,,,
Iron Pot,XPHB,G|XPHB,False,none,10,200,,"[""An Iron Pot holds up to 1 gallon.""]",,,,
Iron Spike,XPHB,G|XPHB,False,none,0.5,10,,"[""Iron Spikes come in bundles of ten. As a {@action Utilize|XPHB} action, you can use a blunt object, such as a {@item Light Hammer|XPHB}, to hammer a spike into wood, earth, or a similar material. You can do so to jam a door shut or to then tie a {@item Rope|XPHB} or {@item Chain|XPHB} to the Spike.""]",,,,
Iron Spikes,XPHB,G|XPHB,False,none,5,100,,"[""Iron Spikes come in bundles of ten. As a {@action Utilize|XPHB} action, you can use a blunt object, such as a {@item Light Hammer|XPHB}, to hammer a spike into wood, earth, or a similar material. You can do so to jam a door shut or to then tie a {@item Rope|XPHB} or {@item Chain|XPHB} to the Spike.""]",,,,
Javelin of Lightning,XDMG,M|XPHB,False,uncommon,2,,,"[""Each time you make an attack roll with this magic weapon and hit, you can have it deal Lightning damage instead of Piercing damage."", {""type"": ""entries"", ""name"": ""Lightning Bolt"", ""entries"": [""When you throw this weapon at a target no farther than 120 feet from you, you can forgo making a ranged attack roll and instead turn the weapon into a bolt of lightning. This bolt forms a 5-foot-wide {@variantrule Line [Area of Effect]|XPHB|Line} between you and the target. The target and each other creature in the {@variantrule Line [Area of Effect]|XPHB|Line} (excluding you) makes a {@dc 13} Dexterity saving throw, taking {@damage 4d6} Lightning damage on a failed save or half as much damage on a successful one. Immediately after dealing this damage, the weapon reappears in your hand. This property can't be used again until the next dawn.""]}]","[""T|XPHB""]",1d6,P,
Jug,XPHB,G|XPHB,False,none,4,2,,"[""A Jug holds up to 1 gallon.""]",,,,
Keelboat,XPHB,SHP|XPHB,False,none,,300000,,,,,,
Keoghtom's Ointment,XDMG,,False,uncommon,,,,"[""This glass jar, 3 inches in diameter, contains {@dice 1d4 + 1} doses of a thick mixture that smells faintly of aloe. The jar and its contents weigh 1/2 pound."", ""As a {@action Utilize|XPHB} action, you can swallow one dose of the ointment or apply it to a creature within 5 feet of yourself. The creature that receives it regains {@dice 2d8 + 2} {@variantrule Hit Points|XPHB} and ceases to have the {@condition Poisoned|XPHB} condition.""]",,,,
Ladder,XPHB,G|XPHB,False,none,25,10,,"[""A Ladder is 10 feet tall. You must climb to move up or down it.""]",,,,
Lamp,XPHB,G|XPHB,False,none,1,50,,"[""A Lamp burns {@item Oil|XPHB} as fuel to cast {@variantrule Bright Light|XPHB} in a 15-foot radius and {@variantrule Dim Light|XPHB} for an additional 30 feet.""]",,,,
Lantern of Revealing,XDMG,,False,uncommon,,,,"[""While lit, this hooded lantern burns for 6 hours on 1 pint of oil, shedding {@variantrule Bright Light|XPHB} in a 30-foot radius and {@variantrule Dim Light|XPHB} for an additional 30 feet. {@condition Invisible|XPHB} creatures and objects are visible as long as they are in the lantern's {@variantrule Bright Light|XPHB}. You can take a {@action Utilize|XPHB} action to lower the hood, reducing the lantern's light to {@variantrule Dim Light|XPHB} in a 5-foot radius.""]",,,,
Linen (1 sq. yd.),XDMG,TG|XDMG,False,none,,500,,,,,,
Lock,XPHB,G|XPHB,False,none,1,1000,,"[""A Lock comes with a key. Without the key, a creature can use {@item Thieves' Tools|XPHB} to pick this Lock with a successful {@dc 15} Dexterity ({@skill Sleight of Hand|XPHB}) check.""]",,,,
Lolth's Sting,XDMG,G|XPHB,False,none,,20000,,"[""A creature subjected to Lolth's Sting must succeed on a {@dc 13} Constitution saving throw or have the {@condition Poisoned|XPHB} condition for 1 hour. If the creature fails the save by 5 or more, the creature also has the {@condition Unconscious|XPHB} condition while {@condition Poisoned|XPHB} in this way. The creature wakes up if it takes damage or if another creature takes an action to shake it awake.""]",,,,
Longship,XPHB,SHP|XPHB,False,none,,1000000,,,,,,
Mace of Disruption,XDMG,M|XPHB,False,rare,4,,true,"[""When you hit a Fiend or an Undead with this magic weapon, that creature takes an extra {@damage 2d6} Radiant damage. If the target has 25 {@variantrule Hit Points|XPHB} or fewer after taking this damage, it must succeed on a {@dc 15} Wisdom saving throw or be destroyed. On a successful save, the creature has the {@condition Frightened|XPHB} condition until the end of your next turn."", {""type"": ""entries"", ""name"": ""Light"", ""entries"": [""While you hold this weapon, it sheds {@variantrule Bright Light|XPHB} in a 20-foot radius and {@variantrule Dim Light|XPHB} for an additional 20 feet.""]}]",,1d6,B,
Mace of Smiting,XDMG,M|XPHB,False,rare,4,,,"[""You gain a +1 bonus to attack rolls and damage rolls made with this magic weapon. The bonus increases to +3 when you use the weapon to attack a Construct."", ""When you roll a 20 on an attack roll made with this weapon, the target takes an extra 7 Bludgeoning damage, or 14 Bludgeoning damage if it's a Construct. If a Construct has 25 {@variantrule Hit Points|XPHB} or fewer after taking this damage, it is destroyed.""]",,1d6,B,
Mace of Terror,XDMG,M|XPHB,False,rare,4,,true,"[""This magic weapon has 3 charges and regains {@dice 1d3} expended charges daily at dawn. While holding the weapon, you can take a {@action Magic|XPHB} action and expend 1 charge to release a wave of terror from it. Each creature of your choice within 30 feet of you must succeed on a {@dc 15} Wisdom saving throw or have the {@condition Frightened|XPHB} condition for 1 minute. While {@condition Frightened|XPHB} in this way, a creature must spend its turns trying to move as far away from you as it can, and it can't make {@action Opportunity Attack|XPHB|Opportunity Attacks}. For its action, it can use only the {@action Dash|XPHB} action or try to escape from an effect that prevents it from moving. If it has nowhere it can move, the creature can take the {@action Dodge|XPHB} action. At the end of each of its turns, a creature repeats the save, ending the effect on itself on a success.""]",,1d6,B,
Magnifying Glass,XPHB,G|XPHB,False,none,,10000,,"[""A Magnifying Glass grants {@variantrule Advantage|XPHB} on any ability check made to appraise or inspect a highly detailed item. Lighting a fire with a Magnifying Glass requires light as bright as sunlight to focus, tinder to ignite, and about 5 minutes for the fire to ignite.""]",,,,
Malice,XDMG,G|XPHB,False,none,,25000,,"[""A creature subjected to Malice must succeed on a {@dc 15} Constitution saving throw or have the {@condition Poisoned|XPHB} condition for 1 hour. The creature also has the {@condition Blinded|XPHB} condition while {@condition Poisoned|XPHB} in this way.""]",,,,
Manacles,XPHB,G|XPHB,False,none,6,200,,"[""As a {@action Utilize|XPHB} action, you can use Manacles to bind an unwilling Small or Medium creature within 5 feet of yourself that has the {@condition Grappled|XPHB}, {@condition Incapacitated|XPHB}, or {@condition Restrained|XPHB} condition if you succeed on a {@dc 13} Dexterity ({@skill Sleight of Hand|XPHB}) check. While bound, a creature has {@variantrule Disadvantage|XPHB} on attack rolls, and the creature is {@condition Restrained|XPHB} if the Manacles are attached to a chain or hook that is fixed in place. Escaping the Manacles requires a successful {@dc 20} Dexterity ({@skill Sleight of Hand|XPHB}) check as an action. Bursting them requires a successful {@dc 25} Strength ({@skill Athletics|XPHB}) check as an action."", ""Each set of Manacles comes with a key. Without the key, a creature can use {@item Thieves' Tools|XPHB} to pick the Manacles' lock with a successful {@dc 15} Dexterity ({@skill Sleight of Hand|XPHB}) check.""]",,,,
Mantle of Spell Resistance,XDMG,,False,rare,,,true,"[""You have {@variantrule Advantage|XPHB} on saving throws against spells while you wear this cloak.""]",,,,
Manual of Bodily Health,XDMG,,False,very rare,5,,,"[""This book contains health and diet tips, and its words are charged with magic. If you spend 48 hours over a period of 6 days or fewer studying the book's contents and practicing its guidelines, your Constitution increases by 2, to a maximum of 30. The manual then loses its magic, but regains it in a century.""]",,,,
Manual of Clay Golems,XDMG,,False,very rare,5,,,"[""This tome contains information and incantations necessary to make a {@creature clay golem|XMM}. To decipher and use the manual, you must be a spellcaster with at least two 5th-level spell slots. A creature that can't use a {@i manual of golems} and attempts to read it takes {@damage 6d6} psychic damage."", ""To create a clay golem, you must spend 30 days, working without interruption with the manual at hand and resting no more than 8 hours per day. You must also pay 65,000 gp to purchase supplies."", ""Once you finish creating the golem, the book is consumed in eldritch flames. The golem becomes animate when the ashes of the manual are sprinkled on it. It is under your control, and it understands and obeys your spoken commands.""]",,,,
Manual of Flesh Golems,XDMG,,False,very rare,5,,,"[""This tome contains information and incantations necessary to make a {@creature flesh golem|XMM}. To decipher and use the manual, you must be a spellcaster with at least two 5th-level spell slots. A creature that can't use a {@i manual of golems} and attempts to read it takes {@damage 6d6} psychic damage."", ""To create a flesh golem, you must spend 60 days, working without interruption with the manual at hand and resting no more than 8 hours per day. You must also pay 50,000 gp to purchase supplies."", ""Once you finish creating the golem, the book is consumed in eldritch flames. The golem becomes animate when the ashes of the manual are sprinkled on it. It is under your control, and it understands and obeys your spoken commands.""]",,,,
Manual of Gainful Exercise,XDMG,,False,very rare,5,,,"[""This book describes fitness exercises, and its words are charged with magic. If you spend 48 hours over a period of 6 days or fewer studying the book's contents and practicing its guidelines, your Strength increases by 2, to a maximum of 30. The manual then loses its magic, but regains it in a century.""]",,,,
Manual of Iron Golems,XDMG,,False,very rare,5,,,"[""This tome contains information and incantations necessary to make a {@creature iron golem|XMM}. To decipher and use the manual, you must be a spellcaster with at least two 5th-level spell slots. A creature that can't use a {@i manual of golems} and attempts to read it takes {@damage 6d6} psychic damage."", ""To create an iron golem, you must spend 120 days, working without interruption with the manual at hand and resting no more than 8 hours per day. You must also pay 100,000 gp to purchase supplies."", ""Once you finish creating the golem, the book is consumed in eldritch flames. The golem becomes animate when the ashes of the manual are sprinkled on it. It is under your control, and it understands and obeys your spoken commands.""]",,,,
Manual of Quickness of Action,XDMG,,False,very rare,5,,,"[""This book contains coordination and balance exercises, and its words are charged with magic. If you spend 48 hours over a period of 6 days or fewer studying the book's contents and practicing its guidelines, your Dexterity increases by 2, to a maximum of 30. The manual then loses its magic, but regains it in a century.""]",,,,
Manual of Stone Golems,XDMG,,False,very rare,5,,,"[""This tome contains information and incantations necessary to make a {@creature stone golem|XMM}. To decipher and use the manual, you must be a spellcaster with at least two 5th-level spell slots. A creature that can't use a {@i manual of golems} and attempts to read it takes {@damage 6d6} psychic damage."", ""To create a stone golem, you must spend 90 days, working without interruption with the manual at hand and resting no more than 8 hours per day. You must also pay 80,000 gp to purchase supplies."", ""Once you finish creating the golem, the book is consumed in eldritch flames. The golem becomes animate when the ashes of the manual are sprinkled on it. It is under your control, and it understands and obeys your spoken commands.""]",,,,
Map or Scroll Case,XPHB,G|XPHB,False,none,1,100,,"[""A {@item Map or Scroll Case|XPHB} holds up to 10 sheets of paper or 5 sheets of parchment.""]",,,,
Mastiff,XPHB,MNT|XPHB,False,none,,2500,,,,,,
Medallion of Thoughts,XDMG,,False,uncommon,1,,true,"[""The medallion has 5 charges. While wearing it, you can expend 1 charge to cast {@spell Detect Thoughts|XPHB} (save {@dc 13}) from it. The medallion regains {@dice 1d4} expended charges daily at dawn.""]",,,,
Midnight Tears,XDMG,G|XPHB,False,none,,150000,,"[""A creature that ingests Midnight Tears suffers no effect until the stroke of midnight. Any effect that ends the {@condition Poisoned|XPHB} condition neutralizes this poison. If the poison hasn't been neutralized before midnight, the creature makes a {@dc 17} Constitution saving throw, taking 31 ({@damage 9d6}) Poison damage on a failed save or half as much damage on a successful one.""]",,,,
Military Saddle,XPHB,TAH|XPHB,False,none,30,2000,,"[""A saddle comes with a bit, a bridle, reins, and any other equipment needed to use the saddle. A Military Saddle gives {@variantrule Advantage|XPHB} on any ability check you make to remain mounted.""]",,,,
Mirror,XPHB,G|XPHB,False,none,0.5,500,,"[""A handheld steel Mirror is useful for personal cosmetics but also for peeking around corners and reflecting light as a signal.""]",,,,
Mirror of Life Trapping,XDMG,,False,very rare,50,,,"[""When this 4-foot-tall, 2-foot-wide mirror is viewed indirectly, its surface shows faint images of creatures. The mirror weighs 50 pounds, and it has AC 11, HP 10, {@variantrule Immunity|XPHB} to Poison and Psychic damage, and {@variantrule Vulnerability|XPHB} to Bludgeoning damage. It shatters and is destroyed when reduced to 0 {@variantrule Hit Points|XPHB}."", ""If the mirror is hanging on a vertical surface and you are within 5 feet of it, you can take a {@action Magic|XPHB} action and use a command word to activate it. It remains activated until you take a {@action Magic|XPHB} action and repeat the command word to deactivate it."", ""Any creature other than you that sees its reflection in the activated mirror while within 30 feet of the mirror must succeed on a {@dc 15} Charisma saving throw or be trapped, along with anything it is wearing or carrying, in one of the mirror's twelve extradimensional cells. A creature that knows the mirror's nature makes the save with {@variantrule Advantage|XPHB}, and Constructs succeed on the save automatically."", ""An extradimensional cell is an infinite expanse filled with thick fog that reduces visibility to 10 feet. Creatures trapped in the mirror's cells don't age, and they don't need to eat, drink, or sleep. A creature trapped within a cell can escape using magic that permits planar travel. Otherwise, the creature is confined to the cell until freed."", ""If the mirror traps a creature but its twelve extradimensional cells are already occupied, the mirror frees one trapped creature at random to accommodate the new prisoner. A freed creature appears in an unoccupied space within sight of the mirror but facing away from it. If the mirror is shattered, all creatures it contains are freed and appear in unoccupied spaces near it."", ""While within 5 feet of the mirror, you can take a {@action Magic|XPHB} action to name one creature trapped in it or call out a particular cell by number. The creature named or contained in the named cell appears as an image on the mirror's surface. You and the creature can then communicate."", ""In a similar way, you can take a {@action Magic|XPHB} action and use a second command word to free one creature trapped in the mirror. The freed creature appears, along with its possessions, in the unoccupied space nearest to the mirror and facing away from it."", ""Placing the mirror inside an extradimensional space created by a {@item Bag of Holding|XDMG}, Portable Hole, or similar item instantly destroys both items and opens a gate to the Astral Plane. The gate originates where the one item was placed inside the other. Any creature within 10 feet of the gate and not behind {@variantrule Cover|XPHB|Total Cover} is sucked through it to a random location on the Astral Plane. The gate then closes. The gate is one-way only and can't be reopened.""]",,,,
Mule,XPHB,MNT|XPHB,False,none,,800,,,,,,
Navigator's Tools,XPHB,T|XPHB,False,none,2,2500,,"[{""type"": ""list"", ""style"": ""list-hang-notitle"", ""items"": [{""name"": ""Ability:"", ""type"": ""item"", ""entries"": [""Wisdom""]}, {""name"": ""Utilize:"", ""type"": ""item"", ""entries"": [""Plot a course ({@dc 10}), or determine position by stargazing ({@dc 15})""]}]}]",,,,
Necklace of Adaptation,XDMG,,False,uncommon,1,,true,"[""While wearing this necklace, you can breathe normally in any environment, and you have {@variantrule Advantage|XPHB} on saving throws made to avoid or end the {@condition Poisoned|XPHB} condition.""]",,,,
Necklace of Fireballs,XDMG,,False,rare,1,,,"[""This necklace has {@dice 1d6 + 3} beads hanging from it. You can take a {@action Magic|XPHB} action to detach a bead and throw it up to 60 feet away. When it reaches the end of its trajectory, the bead detonates as a level 3 {@spell Fireball|XPHB} (save {@dc 15})."", ""You can hurl multiple beads, or even the whole necklace, at one time. When you do so, increase the damage of the Fireball by {@damage 1d6} for each bead after the first (maximum {@dice 12d6}).""]",,,,
Necklace of Prayer Beads,XDMG,,False,rare,1,,"by a cleric, druid, or paladin","[""This necklace has {@dice 1d4 + 2} magic beads made from aquamarine, black pearl, or topaz. It also has many nonmagical beads made from stones such as amber, bloodstone, citrine, coral, jade, pearl, or quartz. If a magic bead is removed from the necklace, that bead loses its magic."", ""Six types of magic beads exist. The DM decides the type of each bead on the necklace or determines it randomly by rolling on the table below. A necklace can have more than one bead of the same type. To use one, you must be wearing the necklace. Each bead contains a spell that you can cast from it as a {@variantrule Bonus Action|XPHB} (using your spell save DC if a save is necessary). Once a magic bead's spell is cast, that bead can't be used again until the next dawn."", {""type"": ""table"", ""colStyles"": [""col-2 text-center"", ""col-5"", ""col-5""], ""colLabels"": [""1d20"", ""Bead"", ""Spell""], ""rows"": [[""1-6"", ""Bead of Blessing"", ""{@spell Bless|XPHB}""], [""7-12"", ""Bead of Curing"", ""{@spell Cure Wounds|XPHB} (level 2 version)""], [""13-16"", ""Bead of Favor"", ""{@spell Greater Restoration|XPHB}""], [""17-18"", ""Bead of Smiting"", ""{@spell Shining Smite|XPHB}""], [""19"", ""Bead of Summons"", ""{@spell Guardian of Faith|XPHB}""], [""20"", ""Bead of Wind Walking"", ""{@spell Wind Walk|XPHB}""]]}]",,,,
Net,XPHB,G|XPHB,False,none,3,100,,"[""When you take the {@action Attack|XPHB} action, you can replace one of your attacks with throwing a Net. Target a creature you can see within 15 feet of yourself. The target must succeed on a Dexterity saving throw ({@dc 8} plus your Dexterity modifier and {@variantrule Proficiency|XPHB|Proficiency Bonus}) or have the {@condition Restrained|XPHB} condition until it escapes. The target succeeds automatically if it is Huge or larger."", ""To escape, the target or a creature within 5 feet of it must take an action to make a {@dc 10} Strength ({@skill Athletics|XPHB}) check, freeing the {@condition Restrained|XPHB} creature on a success. Destroying the Net (AC 10; 5 HP; {@variantrule Immunity|XPHB} to Bludgeoning, Poison, and Psychic damage) also frees the target, ending the effect.""]",,,,
Nolzur's Marvelous Pigments,XDMG,,False,very rare,,,,"[""This fine wooden box contains {@dice 1d4} pots of pigment and a brush (weighing 1 pound in total). Using the brush and expending 1 pot of pigment, you can paint any number of three-dimensional objects and terrain features (such as walls, doors, trees, flowers, weapons, webs, and pits), provided these elements are all confined to a 20-foot {@variantrule Cube [Area of Effect]|XPHB|Cube}. The effort takes 10 minutes (regardless of the number of elements you create), during which time you must remain in the {@variantrule Cube [Area of Effect]|XPHB|Cube}, and requires {@status Concentration|XPHB}. If your {@status Concentration|XPHB} is broken or you leave the {@variantrule Cube [Area of Effect]|XPHB|Cube} before the work is done, all the painted elements vanish, and the pot of pigment is wasted."", ""When the work is done, all the painted objects and terrain features become real. Thus, painting a door on a wall creates an actual door, which can be opened to whatever is beyond. Painting a pit creates a real pit, the entire depth of which must lie within the 20-foot {@variantrule Cube [Area of Effect]|XPHB|Cube}."", ""No object created by a pot of pigment can have a value greater than 25 GP, and the total value of all objects created by a pot of pigment can't exceed 500 GP. If you paint objects of greater value (such as a large pile of gold), they look authentic, but close inspection reveals they're made from paste, cookies, or some other worthless material."", ""If you paint a form of energy such as fire or lightning, the energy dissipates as soon as you complete the painting, doing no harm.""]",,,,
Oil,XPHB,G|XPHB,False,none,1,10,,"[""You can douse a creature, object, or space with Oil or use it as fuel, as detailed below."", {""name"": ""Dousing a Creature or an Object"", ""type"": ""entries"", ""entries"": [""When you take the {@action Attack|XPHB} action, you can replace one of your attacks with throwing an Oil flask. Target one creature or object within 20 feet of yourself. The target must succeed on a Dexterity saving throw ({@dc 8} plus your Dexterity modifier and {@variantrule Proficiency|XPHB|Proficiency Bonus}) or be covered in oil. If the target takes Fire damage before the oil dries (after 1 minute), the target takes an extra 5 Fire damage from burning oil.""]}, {""name"": ""Dousing a Space"", ""type"": ""entries"", ""entries"": [""You can take the {@action Utilize|XPHB} action to pour an Oil flask on level ground to cover a 5-foot-square area within 5 feet of yourself. If lit, the oil burns until the end of the turn 2 rounds from when the oil was lit (or 12 seconds) and deals 5 Fire damage to any creature that enters the area or ends its turn there. A creature can take this damage only once per turn.""]}, {""name"": ""Fuel"", ""type"": ""entries"", ""entries"": [""Oil serves as fuel for Lamps and Lanterns. Once lit, a flask of Oil burns for 6 hours in a Lamp or Lantern. That duration doesn't need to be consecutive; you can extinguish the burning Oil (as a {@action Utilize|XPHB} action) and rekindle it again until it has burned for a total of 6 hours.""]}]",,,,
Oil of Etherealness,XDMG,P|XPHB,False,rare,0.5,,,"[""One vial of this oil can cover one Medium or smaller creature, along with the equipment it's wearing and carrying (one additional vial is required for each size category above Medium). Applying the oil takes 10 minutes. The affected creature then gains the effect of the {@spell Etherealness|XPHB} spell for 1 hour."", ""Beads of this cloudy, gray oil form on the outside of its container and quickly evaporate.""]",,,,
Oil of Sharpness,XDMG,P|XPHB,False,very rare,0.5,,,"[""One vial of this oil can coat one Melee weapon or twenty pieces of ammunition, but only ammunition and Melee weapons that are nonmagical and deal Slashing or Piercing damage are affected. Applying the oil takes 1 minute, after which the oil magically seeps into whatever it coats, turning the coated weapon into a +3 Weapon or the coated ammunition into +3 Ammunition."", ""This clear, gelatinous oil sparkles with tiny, ultrathin silver shards.""]",,,,
Oil of Slipperiness,XDMG,P|XPHB,False,uncommon,0.5,,,"[""One vial of this oil can cover one Medium or smaller creature, along with the equipment it's wearing and carrying (one additional vial is required for each size category above Medium). Applying the oil takes 10 minutes. The affected creature then gains the effect of the {@spell Freedom of Movement|XPHB} spell for 8 hours."", ""Alternatively, the oil can be poured on the ground as a {@action Magic|XPHB} action, where it covers a 10-foot square, duplicating the effect of the {@spell Grease|XPHB} spell in that area for 8 hours."", ""This sticky, black unguent is thick and heavy, but it flows quickly when poured.""]",,,,
Oil of Taggit,XDMG,G|XPHB,False,none,,40000,,"[""A creature subjected to Oil of Taggit must succeed on a {@dc 13} Constitution saving throw or have the {@condition Poisoned|XPHB} condition for 24 hours. The creature also has the {@condition Unconscious|XPHB} condition while {@condition Poisoned|XPHB} in this way. It wakes up if it takes damage.""]",,,,
Orb of Dragonkind,XDMG,,False,artifact,3,,true,"[""Long ago, in the Dragonlance setting, elves and humans waged a terrible war against chromatic dragons. When the world seemed doomed, the wizards of the Towers of High Sorcery came together and forged five Orbs of Dragonkind to help defeat the dragons. One orb was taken to each of the five towers, and there they were used to speed the war toward a victorious end. The wizards used the orbs to lure dragons to them, then destroyed the dragons with powerful magic."", ""As the Towers of High Sorcery fell in later ages, the orbs were destroyed or faded into legend, and only three are thought to survive. Their magic has been warped over the centuries. Their primary purpose of calling dragons still functions, but they also allow some measure of control over dragons."", ""Each orb contains the essence of an evil dragon, a presence that resents any attempt to coax magic from it. Those who try to wield an orb's magic but lack sufficient force of personality might find themselves under the orb's control."", ""An orb is an etched crystal globe about 10 inches in diameter. When used, it grows to about 20 inches in diameter, and mist swirls inside it."", ""While attuned to an orb, you can take a {@action Magic|XPHB} action to peer into the orb's depths. You must then make a {@dc 15} Charisma saving throw. On a successful save, you control the orb for as long as you remain attuned to it. On a failed save, the orb imposes the {@condition Charmed|XPHB} condition on you for as long as you remain attuned to it."", ""While you are {@condition Charmed|XPHB} by the orb, you can't voluntarily end your {@variantrule Attunement|XPHB} to it, and the orb casts {@spell Suggestion|XPHB} on you at will (save {@dc 18}), urging you to work toward the evil ends it desires. The dragon essence within the orb might want many things: the annihilation of a particular society or organization, freedom from the orb, to spread suffering in the world, to advance the worship of {@book Tiamat|XDMG|8|Tiamat}, or something else the DM decides."", {""type"": ""entries"", ""name"": ""Random Properties"", ""entries"": [""An Orb of Dragonkind has the following random properties:"", {""type"": ""list"", ""items"": [""2 {@table Artifact Properties; Minor Beneficial Properties|XDMG|minor beneficial} properties"", ""1 {@table Artifact Properties; Minor Detrimental Properties|XDMG|minor detrimental} property"", ""1 {@table Artifact Properties; Major Detrimental Properties|XDMG|major detrimental} property""]}]}, {""type"": ""entries"", ""name"": ""Spells"", ""entries"": [""The orb has 7 charges and regains {@dice 1d4 + 3} expended charges daily at dawn. If you control the orb, you can cast one of the spells on the following table from it. The table indicates how many charges you must expend to cast the spell."", {""type"": ""table"", ""colStyles"": [""col-10"", ""col-2 text-center""], ""colLabels"": [""Spell"", ""Charge Cost""], ""rows"": [[""{@spell Cure Wounds|XPHB} (level 9 version)"", ""4""], [""{@spell Daylight|XPHB}"", ""1""], [""{@spell Death Ward|XPHB}"", ""2""], [""{@spell Detect Magic|XPHB}"", ""0""], [""{@spell Scrying|XPHB} (save {@dc 18})"", ""3""]]}]}, {""type"": ""entries"", ""name"": ""Call Dragons"", ""entries"": [""While you control the orb, you can take a {@action Magic|XPHB} action to cause the orb to issue a telepathic call that extends in all directions for 40 miles. Chromatic dragons in range feel compelled to come to the orb as soon as possible by the most direct route. Dragon deities such as {@book Tiamat|XDMG|8|Tiamat} are unaffected by this call. Chromatic dragons drawn to the orb might be {@variantrule Hostile [Attitude]|XPHB|Hostile} toward you for compelling them against their will. Once you have used this property, it can't be used again for 1 hour.""]}, {""type"": ""entries"", ""name"": ""Destroying an Orb"", ""entries"": [""An Orb of Dragonkind has AC 20 and is destroyed if it takes damage from a +3 Weapon or a {@spell Disintegrate|XPHB} spell. Nothing else can harm it.""]}]",,,,
Ox,XDMG,TG|XDMG,False,none,,1500,,,,,,
Pale Tincture,XDMG,G|XPHB,False,none,,25000,,"[""A creature subjected to Pale Tincture must succeed on a {@dc 16} Constitution saving throw or take 3 ({@damage 1d6}) Poison damage and have the {@condition Poisoned|XPHB} condition. The {@condition Poisoned|XPHB} creature repeats the save every 24 hours, taking 3 ({@damage 1d6}) Poison damage on a failed save. The damage the poison deals can't be healed by any means while the creature remains {@condition Poisoned|XPHB}. After seven successful saves against the poison, the creature is no longer {@condition Poisoned|XPHB}.""]",,,,
Paper,XPHB,G|XPHB,False,none,,20,,"[""One sheet of Paper can hold about 250 handwritten words.""]",,,,
Parchment,XPHB,G|XPHB,False,none,,10,,"[""One sheet of Parchment can hold about 250 handwritten words.""]",,,,
Pearl of Power,XDMG,,False,uncommon,,,by a spellcaster,"[""While this pearl is on your person, you can take a {@action Magic|XPHB} action to regain one expended spell slot of level 3 or lower. Once you use the pearl, it can't be used again until the next dawn.""]",,,,
Pepper,XDMG,TG|XDMG,False,none,1,200,,,,,,
Perfume,XPHB,G|XPHB,False,none,,500,,"[""Perfume comes in a 4-ounce vial. For 1 hour after applying Perfume to yourself, you have {@variantrule Advantage|XPHB} on Charisma ({@skill Persuasion|XPHB}) checks made to influence an Indifferent Humanoid within 5 feet of yourself.""]",,,,
Periapt of Health,XDMG,,False,uncommon,1,,true,"[""While wearing this pendant, you can take a {@action Magic|XPHB} action to regain {@dice 2d4 + 2} {@variantrule Hit Points|XPHB}. Once used, this property can't be used again until the next dawn."", ""In addition, you have {@variantrule Advantage|XPHB} on saving throws to avoid or end the {@condition Poisoned|XPHB} condition while you wear this pendant.""]",,,,
Periapt of Proof against Poison,XDMG,,False,rare,1,,true,"[""This delicate silver chain has a brilliant-cut black gem pendant. While you wear it, you have {@variantrule Immunity|XPHB} to the {@condition Poisoned|XPHB} condition and Poison damage.""]",,,,
Periapt of Wound Closure,XDMG,,False,uncommon,1,,true,"[""While wearing this pendant, you gain the following benefits."", {""type"": ""entries"", ""name"": ""Life Preservation"", ""entries"": [""Whenever you make a {@variantrule Death Saving Throw|XPHB}, you can change a roll of 9 or lower to a 10, turning a failed save into a successful one.""]}, {""type"": ""entries"", ""name"": ""Natural Healing Boost"", ""entries"": [""Whenever you roll a {@variantrule Hit Point Dice|XPHB|Hit Point Die} to regain {@variantrule Hit Points|XPHB}, double the number of {@variantrule Hit Points|XPHB} it restores.""]}]",,,,
Philter of Love,XDMG,P|XPHB,False,uncommon,0.5,,,"[""The next time you see a creature within 10 minutes after drinking this philter, you are {@condition charmed|XPHB} by that creature and have the {@condition Charmed|XPHB} condition for 1 hour."", ""This rose-hued, effervescent liquid contains one easy-to-miss bubble shaped like a heart.""]",,,,
Pig,XDMG,TG|XDMG,False,none,,300,,,,,,
Pipes of Haunting,XDMG,,False,uncommon,,,,"[""These pipes have 3 charges and regain {@dice 1d3} expended charges daily at dawn. You can take a {@action Magic|XPHB} action to play them and expend 1 charge to create an eerie, spellbinding tune. Each creature of your choice within 30 feet of you must succeed on a {@dc 15} Wisdom saving throw or have the {@condition Frightened|XPHB} condition for 1 minute. A creature that fails the save repeats it at the end of each of its turns, ending the effect on itself on a success. A creature that succeeds on its save is immune to the effect of these pipes for 24 hours.""]",,,,
Pipes of the Sewers,XDMG,,False,uncommon,,,true,"[""While these pipes are on your person, ordinary {@creature rat|XMM|rats} and {@creature giant rat|XMM|giant rats} are {@variantrule Indifferent [Attitude]|XPHB|Indifferent} toward you and won't attack you unless you threaten or harm them."", ""The pipes have 3 charges and regain {@dice 1d3} expended charges daily at dawn. If you play the pipes as a {@action Magic|XPHB} action, you can take a {@variantrule Bonus Action|XPHB} to expend 1 to 3 charges, calling forth one {@creature Swarm of Rats|XMM} with each expended charge if enough rats are within half a mile of you to be called in this fashion (as determined by the DM). If there aren't enough rats to form a swarm, the charge is wasted. Called swarms move toward the music by the shortest available route but aren't under your control otherwise."", ""Whenever a Swarm of Rats that isn't under another creature's control comes within 30 feet of you while you are playing the pipes, the swarm makes a {@dc 15} Wisdom saving throw. On a successful save, the swarm behaves as it normally would and can't be swayed by the pipes' music for the next 24 hours. On a failed save, the swarm is swayed by the pipes' music and becomes {@variantrule Friendly [Attitude]|XPHB|Friendly} to you and your allies for as long as you continue to play the pipes each round as a {@action Magic|XPHB} action. A {@variantrule Friendly [Attitude]|XPHB|Friendly} swarm obeys your commands. If you issue no commands to a {@variantrule Friendly [Attitude]|XPHB|Friendly} swarm, it defends itself but otherwise takes no actions. If a {@variantrule Friendly [Attitude]|XPHB|Friendly} swarm starts its turn more than 30 feet away from you, your control over that swarm ends, and the swarm behaves as it normally would and can't be swayed by the pipes' music for the next 24 hours.""]",,,,
Platinum,XDMG,TG|XDMG,False,none,1,50000,,,,,,
Playing Cards,XPHB,GS|XPHB,False,none,,50,,"[{""type"": ""list"", ""style"": ""list-hang-notitle"", ""items"": [{""name"": ""Ability:"", ""type"": ""item"", ""entries"": [""Wisdom""]}, {""name"": ""Utilize:"", ""type"": ""item"", ""entries"": [""Discern whether someone is cheating ({@dc 10}), or win the game ({@dc 20})""]}]}]",,,,
Poisoner's Kit,XPHB,T|XPHB,False,none,2,5000,,"[{""type"": ""list"", ""style"": ""list-hang-notitle"", ""items"": [{""name"": ""Ability:"", ""type"": ""item"", ""entries"": [""Intelligence""]}, {""name"": ""Utilize:"", ""type"": ""item"", ""entries"": [""Detect a poisoned object ({@dc 10})""]}, {""name"": ""Craft:"", ""type"": ""item"", ""entries"": [""{@item Basic Poison|XPHB}""]}]}]",,,,
Pole,XPHB,G|XPHB,False,none,7,5,,"[""A Pole is 10 feet long. You can use it to touch something up to 10 feet away. If you must make a Strength ({@skill Athletics|XPHB}) check as part of a High or {@variantrule Long Jump|XPHB}, you can use the Pole to vault, giving yourself {@variantrule Advantage|XPHB} on the check.""]",,,,
Pony,XPHB,MNT|XPHB,False,none,,3000,,,,,,
Portable Hole,XDMG,,False,rare,,,,"[""This fine black cloth, soft as silk, is folded up to the dimensions of a handkerchief. It unfolds into a circular sheet 6 feet in diameter."", ""You can take a {@action Magic|XPHB} action to unfold a Portable Hole and place it on or against a solid surface, whereupon the Portable Hole creates an extradimensional hole 10 feet deep. The cylindrical space within the hole exists on a different plane of existence, so it can't be used to create open passages. Any creature inside an open Portable Hole can exit the hole by climbing out of it."", ""You can take a {@action Magic|XPHB} action to close a Portable Hole by taking hold of the edges of the cloth and folding it up. Folding the cloth closes the hole, and any creatures or objects within remain in the extradimensional space. No matter what's in it, the hole weighs next to nothing."", ""If the hole is folded up, a creature within the hole's extradimensional space can take an action to make a {@dc 10} Strength ({@skill Athletics|XPHB}) check. On a successful check, the creature forces its way out and appears within 5 feet of the Portable Hole. A closed Portable Hole holds enough air for 1 hour of breathing, divided by the number of breathing creatures inside."", ""Placing a Portable Hole inside an extradimensional space created by a {@item Bag of Holding|XDMG}, {@item Heward's Handy Haversack|XDMG}, or similar item instantly destroys both items and opens a gate to the Astral Plane. The gate originates where the one item was placed inside the other. Any creature within 10 feet of the gate and not behind {@variantrule Cover|XPHB|Total Cover} is sucked through it and deposited in a random location on the Astral Plane. The gate then closes. The gate is one-way only and can't be reopened.""]",,,,
Portable Ram,XPHB,G|XPHB,False,none,35,400,,"[""You can use a Portable Ram to break down doors. When doing so, you gain a +4 bonus to the Strength check. One other character can help you use the ram, giving you {@variantrule Advantage|XPHB} on this check.""]",,,,
Potion of Acid Resistance,XDMG,P|XPHB,False,uncommon,0.5,,,"[""{#itemEntry Potion of Resistance|XDMG}""]",,,,
Potion of Animal Friendship,XDMG,P|XPHB,False,uncommon,0.5,,,"[""When you drink this potion, you can cast the level 3 version of the {@spell Animal Friendship|XPHB} spell (save {@dc 13})."", ""Agitating this potion's muddy liquid brings little bits into view: a fish scale, a hummingbird feather, a cat claw, or a squirrel hair.""]",,,,
Potion of Clairvoyance,XDMG,P|XPHB,False,rare,0.5,,,"[""When you drink this potion, you gain the effect of the {@spell Clairvoyance|XPHB} spell (no {@status Concentration|XPHB} required)."", ""An eyeball bobs in this potion's yellowish liquid but vanishes when the potion is opened.""]",,,,
Potion of Climbing,XDMG,P|XPHB,False,common,0.5,,,"[""When you drink this potion, you gain a {@variantrule Climb Speed|XPHB} equal to your {@variantrule Speed|XPHB} for 1 hour. During this time, you have {@variantrule Advantage|XPHB} on Strength ({@skill Athletics|XPHB}) checks to climb."", ""This potion is separated into brown, silver, and gray layers resembling bands of stone. Shaking the bottle fails to mix the colors.""]",,,,
Potion of Cloud Giant Strength,XDMG,P|XPHB,False,very rare,0.5,,,"[""When you drink this potion, your Strength score changes to 27 for 1 hour. The potion has no effect on you if your Strength is equal to or greater than that score."", ""This potion's transparent liquid has floating in it a sliver of fingernail from a cloud giant.""]",,,,
Potion of Cold Resistance,XDMG,P|XPHB,False,uncommon,0.5,,,"[""{#itemEntry Potion of Resistance|XDMG}""]",,,,
Potion of Diminution,XDMG,P|XPHB,False,rare,0.5,,,"[""When you drink this potion, you gain the \""reduce\"" effect of the {@spell Enlarge/Reduce|XPHB} spell for {@dice 1d4} hours (no {@status Concentration|XPHB} required)."", ""The red in the potion's liquid continuously contracts to a tiny bead and then expands to color the clear liquid around it. Shaking the bottle fails to interrupt this process.""]",,,,
Potion of Fire Giant Strength,XDMG,P|XPHB,False,rare,0.5,,,"[""When you drink this potion, your Strength score changes to 25 for 1 hour. The potion has no effect on you if your Strength is equal to or greater than that score."", ""This potion's transparent liquid has floating in it a sliver of fingernail from a fire giant.""]",,,,
Potion of Fire Resistance,XDMG,P|XPHB,False,uncommon,0.5,,,"[""{#itemEntry Potion of Resistance|XDMG}""]",,,,
Potion of Flying,XDMG,P|XPHB,False,very rare,0.5,,,"[""When you drink this potion, you gain a {@variantrule Fly Speed|XPHB} equal to your {@variantrule Speed|XPHB} for 1 hour and can hover. If you're in the air when the potion wears off, you fall unless you have some other means of staying aloft."", ""This potion's clear liquid floats at the top of its container and has cloudy white impurities drifting in it.""]",,,,
Potion of Force Resistance,XDMG,P|XPHB,False,uncommon,0.5,,,"[""{#itemEntry Potion of Resistance|XDMG}""]",,,,
Potion of Frost Giant Strength,XDMG,P|XPHB,False,rare,0.5,,,"[""When you drink this potion, your Strength score changes to 23 for 1 hour. The potion has no effect on you if your Strength is equal to or greater than that score."", ""This potion's transparent liquid has floating in it a sliver of fingernail from a frost giant.""]",,,,
Potion of Gaseous Form,XDMG,P|XPHB,False,rare,0.5,,,"[""When you drink this potion, you gain the effect of the {@spell Gaseous Form|XPHB} spell for 1 hour (no {@status Concentration|XPHB} required) or until you end the effect as a {@variantrule Bonus Action|XPHB}."", ""This potion's container seems to hold fog that moves and pours like water.""]",,,,
Potion of Greater Healing,XDMG,P|XPHB,False,uncommon,0.5,,,"[""You regain {@dice 4d4 + 4} {@variantrule Hit Points|XPHB} when you drink this potion. The potion's red liquid glimmers when agitated.""]",,,,
Potion of Growth,XDMG,P|XPHB,False,uncommon,0.5,,,"[""When you drink this potion, you gain the \""enlarge\"" effect of the {@spell Enlarge/Reduce|XPHB} spell for 10 minutes (no {@status Concentration|XPHB} required)."", ""The red in the potion's liquid continuously expands from a tiny bead to color the clear liquid around it and then contracts. Shaking the bottle fails to interrupt this process.""]",,,,
Potion of Healing,XDMG,P|XPHB,False,common,0.5,5000,,"[""This potion is a magic item. As a {@variantrule Bonus Action|XPHB}, you can drink it or administer it to another creature within 5 feet of yourself. The creature that drinks the magical red fluid in this vial regains {@dice 2d4 + 2} {@variantrule Hit Points|XPHB}. The potion's red liquid glimmers when agitated.""]",,,,
Potion of Heroism,XDMG,P|XPHB,False,rare,0.5,,,"[""When you drink this potion, you gain 10 {@variantrule Temporary Hit Points|XPHB} that last for 1 hour. For the same duration, you are under the effect of the {@spell Bless|XPHB} spell (no {@status Concentration|XPHB} required)."", ""This potion's blue liquid bubbles and steams as if boiling.""]",,,,
Potion of Hill Giant Strength,XDMG,P|XPHB,False,uncommon,0.5,,,"[""When you drink this potion, your Strength score changes to 21 for 1 hour. The potion has no effect on you if your Strength is equal to or greater than that score."", ""This potion's transparent liquid has floating in it a sliver of fingernail from a hill giant.""]",,,,
Potion of Invisibility,XDMG,P|XPHB,False,rare,0.5,,,"[""This potion's container looks empty but feels as though it holds liquid. When you drink the potion, you have the {@condition Invisible|XPHB} condition for 1 hour. The effect ends early if you make an attack roll, deal damage, or cast a spell.""]",,,,
Potion of Invulnerability,XDMG,P|XPHB,False,rare,0.5,,,"[""For 1 minute after you drink this potion, you have {@variantrule Resistance|XPHB} to all damage."", ""This potion's syrupy liquid looks like liquefied iron.""]",,,,
Potion of Lightning Resistance,XDMG,P|XPHB,False,uncommon,0.5,,,"[""{#itemEntry Potion of Resistance|XDMG}""]",,,,
Potion of Longevity,XDMG,P|XPHB,False,very rare,0.5,,,"[""When you drink this potion, your physical age is reduced by {@dice 1d6 + 6} years, to a minimum of 13 years. Each time you subsequently drink a Potion of Longevity, there is 10 percent cumulative chance that you instead age by {@dice 1d6 + 6} years."", ""Suspended in this amber liquid is a tiny heart that, against all reason, is still beating. These ingredients vanish when the potion is opened.""]",,,,
Potion of Mind Reading,XDMG,P|XPHB,False,rare,0.5,,,"[""When you drink this potion, you gain the effect of the {@spell Detect Thoughts|XPHB} spell (save {@dc 13}) for 10 minutes (no {@status Concentration|XPHB} required)."", ""This potion's dense, purple liquid has an ovoid cloud of pink floating in it.""]",,,,
Potion of Necrotic Resistance,XDMG,P|XPHB,False,uncommon,0.5,,,"[""{#itemEntry Potion of Resistance|XDMG}""]",,,,
Potion of Poison,XDMG,P|XPHB,False,uncommon,0.5,,,"[""This concoction looks, smells, and tastes like a {@item Potion of Healing|XDMG} or another beneficial potion. However, it is actually poison masked by illusion magic. {@spell Identify|XPHB} reveals its true nature."", ""If you drink this potion, you take {@damage 4d6} Poison damage and must succeed on a {@dc 13} Constitution saving throw or have the {@condition Poisoned|XPHB} condition for 1 hour.""]",,,,
Potion of Poison Resistance,XDMG,P|XPHB,False,uncommon,0.5,,,"[""{#itemEntry Potion of Resistance|XDMG}""]",,,,
Potion of Psychic Resistance,XDMG,P|XPHB,False,uncommon,0.5,,,"[""{#itemEntry Potion of Resistance|XDMG}""]",,,,
Potion of Radiant Resistance,XDMG,P|XPHB,False,uncommon,0.5,,,"[""{#itemEntry Potion of Resistance|XDMG}""]",,,,
Potion of Speed,XDMG,P|XPHB,False,very rare,0.5,,,"[""When you drink this potion, you gain the effect of the {@spell Haste|XPHB} spell for 1 minute (no {@status Concentration|XPHB} required) without suffering the wave of lethargy that typically occurs when the effect ends."", ""This potion's yellow fluid is streaked with black and swirls on its own.""]",,,,
Potion of Stone Giant Strength,XDMG,P|XPHB,False,rare,0.5,,,"[""When you drink this potion, your Strength score changes to 23 for 1 hour. The potion has no effect on you if your Strength is equal to or greater than that score."", ""This potion's transparent liquid has floating in it a sliver of fingernail from a stone giant.""]",,,,
Potion of Storm Giant Strength,XDMG,P|XPHB,False,legendary,0.5,,,"[""When you drink this potion, your Strength score changes to 29 for 1 hour. The potion has no effect on you if your Strength is equal to or greater than that score."", ""This potion's transparent liquid has floating in it a sliver of fingernail from a storm giant.""]",,,,
Potion of Superior Healing,XDMG,P|XPHB,False,rare,0.5,,,"[""You regain {@dice 8d4 + 8} {@variantrule Hit Points|XPHB} when you drink this potion. The potion's red liquid glimmers when agitated.""]",,,,
Potion of Supreme Healing,XDMG,P|XPHB,False,very rare,0.5,,,"[""You regain {@dice 10d4 + 20} {@variantrule Hit Points|XPHB} when you drink this potion. The potion's red liquid glimmers when agitated.""]",,,,
Potion of Thunder Resistance,XDMG,P|XPHB,False,uncommon,0.5,,,"[""{#itemEntry Potion of Resistance|XDMG}""]",,,,
Potion of Vitality,XDMG,P|XPHB,False,very rare,0.5,,,"[""When you drink this potion, it removes any {@condition Exhaustion|XPHB} levels you have and ends the {@condition Poisoned|XPHB} condition on you. For the next 24 hours, you regain the maximum number of {@variantrule Hit Points|XPHB} for any {@variantrule Hit Point Dice|XPHB|Hit Point Die} you spend."", ""This potion's crimson liquid regularly pulses with dull light, calling to mind a heartbeat.""]",,,,
Potion of Water Breathing,XDMG,P|XPHB,False,uncommon,0.5,,,"[""You can breathe underwater for 24 hours after drinking this potion."", ""This potion's cloudy green fluid smells of the sea and has a jellyfish-like bubble floating in it.""]",,,,
Pouch,XPHB,G|XPHB,False,none,1,50,,"[""A Pouch holds up to 6 pounds within one-fifth of a cubic foot.""]",,,,
Priest's Pack,XPHB,G|XPHB,False,none,29,3300,,"[""A Priest's Pack contains the following items: {@item Backpack|XPHB}, {@item Blanket|XPHB}, {@item Holy Water|XPHB}, {@item Lamp|XPHB}, 7 days of {@item Rations|XPHB}, {@item Robe|XPHB}, and {@item Tinderbox|XPHB}.""]",,,,
Purple Worm Poison,XDMG,G|XPHB,False,none,,200000,,"[""A creature subjected to Purple Worm Poison makes a {@dc 21} Constitution saving throw, taking 35 ({@damage 10d6}) Poison damage on a failed save or half as much damage on a successful one.""]",,,,
"Quaal's Feather Token, Anchor",XDMG,,False,uncommon,,,,"[""This object looks like a feather."", ""You can take a {@action Magic|XPHB} action to touch the token to a boat or ship. For the next 24 hours, the vessel can't be moved by any means. Touching the token to the vessel again ends the effect. When the effect ends, the token disappears.""]",,,,
"Quaal's Feather Token, Bird",XDMG,,False,rare,,,,"[""This object looks like a feather."", ""You can take a {@action Magic|XPHB} action to toss the token 5 feet into the air. The token disappears and an enormous, multicolored bird takes its place. The bird has the statistics of a {@creature Roc|XMM}, but it can't attack. It obeys your simple commands and can carry up to 500 pounds while flying at its maximum speed (16 miles per hour for a maximum of 144 miles per day, with a 1-hour rest for every 3 hours of flying) or 1,000 pounds at half that speed. The bird disappears after flying its maximum distance for a day or if it drops to 0 {@variantrule Hit Points|XPHB}. You can dismiss the bird as a {@action Magic|XPHB} action.""]",,,,
"Quaal's Feather Token, Fan",XDMG,,False,uncommon,,,,"[""This object looks like a feather."", ""If you are on a boat or ship, you can take a {@action Magic|XPHB} action to toss the token up to 10 feet in the air. The token disappears, and a giant flapping fan takes its place. The fan floats and creates a strong wind. This wind can fill the sails of one ship, increasing its speed by 5 miles per hour for 8 hours. You can dismiss the fan as a {@action Magic|XPHB} action.""]",,,,
"Quaal's Feather Token, Swan Boat",XDMG,,False,rare,,,,"[""This object looks like a feather."", ""You can take a {@action Magic|XPHB} action to touch the token to a body of water at least 60 feet in diameter. The token disappears, and a 50-foot-long, 20-foot-wide boat shaped like a swan takes its place. The boat is self-propelled and moves across water at a speed of 6 miles per hour. You can take a {@action Magic|XPHB} action while on the boat to command it to move or to turn up to 90 degrees. The boat remains for 24 hours and then disappears. You can dismiss the boat as a {@action Magic|XPHB} action.""]",,,,
"Quaal's Feather Token, Tree",XDMG,,False,uncommon,,,,"[""This object looks like a feather."", ""You must be outdoors to use this token. You can take a {@action Magic|XPHB} action to touch it to an unoccupied space on the ground. The token disappears, and in its place a nonmagical oak tree springs into existence. The tree is 60 feet tall and has a 5-foot-diameter trunk, and its branches at the top spread out in a 20-foot radius.""]",,,,
"Quaal's Feather Token, Whip",XDMG,,False,rare,,,,"[""This object looks like a feather."", ""You can take a {@action Magic|XPHB} action to throw the token to a point within 10 feet of yourself. The token disappears, and a floating whip takes its place. You can then take a {@variantrule Bonus Action|XPHB} to make a melee spell attack against a creature within 10 feet of the whip, with an attack bonus of +9. On a hit, the target takes {@damage 1d6 + 5} Force damage."", ""As a {@variantrule Bonus Action|XPHB}, you can direct the whip to fly up to 20 feet and repeat the attack against a creature within 10 feet of the whip. The whip disappears after 1 hour, when you take a {@action Magic|XPHB} action to dismiss it, or when you die or have the {@condition Incapacitated|XPHB} condition.""]",,,,
Quarterstaff of the Acrobat,XDMG,M|XPHB,False,very rare,4,,true,"[""You have a +2 bonus to attack rolls and damage rolls made with this magic weapon."", ""While holding this weapon, you can cause it to emit green {@variantrule Dim Light|XPHB} out to 10 feet, either as a {@variantrule Bonus Action|XPHB} or after you roll {@variantrule Initiative|XPHB}, or you can extinguish the light as a {@variantrule Bonus Action|XPHB}."", ""While holding this weapon, you can take a {@variantrule Bonus Action|XPHB} to alter its form, turning it into a 6-inch rod (for ease of storage) or a 10-foot pole, or reverting it a Quarterstaff; the weapon will elongate only as far as the surrounding space allows."", ""In certain forms, the weapon has the following additional properties."", {""type"": ""entries"", ""name"": ""Acrobatic Assist (Quarterstaff and 10-Foot Pole Forms Only)"", ""entries"": [""While holding this weapon, you have {@variantrule Advantage|XPHB} on Dexterity ({@skill Acrobatics|XPHB}) checks.""]}, {""type"": ""entries"", ""name"": ""Attack Deflection (Quarterstaff Form Only)"", ""entries"": [""When you are hit by an attack while holding the weapon, you can take a {@variantrule Reaction|XPHB} to twirl the weapon around you, gaining a +5 bonus to your {@variantrule Armor Class|XPHB} against the triggering attack, potentially causing the attack to miss you. You can't use this property again until you finish a {@variantrule Short Rest|XPHB|Short} or {@variantrule Long Rest|XPHB}.""]}, {""type"": ""entries"", ""name"": ""Ranged Weapon (Quarterstaff Form Only)"", ""entries"": [""This weapon has {@itemProperty T|XPHB|Thrown} with a normal range of 30 feet and a long range of 120 feet. Immediately after you make a ranged attack with the weapon, it flies back to your hand.""]}]","[""T|XPHB"", ""V|XPHB""]",1d6,B,
Quiver,XPHB,G|XPHB,False,none,1,100,,"[""A Quiver holds up to 20 Arrows.""]",,,,
Quiver of Ehlonna,XDMG,,False,uncommon,2,,,"[""Each of the quiver's three compartments connects to an extradimensional space that allows the quiver to hold numerous items while never weighing more than 2 pounds. The shortest compartment can hold up to 60 {@item Arrow|XPHB|Arrows}, {@item Bolt|XPHB|Bolts}, or similar objects. The midsize compartment holds up to 18 {@item Javelin|XPHB|Javelins} or similar objects. The longest compartment holds up to 6 long objects, such as bows, {@item Quarterstaff|XPHB|Quarterstaff's}, or {@item Spear|XPHB|Spears}."", ""You can draw any item the quiver contains as if doing so from a regular quiver or scabbard.""]",,,,
Rations,XPHB,G|XPHB,False,none,2,50,,"[""Rations consist of travel-ready food, including jerky, dried fruit, hardtack, and nuts. See \""{@hazard Malnutrition|XPHB}\"" for the risks of not eating.""]",,,,
Red Dragon Scale Mail,XDMG,MA|XPHB,False,very rare,45,,true,"[""{#itemEntry Dragon Scale Mail|XDMG}""]",,,,14
Reliquary,XPHB,SCF|XPHB,False,none,2,500,,"[""For a Reliquary to be an effective Holy Symbol, it must be held.""]",,,,
Riding Horse,XPHB,MNT|XPHB,False,none,,7500,,,,,,
Riding Saddle,XPHB,TAH|XPHB,False,none,25,1000,,"[""A saddle comes with a bit, a bridle, reins, and any other equipment needed to use the saddle.""]",,,,
Ring of Acid Resistance,XDMG,RG|XDMG,False,rare,,,,"[""{#itemEntry Ring of Resistance|XDMG}""]",,,,
Ring of Animal Influence,XDMG,RG|XDMG,False,rare,,,,"[""This ring has 3 charges, and it regains {@dice 1d3} expended charges daily at dawn. While wearing the ring, you can expend 1 charge to cast one of the following spells (save {@dc 13}) from it:"", {""type"": ""list"", ""items"": [""{@spell Animal Friendship|XPHB}"", ""{@spell Fear|XPHB} (affects Beasts only)"", ""{@spell Speak with Animals|XPHB}""]}]",,,,
Ring of Cold Resistance,XDMG,RG|XDMG,False,rare,,,,"[""{#itemEntry Ring of Resistance|XDMG}""]",,,,
Ring of Djinni Summoning,XDMG,RG|XDMG,False,legendary,,,true,"[""While wearing this ring, you can take a {@action Magic|XPHB} action to summon a particular {@creature Djinni|XMM} from the Elemental Plane of Air. The djinni appears in an unoccupied space you choose within 120 feet of yourself. It remains as long as you maintain {@status Concentration|XPHB}, to a maximum of 1 hour, or until it drops to 0 {@variantrule Hit Points|XPHB}."", ""While summoned, the djinni is {@variantrule Friendly [Attitude]|XPHB|Friendly} to you and your allies, and it obeys your commands. If you fail to command it, the djinni defends itself against attackers but takes no other actions."", ""After the djinni departs, it can't be summoned again for 24 hours, and the ring becomes nonmagical if the djinni dies."", ""Rings of Djinni Summoning are often created by the djinn they summon and given to mortals as gifts of friendship or tokens of esteem.""]",,,,
Ring of Elemental Command (Air),XDMG,RG|XDMG,False,legendary,,,true,"[""The Ring of Elemental Command (air) is linked to the Elemental Plane of Air. Every Ring of Elemental Command has the following two properties:"", {""type"": ""list"", ""items"": [{""type"": ""item"", ""name"": ""Elemental Bane"", ""entries"": [""While wearing the ring, you have {@variantrule Advantage|XPHB} on attack rolls against Elementals and they have {@variantrule Disadvantage|XPHB} on attack rolls against you.""]}, {""type"": ""item"", ""name"": ""Elemental Compulsion"", ""entries"": [""While wearing the ring, you can take a {@action Magic|XPHB} action to try to compel an Elemental you see within 60 feet of yourself. The Elemental makes a {@dc 18} Wisdom saving throw. On a failed save, the Elemental has the {@condition Charmed|XPHB} condition until the start your next turn, and you determine what it does with its move and action on its next turn.""]}]}, {""type"": ""entries"", ""name"": ""Elemental Focus"", ""entries"": [""While wearing the ring, you benefit from additional properties corresponding to the ring's linked Elemental Plane:"", {""type"": ""list"", ""style"": ""list-hang-notitle"", ""items"": [{""type"": ""item"", ""name"": ""Air"", ""entries"": [""You know Auran, you have {@variantrule Resistance|XPHB} to Lightning damage, and you have a {@variantrule Fly Speed|XPHB} equal to your {@variantrule Speed|XPHB} and can hover.""]}]}]}, {""type"": ""entries"", ""name"": ""Spellcasting"", ""entries"": [""The ring has 5 charges and regains {@dice 1d4 + 1} expended charges daily at dawn. While wearing the ring, you can cast a spell from it. A spell cast from the ring has a save DC of 18. Choose the spell from the following list: {@spell Chain Lightning|XPHB} (3 charges), {@spell Feather Fall|XPHB} (0 charges), {@spell Gust of Wind|XPHB} (2 charges), {@spell Wind Wall|XPHB} (1 charge)""]}]",,,,
Ring of Elemental Command (Earth),XDMG,RG|XDMG,False,legendary,,,true,"[""The Ring of Elemental Command (earth) is linked to the Elemental Plane of Earth. Every Ring of Elemental Command has the following two properties:"", {""type"": ""list"", ""items"": [{""type"": ""item"", ""name"": ""Elemental Bane"", ""entries"": [""While wearing the ring, you have {@variantrule Advantage|XPHB} on attack rolls against Elementals and they have {@variantrule Disadvantage|XPHB} on attack rolls against you.""]}, {""type"": ""item"", ""name"": ""Elemental Compulsion"", ""entries"": [""While wearing the ring, you can take a {@action Magic|XPHB} action to try to compel an Elemental you see within 60 feet of yourself. The Elemental makes a {@dc 18} Wisdom saving throw. On a failed save, the Elemental has the {@condition Charmed|XPHB} condition until the start your next turn, and you determine what it does with its move and action on its next turn.""]}]}, {""type"": ""entries"", ""name"": ""Elemental Focus"", ""entries"": [""While wearing the ring, you benefit from additional properties corresponding to the ring's linked Elemental Plane:"", {""type"": ""list"", ""style"": ""list-hang-notitle"", ""items"": [{""type"": ""item"", ""name"": ""Earth"", ""entries"": [""You know Terran, and you have {@variantrule Resistance|XPHB} to Acid damage. Terrain composed of rubble, rocks, or dirt isn't {@variantrule Difficult Terrain|XPHB} for you. In addition, you can move through solid earth or rock as if those areas were {@variantrule Difficult Terrain|XPHB} without disturbing the matter through which you pass. If you end your turn in solid earth or rock, you are shunted out to the nearest unoccupied space you last occupied.""]}]}]}, {""type"": ""entries"", ""name"": ""Spellcasting"", ""entries"": [""The ring has 5 charges and regains {@dice 1d4 + 1} expended charges daily at dawn. While wearing the ring, you can cast a spell from it. A spell cast from the ring has a save DC of 18. Choose the spell from the following list: {@spell Earthquake|XPHB} (5 charges), {@spell Stone Shape|XPHB} (2 charges), {@spell Stoneskin|XPHB} (3 charges), {@spell Wall of Stone|XPHB} (3 charges)""]}]",,,,
Ring of Elemental Command (Fire),XDMG,RG|XDMG,False,legendary,,,true,"[""The Ring of Elemental Command (fire) is linked to the Elemental Plane of Fire. Every Ring of Elemental Command has the following two properties:"", {""type"": ""list"", ""items"": [{""type"": ""item"", ""name"": ""Elemental Bane"", ""entries"": [""While wearing the ring, you have {@variantrule Advantage|XPHB} on attack rolls against Elementals and they have {@variantrule Disadvantage|XPHB} on attack rolls against you.""]}, {""type"": ""item"", ""name"": ""Elemental Compulsion"", ""entries"": [""While wearing the ring, you can take a {@action Magic|XPHB} action to try to compel an Elemental you see within 60 feet of yourself. The Elemental makes a {@dc 18} Wisdom saving throw. On a failed save, the Elemental has the {@condition Charmed|XPHB} condition until the start your next turn, and you determine what it does with its move and action on its next turn.""]}]}, {""type"": ""entries"", ""name"": ""Elemental Focus"", ""entries"": [""While wearing the ring, you benefit from additional properties corresponding to the ring's linked Elemental Plane:"", {""type"": ""list"", ""style"": ""list-hang-notitle"", ""items"": [{""type"": ""item"", ""name"": ""Fire"", ""entries"": [""You know Ignan, and you have {@variantrule Immunity|XPHB} to Fire damage.""]}]}]}, {""type"": ""entries"", ""name"": ""Spellcasting"", ""entries"": [""The ring has 5 charges and regains {@dice 1d4 + 1} expended charges daily at dawn. While wearing the ring, you can cast a spell from it. A spell cast from the ring has a save DC of 18. Choose the spell from the following list: {@spell Burning Hands|XPHB} (1 charge), {@spell Fireball|XPHB} (2 charges), {@spell Fire Storm|XPHB} (4 charges), {@spell Wall of Fire|XPHB} (3 charges)""]}]",,,,
Ring of Elemental Command (Water),XDMG,RG|XDMG,False,legendary,,,true,"[""The Ring of Elemental Command (water) is linked to the Elemental Plane of Water. Every Ring of Elemental Command has the following two properties:"", {""type"": ""list"", ""items"": [{""type"": ""item"", ""name"": ""Elemental Bane"", ""entries"": [""While wearing the ring, you have {@variantrule Advantage|XPHB} on attack rolls against Elementals and they have {@variantrule Disadvantage|XPHB} on attack rolls against you.""]}, {""type"": ""item"", ""name"": ""Elemental Compulsion"", ""entries"": [""While wearing the ring, you can take a {@action Magic|XPHB} action to try to compel an Elemental you see within 60 feet of yourself. The Elemental makes a {@dc 18} Wisdom saving throw. On a failed save, the Elemental has the {@condition Charmed|XPHB} condition until the start your next turn, and you determine what it does with its move and action on its next turn.""]}]}, {""type"": ""entries"", ""name"": ""Elemental Focus"", ""entries"": [""While wearing the ring, you benefit from additional properties corresponding to the ring's linked Elemental Plane:"", {""type"": ""list"", ""style"": ""list-hang-notitle"", ""items"": [{""type"": ""item"", ""name"": ""Water"", ""entries"": [""You know Aquan, you gain a {@variantrule Swim Speed|XPHB} of 60 feet, and you can breathe underwater.""]}]}]}, {""type"": ""entries"", ""name"": ""Spellcasting"", ""entries"": [""The ring has 5 charges and regains {@dice 1d4 + 1} expended charges daily at dawn. While wearing the ring, you can cast a spell from it. A spell cast from the ring has a save DC of 18. Choose the spell from the following list: {@spell Create or Destroy Water|XPHB} (1 charge), {@spell Ice Storm|XPHB} (2 charges), {@spell Tsunami|XPHB} (5 charges), {@spell Wall of Ice|XPHB} (3 charges), {@spell Water Walk|XPHB} (2 charges)""]}]",,,,
Ring of Evasion,XDMG,RG|XDMG,False,rare,,,true,"[""This ring has 3 charges, and it regains {@dice 1d3} expended charges daily at dawn. When you fail a Dexterity saving throw while wearing the ring, you can take a {@variantrule Reaction|XPHB} to expend 1 charge to succeed on that save instead.""]",,,,
Ring of Feather Falling,XDMG,RG|XDMG,False,rare,,,true,"[""When you fall while wearing this ring, you descend 60 feet per round and take no damage from falling.""]",,,,
Ring of Fire Resistance,XDMG,RG|XDMG,False,rare,,,,"[""{#itemEntry Ring of Resistance|XDMG}""]",,,,
Ring of Force Resistance,XDMG,RG|XDMG,False,rare,,,,"[""{#itemEntry Ring of Resistance|XDMG}""]",,,,
Ring of Free Action,XDMG,RG|XDMG,False,rare,,,true,"[""While you wear this ring, {@variantrule Difficult Terrain|XPHB} doesn't cost you extra movement. In addition, magic can neither reduce any of your Speeds nor cause you to have the {@condition Paralyzed|XPHB} or {@condition Restrained|XPHB} condition.""]",,,,
Ring of Invisibility,XDMG,RG|XDMG,False,legendary,,,true,"[""While wearing this ring, you can take a {@action Magic|XPHB} action to give yourself the {@condition Invisible|XPHB} condition. You remain {@condition Invisible|XPHB} until the ring is removed or until you take a {@variantrule Bonus Action|XPHB} to become visible again.""]",,,,
Ring of Jumping,XDMG,RG|XDMG,False,uncommon,,,true,"[""While wearing this ring, you can cast {@spell Jump|XPHB} from it, but can target only yourself when you do so.""]",,,,
Ring of Lightning Resistance,XDMG,RG|XDMG,False,rare,,,,"[""{#itemEntry Ring of Resistance|XDMG}""]",,,,
Ring of Mind Shielding,XDMG,RG|XDMG,False,uncommon,,,true,"[""While wearing this ring, you are immune to magic that allows other creatures to read your thoughts, determine whether you are lying, know your alignment, or know your creature type. Creatures can telepathically communicate with you only if you allow it."", ""You can take a {@action Magic|XPHB} action to cause the ring to become imperceptible until you take another {@action Magic|XPHB} action to make it perceptible, until you remove the ring, or until you die."", ""If you die while wearing the ring, your soul enters it, unless it already houses a soul. You can remain in the ring or depart for the afterlife. As long as your soul is in the ring, you can telepathically communicate with any creature wearing it. A wearer can't prevent this telepathic communication.""]",,,,
Ring of Necrotic Resistance,XDMG,RG|XDMG,False,rare,,,,"[""{#itemEntry Ring of Resistance|XDMG}""]",,,,
Ring of Poison Resistance,XDMG,RG|XDMG,False,rare,,,,"[""{#itemEntry Ring of Resistance|XDMG}""]",,,,
Ring of Protection,XDMG,RG|XDMG,False,rare,,,true,"[""You gain a +1 bonus to {@variantrule Armor Class|XPHB} and saving throws while wearing this ring.""]",,,,
Ring of Psychic Resistance,XDMG,RG|XDMG,False,rare,,,,"[""{#itemEntry Ring of Resistance|XDMG}""]",,,,
Ring of Radiant Resistance,XDMG,RG|XDMG,False,rare,,,,"[""{#itemEntry Ring of Resistance|XDMG}""]",,,,
Ring of Regeneration,XDMG,RG|XDMG,False,very rare,,,true,"[""While wearing this ring, you regain {@dice 1d6} {@variantrule Hit Points|XPHB} every 10 minutes if you have at least 1 {@variantrule Hit Points|XPHB|Hit Point}. If you lose a body part, the ring causes the missing part to regrow and return to full functionality after {@dice 1d6 + 1} days if you have at least 1 {@variantrule Hit Points|XPHB|Hit Point} the whole time.""]",,,,
Ring of Shooting Stars,XDMG,RG|XDMG,False,very rare,,,true,"[""You can cast {@spell Dancing Lights|XPHB} or {@spell Light|XPHB} from the ring."", ""The ring has 6 charges and regains {@dice 1d6} expended charges daily at dawn. You can expend its charges to use the properties below."", {""type"": ""entries"", ""name"": ""Faerie Fire"", ""entries"": [""You can expend 1 charge to cast {@spell Faerie Fire|XPHB} from the ring.""]}, {""type"": ""entries"", ""name"": ""Lightning Spheres"", ""entries"": [""You can expend 2 charges as a {@action Magic|XPHB} action to create up to four 3-foot-diameter spheres of lightning."", ""Each sphere appears in an unoccupied space you can see within 120 feet of yourself. The spheres last as long as you maintain {@status Concentration|XPHB}, up to 1 minute. Each sphere sheds {@variantrule Dim Light|XPHB} in a 30-foot radius."", ""As a {@variantrule Bonus Action|XPHB}, you can move each sphere up to 30 feet, but no farther than 120 feet away from yourself. The first time the sphere comes within 5 feet of a creature other than you that isn't behind {@variantrule Cover|XPHB|Total Cover}, the sphere discharges lightning at that creature and disappears. That creature makes a {@dc 15} Dexterity saving throw. On a failed save, the creature takes Lightning damage based on the number of spheres you created, as shown in the following table. On a successful save, the creature takes half as much damage."", {""type"": ""table"", ""colStyles"": [""col-2 text-center"", ""col-10""], ""colLabels"": [""Number of Spheres"", ""Lightning Damage""], ""rows"": [[""1"", ""{@damage 4d12}""], [""2"", ""{@damage 5d4}""], [""3"", ""{@damage 2d6}""], [""4"", ""{@damage 2d4}""]]}]}, {""type"": ""entries"", ""name"": ""Shooting Stars"", ""entries"": [""You can expend 1 to 3 charges as a {@action Magic|XPHB} action. For every charge you expend, you launch a glowing mote of light from the ring at a point you can see within 60 feet of yourself. Each creature in a 15-foot {@variantrule Cube [Area of Effect]|XPHB|Cube} originating from that point is showered in sparks and makes a {@dc 15} Dexterity saving throw, taking {@damage 5d4} Radiant damage on a failed save or half as much damage on a successful one.""]}]",,,,
Ring of Spell Storing,XDMG,RG|XDMG,False,rare,,,true,"[""This ring stores spells cast into it, holding them until the attuned wearer uses them. The ring can store up to 5 levels worth of spells at a time. When found, it contains {@dice 1d6 - 1} levels of stored spells chosen by the DM."", ""Any creature can cast a spell of level 1 through 5 into the ring by touching the ring as the spell is cast. The spell has no effect other than to be stored in the ring. If the ring can't hold the spell, the spell is expended without effect. The level of the slot used to cast the spell determines how much space it uses."", ""While wearing this ring, you can cast any spell stored in it. The spell uses the slot level, spell save DC, spell attack bonus, and spellcasting ability of the original caster but is otherwise treated as if you cast the spell. The spell cast from the ring is no longer stored in it, freeing up space.""]",,,,
Ring of Spell Turning,XDMG,RG|XDMG,False,legendary,,,true,"[""While wearing this ring, you have {@variantrule Advantage|XPHB} on saving throws against spells. If you succeed on the save for a spell of level 7 or lower, the spell has no effect on you. If that spell targeted only you and didn't create an area of effect, you can take a {@variantrule Reaction|XPHB} to deflect the spell back at the spell's caster; the caster must make a saving throw against the spell using their own spell save DC.""]",,,,
Ring of Swimming,XDMG,RG|XDMG,False,uncommon,,,,"[""You have a {@variantrule Swim Speed|XPHB} of 40 feet while wearing this ring.""]",,,,
Ring of Telekinesis,XDMG,RG|XDMG,False,very rare,,,true,"[""While wearing this ring, you can cast {@spell Telekinesis|XPHB} from it.""]",,,,
Ring of the Ram,XDMG,RG|XDMG,False,rare,,,true,"[""This ring has 3 charges and regains {@dice 1d3} expended charges daily at dawn. While wearing the ring, you can take a {@action Magic|XPHB} action to expend 1 to 3 charges to make a ranged spell attack against one creature you can see within 60 feet of yourself. The ring produces a spectral ram's head and makes its attack roll with a +7 bonus. On a hit, for each charge you spend, the target takes {@damage 2d10} Force damage and is pushed 5 feet away from you."", ""Alternatively, you can expend 1 to 3 of the ring's charges as a {@action Magic|XPHB} action to try to break a nonmagical object you can see within 60 feet of yourself that isn't being worn or carried. The ring makes a Strength check with a +5 bonus for each charge you spend.""]",,,,
Ring of Three Wishes,XDMG,RG|XDMG,False,legendary,,,,"[""While wearing this ring, you can expend 1 of its 3 charges to cast {@spell Wish|XPHB} from it. The ring becomes nonmagical when you use the last charge.""]",,,,
Ring of Thunder Resistance,XDMG,RG|XDMG,False,rare,,,,"[""{#itemEntry Ring of Resistance|XDMG}""]",,,,
Ring of Warmth,XDMG,RG|XDMG,False,uncommon,,,true,"[""If you take Cold damage while wearing this ring, the ring reduces the damage you take by {@dice 2d8}."", ""In addition, while wearing this ring, you and everything you wear and carry are unharmed by temperatures of 0 degrees Fahrenheit or lower.""]",,,,
Ring of Water Walking,XDMG,RG|XDMG,False,uncommon,,,,"[""While wearing this ring, you cast {@spell Water Walk|XPHB} from it, targeting only yourself.""]",,,,
Ring of X-ray Vision,XDMG,RG|XDMG,False,rare,,,true,"[""While wearing this ring, you can take a {@action Magic|XPHB} action to gain X-ray vision with a range of 30 feet for 1 minute. To you, solid objects within that radius appear transparent and don't prevent light from passing through them. The vision can penetrate 1 foot of stone, 1 inch of common metal, or up to 3 feet of wood or dirt. Thicker substances or a thin sheet of lead block the vision."", ""Whenever you use the ring again before taking a {@variantrule Long Rest|XPHB}, you must succeed on a {@dc 15} Constitution saving throw or gain 1 {@condition Exhaustion|XPHB} level.""]",,,,
Robe,XPHB,G|XPHB,False,none,4,100,,"[""A Robe has vocational or ceremonial significance. Some events and locations admit only people wearing a Robe bearing certain colors or symbols.""]",,,,
Robe of Eyes,XDMG,,False,rare,,,true,"[""This robe is adorned with eyelike patterns. While you wear the robe, you gain the following benefits:"", {""type"": ""list"", ""style"": ""list-hang-notitle"", ""items"": [{""type"": ""item"", ""name"": ""All-Around Vision"", ""entries"": [""The robe gives you {@variantrule Advantage|XPHB} on Wisdom ({@skill Perception|XPHB}) checks that rely on sight.""]}, {""type"": ""item"", ""name"": ""Special Senses"", ""entries"": [""You have {@sense Darkvision|XPHB} and {@sense Truesight|XPHB}, both with a range of 120 feet.""]}]}, {""type"": ""entries"", ""name"": ""Drawbacks"", ""entries"": [""A {@spell Light|XPHB} spell cast on the robe or a {@spell Daylight|XPHB} spell cast within 5 feet of the robe gives you the {@condition Blinded|XPHB} condition for 1 minute. At the end of each of your turns, you make a Constitution saving throw ({@dc 11} for Light or {@dc 15} for Daylight), ending the condition on yourself on a success.""]}]",,,,
Robe of Scintillating Colors,XDMG,,False,very rare,,,true,"[""This robe has 3 charges, and it regains {@dice 1d3} expended charges daily at dawn. While you wear it, you can take a {@action Magic|XPHB} action and expend 1 charge to cause the garment to display a shifting pattern of dazzling hues until the end of your next turn. During this time, the robe sheds {@variantrule Bright Light|XPHB} in a 30-foot radius and {@variantrule Dim Light|XPHB} for an additional 30 feet, and creatures that can see you have {@variantrule Disadvantage|XPHB} on attack rolls against you. Any creature in the {@variantrule Bright Light|XPHB} that can see you when the robe's power is activated must succeed on a {@dc 15} Wisdom saving throw or have the {@condition Stunned|XPHB} condition until the effect ends.""]",,,,
Robe of Stars,XDMG,,False,very rare,,,true,"[""This black or dark-blue robe is embroidered with small white or silver stars. You gain a +1 bonus to saving throws while you wear it."", ""Six stars, located on the robe's upper-front portion, are particularly large. While wearing this robe, you can take a {@action Magic|XPHB} action to remove one of the stars and expend it to cast the level 5 version of {@spell Magic Missile|XPHB}. Daily at dusk, {@dice 1d6} removed stars reappear on the robe."", ""While you wear the robe, you can take a {@action Magic|XPHB} action to enter the Astral Plane along with everything you are wearing and carrying. You remain there until you take a {@action Magic|XPHB} action to return to the plane you were on. You reappear in the last space you occupied or, if that space is occupied, the nearest unoccupied space.""]",,,,
Robe of the Archmagi,XDMG,,False,legendary,,,"by a sorcerer, warlock, or wizard","[""This elegant garment is made from exquisite cloth and adorned with runes."", ""You gain these benefits while wearing the robe."", {""type"": ""entries"", ""name"": ""Armor"", ""entries"": [""If you aren't wearing armor, your base {@variantrule Armor Class|XPHB} is 15 plus your Dexterity modifier.""]}, {""type"": ""entries"", ""name"": ""Magic Resistance"", ""entries"": [""You have {@variantrule Advantage|XPHB} on saving throws against spells and other magical effects.""]}, {""type"": ""entries"", ""name"": ""War Mage"", ""entries"": [""Your spell save DC and spell attack bonus each increase by 2.""]}]",,,,
Robe of Useful Items,XDMG,,False,uncommon,,,,"[""This robe has cloth patches of various shapes and colors covering it. While wearing the robe, you can take a {@action Magic|XPHB} action to detach one of the patches, causing it to become the object or creature it represents. Once the last patch is removed, the robe becomes an ordinary garment."", ""The robe has two of each of the following patches:"", {""type"": ""list"", ""items"": [""{@item Bullseye Lantern|XPHB} (filled and lit)"", ""{@item Dagger|XPHB}"", ""{@item Mirror|XPHB}"", ""{@item Pole|XPHB}"", ""{@item Rope|XPHB} (coiled)"", ""{@item Sack|XPHB}""]}, ""In addition, the robe has {@dice 4d4} other patches. The DM chooses the patches or determines them randomly by rolling on the following table."", {""type"": ""table"", ""colStyles"": [""col-2 text-center"", ""col-10""], ""colLabels"": [""1d100"", ""Patch""], ""rows"": [[""01-08"", ""Bag of 100 GP""], [""09-15"", ""Silver coffer (1 foot long, 6 inches wide and deep) worth 500 GP""], [""16-22"", ""Iron door (up to 10 feet wide and 10 feet high, barred on one side of your choice), which you can place in an opening you can reach; it conforms to fit the opening, attaching and hinging itself""], [""23-30"", ""10 gems worth 100 GP each""], [""31-44"", ""Wooden ladder (24 feet long)""], [""45-51"", ""{@creature Riding Horse|XMM} with a {@item Riding Saddle|XPHB}""], [""52-59"", ""Open pit (a 10-foot {@variantrule Cube [Area of Effect]|XPHB|Cube}), which you can place on the ground within 10 feet of yourself""], [""60-68"", ""4 {@item Potion of Healing|XDMG|Potions of Healing}""], [""69-75"", ""{@item Rowboat|XPHB} (12 feet long)""], [""76-83"", ""{@item Spell Scroll|XDMG} containing one spell of level 1, 2, or 3 (your choice)""], [""84-90"", ""2 {@creature Mastiff|XMM|Mastiffs}""], [""91-96"", ""Window (2 feet by 4 feet, up to 2 feet deep), which you can place on a vertical surface you can reach""], [""97-00"", ""{@item Portable Ram|XPHB}""]]}]",,,,
Rod of Absorption,XDMG,RD|XDMG,False,very rare,2,,true,"[""While holding this rod, you can take a {@variantrule Reaction|XPHB} to absorb a spell that is targeting only you and doesn't create an area of effect. The absorbed spell's effect is canceled, and the spell's energy—not the spell itself—is stored in the rod. The energy has the same level as the spell when it was cast. A canceled spell dissipates with no effect, and any resources used to cast it are wasted. The rod can absorb and store up to 50 levels of energy over the course of its existence. Once the rod absorbs 50 levels of energy, it can't absorb more. If you are targeted by a spell that the rod can't store, the rod has no effect on that spell."", ""When you become attuned to the rod, you know how many levels of energy the rod has absorbed over the course of its existence and how many levels of spell energy it currently has stored."", ""If you are a spellcaster holding the rod, you can convert energy stored in it into spell slots to cast spells you have prepared or know. You can create spell slots only of a level equal to or lower than your own spell slots, up to a maximum of level 5. You use the stored levels in place of your slots but otherwise cast the spell as normal. For example, you can use 3 levels stored in the rod as a level 3 spell slot."", ""A newly found rod typically has {@dice 1d10} levels of spell energy stored in it. A rod that can no longer absorb spell energy and has no energy remaining becomes nonmagical.""]",,,,
Rod of Alertness,XDMG,RD|XDMG,False,very rare,2,,true,"[""This rod has the following properties."", {""type"": ""entries"", ""name"": ""Alertness"", ""entries"": [""While holding the rod, you have {@variantrule Advantage|XPHB} on Wisdom ({@skill Perception|XPHB}) checks and on {@variantrule Initiative|XPHB} rolls. Spells. While holding the rod, you can cast the following spells from it:"", {""type"": ""list"", ""items"": [""{@spell Detect Evil and Good|XPHB}"", ""{@spell Detect Magic|XPHB}"", ""{@spell Detect Poison and Disease|XPHB}"", ""{@spell See Invisibility|XPHB}""]}]}, {""type"": ""entries"", ""name"": ""Protective Aura"", ""entries"": [""As a {@action Magic|XPHB} action, you can plant the haft end of the rod in the ground, whereupon the rod's head sheds {@variantrule Bright Light|XPHB} in a 60-foot radius and {@variantrule Dim Light|XPHB} for an additional 60 feet. While in that {@variantrule Bright Light|XPHB}, you and your allies gain a +1 bonus to {@variantrule Armor Class|XPHB} and saving throws and can sense the location of any {@condition Invisible|XPHB} creature that is also in the {@variantrule Bright Light|XPHB}."", ""The rod's head stops glowing and the effect ends after 10 minutes or when a creature takes a {@action Magic|XPHB} action to pull the rod from the ground. Once used, this property can't be used again until the next dawn.""]}]",,,,
Rod of Lordly Might,XDMG,RD|XDMG,False,legendary,2,,true,"[""This rod has a flanged head, and it functions as a magic Mace that grants a +3 bonus to attack rolls and damage rolls made with it. The rod has properties associated with six different buttons that are set in a row along the haft. It has three other properties as well, detailed below."", {""type"": ""entries"", ""name"": ""Buttons"", ""entries"": [""You can press one of the following buttons as a {@variantrule Bonus Action|XPHB}; a button's effect lasts until you push a different button or until you push the same button again, which causes the rod to revert to its normal form:"", {""type"": ""list"", ""style"": ""list-hang-notitle"", ""items"": [{""type"": ""item"", ""name"": ""Button 1"", ""entries"": [""A fiery blade sprouts from the end opposite the rod's flanged head. The flames shed {@variantrule Bright Light|XPHB} in a 40-foot radius and {@variantrule Dim Light|XPHB} for an additional 40 feet, and the blade functions as a magic Longsword or Shortsword (your choice) that deals an extra {@damage 2d6} Fire damage on a hit.""]}, {""type"": ""item"", ""name"": ""Button 2"", ""entries"": [""The rod's flanged head folds down and two crescent-shaped blades spring out, transforming the rod into a magic Battleaxe that grants a +3 bonus to attack rolls and damage rolls made with it.""]}, {""type"": ""item"", ""name"": ""Button 3"", ""entries"": [""The rod's flanged head folds down, a spear point springs from the rod's tip, and the rod's handle lengthens into a 6-foot haft, transforming the rod into a magic Spear that grants a +3 bonus to attack rolls and damage rolls made with it.""]}, {""type"": ""item"", ""name"": ""Button 4"", ""entries"": [""The rod transforms into a climbing pole up to 50 feet long (you specify the length), though the rod's buttons remain within your reach. In surfaces as hard as granite, a spike at the bottom and three hooks at the top anchor the pole. Horizontal bars 3 inches long fold out from the sides, 1 foot apart, forming a ladder. The pole can bear up to 4,000 pounds. More weight or lack of solid anchoring causes the rod to revert to its normal form.""]}, {""type"": ""item"", ""name"": ""Button 5"", ""entries"": [""The rod transforms into a handheld battering ram and grants its user a +10 bonus to Strength ({@skill Athletics|XPHB}) checks made to break through doors, barricades, and other barriers.""]}, {""type"": ""item"", ""name"": ""Button 6"", ""entries"": [""The rod assumes or remains in its normal form and indicates magnetic north. (Nothing happens if this function of the rod is used in a location that has no magnetic north.) The rod also gives you knowledge of your approximate depth beneath the ground or your height above it.""]}]}]}, {""type"": ""entries"", ""name"": ""Drain Life"", ""entries"": [""When you hit a creature with a melee attack using the rod, you can force the target to make a {@dc 17} Constitution saving throw. On a failed save, the target takes an extra {@damage 4d6} Necrotic damage, and you regain a number of {@variantrule Hit Points|XPHB} equal to half that Necrotic damage. Once used, this property can't be used again until the next dawn.""]}, {""type"": ""entries"", ""name"": ""Paralyze"", ""entries"": [""When you hit a creature with a melee attack using the rod, you can force the target to make a {@dc 17} Constitution saving throw. On a failed save, the target has the {@condition Paralyzed|XPHB} condition for 1 minute. The target repeats the save at the end of each of its turns, ending the effect on a success. Once used, this property can't be used again until the next dawn.""]}, {""type"": ""entries"", ""name"": ""Terrify"", ""entries"": [""While holding the rod, you can take a {@action Magic|XPHB} action to force each creature you can see within 30 feet of yourself to make a {@dc 17} Wisdom saving throw. On a failed save, a target has the {@condition Frightened|XPHB} condition for 1 minute. A {@condition Frightened|XPHB} target repeats the save at the end of each of its turns, ending the effect on itself on a success. Once used, this property can't be used again until the next dawn.""]}]",,,,
Rod of Resurrection,XDMG,RD|XDMG,False,legendary,2,,"by a cleric, druid, or paladin","[""The rod has 5 charges. While you hold it, you can cast one of the following spells from it: {@spell Heal|XPHB} (expends 1 charge) or {@spell Resurrection|XPHB} (expends 5 charges)."", ""The rod regains 1 expended charge daily at dawn. If you expend the last charge, roll {@dice 1d20}. On a 1, the rod disappears in a harmless burst of radiance.""]",,,,
Rod of Rulership,XDMG,RD|XDMG,False,rare,2,,true,"[""You can take a {@action Magic|XPHB} action to present the rod and command obedience from each creature of your choice that you can see within 120 feet of yourself. Each target must succeed on a {@dc 15} Wisdom saving throw or have the {@condition Charmed|XPHB} condition for 8 hours. While {@condition Charmed|XPHB} in this way, the creature regards you as its trusted leader. If harmed by you or your allies or commanded to do something contrary to its nature, a target ceases to be {@condition Charmed|XPHB} in this way. Once used, this property can't be used again until the next dawn.""]",,,,
Rod of Security,XDMG,RD|XDMG,False,very rare,2,,,"[""While holding this rod, you can take a {@action Magic|XPHB} action to activate it. The rod then instantly transports you and up to 199 other willing creatures you can see to a demiplane. You choose the form the demiplane takes. It could be a tranquil garden, a cheery tavern, an immense palace, a tropical island, a fantastic carnival, or whatever else you can imagine. Regardless of its nature, the demiplane contains enough water and food to sustain its visitors, and the demiplane's environment can't harm its occupants. Everything else that can be interacted with there can exist only there. For example, a flower picked from a garden there disappears if it is taken outside the demiplane."", ""For each hour spent in the demiplane, a visitor regains {@variantrule Hit Points|XPHB} as if it had spent 1 {@variantrule Hit Point Dice|XPHB|Hit Point Die}. Also, creatures don't age while there, although time passes normally. Visitors can remain there for up to 200 days divided by the number of creatures present (round down)."", ""When the time runs out or you take a {@action Magic|XPHB} action to end the effect, all visitors reappear in the location they occupied when you activated the rod or an unoccupied space nearest that location. Once used, this property can't be used again until 10 days have passed.""]",,,,
Rope,XPHB,G|XPHB,False,none,5,100,,"[""As a {@action Utilize|XPHB} action, you can tie a knot with Rope if you succeed on a {@dc 10} Dexterity ({@skill Sleight of Hand|XPHB}) check. The Rope can be burst with a successful {@dc 20} Strength ({@skill Athletics|XPHB}) check."", ""You can bind an unwilling creature with the Rope only if the creature has the {@condition Grappled|XPHB}, {@condition Incapacitated|XPHB}, or {@condition Restrained|XPHB} condition. If the creature's legs are bound, the creature has the {@condition Restrained|XPHB} condition until it escapes. Escaping the Rope requires the creature to make a successful {@dc 15} Dexterity ({@skill Acrobatics|XPHB}) check as an action.""]",,,,
Rope of Climbing,XDMG,,False,uncommon,,,,"[""This 60-foot length of rope can hold up to 3,000 pounds. While holding one end of the rope, you can take a {@action Magic|XPHB} action to command the other end of the rope to animate and move toward a destination you choose, up to the rope's length away from you. That end moves 10 feet on your turn when you first command it and 10 feet at the start of each of your subsequent turns until reaching its destination or until you tell it to stop. You can also tell the rope to fasten itself securely to an object or to unfasten itself, to knot or unknot itself, or to coil itself for carrying."", ""If you tell the rope to knot, large knots appear at 1-foot intervals along the rope. While knotted, the rope shortens to a 50-foot length and grants {@variantrule Advantage|XPHB} on ability checks made to climb using the rope."", ""The rope has AC 20, HP 20, and {@variantrule Immunity|XPHB} to Poison and Psychic damage. It regains 1 {@variantrule Hit Points|XPHB|Hit Point} every 5 minutes as long as it has at least 1 {@variantrule Hit Points|XPHB|Hit Point}. If the rope drops to 0 {@variantrule Hit Points|XPHB}, it is destroyed.""]",,,,
Rope of Entanglement,XDMG,,False,rare,,,,"[""This rope is 30 feet long. While holding one end of the rope, you can take a {@action Magic|XPHB} action to command the other end to dart forward and entangle one creature you can see within 20 feet of yourself. The target must succeed on a {@dc 15} Dexterity saving throw or have the {@condition Restrained|XPHB} condition. You can release the target by letting go of your end of the rope (causing the rope to coil up in the target's space) or by using a {@variantrule Bonus Action|XPHB} to repeat the command (causing the rope to coil up in your hand)."", ""A target {@condition Restrained|XPHB} by the rope can take an action to make its choice of a {@dc 15} Strength ({@skill Athletics|XPHB}) or Dexterity ({@skill Acrobatics|XPHB}) check. On a successful check, the target is no longer {@condition Restrained|XPHB} by the rope. If you're still holding onto the rope when a target escapes from it, you can take a {@variantrule Reaction|XPHB} to command the rope to coil up in your hand; otherwise, the rope coils up in the target's space."", ""The rope has AC 20, HP 20, and {@variantrule Immunity|XPHB} to Poison and Psychic damage. It regains 1 {@variantrule Hit Points|XPHB|Hit Point} every 5 minutes as long as it has at least 1 {@variantrule Hit Points|XPHB|Hit Point}. If the rope drops to 0 {@variantrule Hit Points|XPHB}, it is destroyed.""]",,,,
Rowboat,XPHB,SHP|XPHB,False,none,,5000,,,,,,
Sack,XPHB,G|XPHB,False,none,0.5,1,,"[""A Sack holds up to 30 pounds within 1 cubic foot.""]",,,,
Saffron,XDMG,TG|XDMG,False,none,1,1500,,,,,,
Sailing Ship,XPHB,SHP|XPHB,False,none,,1000000,,,,,,
Salt,XDMG,TG|XDMG,False,none,1,5,,,,,,
Scarab of Protection,XDMG,,False,legendary,1,,true,"[""This beetle-shaped medallion provides three benefits while it is on your person."", {""type"": ""entries"", ""name"": ""Defense"", ""entries"": [""You gain a +1 bonus to {@variantrule Armor Class|XPHB}.""]}, {""type"": ""entries"", ""name"": ""Preservation"", ""entries"": [""The scarab has 12 charges. If you fail a saving throw against a Necromancy spell or a harmful effect originating from an Undead, you can take a {@variantrule Reaction|XPHB} to expend 1 charge and turn the failed save into a successful one. The scarab crumbles into powder and is destroyed when its last charge is expended.""]}, {""type"": ""entries"", ""name"": ""Spell Resistance"", ""entries"": [""You have {@variantrule Advantage|XPHB} on saving throws against spells.""]}]",,,,
Scholar's Pack,XPHB,G|XPHB,False,none,22,4000,,"[""A Scholar's Pack contains the following items: {@item Backpack|XPHB}, {@item Book|XPHB}, {@item Ink|XPHB}, {@item Ink Pen|XPHB}, {@item Lamp|XPHB}, 10 flasks of {@item Oil|XPHB}, 10 sheets of {@item Parchment|XPHB}, and {@item Tinderbox|XPHB}.""]",,,,
Scimitar of Speed,XDMG,M|XPHB,False,very rare,3,,true,"[""You gain a +2 bonus to attack rolls and damage rolls made with this magic weapon. In addition, you can make one attack with it as a {@variantrule Bonus Action|XPHB} on each of your turns.""]","[""F|XPHB"", ""L|XPHB""]",1d6,S,
Sending Stones,XDMG,,False,uncommon,,,,"[""Sending Stones come in pairs, with each stone carved to match the other so the pairing is easily recognized. While you touch one stone, you can cast {@spell Sending|XPHB} from it. The target is the bearer of the other stone. If no creature bears the other stone, you know that fact as soon as you use the stone, and you don't cast the spell."", ""Once Sending is cast using either stone, the stones can't be used again until the next dawn. If one of the stones in a pair is destroyed, the other one becomes nonmagical.""]",,,,
Sentinel Shield,XDMG,S|XPHB,False,uncommon,6,,,"[""While holding this Shield, you have {@variantrule Advantage|XPHB} on {@variantrule Initiative|XPHB} rolls and Wisdom ({@skill Perception|XPHB}) checks. The Shield is emblazoned with a symbol of an eye.""]",,,,2
Serpent Venom,XDMG,G|XPHB,False,none,,20000,,"[""A creature subjected to Serpent Venom must succeed on a {@dc 11} Constitution saving throw, taking 10 ({@damage 3d6}) Poison damage on a failed save or half as much damage on a successful one.""]",,,,
Sheep,XDMG,TG|XDMG,False,none,,200,,,,,,
Shield of Missile Attraction,XDMG,S|XPHB,False,rare,6,,true,"[""While holding this Shield, you have {@variantrule Resistance|XPHB} to damage from attacks made with Ranged weapons."", {""type"": ""entries"", ""name"": ""Curse"", ""entries"": [""This Shield is cursed. Attuning to it curses you until you are targeted by a {@spell Remove Curse|XPHB} spell or similar magic. Removing the Shield fails to end the curse on you. Whenever an attack with a Ranged weapon targets a creature within 10 feet of you, the curse causes you to become the target instead.""]}]",,,,2
Shield of the Cavalier,XDMG,S|XPHB,False,very rare,6,,true,"[""While holding this Shield, you have a +2 bonus to {@variantrule Armor Class|XPHB}. This bonus is in addition to the Shield's normal bonus to AC."", ""The Shield has the following additional properties that you can use while holding it."", {""type"": ""entries"", ""name"": ""Forceful Bash"", ""entries"": [""When you take the {@action Attack|XPHB} action, you can make one of the attack rolls using the Shield against a target within 5 feet of yourself. Apply your {@variantrule Proficiency|XPHB|Proficiency Bonus} and Strength modifier to the attack roll. On a hit, the Shield deals Force damage to the target equal to {@dice 2d6 + 2} plus your Strength modifier, and if the target is a creature, you can push it up to 10 feet directly away from yourself. If the creature is your size or smaller, you can also knock it down, giving it the {@condition Prone|XPHB} condition.""]}, {""type"": ""entries"", ""name"": ""Protective Field"", ""entries"": [""As a {@variantrule Reaction|XPHB}, when you or an ally you can see within 5 feet of you is targeted by an attack or makes a saving throw against an area of effect, you can use the Shield to create an immobile 5-foot {@variantrule Emanation [Area of Effect]|XPHB|Emanation} originating from you. When the {@variantrule Emanation [Area of Effect]|XPHB|Emanation} appears, any creatures or objects not fully contained within it are pushed into the nearest unoccupied spaces outside it. The attack or area of effect that triggered the {@variantrule Reaction|XPHB} has no effect on creatures and objects inside the {@variantrule Emanation [Area of Effect]|XPHB|Emanation}, which lasts as long as you maintain {@status Concentration|XPHB}, up to 1 minute. Nothing can pass into or out of the {@variantrule Emanation [Area of Effect]|XPHB|Emanation}. A creature or object inside the {@variantrule Emanation [Area of Effect]|XPHB|Emanation} can't be damaged by attacks or effects originating from outside, nor can a creature inside the {@variantrule Emanation [Area of Effect]|XPHB|Emanation} damage anything outside it. Once this property is used, it can't be used again until the next dawn.""]}]",,,,2
Shovel,XPHB,G|XPHB,False,none,5,200,,"[""Working for 1 hour, you can use a Shovel to dig a hole that is 5 feet on each side in soil or similar material.""]",,,,
Signal Whistle,XPHB,G|XPHB,False,none,,5,,"[""When blown as a {@action Utilize|XPHB} action, a Signal Whistle produces a sound that can be heard up to 600 feet away.""]",,,,
Silk,XDMG,TG|XDMG,False,none,1,1000,,,,,,
Silver,XDMG,TG|XDMG,False,none,1,500,,,,,,
Silver Dragon Scale Mail,XDMG,MA|XPHB,False,very rare,45,,true,"[""{#itemEntry Dragon Scale Mail|XDMG}""]",,,,14
Sled,XPHB,VEH|XPHB,False,none,300,2000,,,,,,
Slippers of Spider Climbing,XDMG,,False,uncommon,,,true,"[""While you wear these light shoes, you can move up, down, and across vertical surfaces and along ceilings, while leaving your hands free. You have a {@variantrule Climb Speed|XPHB} equal to your {@variantrule Speed|XPHB}. However, the slippers don't allow you to move this way on a slippery surface, such as one covered by ice or oil.""]",,,,
Sovereign Glue,XDMG,,False,legendary,,,,"[""This viscous, milky-white substance can form a permanent adhesive bond between any two objects. It must be stored in a jar or flask that has been coated inside with {@item Oil of Slipperiness|XDMG}. When found, a container contains {@dice 1d6 + 1} ounces."", ""One ounce of the glue can cover a 1-foot square surface. Applying an ounce of Sovereign Glue takes a {@action Utilize|XPHB} action, and the applied glue takes 1 minute to set. Once it has done so, the bond it creates can be broken only by the application of {@item Universal Solvent|XDMG} or {@item Oil of Etherealness|XDMG}, or with a {@spell Wish|XPHB} spell.""]",,,,
Spell Scroll (Cantrip),XDMG,SC|XPHB,False,common,,3000,,"[""A Spell Scroll bears the words of a single spell, written in a mystical cipher. If the spell is on your spell list, you can read the scroll and cast its spell without Material components. Otherwise, the scroll is unintelligible. Casting the spell by reading the scroll requires the spell's normal casting time. Once the spell is cast, the scroll crumbles to dust. If the casting is interrupted, the scroll isn't lost."", ""If the spell is on your spell list but of a higher level than you can normally cast, you make a {@dc 10} ability check using your spellcasting ability to determine whether you cast the spell. On a failed check, the spell disappears from the scroll with no other effect."", ""If the spell requires a saving throw or an attack roll, the spell save DC is 13, and the attack bonus is {@hit 5}.""]",,,,
Spell Scroll (Level 1),XDMG,SC|XPHB,False,common,,5000,,"[""A Spell Scroll bears the words of a single spell, written in a mystical cipher. If the spell is on your spell list, you can read the scroll and cast its spell without Material components. Otherwise, the scroll is unintelligible. Casting the spell by reading the scroll requires the spell's normal casting time. Once the spell is cast, the scroll crumbles to dust. If the casting is interrupted, the scroll isn't lost."", ""If the spell is on your spell list but of a higher level than you can normally cast, you make a {@dc 11} ability check using your spellcasting ability to determine whether you cast the spell. On a failed check, the spell disappears from the scroll with no other effect."", ""If the spell requires a saving throw or an attack roll, the spell save DC is 13, and the attack bonus is {@hit 5}."", {""type"": ""entries"", ""name"": ""Copying a Scroll into a Spellbook"", ""entries"": [""A Wizard spell on a Spell Scroll can be copied into a spellbook. When a level 1 spell is copied in this way, the copier must succeed on a {@dc 11} Intelligence ({@skill Arcana|XPHB}). On a successful check, the spell is copied. Whether the check succeeds or fails, the Spell Scroll is destroyed.""]}]",,,,
Spell Scroll (Level 2),XDMG,SC|XPHB,False,uncommon,,,,"[""A Spell Scroll bears the words of a single spell, written in a mystical cipher. If the spell is on your spell list, you can read the scroll and cast its spell without Material components. Otherwise, the scroll is unintelligible. Casting the spell by reading the scroll requires the spell's normal casting time. Once the spell is cast, the scroll crumbles to dust. If the casting is interrupted, the scroll isn't lost."", ""If the spell is on your spell list but of a higher level than you can normally cast, you make a {@dc 12} ability check using your spellcasting ability to determine whether you cast the spell. On a failed check, the spell disappears from the scroll with no other effect."", ""If the spell requires a saving throw or an attack roll, the spell save DC is 13, and the attack bonus is {@hit 5}."", {""type"": ""entries"", ""name"": ""Copying a Scroll into a Spellbook"", ""entries"": [""A Wizard spell on a Spell Scroll can be copied into a spellbook. When a level 2 spell is copied in this way, the copier must succeed on a {@dc 12} Intelligence ({@skill Arcana|XPHB}). On a successful check, the spell is copied. Whether the check succeeds or fails, the Spell Scroll is destroyed.""]}]",,,,
Spell Scroll (Level 3),XDMG,SC|XPHB,False,uncommon,,,,"[""A Spell Scroll bears the words of a single spell, written in a mystical cipher. If the spell is on your spell list, you can read the scroll and cast its spell without Material components. Otherwise, the scroll is unintelligible. Casting the spell by reading the scroll requires the spell's normal casting time. Once the spell is cast, the scroll crumbles to dust. If the casting is interrupted, the scroll isn't lost."", ""If the spell is on your spell list but of a higher level than you can normally cast, you make a {@dc 13} ability check using your spellcasting ability to determine whether you cast the spell. On a failed check, the spell disappears from the scroll with no other effect."", ""If the spell requires a saving throw or an attack roll, the spell save DC is 15, and the attack bonus is {@hit 7}."", {""type"": ""entries"", ""name"": ""Copying a Scroll into a Spellbook"", ""entries"": [""A Wizard spell on a Spell Scroll can be copied into a spellbook. When a level 3 spell is copied in this way, the copier must succeed on a {@dc 13} Intelligence ({@skill Arcana|XPHB}). On a successful check, the spell is copied. Whether the check succeeds or fails, the Spell Scroll is destroyed.""]}]",,,,
Spell Scroll (Level 4),XDMG,SC|XPHB,False,rare,,,,"[""A Spell Scroll bears the words of a single spell, written in a mystical cipher. If the spell is on your spell list, you can read the scroll and cast its spell without Material components. Otherwise, the scroll is unintelligible. Casting the spell by reading the scroll requires the spell's normal casting time. Once the spell is cast, the scroll crumbles to dust. If the casting is interrupted, the scroll isn't lost."", ""If the spell is on your spell list but of a higher level than you can normally cast, you make a {@dc 14} ability check using your spellcasting ability to determine whether you cast the spell. On a failed check, the spell disappears from the scroll with no other effect."", ""If the spell requires a saving throw or an attack roll, the spell save DC is 15, and the attack bonus is {@hit 7}."", {""type"": ""entries"", ""name"": ""Copying a Scroll into a Spellbook"", ""entries"": [""A Wizard spell on a Spell Scroll can be copied into a spellbook. When a level 4 spell is copied in this way, the copier must succeed on a {@dc 14} Intelligence ({@skill Arcana|XPHB}). On a successful check, the spell is copied. Whether the check succeeds or fails, the Spell Scroll is destroyed.""]}]",,,,
Spell Scroll (Level 5),XDMG,SC|XPHB,False,rare,,,,"[""A Spell Scroll bears the words of a single spell, written in a mystical cipher. If the spell is on your spell list, you can read the scroll and cast its spell without Material components. Otherwise, the scroll is unintelligible. Casting the spell by reading the scroll requires the spell's normal casting time. Once the spell is cast, the scroll crumbles to dust. If the casting is interrupted, the scroll isn't lost."", ""If the spell is on your spell list but of a higher level than you can normally cast, you make a {@dc 15} ability check using your spellcasting ability to determine whether you cast the spell. On a failed check, the spell disappears from the scroll with no other effect."", ""If the spell requires a saving throw or an attack roll, the spell save DC is 17, and the attack bonus is {@hit 9}."", {""type"": ""entries"", ""name"": ""Copying a Scroll into a Spellbook"", ""entries"": [""A Wizard spell on a Spell Scroll can be copied into a spellbook. When a level 5 spell is copied in this way, the copier must succeed on a {@dc 15} Intelligence ({@skill Arcana|XPHB}). On a successful check, the spell is copied. Whether the check succeeds or fails, the Spell Scroll is destroyed.""]}]",,,,
Spell Scroll (Level 6),XDMG,SC|XPHB,False,very rare,,,,"[""A Spell Scroll bears the words of a single spell, written in a mystical cipher. If the spell is on your spell list, you can read the scroll and cast its spell without Material components. Otherwise, the scroll is unintelligible. Casting the spell by reading the scroll requires the spell's normal casting time. Once the spell is cast, the scroll crumbles to dust. If the casting is interrupted, the scroll isn't lost."", ""If the spell is on your spell list but of a higher level than you can normally cast, you make a {@dc 16} ability check using your spellcasting ability to determine whether you cast the spell. On a failed check, the spell disappears from the scroll with no other effect."", ""If the spell requires a saving throw or an attack roll, the spell save DC is 17, and the attack bonus is {@hit 9}."", {""type"": ""entries"", ""name"": ""Copying a Scroll into a Spellbook"", ""entries"": [""A Wizard spell on a Spell Scroll can be copied into a spellbook. When a level 6 spell is copied in this way, the copier must succeed on a {@dc 16} Intelligence ({@skill Arcana|XPHB}). On a successful check, the spell is copied. Whether the check succeeds or fails, the Spell Scroll is destroyed.""]}]",,,,
Spell Scroll (Level 7),XDMG,SC|XPHB,False,very rare,,,,"[""A Spell Scroll bears the words of a single spell, written in a mystical cipher. If the spell is on your spell list, you can read the scroll and cast its spell without Material components. Otherwise, the scroll is unintelligible. Casting the spell by reading the scroll requires the spell's normal casting time. Once the spell is cast, the scroll crumbles to dust. If the casting is interrupted, the scroll isn't lost."", ""If the spell is on your spell list but of a higher level than you can normally cast, you make a {@dc 17} ability check using your spellcasting ability to determine whether you cast the spell. On a failed check, the spell disappears from the scroll with no other effect."", ""If the spell requires a saving throw or an attack roll, the spell save DC is 18, and the attack bonus is {@hit 10}."", {""type"": ""entries"", ""name"": ""Copying a Scroll into a Spellbook"", ""entries"": [""A Wizard spell on a Spell Scroll can be copied into a spellbook. When a level 7 spell is copied in this way, the copier must succeed on a {@dc 17} Intelligence ({@skill Arcana|XPHB}). On a successful check, the spell is copied. Whether the check succeeds or fails, the Spell Scroll is destroyed.""]}]",,,,
Spell Scroll (Level 8),XDMG,SC|XPHB,False,very rare,,,,"[""A Spell Scroll bears the words of a single spell, written in a mystical cipher. If the spell is on your spell list, you can read the scroll and cast its spell without Material components. Otherwise, the scroll is unintelligible. Casting the spell by reading the scroll requires the spell's normal casting time. Once the spell is cast, the scroll crumbles to dust. If the casting is interrupted, the scroll isn't lost."", ""If the spell is on your spell list but of a higher level than you can normally cast, you make a {@dc 18} ability check using your spellcasting ability to determine whether you cast the spell. On a failed check, the spell disappears from the scroll with no other effect."", ""If the spell requires a saving throw or an attack roll, the spell save DC is 18, and the attack bonus is {@hit 10}."", {""type"": ""entries"", ""name"": ""Copying a Scroll into a Spellbook"", ""entries"": [""A Wizard spell on a Spell Scroll can be copied into a spellbook. When a level 8 spell is copied in this way, the copier must succeed on a {@dc 18} Intelligence ({@skill Arcana|XPHB}). On a successful check, the spell is copied. Whether the check succeeds or fails, the Spell Scroll is destroyed.""]}]",,,,
Spell Scroll (Level 9),XDMG,SC|XPHB,False,legendary,,,,"[""A Spell Scroll bears the words of a single spell, written in a mystical cipher. If the spell is on your spell list, you can read the scroll and cast its spell without Material components. Otherwise, the scroll is unintelligible. Casting the spell by reading the scroll requires the spell's normal casting time. Once the spell is cast, the scroll crumbles to dust. If the casting is interrupted, the scroll isn't lost."", ""If the spell is on your spell list but of a higher level than you can normally cast, you make a {@dc 19} ability check using your spellcasting ability to determine whether you cast the spell. On a failed check, the spell disappears from the scroll with no other effect."", ""If the spell requires a saving throw or an attack roll, the spell save DC is 19, and the attack bonus is {@hit 11}."", {""type"": ""entries"", ""name"": ""Copying a Scroll into a Spellbook"", ""entries"": [""A Wizard spell on a Spell Scroll can be copied into a spellbook. When a level 9 spell is copied in this way, the copier must succeed on a {@dc 19} Intelligence ({@skill Arcana|XPHB}). On a successful check, the spell is copied. Whether the check succeeds or fails, the Spell Scroll is destroyed.""]}]",,,,
Spellguard Shield,XDMG,S|XPHB,False,very rare,6,,true,"[""While holding this Shield, you have {@variantrule Advantage|XPHB} on saving throws against spells and other magical effects, and spell attack rolls have {@variantrule Disadvantage|XPHB} against you.""]",,,,2
Sphere of Annihilation,XDMG,,False,legendary,,,,"[""This 2-foot-diameter black sphere is a hole in the multiverse, hovering in space and stabilized by a magical field surrounding it."", ""The sphere obliterates all matter it passes through and all matter that passes through it. Artifacts are the exception. Unless an Artifact is susceptible to damage from a Sphere of Annihilation, it passes through the sphere unscathed. Anything else that touches the sphere but isn't wholly engulfed and obliterated by it takes {@damage 8d10} Force damage."", {""type"": ""entries"", ""name"": ""Controlling the Sphere"", ""entries"": [""A Sphere of Annihilation is stationary until someone takes control of it. If you are within 60 feet of a sphere, you can take a {@action Magic|XPHB} action to make a {@dc 25} Intelligence ({@skill Arcana|XPHB}) check. On a successful check, you control the sphere until the start of your next turn, and if it was under another creature's control, that creature loses control of the sphere. On a failed check, the sphere moves 10 feet toward you in a straight line."", ""While in control of the sphere, you can take a {@variantrule Bonus Action|XPHB} to cause it to move in one direction of your choice, up to a number of feet equal to 5 times your Intelligence modifier (minimum 5 feet). Any creature whose space the sphere enters must succeed on a {@dc 19} Dexterity saving throw or be touched by it, taking {@damage 8d10} Force damage. A creature reduced to 0 {@variantrule Hit Points|XPHB} by this damage is obliterated, leaving its possessions behind but no other physical remains.""]}, {""type"": ""entries"", ""name"": ""Sphere Interactions"", ""entries"": [""If the sphere comes into contact with a planar portal (such as that created by the {@spell Gate|XPHB} spell) or an extradimensional space (such as that within a Portable Hole), the DM determines randomly what happens using the following table."", {""type"": ""table"", ""colStyles"": [""col-2 text-center"", ""col-10""], ""colLabels"": [""1d100"", ""Result""], ""rows"": [[""01-50"", ""The sphere is destroyed.""], [""51-85"", ""The sphere moves through the portal or into the extradimensional space.""], [""86-00"", ""A spatial rift sends the sphere and each creature and object within 180 feet of the sphere to a random plane of existence.""]]}]}]",,,,
Sprig of Mistletoe,XPHB,SCF|XPHB,False,none,,100,,,,,,
Spyglass,XPHB,G|XPHB,False,none,1,100000,,"[""Objects viewed through a Spyglass are magnified to twice their size.""]",,,,
Stabling (per day),XPHB,TAH|XPHB,False,none,,5,,,,,,
Staff of Charming,XDMG,M|XPHB,False,rare,4,,"by a bard, cleric, druid, sorcerer, warlock, or wizard","[""This staff has 10 charges. While holding the staff, you can use any of its properties:"", {""type"": ""list"", ""style"": ""list-hang-notitle"", ""items"": [{""type"": ""item"", ""name"": ""Cast Spell"", ""entries"": [""You can expend 1 of the staff's charges to cast {@spell Charm Person|XPHB}, {@spell Command|XPHB}, or {@spell Comprehend Languages|XPHB} from it using your spell save DC.""]}, {""type"": ""item"", ""name"": ""Reflect Enchantment"", ""entries"": [""If you succeed on a saving throw against an Enchantment spell that targets only you, you can take a {@variantrule Reaction|XPHB} to expend 1 charge from the staff and turn the spell back on its caster as if you had cast the spell.""]}, {""type"": ""item"", ""name"": ""Resist Enchantment"", ""entries"": [""If you fail a saving throw against an Enchantment spell that targets only you, you can turn your failed save into a successful one. You can't use this property of the staff again until the next dawn.""]}]}, {""type"": ""entries"", ""name"": ""Regaining Charges"", ""entries"": [""The staff regains {@dice 1d8 + 2} expended charges daily at dawn. If you expend the last charge, roll {@dice 1d20}. On a 1, the staff crumbles to dust and is destroyed.""]}]","[""V|XPHB""]",1d6,B,
Staff of Fire,XDMG,M|XPHB,False,very rare,4,,"by a druid, sorcerer, warlock, or wizard","[""You have {@variantrule Resistance|XPHB} to Fire damage while you hold this staff."", {""type"": ""entries"", ""name"": ""Spells"", ""entries"": [""The staff has 10 charges. While holding the staff, you can cast one of the spells on the following table from it, using your spell save DC. The table indicates how many charges you must expend to cast the spell."", {""type"": ""table"", ""colStyles"": [""col-10"", ""col-2 text-center""], ""colLabels"": [""Spell"", ""Charge Cost""], ""rows"": [[""{@spell Burning Hands|XPHB}"", ""1""], [""{@spell Fireball|XPHB}"", ""3""], [""{@spell Wall of Fire|XPHB}"", ""4""]]}]}, {""type"": ""entries"", ""name"": ""Regaining Charges"", ""entries"": [""The staff regains {@dice 1d6 + 4} expended charges daily at dawn. If you expend the last charge, roll {@dice 1d20}. On a 1, the staff crumbles into cinders and is destroyed.""]}]","[""V|XPHB""]",1d6,B,
Staff of Frost,XDMG,M|XPHB,False,very rare,4,,"by a druid, sorcerer, warlock, or wizard","[""You have {@variantrule Resistance|XPHB} to Cold damage while you hold this staff."", {""type"": ""entries"", ""name"": ""Spells"", ""entries"": [""The staff has 10 charges. While holding the staff, you can cast one of the spells on the following table from it, using your spell save DC. The table indicates how many charges you must expend to cast the spell."", {""type"": ""table"", ""colStyles"": [""col-10"", ""col-2 text-center""], ""colLabels"": [""Spell"", ""Charge Cost""], ""rows"": [[""{@spell Cone of Cold|XPHB}"", ""5""], [""{@spell Fog Cloud|XPHB}"", ""1""], [""{@spell Ice Storm|XPHB}"", ""4""], [""{@spell Wall of Ice|XPHB}"", ""4""]]}]}, {""type"": ""entries"", ""name"": ""Regaining Charges"", ""entries"": [""The staff regains {@dice 1d6 + 4} expended charges daily at dawn. If you expend the last charge, roll {@dice 1d20}. On a 1, the staff turns to water and is destroyed.""]}]","[""V|XPHB""]",1d6,B,
Staff of Healing,XDMG,M|XPHB,False,rare,4,,"by a bard, cleric, or druid","[""This staff has 10 charges. While holding the staff, you can cast one of the spells on the following table from it, using your spellcasting ability modifier. The table indicates how many charges you must expend to cast the spell."", {""type"": ""table"", ""colStyles"": [""col-10"", ""col-2 text-center""], ""colLabels"": [""Spell"", ""Charge Cost""], ""rows"": [[""{@spell Cure Wounds|XPHB}"", ""1 charge per spell level (maximum 4 for a level 4 spell)""], [""{@spell Lesser Restoration|XPHB}"", ""2""], [""{@spell Mass Cure Wounds|XPHB}"", ""5""]]}, {""type"": ""entries"", ""name"": ""Regaining Charges"", ""entries"": [""The staff regains {@dice 1d6 + 4} expended charges daily at dawn. If you expend the last charge, roll {@dice 1d20}. On a 1, the staff vanishes in a flash of light, lost forever.""]}]","[""V|XPHB""]",1d6,B,
Staff of Power,XDMG,M|XPHB,False,very rare,4,,"by a sorcerer, warlock, or wizard","[""This staff has 20 charges and can be wielded as a magic Quarterstaff that grants a +2 bonus to attack rolls and damage rolls made with it. While holding it, you gain a +2 bonus to {@variantrule Armor Class|XPHB}, saving throws, and spell attack rolls."", {""type"": ""entries"", ""name"": ""Spells"", ""entries"": [""While holding the staff , you can cast one of the spells on the following table from it, using your spell save DC. The table indicates how many charges you must expend to cast the spell."", {""type"": ""table"", ""colStyles"": [""col-10"", ""col-2 text-center""], ""colLabels"": [""Spell"", ""Charge Cost""], ""rows"": [[""{@spell Cone of Cold|XPHB}"", ""5""], [""{@spell Fireball|XPHB} (level 5 version)"", ""5""], [""{@spell Globe of Invulnerability|XPHB}"", ""6""], [""{@spell Hold Monster|XPHB}"", ""5""], [""{@spell Levitate|XPHB}"", ""2""], [""{@spell Lightning Bolt|XPHB} (level 5 version)"", ""5""], [""{@spell Magic Missile|XPHB}"", ""1""], [""{@spell Ray of Enfeeblement|XPHB}"", ""1""], [""{@spell Wall of Force|XPHB}"", ""5""]]}]}, {""type"": ""entries"", ""name"": ""Regaining Charges"", ""entries"": [""The staff regains {@dice 2d8 + 4} expended charges daily at dawn. If you expend the last charge, roll {@dice 1d20}. On a 1, the staff retains its +2 bonus to attack rolls and damage rolls but loses all other properties. On a 20, the staff regains {@dice 1d8 + 2} charges.""]}, {""type"": ""entries"", ""name"": ""Retributive Strike"", ""entries"": [""You can take a {@action Magic|XPHB} action to break the staff over your knee or against a solid surface. The staff is destroyed and releases its magic in an explosion that fills a 30-foot {@variantrule Emanation [Area of Effect]|XPHB|Emanation} originating from itself. You have a {@chance 50} chance to instantly travel to a random plane of existence, avoiding the explosion. If you fail to avoid the effect, you take Force damage equal to 16 times the number of charges in the staff. Each other creature in the area makes a {@dc 17} Dexterity saving throw. On a failed save, a creature takes Force damage equal to 4 times the number of charges in the staff. On a successful save, a creature takes half as much damage.""]}]","[""V|XPHB""]",1d6,B,
Staff of Striking,XDMG,M|XPHB,False,very rare,4,,true,"[""This staff can be wielded as a magic Quarterstaff that grants a +3 bonus to attack rolls and damage rolls made with it."", ""The staff has 10 charges. When you hit with a melee attack using it, you can expend up to 3 charges. For each charge you expend, the target takes an extra {@damage 1d6} Force damage."", {""type"": ""entries"", ""name"": ""Regaining Charges"", ""entries"": [""The staff regains {@dice 1d6 + 4} expended charges daily at dawn. If you expend the last charge, roll {@dice 1d20}. On a 1, the staff becomes a nonmagical Quarterstaff.""]}]","[""V|XPHB""]",1d6,B,
Staff of Swarming Insects,XDMG,M|XPHB,False,rare,4,,"by a bard, cleric, druid, sorcerer, warlock, or wizard","[""This staff has 10 charges."", {""type"": ""entries"", ""name"": ""Insect Cloud"", ""entries"": [""While holding the staff , you can take a {@action Magic|XPHB} action and expend 1 charge to cause a swarm of harmless flying insects to fill a 30-foot {@variantrule Emanation [Area of Effect]|XPHB|Emanation} originating from you. The insects remain for 10 minutes, making the area {@variantrule Heavily Obscured|XPHB} for creatures other than you. A strong wind (like that created by {@spell Gust of Wind|XPHB}) disperses the swarm and ends the effect.""]}, {""type"": ""entries"", ""name"": ""Spells"", ""entries"": [""While holding the staff, you can cast one of the spells on the following table from it, using your spell save DC and spell attack modifier. The table indicates how many charges you must expend to cast the spell."", {""type"": ""table"", ""colStyles"": [""col-10"", ""col-2 text-center""], ""colLabels"": [""Spell"", ""Charge Cost""], ""rows"": [[""{@spell Giant Insect|XPHB}"", ""4""], [""{@spell Insect Plague|XPHB}"", ""5""]]}]}, {""type"": ""entries"", ""name"": ""Regaining Charges"", ""entries"": [""The staff regains {@dice 1d6 + 4} expended charges daily at dawn. If you expend the last charge, roll {@dice 1d20}. On a 1, a swarm of insects consumes and destroys the staff, then disperses.""]}]","[""V|XPHB""]",1d6,B,
Staff of the Magi,XDMG,M|XPHB,False,legendary,4,,"by a sorcerer, warlock, or wizard","[""This staff has 50 charges and can be wielded as a magic Quarterstaff that grants a +2 bonus to attack rolls and damage rolls made with it. While you hold it, you gain a +2 bonus to spell attack rolls."", {""type"": ""entries"", ""name"": ""Spell Absorption"", ""entries"": [""While holding the staff , you have {@variantrule Advantage|XPHB} on saving throws against spells. In addition, you can take a {@variantrule Reaction|XPHB} when another creature casts a spell that targets only you. If you do, the staff absorbs the magic of the spell, canceling its effect and gaining a number of charges equal to the absorbed spell's level. However, if doing so brings the staff's total number of charges above 50, the staff explodes as if you activated its Retributive Strike (see below).""]}, {""type"": ""entries"", ""name"": ""Spells"", ""entries"": [""While holding the staff, you can cast one of the spells on the following table from it, using your spell save DC. The table indicates how many charges you must expend to cast the spell."", {""type"": ""table"", ""colStyles"": [""col-10"", ""col-2 text-center""], ""colLabels"": [""Spell"", ""Charge Cost""], ""rows"": [[""{@spell Arcane Lock|XPHB}"", ""0""], [""{@spell Conjure Elemental|XPHB}"", ""7""], [""{@spell Detect Magic|XPHB}"", ""0""], [""{@spell Dispel Magic|XPHB}"", ""3""], [""{@spell Enlarge/Reduce|XPHB}"", ""0""], [""{@spell Fireball|XPHB} (level 7 version)"", ""7""], [""{@spell Flaming Sphere|XPHB}"", ""2""], [""{@spell Ice Storm|XPHB}"", ""4""], [""{@spell Invisibility|XPHB}"", ""2""], [""{@spell Knock|XPHB}"", ""2""], [""{@spell Light|XPHB}"", ""0""], [""{@spell Lightning Bolt|XPHB} (level 7 version)"", ""7""], [""{@spell Mage Hand|XPHB}"", ""0""], [""{@spell Passwall|XPHB}"", ""5""], [""{@spell Plane Shift|XPHB}"", ""7""], [""{@spell Protection from Evil and Good|XPHB}"", ""0""], [""{@spell Telekinesis|XPHB}"", ""5""], [""{@spell Wall of Fire|XPHB}"", ""4""], [""{@spell Web|XPHB}"", ""2""]]}]}, {""type"": ""entries"", ""name"": ""Regaining Charges"", ""entries"": [""The staff regains {@dice 4d6 + 2} expended charges daily at dawn. If you expend the last charge, roll {@dice 1d20}. On a 20, the staff regains {@dice 1d12 + 1} charges.""]}, {""type"": ""entries"", ""name"": ""Retributive Strike"", ""entries"": [""You can take a {@action Magic|XPHB} action to break the staff over your knee or against a solid surface. The staff is destroyed and releases its magic in an explosion that fills a 30-foot {@variantrule Emanation [Area of Effect]|XPHB|Emanation} originating from itself. You have a {@chance 50} chance to instantly travel to a random plane of existence, avoiding the explosion. If you fail to avoid the effect, you take Force damage equal to 16 times the number of charges in the staff. Each other creature in the area makes a {@dc 17} Dexterity saving throw. On a failed save, a creature takes Force damage equal to 6 times the number of charges in the staff. On a successful save, a creature takes half as much damage.""]}]","[""V|XPHB""]",1d6,B,
Staff of the Python,XDMG,M|XPHB,False,uncommon,4,,true,"[""As a {@action Magic|XPHB} action, you can throw this staff so that it lands in an unoccupied space within 10 feet of you, causing the staff to become a {@creature Giant Constrictor Snake|XMM} in that space. The snake is under your control and shares your {@variantrule Initiative|XPHB} count, taking its turn immediately after yours."", ""On your turn, you can mentally command the snake (no action required) if it is within 60 feet of you and you don't have the {@condition Incapacitated|XPHB} condition. You decide what action the snake takes and where it moves during its turn, or you can issue it a general command, such as to attack your enemies or guard a location. Absent commands from you, the snake defends itself."", ""As a {@variantrule Bonus Action|XPHB}, you can command the snake to revert to staff form in its current space, and you can't use the staff's property again for 1 hour. If the snake is reduced to 0 {@variantrule Hit Points|XPHB}, it dies and reverts to its staff form; the staff then shatters and is destroyed. If the snake reverts to staff form before losing all its {@variantrule Hit Points|XPHB}, it regains all of them.""]","[""V|XPHB""]",1d6,B,
Staff of the Woodlands,XDMG,M|XPHB,False,rare,4,,by a druid,"[""This staff has 6 charges and can be wielded as a magic Quarterstaff that grants a +2 bonus to attack rolls and damage rolls made with it. While holding it, you have a +2 bonus to spell attack rolls."", {""type"": ""entries"", ""name"": ""Spells"", ""entries"": [""While holding the staff, you can cast one of the spells on the following table from it, using your spell save DC. The table indicates how many charges you must expend to cast the spell."", {""type"": ""table"", ""colStyles"": [""col-10"", ""col-2 text-center""], ""colLabels"": [""Spell"", ""Charge Cost""], ""rows"": [[""{@spell Animal Friendship|XPHB}"", ""1""], [""{@spell Awaken|XPHB}"", ""5""], [""{@spell Barkskin|XPHB}"", ""2""], [""{@spell Locate Animals or Plants|XPHB}"", ""2""], [""{@spell Pass without Trace|XPHB}"", ""2""], [""{@spell Speak with Animals|XPHB}"", ""1""], [""{@spell Speak with Plants|XPHB}"", ""3""], [""{@spell Wall of Thorns|XPHB}"", ""6""]]}]}, {""type"": ""entries"", ""name"": ""Tree Form"", ""entries"": [""You can take a {@action Magic|XPHB} action to plant one end of the staff in earth in an unoccupied space and expend 1 charge to transform the staff into a healthy tree. The tree is 60 feet tall and has a 5-foot-diameter trunk, and its branches at the top spread out in a 20-foot radius. The tree appears ordinary but radiates a faint aura of Transmutation magic that can be discerned with the {@spell Detect Magic|XPHB} spell. While touching the tree and using a {@action Magic|XPHB} action, you return the staff to its normal form. Any creature in the tree falls when the tree reverts to a staff.""]}, {""type"": ""entries"", ""name"": ""Regaining Charges"", ""entries"": [""The staff regains {@dice 1d6} expended charges daily at dawn. If you expend the last charge, roll {@dice 1d20}. On a 1, the staff loses its properties and becomes a nonmagical Quarterstaff.""]}]","[""V|XPHB""]",1d6,B,
Staff of Thunder and Lightning,XDMG,M|XPHB,False,very rare,4,,true,"[""This staff can be wielded as a magic Quarterstaff that grants a +2 bonus to attack rolls and damage rolls made with it. It also has the following additional properties. Once one of these properties is used, it can't be used again until the next dawn."", {""type"": ""entries"", ""name"": ""Lightning"", ""entries"": [""When you hit with a melee attack using the staff, you can cause the target to take an extra {@damage 2d6} Lightning damage (no action required).""]}, {""type"": ""entries"", ""name"": ""Thunder"", ""entries"": [""When you hit with a melee attack using the staff, you can cause the staff to emit a crack of thunder audible out to 300 feet (no action required). The target you hit must succeed on a {@dc 17} Constitution saving throw or have the {@condition Stunned|XPHB} condition until the end of your next turn.""]}, {""type"": ""entries"", ""name"": ""Thunder and Lightning"", ""entries"": [""Immediately after you hit with a melee attack using the staff, you can take a {@variantrule Bonus Action|XPHB} to use the Lightning and Thunder properties (see above) at the same time. Doing so doesn't expend the daily use of those properties, only the use of this one.""]}, {""type"": ""entries"", ""name"": ""Lightning Strike"", ""entries"": [""You can take a {@action Magic|XPHB} action to cause a bolt of lightning to leap from the staff's tip in a {@variantrule Line [Area of Effect]|XPHB|Line} that is 5 feet wide and 120 feet long. Each creature in that {@variantrule Line [Area of Effect]|XPHB|Line} makes a {@dc 17} Dexterity saving throw, taking {@damage 9d6} Lightning damage on a failed save or half as much damage on a successful one.""]}, {""type"": ""entries"", ""name"": ""Thunderclap"", ""entries"": [""You can take a {@action Magic|XPHB} action to cause the staff to produce a thunderclap audible out to 600 feet. Every creature within a 60-foot {@variantrule Emanation [Area of Effect]|XPHB|Emanation} originating from you makes a {@dc 17} Constitution saving throw. On a failed save, a creature takes {@damage 2d6} Thunder damage and has the {@condition Deafened|XPHB} condition for 1 minute. On a successful save, a creature takes half as much damage only.""]}]","[""V|XPHB""]",1d6,B,
Staff of Withering,XDMG,M|XPHB,False,rare,4,,"by a cleric, druid, or warlock","[""This staff has 3 charges and regains {@dice 1d3} expended charges daily at dawn."", ""The staff can be wielded as a magic Quarterstaff. On a hit, it deals damage as a normal Quarterstaff , and you can expend 1 charge to deal an extra {@damage 2d10} Necrotic damage to the target and force it to make a {@dc 15} Constitution saving throw. On a failed save, the target has {@variantrule Disadvantage|XPHB} for 1 hour on any ability check or saving throw that uses Strength or Constitution.""]","[""V|XPHB""]",1d6,B,
Stone of Controlling Earth Elementals,XDMG,,False,rare,,,,"[""While touching this 5-pound stone to the ground, you can take a {@action Magic|XPHB} action to summon an {@creature Earth Elemental|XMM}. The elemental appears in an unoccupied space you choose within 30 feet of yourself, obeys your commands, and takes its turn immediately after you on your {@variantrule Initiative|XPHB} count. The elemental disappears after 1 hour, when it dies, or when you dismiss it as a {@variantrule Bonus Action|XPHB}. The stone can't be used this way again until the next dawn.""]",,,,
Stone of Good Luck,XDMG,,False,uncommon,,,true,"[""While this polished agate is on your person, you gain a +1 bonus to ability checks and saving throws.""]",,,,
Sun Blade,XDMG,M|XPHB,False,rare,3,,true,"[""This item appears to be a sword hilt."", {""type"": ""entries"", ""name"": ""Blade of Radiance"", ""entries"": [""While grasping the hilt, you can take a {@variantrule Bonus Action|XPHB} to cause a blade of pure radiance to spring into existence or make the blade disappear. While the blade exists, this magic weapon functions as a Longsword with {@itemProperty F|XPHB|Finesse}. If you are proficient with Longswords or Shortswords, you are proficient with the Sun Blade."", ""You gain a +2 bonus to attack rolls and damage rolls made with this weapon, which deals Radiant damage instead of Slashing damage. When you hit an Undead with it, that target takes an extra {@damage 1d8} Radiant damage.""]}, {""type"": ""entries"", ""name"": ""Sunlight"", ""entries"": [""The sword's luminous blade emits {@variantrule Bright Light|XPHB} in a 15-foot radius and {@variantrule Dim Light|XPHB} for an additional 15 feet. The light is sunlight. While the blade persists, you can take a {@action Magic|XPHB} action to expand or reduce its radius of {@variantrule Bright Light|XPHB} and {@variantrule Dim Light|XPHB} by 5 feet each, to a maximum of 30 feet each or a minimum of 10 feet each.""]}]","[""F|XPHB"", ""V|XPHB""]",1d8,R,
Talisman of Pure Good,XDMG,,False,legendary,1,,by a cleric or paladin,"[""This talisman is a mighty symbol of goodness. A Fiend or an Undead that touches the talisman takes {@damage 8d6} Radiant damage and takes the damage again each time it ends its turn holding or carrying the talisman."", {""type"": ""entries"", ""name"": ""Holy Symbol"", ""entries"": [""You can use the talisman as a Holy Symbol. You gain a +2 bonus to spell attack rolls while you wear or hold it.""]}, {""type"": ""entries"", ""name"": ""Pure Rebuke"", ""entries"": [""The talisman has 7 charges. While wearing or holding the talisman, you can take a {@action Magic|XPHB} action to expend 1 charge and target one creature you can see on the ground within 120 feet of yourself. A flaming fissure opens under the target, and the target makes a {@dc 20} Dexterity saving throw. If the target is a Fiend or an Undead, it has {@variantrule Disadvantage|XPHB} on the save. On a failed save, the target falls into the fissure and is destroyed, leaving no remains. On a successful save, the target isn't cast into the fissure but takes {@damage 4d6} Psychic damage from the ordeal. In either case, the fissure then closes, leaving no trace of its existence. When you expend the last charge, the talisman disperses into motes of golden light and is destroyed.""]}]",,,,
Talisman of the Sphere,XDMG,,False,legendary,1,,true,"[""While holding or wearing this talisman, you have {@variantrule Advantage|XPHB} on any Intelligence ({@skill Arcana|XPHB}) check you make to control a {@item Sphere of Annihilation|XDMG}. In addition, when you start your turn in control of a {@item Sphere of Annihilation|XDMG}, you can take a {@action Magic|XPHB} action to move it 10 feet plus a number of additional feet equal to 10 times your Intelligence modifier. This movement doesn't have to be in a straight line.""]",,,,
Talisman of Ultimate Evil,XDMG,,False,legendary,1,,true,"[""This item symbolizes unrepentant evil. A creature that isn't a Fiend or an Undead that touches the talisman takes {@damage 8d6} Necrotic damage and takes the damage again each time it ends its turn holding or carrying the talisman."", {""type"": ""entries"", ""name"": ""Holy Symbol"", ""entries"": [""You can use the talisman as a Holy Symbol. You gain a +2 bonus to spell attack rolls while you wear or hold it.""]}, {""type"": ""entries"", ""name"": ""Ultimate End"", ""entries"": [""The talisman has 6 charges. While wearing or holding the talisman, you can take a {@action Magic|XPHB} action to expend 1 charge and target one creature you can see on the ground within 120 feet of yourself. A flaming fissure opens under the target, and the target makes a {@dc 20} Dexterity saving throw. If the target is a Celestial, it has {@variantrule Disadvantage|XPHB} on the save. On a failed save, the target falls into the fissure and is destroyed, leaving no remains. On a successful save, the target isn't cast into the fissure but takes {@damage 4d6} Psychic damage from the ordeal. In either case, the fissure then closes, leaving no trace of its existence. When you expend the last charge, the talisman dissolves into foul-smelling slime and is destroyed.""]}]",,,,
Tent,XPHB,G|XPHB,False,none,20,200,,"[""A Tent sleeps up to two Small or Medium creatures.""]",,,,
Thieves' Tools,XPHB,T|XPHB,False,none,1,2500,,"[{""type"": ""list"", ""style"": ""list-hang-notitle"", ""items"": [{""name"": ""Ability:"", ""type"": ""item"", ""entries"": [""Dexterity""]}, {""name"": ""Utilize:"", ""type"": ""item"", ""entries"": [""Pick a lock ({@dc 15}), or disarm a trap ({@dc 15})""]}]}]",,,,
Thunderous Greatclub,XDMG,M|XPHB,False,very rare,10,,true,"[""While you are attuned to this magic weapon, your Strength is 20 unless your Strength is already equal to or greater than that score. The weapon deals an extra {@damage 1d8} Thunder damage to any creature it hits and an extra {@damage 3d8} Thunder damage to objects it hits that aren't being worn or carried."", ""The weapon has the following additional properties."", {""type"": ""entries"", ""name"": ""Clap of Thunder"", ""entries"": [""As a {@action Magic|XPHB} action, you can strike the weapon against a hard surface to create a loud clap of thunder audible out to 300 feet. You also create a 30-foot {@variantrule Cone [Area of Effect]|XPHB|Cone} of thunderous energy. Each creature in the {@variantrule Cone [Area of Effect]|XPHB|Cone} must succeed on a {@dc 15} Strength saving throw or have the {@condition Prone|XPHB} condition. Nonmagical objects in the {@variantrule Cone [Area of Effect]|XPHB|Cone} that aren't being worn or carried take {@damage 3d8} Thunder damage.""]}, {""type"": ""entries"", ""name"": ""Earthquake"", ""entries"": [""As a {@action Magic|XPHB} action, you can strike the weapon against the ground to create an intense seismic disturbance in a 50-foot-radius circle centered on the point of impact. Structures in contact with the ground in that area take 50 Bludgeoning damage, and each creature on the ground in that area must succeed on a {@dc 20} Dexterity saving throw or have the {@condition Prone|XPHB} condition. If that creature is also {@status Concentration|XPHB|Concentrating}, it must succeed on a {@dc 20} Constitution saving throw or its {@status Concentration|XPHB} is broken. In addition, you can cause a 30-foot-deep, 10-foot-wide fissure to open up on the ground anywhere in the area. Any creature on a spot where the fissure opens must make a {@dc 20} Dexterity saving throw, falling into the fissure on a failed save or moving with the fissure's edge on a successful one. Any structure on a spot where the fissure opens collapses into the fissure. Once you use this property, it can't be used again until the next dawn.""]}]","[""2H|XPHB""]",1d8,B,
Tinderbox,XPHB,G|XPHB,False,none,1,50,,"[""A Tinderbox is a small container holding flint, fire steel, and tinder (usually dry cloth soaked in light oil) used to kindle a fire. Using it to light a {@item Candle|XPHB}, {@item Lamp|XPHB}, {@item Hooded Lantern|XPHB|Lantern}, or {@item Torch|XPHB}—or anything else with exposed fuel—takes a {@variantrule Bonus Action|XPHB}. Lighting any other fire takes 1 minute.""]",,,,
Tome of Clear Thought,XDMG,,False,very rare,5,,,"[""This book contains memory and logic exercises, and its words are charged with magic. If you spend 48 hours over a period of 6 days or fewer studying the book's contents and practicing its guidelines, your Intelligence increases by 2, to a maximum of 30. The manual then loses its magic, but regains it in a century.""]",,,,
Tome of Leadership and Influence,XDMG,,False,very rare,5,,,"[""This book contains guidelines for influencing and charming others, and its words are charged with magic. If you spend 48 hours over a period of 6 days or fewer studying the book's contents and practicing its guidelines, your Charisma increases by 2, to a maximum of 30. The manual then loses its magic, but regains it in a century.""]",,,,
Tome of Understanding,XDMG,,False,very rare,5,,,"[""This book contains intuition and insight exercises, and its words are charged with magic. If you spend 48 hours over a period of 6 days or fewer studying the book's contents and practicing its guidelines, your Wisdom increases by 2, to a maximum of 30. The manual then loses its magic, but regains it in a century.""]",,,,
Torch,XPHB,G|XPHB,False,none,1,1,,"[""A Torch burns for 1 hour, casting {@variantrule Bright Light|XPHB} in a 20-foot radius and {@variantrule Dim Light|XPHB} for an additional 20 feet. When you take the {@action Attack|XPHB} action, you can attack with the Torch, using it as a Simple Melee weapon. On a hit, the target takes 1 Fire damage.""]",,,,
Torpor,XDMG,G|XPHB,False,none,,60000,,"[""A creature subjected to Torpor poison must succeed on a {@dc 15} Constitution saving throw or have the {@condition Poisoned|XPHB} condition for {@dice 4d6} hours. The creature's {@variantrule Speed|XPHB} is halved while the creature is {@condition Poisoned|XPHB} in this way.""]",,,,
Traveler's Clothes,XPHB,G|XPHB,False,none,4,200,,"[""Traveler's Clothes are resilient garments designed for travel in various environments.""]",,,,
Trident of Fish Command,XDMG,M|XPHB,False,uncommon,4,,true,"[""This magic weapon has 3 charges, and it regains {@dice 1d3} expended charges daily at dawn. While you carry it, you can expend 1 charge to cast {@spell Dominate Beast|XPHB} (save {@dc 15}) from it on a Beast that has a {@variantrule Swim Speed|XPHB}.""]","[""T|XPHB"", ""V|XPHB""]",1d8,P,
Truth Serum,XDMG,G|XPHB,False,none,,15000,,"[""A creature subjected to Truth Serum must succeed on a {@dc 11} Constitution saving throw or have the {@condition Poisoned|XPHB} condition for 1 hour. The {@condition Poisoned|XPHB} creature can't knowingly communicate a lie.""]",,,,
Universal Solvent,XDMG,,False,legendary,,,,"[""This tube holds milky liquid with a strong alcohol smell. When found, a tube contains {@dice 1d6 + 1} ounces."", ""You can take a {@action Utilize|XPHB} action to pour 1 or more ounces of solvent from the tube onto a surface within reach. Each ounce instantly dissolves up to 1 square foot of adhesive it touches, including Sovereign Glue.""]",,,,
Vial,XPHB,G|XPHB,False,none,,100,,"[""A Vial holds up to 4 ounces.""]",,,,
Wagon,XPHB,VEH|XPHB,False,none,400,3500,,,,,,
Wand of Binding,XDMG,WD|XDMG,False,rare,1,,true,"[""This wand has 7 charges."", {""type"": ""entries"", ""name"": ""Spells"", ""entries"": [""While holding the wand, you can cast one of the spells (save {@dc 17}) on the following table from it. The table indicates how many charges you must expend to cast the spell."", {""type"": ""table"", ""colStyles"": [""col-10"", ""col-2 text-center""], ""colLabels"": [""Spell"", ""Charge Cost""], ""rows"": [[""{@spell Hold Monster|XPHB}"", ""5""], [""{@spell Hold Person|XPHB}"", ""2""]]}]}, {""type"": ""entries"", ""name"": ""Regaining Charges"", ""entries"": [""The wand regains {@dice 1d6 + 1} expended charges daily at dawn. If you expend the wand's last charge, roll {@dice 1d20}. On a 1, the wand crumbles into ashes and is destroyed.""]}]",,,,
Wand of Enemy Detection,XDMG,WD|XDMG,False,rare,1,,true,"[""This wand has 7 charges. While holding it, you can take a {@action Magic|XPHB} action to expend 1 charge. For 1 minute, you know the direction of the nearest creature {@variantrule Hostile [Attitude]|XPHB|Hostile} to you within 60 feet, but not its distance from you. The wand can sense the presence of {@variantrule Hostile [Attitude]|XPHB|Hostile} creatures that are {@condition Invisible|XPHB}, ethereal, disguised, or hidden, as well as those in plain sight. The effect ends if you stop holding the wand."", {""type"": ""entries"", ""name"": ""Regaining Charges"", ""entries"": [""The wand regains {@dice 1d6 + 1} expended charges daily at dawn. If you expend the wand's last charge, roll {@dice 1d20}. On a 1, the wand crumbles into ashes and is destroyed.""]}]",,,,
Wand of Fear,XDMG,WD|XDMG,False,rare,1,,true,"[""This wand has 7 charges."", {""type"": ""entries"", ""name"": ""Spells"", ""entries"": [""While holding the wand, you can cast one of the spells (save {@dc 15}) on the following table from it. The table indicates how many charges you must expend to cast the spell."", {""type"": ""table"", ""colStyles"": [""col-10"", ""col-2 text-center""], ""colLabels"": [""Spell"", ""Charge Cost""], ""rows"": [[""{@spell Command|XPHB} (\""flee\"" or \""grovel\"" only)"", ""1""], [""{@spell Fear|XPHB} (60-foot {@variantrule Cone [Area of Effect]|XPHB|Cone})"", ""3""]]}]}, {""type"": ""entries"", ""name"": ""Regaining Charges"", ""entries"": [""The wand regains {@dice 1d6 + 1} expended charges daily at dawn. If you expend the wand's last charge, roll {@dice 1d20}. On a 1, the wand crumbles into ashes and is destroyed.""]}]",,,,
Wand of Fireballs,XDMG,WD|XDMG,False,rare,1,,by a spellcaster,"[""This wand has 7 charges. While holding it, you can expend no more than 3 charges to cast {@spell Fireball|XPHB} (save {@dc 15}) from it. For 1 charge, you cast the level 3 version of the spell. You can increase the spell's level by 1 for each additional charge you expend."", {""type"": ""entries"", ""name"": ""Regaining Charges"", ""entries"": [""The wand regains {@dice 1d6 + 1} expended charges daily at dawn. If you expend the wand's last charge, roll {@dice 1d20}. On a 1, the wand crumbles into ashes and is destroyed.""]}]",,,,
Wand of Lightning Bolts,XDMG,WD|XDMG,False,rare,1,,by a spellcaster,"[""This wand has 7 charges. While holding it, you can expend no more than 3 charges to cast {@spell Lightning Bolt|XPHB} (save {@dc 15}) from it. For 1 charge, you cast the level 3 version of the spell. You can increase the spell's level by 1 for each additional charge you expend."", {""type"": ""entries"", ""name"": ""Regaining Charges"", ""entries"": [""The wand regains {@dice 1d6 + 1} expended charges daily at dawn. If you expend the wand's last charge, roll {@dice 1d20}. On a 1, the wand crumbles into ashes and is destroyed.""]}]",,,,
Wand of Magic Detection,XDMG,WD|XDMG,False,uncommon,1,,,"[""This wand has 3 charges. While holding it, you can expend 1 charge to cast {@spell Detect Magic|XPHB} from it. The wand regains {@dice 1d3} expended charges daily at dawn.""]",,,,
Wand of Magic Missiles,XDMG,WD|XDMG,False,uncommon,1,,,"[""This wand has 7 charges. While holding it, you can expend no more than 3 charges to cast {@spell Magic Missile|XPHB} from it. For 1 charge, you cast the level 1 version of the spell. You can increase the spell's level by 1 for each additional charge you expend."", {""type"": ""entries"", ""name"": ""Regaining Charges"", ""entries"": [""The wand regains {@dice 1d6 + 1} expended charges daily at dawn. If you expend the wand's last charge, roll {@dice 1d20}. On a 1, the wand crumbles into ashes and is destroyed.""]}]",,,,
Wand of Paralysis,XDMG,WD|XDMG,False,rare,1,,by a spellcaster,"[""This wand has 7 charges. While holding it, you can take a {@action Magic|XPHB} action to expend 1 charge to cause a thin blue ray to streak from the tip toward a creature you can see within 60 feet of yourself. The target must succeed on a {@dc 15} Constitution saving throw or have the {@condition Paralyzed|XPHB} condition for 1 minute. At the end of each of the target's turns, it repeats the save, ending the effect on itself on a success."", {""type"": ""entries"", ""name"": ""Regaining Charges"", ""entries"": [""The wand regains {@dice 1d6 + 1} expended charges daily at dawn. If you expend the wand's last charge, roll {@dice 1d20}. On a 1, the wand crumbles into ashes and is destroyed.""]}]",,,,
Wand of Polymorph,XDMG,WD|XDMG,False,very rare,1,,by a spellcaster,"[""This wand has 7 charges. While holding it, you can expend 1 charge to cast {@spell Polymorph|XPHB} (save {@dc 15}) from it."", {""type"": ""entries"", ""name"": ""Regaining Charges"", ""entries"": [""The wand regains {@dice 1d6 + 1} expended charges daily at dawn. If you expend the wand's last charge, roll {@dice 1d20}. On a 1, the wand crumbles into ashes and is destroyed.""]}]",,,,
Wand of Secrets,XDMG,WD|XDMG,False,uncommon,1,,,"[""This wand has 3 charges and regains {@dice 1d3} expended charges daily at dawn. While holding it, you can take a {@action Magic|XPHB} action to expend 1 charge, and if a secret door or trap is within 60 feet of you, the wand pulses and points at the one nearest to you.""]",,,,
Wand of Web,XDMG,WD|XDMG,False,uncommon,1,,by a spellcaster,"[""This wand has 7 charges. While holding it, you can expend 1 charge to cast {@spell Web|XPHB} (save {@dc 13}) from it."", {""type"": ""entries"", ""name"": ""Regaining Charges"", ""entries"": [""The wand regains {@dice 1d6 + 1} expended charges daily at dawn. If you expend the wand's last charge, roll {@dice 1d20}. On a 1, the wand crumbles into ashes and is destroyed.""]}]",,,,
Wand of Wonder,XDMG,WD|XDMG,False,rare,1,,true,"[""This wand has 7 charges. While holding it, you can take a {@action Magic|XPHB} action to expend 1 charge while choosing a point within 120 feet of yourself. That location becomes the point of origin of a spell or other magical effect determined by rolling on the Wand of Wonder Effects table. Spells cast from the wand have a save DC of 15. If a spell's maximum range is normally less than 120 feet, it becomes 120 feet when cast from the wand. If an effect has multiple possible subjects, the DM determines randomly which among them are affected."", {""type"": ""entries"", ""name"": ""Regaining Charges"", ""entries"": [""The wand regains {@dice 1d6 + 1} expended charges daily at dawn. If you expend the wand's last charge, roll {@dice 1d20}. On a 1, the wand crumbles into dust and is destroyed.""]}, {""type"": ""table"", ""caption"": ""Wand of Wonder Effects"", ""colStyles"": [""col-2 text-center"", ""col-10""], ""colLabels"": [""1d100"", ""Effect""], ""rows"": [[""01-20"", ""You cast a spell originating from the chosen point. Roll {@dice 1d10} to determine the spell: on a {@b 1-2}, {@spell Darkness|XPHB}; on a {@b 3-4}, {@spell Faerie Fire|XPHB}; on a {@b 5-6}, {@spell Fireball|XPHB}; on a {@b 7-8}, {@spell Slow|XPHB}; on a {@b 9-10}, {@spell Stinking Cloud|XPHB}.""], [""21-25"", ""Nothing happens at the chosen point of origin. Instead, you have the {@condition Stunned|XPHB} condition until the start of your next turn, believing something awesome just happened.""], [""26-30"", ""You cast {@spell Gust of Wind|XPHB}. The {@variantrule Line [Area of Effect]|XPHB|Line} created by the spell extends from you to the chosen point of origin.""], [""31-35"", ""Nothing happens at the chosen point of origin. Instead, you take {@damage 1d6} Psychic damage.""], [""36-40"", ""Heavy rain falls for 1 minute in a 120-foot-high, 60-foot-radius {@variantrule Cylinder [Area of Effect]|XPHB|Cylinder} centered on the chosen point of origin. During that time, the area of effect is {@variantrule Lightly Obscured|XPHB}.""], [""41-45"", ""A cloud of 600 oversized butterflies fills a 60-foot-high, 30-foot-radius {@variantrule Cylinder [Area of Effect]|XPHB|Cylinder} centered on the chosen point of origin. The butterflies remain for 10 minutes, during which time the area of effect is {@variantrule Heavily Obscured|XPHB}.""], [""46-50"", ""You cast {@spell Lightning Bolt|XPHB}. The {@variantrule Line [Area of Effect]|XPHB|Line} created by the spell extends from you to the chosen point of origin.""], [""51-55"", ""The creature closest to the chosen point of origin is enlarged as if you had cast {@spell Enlarge/Reduce|XPHB} on it. If the target isn't you and can't be affected by that spell, you become the target instead.""], [""56-60"", ""A magically formed creature appears in an unoccupied space as close to the chosen point of origin as possible. The creature isn't under your control, acts as it normally would, and disappears after 1 hour or when it drops to 0 {@variantrule Hit Points|XPHB}. Roll {@dice 1d4} to determine which creature appears. On a {@b 1}, a {@creature Rhinoceros|XMM} appears; on a {@b 2}, an {@creature Elephant|XMM} appears; and on a {@b 3-4}, a {@creature Rat|XMM} appears.""], [""61-64"", ""Grass covers a 60-foot-radius circle of ground, with the center of that circle as close to the chosen point of origin as possible. Grass that's already there grows to ten times its normal size and remains overgrown for 1 minute.""], [""65-68"", ""An object of the DM's choice disappears into the Ethereal Plane. The object must be neither worn nor carried, within 120 feet of the chosen point of origin, and no larger than 10 feet in any dimension. If there are no such objects in range, nothing happens.""], [""69-72"", ""Nothing happens at the chosen point of origin. Instead, you shrink as if you had cast {@spell Enlarge/Reduce|XPHB} on yourself and remain in that state for 1 minute.""], [""73-77"", ""Leaves grow from the creature nearest to the chosen point of origin. Unless they are picked off, the leaves turn brown and fall off after 24 hours.""], [""78-82"", ""Nothing happens at the chosen point of origin. Instead, a burst of colorful, shimmering light extends from you in a 30-foot {@variantrule Emanation [Area of Effect]|XPHB|Emanation}. Each creature in the area must succeed on a {@dc 15} Constitution saving throw or have the {@condition Blinded|XPHB} condition for 1 minute. A creature repeats the save at the end of each of its turns, ending the effect on itself on a success.""], [""83-87"", ""Nothing happens at the chosen point of origin. Instead, you cast {@spell Invisibility|XPHB} on yourself.""], [""88-92"", ""Nothing happens at the chosen point of origin. Instead, a stream of {@dice 1d4 × 10} gems, each worth 1 GP, shoots from the wand's tip in a {@variantrule Line [Area of Effect]|XPHB|Line} 30 feet long and 5 feet wide toward the chosen point of origin. Each gem deals 1 Bludgeoning damage, and the total damage of the gems is divided equally among all creatures in the {@variantrule Line [Area of Effect]|XPHB|Line}.""], [""93-97"", ""You cast {@spell Polymorph|XPHB}, targeting the creature closest to the chosen point of origin. Roll {@dice 1d4} to determine the target's new form. On a {@b 1}, the new form is a {@creature Black Bear|XMM}; on a {@b 2}, the new form is a {@creature Giant Wasp|XMM}; on a {@b 3-4}, the new form is a {@creature Frog|XMM}.""], [""98-00"", ""The creature closest to the chosen point of origin makes a {@dc 15} Constitution saving throw. On a failed save, the creature has the {@condition Restrained|XPHB} condition and begins to turn to stone. While {@condition Restrained|XPHB} in this way, the creature repeats the save at the end of its next turn. On a successful save, the effect ends. On a failed save, the creature has the {@condition Petrified|XPHB} condition instead of the {@condition Restrained|XPHB} condition. The petrification lasts until the creature is freed by the {@spell Greater Restoration|XPHB} spell or similar magic.""]], ""data"": {""genTables"": {""tableInclude"": true}}}]",,,,
Warhorse,XPHB,MNT|XPHB,False,none,,40000,,,,,,
Warship,XPHB,SHP|XPHB,False,none,,2500000,,,,,,
Waterskin,XPHB,G|XPHB,False,none,5,20,,"[""A Waterskin holds up to 4 pints. If you don't drink sufficient water, you risk dehydration.""]",,,,
Well of Many Worlds,XDMG,,False,legendary,,,,"[""This fine black cloth, soft as silk, is folded up to the dimensions of a handkerchief. It unfolds into a circular sheet 6 feet in diameter."", ""You can take a {@action Magic|XPHB} action to unfold the Well of Many Worlds and place it on a solid surface, whereupon it forms a two-way, 6-foot-diameter, circular portal to another world or plane of existence. Each time the item opens a portal, the DM decides where it leads. The portal remains open until a creature within 5 feet of it takes a {@action Magic|XPHB} action to close it by taking hold of the edges of the cloth and folding it up."", ""Once the Well of Many Worlds has opened a portal, it can't do so again for {@dice 1d8} hours.""]",,,,
Wheat,XDMG,TG|XDMG,False,none,1,1,,,,,,
White Dragon Scale Mail,XDMG,MA|XPHB,False,very rare,45,,true,"[""{#itemEntry Dragon Scale Mail|XDMG}""]",,,,14
Wind Fan,XDMG,,False,uncommon,,,,"[""While holding this fan, you can cast {@spell Gust of Wind|XPHB} (save {@dc 13}) from it. Each subsequent time the fan is used before the next dawn, it has a cumulative {@chance 20} chance of not working; if the fan fails to work, it tears into useless, nonmagical tatters.""]",,,,
Winged Boots,XDMG,,False,uncommon,,,true,"[""These boots have 4 charges and regain {@dice 1d4} expended charges daily at dawn. While wearing the boots, you can take a {@action Magic|XPHB} action to expend 1 charge, gaining a {@variantrule Fly Speed|XPHB} of 30 feet for 1 hour. If you are flying when the duration expires, you descend at a rate of 30 feet per round until you land.""]",,,,
Wings of Flying,XDMG,,False,rare,,,true,"[""While wearing this cloak, you can take a {@action Magic|XPHB} action to turn the cloak into a pair of wings on your back. The wings lasts for 1 hour or until you end the effect early as a {@action Magic|XPHB} action. The wings give you a {@variantrule Fly Speed|XPHB} of 60 feet. If you are aloft when the wings disappear, you fall. When the wings disappear, you can't use them again for {@dice 1d12} hours.""]",,,,
Wyvern Poison,XDMG,G|XPHB,False,none,,120000,,"[""A creature subjected to Wyvern Poison makes a {@dc 14} Constitution saving throw, taking 24 ({@damage 7d6}) Poison damage on a failed save or half as much damage on a successful one.""]",,,,
Yew Wand,XPHB,SCF|XPHB,False,none,1,1000,,,,,,
