Name,Source,Size,Type,Alignment,AC,HP,Speed,STR,DEX,CON,INT,WIS,CHA,Save,Skill,Passive Perception,Languages,CR,Traits,Actions,Bonus Actions,Reactions,Legendary Actions,Spellcasting
Aboleth,XMM,"[""L""]",aberration,"[""L"", ""E""]",[17],"{""average"": 150, ""formula"": ""20d10 + 40""}","{""walk"": 10, ""swim"": 40}",21,9,15,18,15,18,"{""dex"": ""+3"", ""con"": ""+6"", ""int"": ""+8"", ""wis"": ""+6""}","{""history"": ""+12"", ""perception"": ""+10""}",20,"[""Deep Speech; telepathy 120 ft.""]","{""cr"": ""10"", ""xpLair"": 7200}","[{""name"": ""Amphibious"", ""entries"": [""The aboleth can breathe air and water.""]}, {""name"": ""Eldritch Restoration"", ""entries"": [""If destroyed, the aboleth gains a new body in {@dice 5d10} days, reviving with all its {@variantrule Hit Points|XPHB} in the Far Realm or another location chosen by the DM.""]}, {""name"": ""Legendary Resistance (3/Day, or 4/Day in Lair)"", ""entries"": [""If the aboleth fails a saving throw, it can choose to succeed instead.""]}, {""name"": ""Mucus Cloud"", ""entries"": [""While underwater, the aboleth is surrounded by mucus. {@actSave con} {@dc 14}, each creature in a 5-foot {@variantrule Emanation [Area of Effect]|XPHB|Emanation} originating from the aboleth at the end of the aboleth's turn. {@actSaveFail} The target is cursed. Until the curse ends, the target's skin becomes slimy, the target can breathe air and water, and it can't regain {@variantrule Hit Points|XPHB} unless it is underwater."", ""While the cursed creature is outside a body of water, the creature takes 6 ({@damage 1d12}) Acid damage at the end of every 10 minutes unless moisture is applied to its skin before those minutes have passed.""]}, {""name"": ""Probing Telepathy"", ""entries"": [""If a creature the aboleth can see communicates telepathically with the aboleth, the aboleth learns the creature's greatest desires.""]}]","[{""name"": ""Multiattack"", ""entries"": [""The aboleth makes two Tentacle attacks and uses either Consume Memories or Dominate Mind if available.""]}, {""name"": ""Tentacle"", ""entries"": [""{@atkr m} {@hit 9}, reach 15 ft. {@h}12 ({@damage 2d6 + 5}) Bludgeoning damage. If the target is a Large or smaller creature, it has the {@condition Grappled|XPHB} condition (escape {@dc 14}) from one of four tentacles.""]}, {""name"": ""Consume Memories"", ""entries"": [""{@actSave int} {@dc 16}, one creature within 30 feet that is {@condition Charmed|XPHB} or {@condition Grappled|XPHB} by the aboleth. {@actSaveFail} 10 ({@damage 3d6}) Psychic damage. {@actSaveSuccess} Half damage. {@actSaveSuccessOrFail} The aboleth gains the target's memories if the target is a Humanoid and is reduced to 0 {@variantrule Hit Points|XPHB} by this action.""]}, {""name"": ""Dominate Mind (2/Day)"", ""entries"": [""{@actSave wis} {@dc 16}, one creature the aboleth can see within 30 feet. {@actSaveFail} The target has the {@condition Charmed|XPHB} condition until the aboleth dies or is on a different plane of existence from the target. While {@condition Charmed|XPHB}, the target acts as an ally to the aboleth and is under its control while within 60 feet of it. In addition, the aboleth and the target can communicate telepathically with each other over any distance."", ""The target repeats the save whenever it takes damage as well as after every 24 hours it spends at least 1 mile away from the aboleth, ending the effect on itself on a success.""]}]",,,"[{""name"": ""Lash"", ""entries"": [""The aboleth makes one Tentacle attack.""]}, {""name"": ""Psychic Drain"", ""entries"": [""If the aboleth has at least one creature {@condition Charmed|XPHB} or {@condition Grappled|XPHB}, it uses Consume Memories and regains 5 ({@dice 1d10}) {@variantrule Hit Points|XPHB}.""]}]",
Adult Black Dragon,XMM,"[""H""]","{""type"": ""dragon"", ""tags"": [""chromatic""]}","[""C"", ""E""]",[19],"{""average"": 195, ""formula"": ""17d12 + 85""}","{""walk"": 40, ""fly"": 80, ""swim"": 40}",23,14,21,14,13,19,"{""dex"": ""+7"", ""wis"": ""+6""}","{""perception"": ""+11"", ""stealth"": ""+7""}",21,"[""Common"", ""Draconic""]","{""cr"": ""14"", ""xpLair"": 13000}","[{""name"": ""Amphibious"", ""entries"": [""The dragon can breathe air and water.""]}, {""name"": ""Legendary Resistance (3/Day, or 4/Day in Lair)"", ""entries"": [""If the dragon fails a saving throw, it can choose to succeed instead.""]}]","[{""name"": ""Multiattack"", ""entries"": [""The dragon makes three Rend attacks. It can replace one attack with a use of Spellcasting to cast {@spell Melf's Acid Arrow|XPHB} (level 3 version).""]}, {""name"": ""Rend"", ""entries"": [""{@atkr m} {@hit 11}, reach 10 ft. {@h}13 ({@damage 2d6 + 6}) Slashing damage plus 4 ({@damage 1d8}) Acid damage.""]}, {""name"": ""Acid Breath {@recharge 5}"", ""entries"": [""{@actSave dex} {@dc 18}, each creature in a 60-foot-long, 5-foot-wide {@variantrule Line [Area of Effect]|XPHB|Line}. {@actSaveFail} 54 ({@damage 12d8}) Acid damage. {@actSaveSuccess} Half damage.""]}]",,,"[{""name"": ""Cloud of Insects"", ""entries"": [""{@actSave dex} {@dc 17}, one creature the dragon can see within 120 feet. {@actSaveFail} 22 ({@damage 4d10}) Poison damage, and the target has {@variantrule Disadvantage|XPHB} on saving throws to maintain {@status Concentration|XPHB} until the end of its next turn. {@actSaveSuccessOrFail} The dragon can't take this action again until the start of its next turn.""]}, {""name"": ""Frightful Presence"", ""entries"": [""The dragon uses Spellcasting to cast {@spell Fear|XPHB}. The dragon can't take this action again until the start of its next turn.""]}, {""name"": ""Pounce"", ""entries"": [""The dragon can move up to half its {@variantrule Speed|XPHB}, and it makes one Rend attack.""]}]","[{""name"": ""Spellcasting"", ""type"": ""spellcasting"", ""headerEntries"": [""The dragon casts one of the following spells, requiring no Material components and using Charisma as the spellcasting ability (spell save {@dc 17}, {@hit 9} to hit with spell attacks):""], ""will"": [""{@spell Detect Magic|XPHB}"", ""{@spell Fear|XPHB}"", ""{@spell Melf's Acid Arrow|XPHB} (level 3 version)""], ""daily"": {""1e"": [""{@spell Speak with Dead|XPHB}"", ""{@spell Vitriolic Sphere|XPHB}""]}, ""ability"": ""cha"", ""displayAs"": ""action""}]"
Adult Blue Dragon,XMM,"[""H""]","{""type"": ""dragon"", ""tags"": [""chromatic""]}","[""L"", ""E""]",[19],"{""average"": 212, ""formula"": ""17d12 + 102""}","{""walk"": 40, ""burrow"": 30, ""fly"": 80}",25,10,23,16,15,20,"{""dex"": ""+5"", ""wis"": ""+7""}","{""perception"": ""+12"", ""stealth"": ""+5""}",22,"[""Common"", ""Draconic""]","{""cr"": ""16"", ""xpLair"": 18000}","[{""name"": ""Legendary Resistance (3/Day, or 4/Day in Lair)"", ""entries"": [""If the dragon fails a saving throw, it can choose to succeed instead.""]}]","[{""name"": ""Multiattack"", ""entries"": [""The dragon makes three Rend attacks. It can replace one attack with a use of Spellcasting to cast {@spell Shatter|XPHB}.""]}, {""name"": ""Rend"", ""entries"": [""{@atkr m} {@hit 12}, reach 10 ft. {@h}16 ({@damage 2d8 + 7}) Slashing damage plus 5 ({@damage 1d10}) Lightning damage.""]}, {""name"": ""Lightning Breath {@recharge 5}"", ""entries"": [""{@actSave dex} {@dc 19}, each creature in a 90-foot-long, 5-foot-wide {@variantrule Line [Area of Effect]|XPHB|Line}. {@actSaveFail} 60 ({@damage 11d10}) Lightning damage. {@actSaveSuccess} Half damage.""]}]",,,"[{""name"": ""Cloaked Flight"", ""entries"": [""The dragon uses Spellcasting to cast {@spell Invisibility|XPHB} on itself, and it can fly up to half its {@variantrule Fly Speed|XPHB}. The dragon can't take this action again until the start of its next turn.""]}, {""name"": ""Sonic Boom"", ""entries"": [""The dragon uses Spellcasting to cast {@spell Shatter|XPHB}. The dragon can't take this action again until the start of its next turn.""]}, {""name"": ""Tail Swipe"", ""entries"": [""The dragon makes one Rend attack.""]}]","[{""name"": ""Spellcasting"", ""type"": ""spellcasting"", ""headerEntries"": [""The dragon casts one of the following spells, requiring no Material components and using Charisma as the spellcasting ability (spell save {@dc 18}):""], ""will"": [""{@spell Detect Magic|XPHB}"", ""{@spell Invisibility|XPHB}"", ""{@spell Mage Hand|XPHB}"", ""{@spell Shatter|XPHB}""], ""daily"": {""1e"": [""{@spell Scrying|XPHB}"", ""{@spell Sending|XPHB}""]}, ""ability"": ""cha"", ""displayAs"": ""action""}]"
Adult Brass Dragon,XMM,"[""H""]","{""type"": ""dragon"", ""tags"": [""metallic""]}","[""C"", ""G""]",[18],"{""average"": 172, ""formula"": ""15d12 + 75""}","{""walk"": 40, ""burrow"": 30, ""fly"": 80}",23,10,21,14,13,17,"{""dex"": ""+5"", ""wis"": ""+6""}","{""history"": ""+7"", ""perception"": ""+11"", ""persuasion"": ""+8"", ""stealth"": ""+5""}",21,"[""Common"", ""Draconic""]","{""cr"": ""13"", ""xpLair"": 11500}","[{""name"": ""Legendary Resistance (3/Day, or 4/Day in Lair)"", ""entries"": [""If the dragon fails a saving throw, it can choose to succeed instead.""]}]","[{""name"": ""Multiattack"", ""entries"": [""The dragon makes three Rend attacks. It can replace one attack with a use of (A) Sleep Breath or (B) Spellcasting to cast {@spell Scorching Ray|XPHB}.""]}, {""name"": ""Rend"", ""entries"": [""{@atkr m} {@hit 11}, reach 10 ft. {@h}17 ({@damage 2d10 + 6}) Slashing damage plus 4 ({@damage 1d8}) Fire damage.""]}, {""name"": ""Fire Breath {@recharge 5}"", ""entries"": [""{@actSave dex} {@dc 18}, each creature in a 60-foot-long, 5-foot-wide {@variantrule Line [Area of Effect]|XPHB|Line}. {@actSaveFail} 45 ({@damage 10d8}) Fire damage. {@actSaveSuccess} Half damage.""]}, {""name"": ""Sleep Breath"", ""entries"": [""{@actSave con} {@dc 18}, each creature in a 60-foot {@variantrule Cone [Area of Effect]|XPHB|Cone}. {@actSaveFail} The target has the {@condition Incapacitated|XPHB} condition until the end of its next turn, at which point it repeats the save. {@actSaveFail 2} The target has the {@condition Unconscious|XPHB} condition for 10 minutes. This effect ends for the target if it takes damage or a creature within 5 feet of it takes an action to wake it.""]}]",,,"[{""name"": ""Blazing Light"", ""entries"": [""The dragon uses Spellcasting to cast {@spell Scorching Ray|XPHB}.""]}, {""name"": ""Pounce"", ""entries"": [""The dragon moves up to half its {@variantrule Speed|XPHB}, and it makes one Rend attack.""]}, {""name"": ""Scorching Sands"", ""entries"": [""{@actSave dex} {@dc 16}, one creature the dragon can see within 120 feet. {@actSaveFail} 27 ({@damage 6d8}) Fire damage, and the target's {@variantrule Speed|XPHB} is halved until the end of its next turn. {@actSaveSuccessOrFail} The dragon can't take this action again until the start of its next turn.""]}]","[{""name"": ""Spellcasting"", ""type"": ""spellcasting"", ""headerEntries"": [""The dragon casts one of the following spells, requiring no Material components and using Charisma as the spellcasting ability (spell save {@dc 16}):""], ""will"": [""{@spell Detect Magic|XPHB}"", ""{@spell Minor Illusion|XPHB}"", ""{@spell Scorching Ray|XPHB}"", ""{@spell Shapechange|XPHB} (Beast or Humanoid form only, no {@variantrule Temporary Hit Points|XPHB} gained from the spell, and no Concentration or {@variantrule Temporary Hit Points|XPHB} required to maintain the spell)"", ""{@spell Speak with Animals|XPHB}""], ""daily"": {""1e"": [""{@spell Detect Thoughts|XPHB}"", ""{@spell Control Weather|XPHB}""]}, ""ability"": ""cha"", ""displayAs"": ""action""}]"
Adult Bronze Dragon,XMM,"[""H""]","{""type"": ""dragon"", ""tags"": [""metallic""]}","[""L"", ""G""]",[18],"{""average"": 212, ""formula"": ""17d12 + 102""}","{""walk"": 40, ""fly"": 80, ""swim"": 40}",25,10,23,16,15,20,"{""dex"": ""+5"", ""wis"": ""+7""}","{""insight"": ""+7"", ""perception"": ""+12"", ""stealth"": ""+5""}",22,"[""Common"", ""Draconic""]","{""cr"": ""15"", ""xpLair"": 15000}","[{""name"": ""Amphibious"", ""entries"": [""The dragon can breathe air and water.""]}, {""name"": ""Legendary Resistance (3/Day, or 4/Day in Lair)"", ""entries"": [""If the dragon fails a saving throw, it can choose to succeed instead.""]}]","[{""name"": ""Multiattack"", ""entries"": [""The dragon makes three Rend attacks. It can replace one attack with a use of (A) Repulsion Breath or (B) Spellcasting to cast {@spell Guiding Bolt|XPHB} (level 2 version).""]}, {""name"": ""Rend"", ""entries"": [""{@atkr m} {@hit 12}, reach 10 ft. {@h}16 ({@damage 2d8 + 7}) Slashing damage plus 5 ({@damage 1d10}) Lightning damage.""]}, {""name"": ""Lightning Breath {@recharge 5}"", ""entries"": [""{@actSave dex} {@dc 19}, each creature in a 90-foot-long, 5-foot-wide {@variantrule Line [Area of Effect]|XPHB|Line}. {@actSaveFail} 55 ({@damage 10d10}) Lightning damage. {@actSaveSuccess} Half damage.""]}, {""name"": ""Repulsion Breath"", ""entries"": [""{@actSave str} {@dc 19}, each creature in a 30-foot {@variantrule Cone [Area of Effect]|XPHB|Cone}. {@actSaveFail} The target is pushed up to 60 feet straight away from the dragon and has the {@condition Prone|XPHB} condition.""]}]",,,"[{""name"": ""Guiding Light"", ""entries"": [""The dragon uses Spellcasting to cast {@spell Guiding Bolt|XPHB} (level 2 version).""]}, {""name"": ""Pounce"", ""entries"": [""The dragon moves up to half its {@variantrule Speed|XPHB}, and it makes one Rend attack.""]}, {""name"": ""Thunderclap"", ""entries"": [""{@actSave con} {@dc 17}, each creature in a 20-foot-radius {@variantrule Sphere [Area of Effect]|XPHB|Sphere} centered on a point the dragon can see within 90 feet. {@actSaveFail} 10 ({@damage 3d6}) Thunder damage, and the target has the {@condition Deafened|XPHB} condition until the end of its next turn.""]}]","[{""name"": ""Spellcasting"", ""type"": ""spellcasting"", ""headerEntries"": [""The dragon casts one of the following spells, requiring no Material components and using Charisma as the spellcasting ability (spell save {@dc 17}, {@hit 10} to hit with spell attacks):""], ""will"": [""{@spell Detect Magic|XPHB}"", ""{@spell Guiding Bolt|XPHB} (level 2 version)"", ""{@spell Shapechange|XPHB} (Beast or Humanoid form only, no {@variantrule Temporary Hit Points|XPHB} gained from the spell, and no Concentration or {@variantrule Temporary Hit Points|XPHB} required to maintain the spell)"", ""{@spell Speak with Animals|XPHB}"", ""{@spell Thaumaturgy|XPHB}""], ""daily"": {""1e"": [""{@spell Detect Thoughts|XPHB}"", ""{@spell Water Breathing|XPHB}""]}, ""ability"": ""cha"", ""displayAs"": ""action""}]"
Adult Copper Dragon,XMM,"[""H""]","{""type"": ""dragon"", ""tags"": [""metallic""]}","[""C"", ""G""]",[18],"{""average"": 184, ""formula"": ""16d12 + 80""}","{""walk"": 40, ""climb"": 40, ""fly"": 80}",23,12,21,18,15,18,"{""dex"": ""+6"", ""wis"": ""+7""}","{""deception"": ""+9"", ""perception"": ""+12"", ""stealth"": ""+6""}",22,"[""Common"", ""Draconic""]","{""cr"": ""14"", ""xpLair"": 13000}","[{""name"": ""Legendary Resistance (3/Day, or 4/Day in Lair)"", ""entries"": [""If the dragon fails a saving throw, it can choose to succeed instead.""]}]","[{""name"": ""Multiattack"", ""entries"": [""The dragon makes three Rend attacks. It can replace one attack with a use of (A) Slowing Breath or (B) Spellcasting to cast {@spell Mind Spike|XPHB} (level 4 version).""]}, {""name"": ""Rend"", ""entries"": [""{@atkr m} {@hit 11}, reach 10 ft. {@h}17 ({@damage 2d10 + 6}) Slashing damage plus 4 ({@damage 1d8}) Acid damage.""]}, {""name"": ""Acid Breath {@recharge 5}"", ""entries"": [""{@actSave dex} {@dc 18}, each creature in an 60-foot-long, 5-foot-wide {@variantrule Line [Area of Effect]|XPHB|Line}. {@actSaveFail} 54 ({@damage 12d8}) Acid damage. {@actSaveSuccess} Half damage.""]}, {""name"": ""Slowing Breath"", ""entries"": [""{@actSave con} {@dc 18}, each creature in a 60-foot {@variantrule Cone [Area of Effect]|XPHB|Cone}. {@actSaveFail} The target can't take Reactions; its {@variantrule Speed|XPHB} is halved; and it can take either an action or a {@variantrule Bonus Action|XPHB} on its turn, not both. This effect lasts until the end of its next turn.""]}]",,,"[{""name"": ""Giggling Magic"", ""entries"": [""{@actSave cha} {@dc 17}, one creature the dragon can see within 90 feet. {@actSaveFail} 24 ({@damage 7d6}) Psychic damage. Until the end of its next turn, the target rolls {@dice 1d6} whenever it makes an ability check or attack roll and subtracts the number rolled from the {@variantrule D20 Test|XPHB}. {@actSaveSuccessOrFail} The dragon can't take this action again until the start of its next turn.""]}, {""name"": ""Mind Jolt"", ""entries"": [""The dragon uses Spellcasting to cast {@spell Mind Spike|XPHB} (level 4 version). The dragon can't take this action again until the start of its next turn.""]}, {""name"": ""Pounce"", ""entries"": [""The dragon moves up to half its {@variantrule Speed|XPHB}, and it makes one Rend attack.""]}]","[{""name"": ""Spellcasting"", ""type"": ""spellcasting"", ""headerEntries"": [""The dragon casts one of the following spells, requiring no Material components and using Charisma as the spellcasting ability (spell save {@dc 17}):""], ""will"": [""{@spell Detect Magic|XPHB}"", ""{@spell Mind Spike|XPHB} (level 4 version)"", ""{@spell Minor Illusion|XPHB}"", ""{@spell Shapechange|XPHB} (Beast or Humanoid form only, no {@variantrule Temporary Hit Points|XPHB} gained from the spell, and no Concentration or {@variantrule Temporary Hit Points|XPHB} required to maintain the spell)""], ""daily"": {""1e"": [""{@spell Greater Restoration|XPHB}"", ""{@spell Major Image|XPHB}""]}, ""ability"": ""cha"", ""displayAs"": ""action""}]"
Adult Gold Dragon,XMM,"[""H""]","{""type"": ""dragon"", ""tags"": [""metallic""]}","[""L"", ""G""]",[19],"{""average"": 243, ""formula"": ""18d12 + 126""}","{""walk"": 40, ""fly"": 80, ""swim"": 40}",27,14,25,16,15,24,"{""dex"": ""+8"", ""wis"": ""+8""}","{""insight"": ""+8"", ""perception"": ""+14"", ""persuasion"": ""+13"", ""stealth"": ""+8""}",24,"[""Common"", ""Draconic""]","{""cr"": ""17"", ""xpLair"": 20000}","[{""name"": ""Amphibious"", ""entries"": [""The dragon can breathe air and water.""]}, {""name"": ""Legendary Resistance (3/Day, or 4/Day in Lair)"", ""entries"": [""If the dragon fails a saving throw, it can choose to succeed instead.""]}]","[{""name"": ""Multiattack"", ""entries"": [""The dragon makes three Rend attacks. It can replace one attack with a use of (A) Spellcasting to cast {@spell Guiding Bolt|XPHB} (level 2 version) or (B) Weakening Breath.""]}, {""name"": ""Rend"", ""entries"": [""{@atkr m} {@hit 14}, reach 10 ft. {@h}17 ({@damage 2d8 + 8}) Slashing damage plus 4 ({@damage 1d8}) Fire damage.""]}, {""name"": ""Fire Breath {@recharge 5}"", ""entries"": [""{@actSave dex} {@dc 21}, each creature in a 60-foot {@variantrule Cone [Area of Effect]|XPHB|Cone}. {@actSaveFail} 66 ({@damage 12d10}) Fire damage. {@actSaveSuccess} Half damage.""]}, {""name"": ""Weakening Breath"", ""entries"": [""{@actSave str} {@dc 21}, each creature that isn't currently affected by this breath in a 60-foot {@variantrule Cone [Area of Effect]|XPHB|Cone}. {@actSaveFail} The target has {@variantrule Disadvantage|XPHB} on Strength-based {@variantrule D20 Test|XPHB|D20 Tests} and subtracts 3 ({@dice 1d6}) from its damage rolls. It repeats the save at the end of each of its turns, ending the effect on itself on a success. After 1 minute, it succeeds automatically.""]}]",,,"[{""name"": ""Banish"", ""entries"": [""{@actSave cha} {@dc 21}, one creature the dragon can see within 120 feet. {@actSaveFail} 10 ({@damage 3d6}) Force damage, and the target has the {@condition Incapacitated|XPHB} condition and is transported to a harmless demiplane until the start of the dragon's next turn, at which point it reappears in an unoccupied space of the dragon's choice within 120 feet of the dragon. {@actSaveSuccessOrFail} The dragon can't take this action again until the start of its next turn.""]}, {""name"": ""Guiding Light"", ""entries"": [""The dragon uses Spellcasting to cast {@spell Guiding Bolt|XPHB} (level 2 version).""]}, {""name"": ""Pounce"", ""entries"": [""The dragon moves up to half its {@variantrule Speed|XPHB}, and it makes one Rend attack.""]}]","[{""name"": ""Spellcasting"", ""type"": ""spellcasting"", ""headerEntries"": [""The dragon casts one of the following spells, requiring no Material components and using Charisma as the spellcasting ability (spell save {@dc 21}, {@hit 13} to hit with spell attacks):""], ""will"": [""{@spell Detect Magic|XPHB}"", ""{@spell Guiding Bolt|XPHB} (level 2 version)"", ""{@spell Shapechange|XPHB} (Beast or Humanoid form only, no {@variantrule Temporary Hit Points|XPHB} gained from the spell, and no Concentration or {@variantrule Temporary Hit Points|XPHB} required to maintain the spell)""], ""daily"": {""1e"": [""{@spell Flame Strike|XPHB}"", ""{@spell Zone of Truth|XPHB}""]}, ""ability"": ""cha"", ""displayAs"": ""action""}]"
Adult Green Dragon,XMM,"[""H""]","{""type"": ""dragon"", ""tags"": [""chromatic""]}","[""L"", ""E""]",[19],"{""average"": 207, ""formula"": ""18d12 + 90""}","{""walk"": 40, ""fly"": 80, ""swim"": 40}",23,12,21,18,15,18,"{""dex"": ""+6"", ""wis"": ""+7""}","{""deception"": ""+9"", ""perception"": ""+12"", ""persuasion"": ""+9"", ""stealth"": ""+6""}",22,"[""Common"", ""Draconic""]","{""cr"": ""15"", ""xpLair"": 15000}","[{""name"": ""Amphibious"", ""entries"": [""The dragon can breathe air and water.""]}, {""name"": ""Legendary Resistance (3/Day, or 4/Day in Lair)"", ""entries"": [""If the dragon fails a saving throw, it can choose to succeed instead.""]}]","[{""name"": ""Multiattack"", ""entries"": [""The dragon makes three Rend attacks. It can replace one attack with a use of Spellcasting to cast {@spell Mind Spike|XPHB} (level 3 version).""]}, {""name"": ""Rend"", ""entries"": [""{@atkr m} {@hit 11}, reach 10 ft. {@h}15 ({@damage 2d8 + 6}) Slashing damage plus 7 ({@damage 2d6}) Poison damage.""]}, {""name"": ""Poison Breath {@recharge 5}"", ""entries"": [""{@actSave con} {@dc 18}, each creature in a 60-foot {@variantrule Cone [Area of Effect]|XPHB|Cone}. {@actSaveFail} 56 ({@damage 16d6}) Poison damage. {@actSaveSuccess} Half damage.""]}]",,,"[{""name"": ""Mind Invasion"", ""entries"": [""The dragon uses Spellcasting to cast {@spell Mind Spike|XPHB} (level 3 version).""]}, {""name"": ""Noxious Miasma"", ""entries"": [""{@actSave con} {@dc 17}, each creature in a 20-foot-radius {@variantrule Sphere [Area of Effect]|XPHB|Sphere} centered on a point the dragon can see within 90 feet. {@actSaveFail} 7 ({@damage 2d6}) Poison damage, and the target takes a -2 penalty to AC until the end of its next turn. {@actSaveSuccessOrFail} The dragon can't take this action again until the start of its next turn.""]}, {""name"": ""Pounce"", ""entries"": [""The dragon moves up to half its {@variantrule Speed|XPHB}, and it makes one Rend attack.""]}]","[{""name"": ""Spellcasting"", ""type"": ""spellcasting"", ""headerEntries"": [""The dragon casts one of the following spells, requiring no Material components and using Charisma as the spellcasting ability (spell save {@dc 17}):""], ""will"": [""{@spell Detect Magic|XPHB}"", ""{@spell Mind Spike|XPHB} (level 3 version)""], ""daily"": {""1"": [""{@spell Geas|XPHB}""]}, ""ability"": ""cha"", ""displayAs"": ""action""}]"
Adult Red Dragon,XMM,"[""H""]","{""type"": ""dragon"", ""tags"": [""chromatic""]}","[""C"", ""E""]",[19],"{""average"": 256, ""formula"": ""19d12 + 133""}","{""walk"": 40, ""climb"": 40, ""fly"": 80}",27,10,25,16,13,23,"{""dex"": ""+6"", ""wis"": ""+7""}","{""perception"": ""+13"", ""stealth"": ""+6""}",23,"[""Common"", ""Draconic""]","{""cr"": ""17"", ""xpLair"": 20000}","[{""name"": ""Legendary Resistance (3/Day, or 4/Day in Lair)"", ""entries"": [""If the dragon fails a saving throw, it can choose to succeed instead.""]}]","[{""name"": ""Multiattack"", ""entries"": [""The dragon makes three Rend attacks. It can replace one attack with a use of Spellcasting to cast {@spell Scorching Ray|XPHB}.""]}, {""name"": ""Rend"", ""entries"": [""{@atkr m} {@hit 14}, reach 10 ft. {@h}13 ({@damage 1d10 + 8}) Slashing damage plus 5 ({@damage 2d4}) Fire damage.""]}, {""name"": ""Fire Breath {@recharge 5}"", ""entries"": [""{@actSave dex} {@dc 21}, each creature in a 60-foot {@variantrule Cone [Area of Effect]|XPHB|Cone}. {@actSaveFail} 59 ({@damage 17d6}) Fire damage. {@actSaveSuccess} Half damage.""]}]",,,"[{""name"": ""Commanding Presence"", ""entries"": [""The dragon uses Spellcasting to cast {@spell Command|XPHB} (level 2 version). The dragon can't take this action again until the start of its next turn.""]}, {""name"": ""Fiery Rays"", ""entries"": [""The dragon uses Spellcasting to cast {@spell Scorching Ray|XPHB}. The dragon can't take this action again until the start of its next turn.""]}, {""name"": ""Pounce"", ""entries"": [""The dragon moves up to half its {@variantrule Speed|XPHB}, and it makes one Rend attack.""]}]","[{""name"": ""Spellcasting"", ""type"": ""spellcasting"", ""headerEntries"": [""The dragon casts one of the following spells, requiring no Material components and using Charisma as the spellcasting ability (spell save {@dc 20}, {@hit 12} to hit with spell attacks):""], ""will"": [""{@spell Command|XPHB} (level 2 version)"", ""{@spell Detect Magic|XPHB}"", ""{@spell Scorching Ray|XPHB}""], ""daily"": {""1"": [""{@spell Fireball|XPHB}""]}, ""ability"": ""cha"", ""displayAs"": ""action""}]"
Adult Silver Dragon,XMM,"[""H""]","{""type"": ""dragon"", ""tags"": [""metallic""]}","[""L"", ""G""]",[19],"{""average"": 216, ""formula"": ""16d12 + 112""}","{""walk"": 40, ""fly"": 80}",27,10,25,16,13,22,"{""dex"": ""+5"", ""wis"": ""+6""}","{""history"": ""+8"", ""perception"": ""+11"", ""stealth"": ""+5""}",21,"[""Common"", ""Draconic""]","{""cr"": ""16"", ""xpLair"": 18000}","[{""name"": ""Legendary Resistance (3/Day, or 4/Day in Lair)"", ""entries"": [""If the dragon fails a saving throw, it can choose to succeed instead.""]}]","[{""name"": ""Multiattack"", ""entries"": [""The dragon makes three Rend attacks. It can replace one attack with a use of (A) Paralyzing Breath or (B) Spellcasting to cast {@spell Ice Knife|XPHB}.""]}, {""name"": ""Rend"", ""entries"": [""{@atkr m} {@hit 13}, reach 10 ft. {@h}17 ({@damage 2d8 + 8}) Slashing damage plus 4 ({@damage 1d8}) Cold damage.""]}, {""name"": ""Cold Breath {@recharge 5}"", ""entries"": [""{@actSave con} {@dc 20}, each creature in a 60-foot {@variantrule Cone [Area of Effect]|XPHB|Cone}. {@actSaveFail} 54 ({@damage 12d8}) Cold damage. {@actSaveSuccess} Half damage.""]}, {""name"": ""Paralyzing Breath"", ""entries"": [""{@actSave con} {@dc 20}, each creature in a 60-foot {@variantrule Cone [Area of Effect]|XPHB|Cone}. {@actSaveFail 1} The target has the {@condition Incapacitated|XPHB} condition until the end of its next turn, when it repeats the save. {@actSaveFail 2} The target has the {@condition Paralyzed|XPHB} condition, and it repeats the save at the end of each of its turns, ending the effect on itself on a success. After 1 minute, it succeeds automatically.""]}]",,,"[{""name"": ""Chill"", ""entries"": [""The dragon uses Spellcasting to cast {@spell Hold Monster|XPHB}. The dragon can't take this action again until the start of its next turn.""]}, {""name"": ""Cold Gale"", ""entries"": [""{@actSave dex} {@dc 19}, each creature in a 60-foot-long, 10-foot-wide {@variantrule Line [Area of Effect]|XPHB|Line}. {@actSaveFail} 14 ({@damage 4d6}) Cold damage, and the target is pushed up to 30 feet straight away from the dragon. {@actSaveSuccess} Half damage only. {@actSaveSuccessOrFail} The dragon can't take this action again until the start of its next turn.""]}, {""name"": ""Pounce"", ""entries"": [""The dragon moves up to half its {@variantrule Speed|XPHB}, and it makes one Rend attack.""]}]","[{""name"": ""Spellcasting"", ""type"": ""spellcasting"", ""headerEntries"": [""The dragon casts one of the following spells, requiring no Material components and using Charisma as the spellcasting ability (spell save {@dc 19}, {@hit 11} to hit with spell attacks):""], ""will"": [""{@spell Detect Magic|XPHB}"", ""{@spell Hold Monster|XPHB}"", ""{@spell Ice Knife|XPHB}"", ""{@spell Shapechange|XPHB} (Beast or Humanoid form only, no {@variantrule Temporary Hit Points|XPHB} gained from the spell, and no Concentration or {@variantrule Temporary Hit Points|XPHB} required to maintain the spell)""], ""daily"": {""1e"": [""{@spell Ice Storm|XPHB} (level 5 version)"", ""{@spell Zone of Truth|XPHB}""]}, ""ability"": ""cha"", ""displayAs"": ""action""}]"
Adult White Dragon,XMM,"[""H""]","{""type"": ""dragon"", ""tags"": [""chromatic""]}","[""C"", ""E""]",[18],"{""average"": 200, ""formula"": ""16d12 + 96""}","{""walk"": 40, ""burrow"": 30, ""fly"": 80, ""swim"": 40}",22,10,22,8,12,12,"{""dex"": ""+5"", ""wis"": ""+6""}","{""perception"": ""+11"", ""stealth"": ""+5""}",21,"[""Common"", ""Draconic""]","{""cr"": ""13"", ""xpLair"": 11500}","[{""name"": ""Ice Walk"", ""entries"": [""The dragon can move across and climb icy surfaces without needing to make an ability check. Additionally, {@variantrule Difficult Terrain|XPHB} composed of ice or snow doesn't cost it extra movement.""]}, {""name"": ""Legendary Resistance (3/Day, or 4/Day in Lair)"", ""entries"": [""If the dragon fails a saving throw, it can choose to succeed instead.""]}]","[{""name"": ""Multiattack"", ""entries"": [""The dragon makes three Rend attacks.""]}, {""name"": ""Rend"", ""entries"": [""{@atkr m} {@hit 11}, reach 10 ft. {@h}13 ({@damage 2d6 + 6}) Slashing damage plus 4 ({@damage 1d8}) Cold damage.""]}, {""name"": ""Cold Breath {@recharge 5}"", ""entries"": [""{@actSave con} {@dc 19}, each creature in a 60-foot {@variantrule Cone [Area of Effect]|XPHB|Cone}. {@actSaveFail} 54 ({@damage 12d8}) Cold damage. {@actSaveSuccess} Half damage.""]}]",,,"[{""name"": ""Freezing Burst"", ""entries"": [""{@actSave con} {@dc 14}, each creature in a 30-foot-radius {@variantrule Sphere [Area of Effect]|XPHB|Sphere} centered on a point the dragon can see within 120 feet. {@actSaveFail} 7 ({@damage 2d6}) Cold damage, and the target's {@variantrule Speed|XPHB} is 0 until the end of the target's next turn. {@actSaveSuccessOrFail} The dragon can't take this action again until the start of its next turn.""]}, {""name"": ""Pounce"", ""entries"": [""The dragon moves up to half its {@variantrule Speed|XPHB}, and it makes one Rend attack.""]}]","[{""name"": ""Frightful Presence"", ""type"": ""spellcasting"", ""headerEntries"": [""The dragon casts {@spell Fear|XPHB}, requiring no Material components and using Charisma as the spellcasting ability (spell save {@dc 14}). The dragon can't take this action again until the start of its next turn.""], ""legendary"": {""1"": [""{@spell Fear|XPHB}""]}, ""ability"": ""cha"", ""displayAs"": ""legendary"", ""hidden"": [""legendary""]}]"
Air Elemental,XMM,"[""L""]",elemental,"[""N""]",[15],"{""average"": 90, ""formula"": ""12d10 + 24""}","{""walk"": 10, ""fly"": {""number"": 90, ""condition"": ""(hover)""}, ""canHover"": true}",14,20,14,6,10,6,,,10,"[""Primordial (Auran)""]",5,"[{""name"": ""Air Form"", ""entries"": [""The elemental can enter a creature's space and stop there. It can move through a space as narrow as 1 inch without expending extra movement to do so.""]}]","[{""name"": ""Multiattack"", ""entries"": [""The elemental makes two Thunderous Slam attacks.""]}, {""name"": ""Thunderous Slam"", ""entries"": [""{@atkr m} {@hit 8}, reach 10 ft. {@h}14 ({@damage 2d8 + 5}) Thunder damage.""]}, {""name"": ""Whirlwind {@recharge 4}"", ""entries"": [""{@actSave str} {@dc 13}, one Medium or smaller creature in the elemental's space. {@actSaveFail} 24 ({@damage 4d10 + 2}) Thunder damage, and the target is pushed up to 20 feet straight away from the elemental and has the {@condition Prone|XPHB} condition. {@actSaveSuccess} Half damage only.""]}]",,,,
Allosaurus,XMM,"[""L""]","{""type"": ""beast"", ""tags"": [""dinosaur""]}","[""U""]",[13],"{""average"": 51, ""formula"": ""6d10 + 18""}","{""walk"": 60}",19,13,17,2,12,5,,"{""perception"": ""+5""}",15,,2,,"[{""name"": ""Bite"", ""entries"": [""{@atkr m} {@hit 6}, reach 5 ft. {@h}15 ({@damage 2d10 + 4}) Piercing damage.""]}, {""name"": ""Claws"", ""entries"": [""{@atkr m} {@hit 6}, reach 5 ft. {@h}8 ({@damage 1d8 + 4}) Slashing damage. If the target is a Large or smaller creature and the allosaurus moved 30+ feet straight toward it immediately before the hit, the target has the {@condition Prone|XPHB} condition, and the allosaurus can make one Bite attack against it.""]}]",,,,
Ancient Black Dragon,XMM,"[""G""]","{""type"": ""dragon"", ""tags"": [""chromatic""]}","[""C"", ""E""]",[22],"{""average"": 367, ""formula"": ""21d20 + 147""}","{""walk"": 40, ""fly"": 80, ""swim"": 40}",27,14,25,16,15,22,"{""dex"": ""+9"", ""wis"": ""+9""}","{""perception"": ""+16"", ""stealth"": ""+9""}",26,"[""Common"", ""Draconic""]","{""cr"": ""21"", ""xpLair"": 41000}","[{""name"": ""Amphibious"", ""entries"": [""The dragon can breathe air and water.""]}, {""name"": ""Legendary Resistance (4/Day, or 5/Day in Lair)"", ""entries"": [""If the dragon fails a saving throw, it can choose to succeed instead.""]}]","[{""name"": ""Multiattack"", ""entries"": [""The dragon makes three Rend attacks. It can replace one attack with a use of Spellcasting to cast {@spell Melf's Acid Arrow|XPHB} (level 4 version).""]}, {""name"": ""Rend"", ""entries"": [""{@atkr m} {@hit 15}, reach 15 ft. {@h}17 ({@damage 2d8 + 8}) Slashing damage plus 9 ({@damage 2d8}) Acid damage.""]}, {""name"": ""Acid Breath {@recharge 5}"", ""entries"": [""{@actSave dex} {@dc 22}, each creature in a 90-foot-long, 10-foot-wide {@variantrule Line [Area of Effect]|XPHB|Line}. {@actSaveFail} 67 ({@damage 15d8}) Acid damage. {@actSaveSuccess} Half damage.""]}]",,,"[{""name"": ""Cloud of Insects"", ""entries"": [""{@actSave dex} {@dc 21}, one creature the dragon can see within 120 feet. {@actSaveFail} 33 ({@damage 6d10}) Poison damage, and the target has {@variantrule Disadvantage|XPHB} on saving throws to maintain {@status Concentration|XPHB} until the end of its next turn. {@actSaveSuccessOrFail} The dragon can't take this action again until the start of its next turn.""]}, {""name"": ""Frightful Presence"", ""entries"": [""The dragon uses Spellcasting to cast {@spell Fear|XPHB}. The dragon can't take this action again until the start of its next turn.""]}, {""name"": ""Pounce"", ""entries"": [""The dragon moves up to half its {@variantrule Speed|XPHB}, and it makes one Rend attack.""]}]","[{""name"": ""Spellcasting"", ""type"": ""spellcasting"", ""headerEntries"": [""The dragon casts one of the following spells, requiring no Material components and using Charisma as the spellcasting ability (spell save {@dc 21}, {@hit 13} to hit with spell attacks):""], ""will"": [""{@spell Detect Magic|XPHB}"", ""{@spell Fear|XPHB}"", ""{@spell Melf's Acid Arrow|XPHB} (level 4 version)""], ""daily"": {""1e"": [""{@spell Create Undead|XPHB}"", ""{@spell Speak with Dead|XPHB}"", ""{@spell Vitriolic Sphere|XPHB} (level 5 version)""]}, ""ability"": ""cha"", ""displayAs"": ""action""}]"
Ancient Blue Dragon,XMM,"[""G""]","{""type"": ""dragon"", ""tags"": [""chromatic""]}","[""L"", ""E""]",[22],"{""average"": 481, ""formula"": ""26d20 + 208""}","{""walk"": 40, ""burrow"": 40, ""fly"": 80}",29,10,27,18,17,25,"{""dex"": ""+7"", ""wis"": ""+10""}","{""perception"": ""+17"", ""stealth"": ""+7""}",27,"[""Common"", ""Draconic""]","{""cr"": ""23"", ""xpLair"": 62000}","[{""name"": ""Legendary Resistance (4/Day, or 5/Day in Lair)"", ""entries"": [""If the dragon fails a saving throw, it can choose to succeed instead.""]}]","[{""name"": ""Multiattack"", ""entries"": [""The dragon makes three Rend attacks. It can replace one attack with a use of Spellcasting to cast {@spell Shatter|XPHB} (level 3 version).""]}, {""name"": ""Rend"", ""entries"": [""{@atkr m} {@hit 16}, reach 15 ft. {@h}18 ({@damage 2d8 + 9}) Slashing damage plus 11 ({@damage 2d10}) Lightning damage.""]}, {""name"": ""Lightning Breath {@recharge 5}"", ""entries"": [""{@actSave dex} {@dc 23}, each creature in a 120-foot-long, 10-foot-wide {@variantrule Line [Area of Effect]|XPHB|Line}. {@actSaveFail} 88 ({@damage 16d10}) Lightning damage. {@actSaveSuccess} Half damage.""]}]",,,"[{""name"": ""Cloaked Flight"", ""entries"": [""The dragon uses Spellcasting to cast {@spell Invisibility|XPHB} on itself, and it can fly up to half its {@variantrule Fly Speed|XPHB}. The dragon can't take this action again until the start of its next turn.""]}, {""name"": ""Sonic Boom"", ""entries"": [""The dragon uses Spellcasting to cast {@spell Shatter|XPHB} (level 3 version). The dragon can't take this action again until the start of its next turn.""]}, {""name"": ""Tail Swipe"", ""entries"": [""The dragon makes one Rend attack.""]}]","[{""name"": ""Spellcasting"", ""type"": ""spellcasting"", ""headerEntries"": [""The dragon casts one of the following spells, requiring no Material components and using Charisma as the spellcasting ability (spell save {@dc 22}):""], ""will"": [""{@spell Detect Magic|XPHB}"", ""{@spell Invisibility|XPHB}"", ""{@spell Mage Hand|XPHB}"", ""{@spell Shatter|XPHB} (level 3 version)""], ""daily"": {""1e"": [""{@spell Scrying|XPHB}"", ""{@spell Sending|XPHB}""]}, ""ability"": ""cha"", ""displayAs"": ""action""}]"
Ancient Brass Dragon,XMM,"[""G""]","{""type"": ""dragon"", ""tags"": [""metallic""]}","[""C"", ""G""]",[20],"{""average"": 332, ""formula"": ""19d20 + 133""}","{""walk"": 40, ""burrow"": 40, ""fly"": 80}",27,10,25,16,15,22,"{""dex"": ""+6"", ""wis"": ""+8""}","{""history"": ""+9"", ""perception"": ""+14"", ""persuasion"": ""+12"", ""stealth"": ""+6""}",24,"[""Common"", ""Draconic""]","{""cr"": ""20"", ""xpLair"": 33000}","[{""name"": ""Legendary Resistance (4/Day, or 5/Day in Lair)"", ""entries"": [""If the dragon fails a saving throw, it can choose to succeed instead.""]}]","[{""name"": ""Multiattack"", ""entries"": [""The dragon makes three Rend attacks. It can replace one attack with a use of (A) Sleep Breath or (B) Spellcasting to cast {@spell Scorching Ray|XPHB} (level 3 version).""]}, {""name"": ""Rend"", ""entries"": [""{@atkr m} {@hit 14}, reach 15 ft. {@h}19 ({@damage 2d10 + 8}) Slashing damage plus 7 ({@damage 2d6}) Fire damage.""]}, {""name"": ""Fire Breath {@recharge 5}"", ""entries"": [""{@actSave dex} {@dc 21}, each creature in a 90-foot-long, 5-foot-wide {@variantrule Line [Area of Effect]|XPHB|Line}. {@actSaveFail} 58 ({@damage 13d8}) Fire damage. {@actSaveSuccess} Half damage.""]}, {""name"": ""Sleep Breath"", ""entries"": [""{@actSave con} {@dc 21}, each creature in a 90-foot {@variantrule Cone [Area of Effect]|XPHB|Cone}. {@actSaveFail} The target has the {@condition Incapacitated|XPHB} condition until the end of its next turn, at which point it repeats the save. {@actSaveFail 2} The target has the {@condition Unconscious|XPHB} condition for 10 minutes. This effect ends for the target if it takes damage or a creature within 5 feet of it takes an action to wake it.""]}]",,,"[{""name"": ""Blazing Light"", ""entries"": [""The dragon uses Spellcasting to cast {@spell Scorching Ray|XPHB} (level 3 version).""]}, {""name"": ""Pounce"", ""entries"": [""The dragon moves up to half its {@variantrule Speed|XPHB}, and it makes one Rend attack.""]}, {""name"": ""Scorching Sands"", ""entries"": [""{@actSave dex} {@dc 20}, one creature the dragon can see within 120 feet. {@actSaveFail} 36 ({@damage 8d8}) Fire damage, and the target's {@variantrule Speed|XPHB} is halved until the end of its next turn. {@actSaveSuccessOrFail} The dragon can't take this action again until the start of its next turn.""]}]","[{""name"": ""Spellcasting"", ""type"": ""spellcasting"", ""headerEntries"": [""The dragon casts one of the following spells, requiring no Material components and using Charisma as the spellcasting ability (spell save {@dc 20}):""], ""will"": [""{@spell Detect Magic|XPHB}"", ""{@spell Minor Illusion|XPHB}"", ""{@spell Scorching Ray|XPHB} (level 3 version)"", ""{@spell Shapechange|XPHB} (Beast or Humanoid form only, no {@variantrule Temporary Hit Points|XPHB} gained from the spell, and no Concentration or {@variantrule Temporary Hit Points|XPHB} required to maintain the spell)"", ""{@spell Speak with Animals|XPHB}""], ""daily"": {""1e"": [""{@spell Control Weather|XPHB}"", ""{@spell Detect Thoughts|XPHB}""]}, ""ability"": ""cha"", ""displayAs"": ""action""}]"
Ancient Bronze Dragon,XMM,"[""G""]","{""type"": ""dragon"", ""tags"": [""metallic""]}","[""L"", ""G""]",[22],"{""average"": 444, ""formula"": ""24d20 + 192""}","{""walk"": 40, ""fly"": 80, ""swim"": 40}",29,10,27,18,17,25,"{""dex"": ""+7"", ""wis"": ""+10""}","{""insight"": ""+10"", ""perception"": ""+17"", ""stealth"": ""+7""}",27,"[""Common"", ""Draconic""]","{""cr"": ""22"", ""xpLair"": 50000}","[{""name"": ""Amphibious"", ""entries"": [""The dragon can breathe air and water.""]}, {""name"": ""Legendary Resistance (4/Day, or 5/Day in Lair)"", ""entries"": [""If the dragon fails a saving throw, it can choose to succeed instead.""]}]","[{""name"": ""Multiattack"", ""entries"": [""The dragon makes three Rend attacks. It can replace one attack with a use of (A) Repulsion Breath or (B) Spellcasting to cast {@spell Guiding Bolt|XPHB} (level 2 version).""]}, {""name"": ""Rend"", ""entries"": [""{@atkr m} {@hit 16}, reach 15 ft. {@h}18 ({@damage 2d8 + 9}) Slashing damage plus 9 ({@damage 2d8}) Lightning damage.""]}, {""name"": ""Lightning Breath {@recharge 5}"", ""entries"": [""{@actSave dex} {@dc 23}, each creature in a 120-foot-long, 10-foot-wide {@variantrule Line [Area of Effect]|XPHB|Line}. {@actSaveFail} 82 ({@damage 15d10}) Lightning damage. {@actSaveSuccess} Half damage.""]}, {""name"": ""Repulsion Breath"", ""entries"": [""{@actSave str} {@dc 23}, each creature in a 30-foot {@variantrule Cone [Area of Effect]|XPHB|Cone}. {@actSaveFail} The target is pushed up to 60 feet straight away from the dragon and has the {@condition Prone|XPHB} condition.""]}]",,,"[{""name"": ""Guiding Light"", ""entries"": [""The dragon uses Spellcasting to cast {@spell Guiding Bolt|XPHB} (level 2 version).""]}, {""name"": ""Pounce"", ""entries"": [""The dragon moves up to half its {@variantrule Speed|XPHB}, and it makes one Rend attack.""]}, {""name"": ""Thunderclap"", ""entries"": [""{@actSave con} {@dc 22}, each creature in a 20-foot-radius {@variantrule Sphere [Area of Effect]|XPHB|Sphere} centered on a point the dragon can see within 120 feet. {@actSaveFail} 13 ({@damage 3d8}) Thunder damage, and the target has the {@condition Deafened|XPHB} condition until the end of its next turn.""]}]","[{""name"": ""Spellcasting"", ""type"": ""spellcasting"", ""headerEntries"": [""The dragon casts one of the following spells, requiring no Material components and using Charisma as the spellcasting ability (spell save {@dc 22}, {@hit 14} to hit with spell attacks):""], ""will"": [""{@spell Detect Magic|XPHB}"", ""{@spell Guiding Bolt|XPHB} (level 2 version)"", ""{@spell Shapechange|XPHB} (Beast or Humanoid form only, no {@variantrule Temporary Hit Points|XPHB} gained from the spell, and no Concentration or {@variantrule Temporary Hit Points|XPHB} required to maintain the spell)"", ""{@spell Speak with Animals|XPHB}"", ""{@spell Thaumaturgy|XPHB}""], ""daily"": {""1e"": [""{@spell Detect Thoughts|XPHB}"", ""{@spell Control Water|XPHB}"", ""{@spell Scrying|XPHB}"", ""{@spell Water Breathing|XPHB}""]}, ""ability"": ""cha"", ""displayAs"": ""action""}]"
Ancient Copper Dragon,XMM,"[""G""]","{""type"": ""dragon"", ""tags"": [""metallic""]}","[""C"", ""G""]",[21],"{""average"": 367, ""formula"": ""21d20 + 147""}","{""walk"": 40, ""climb"": 40, ""fly"": 80}",27,12,25,20,17,22,"{""dex"": ""+8"", ""wis"": ""+10""}","{""deception"": ""+13"", ""perception"": ""+17"", ""stealth"": ""+8""}",27,"[""Common"", ""Draconic""]","{""cr"": ""21"", ""xpLair"": 41000}","[{""name"": ""Legendary Resistance (4/Day, or 5/Day in Lair)"", ""entries"": [""If the dragon fails a saving throw, it can choose to succeed instead.""]}]","[{""name"": ""Multiattack"", ""entries"": [""The dragon makes three Rend attacks. It can replace one attack with a use of (A) Slowing Breath or (B) Spellcasting to cast {@spell Mind Spike|XPHB} (level 5 version).""]}, {""name"": ""Rend"", ""entries"": [""{@atkr m} {@hit 15}, reach 15 ft. {@h}19 ({@damage 2d10 + 8}) Slashing damage plus 9 ({@damage 2d8}) Acid damage.""]}, {""name"": ""Acid Breath {@recharge 5}"", ""entries"": [""{@actSave dex} {@dc 22}, each creature in an 90-foot-long, 10-foot-wide {@variantrule Line [Area of Effect]|XPHB|Line}. {@actSaveFail} 63 ({@damage 14d8}) Acid damage. {@actSaveSuccess} Half damage.""]}, {""name"": ""Slowing Breath"", ""entries"": [""{@actSave con} {@dc 22}, each creature in a 90-foot {@variantrule Cone [Area of Effect]|XPHB|Cone}. {@actSaveFail} The target can't take Reactions; its {@variantrule Speed|XPHB} is halved; and it can take either an action or a {@variantrule Bonus Action|XPHB} on its turn, not both. This effect lasts until the end of its next turn.""]}]",,,"[{""name"": ""Giggling Magic"", ""entries"": [""{@actSave cha} {@dc 21}, one creature the dragon can see within 120 feet. {@actSaveFail} 31 ({@damage 9d6}) Psychic damage. Until the end of its next turn, the target rolls {@dice 1d8} whenever it makes an ability check or attack roll and subtracts the number rolled from the {@variantrule D20 Test|XPHB}. {@actSaveSuccessOrFail} The dragon can't take this action again until the start of its next turn.""]}, {""name"": ""Mind Jolt"", ""entries"": [""The dragon uses Spellcasting to cast {@spell Mind Spike|XPHB} (level 5 version). The dragon can't take this action again until the start of its next turn.""]}, {""name"": ""Pounce"", ""entries"": [""The dragon moves up to half its {@variantrule Speed|XPHB}, and it makes one Rend attack.""]}]","[{""name"": ""Spellcasting"", ""type"": ""spellcasting"", ""headerEntries"": [""The dragon casts one of the following spells, requiring no Material components and using Charisma as the spellcasting ability (spell save {@dc 21}):""], ""will"": [""{@spell Detect Magic|XPHB}"", ""{@spell Mind Spike|XPHB} (level 5 version)"", ""{@spell Minor Illusion|XPHB}"", ""{@spell Shapechange|XPHB} (Beast or Humanoid form only, no {@variantrule Temporary Hit Points|XPHB} gained from the spell, and no Concentration or {@variantrule Temporary Hit Points|XPHB} required to maintain the spell)""], ""daily"": {""1e"": [""{@spell Greater Restoration|XPHB}"", ""{@spell Major Image|XPHB}"", ""{@spell Project Image|XPHB}""]}, ""ability"": ""cha"", ""displayAs"": ""action""}]"
Ancient Gold Dragon,XMM,"[""G""]","{""type"": ""dragon"", ""tags"": [""metallic""]}","[""L"", ""G""]",[22],"{""average"": 546, ""formula"": ""28d20 + 252""}","{""walk"": 40, ""fly"": 80, ""swim"": 40}",30,14,29,18,17,28,"{""dex"": ""+9"", ""wis"": ""+10""}","{""insight"": ""+10"", ""perception"": ""+17"", ""persuasion"": ""+16"", ""stealth"": ""+9""}",27,"[""Common"", ""Draconic""]","{""cr"": ""24"", ""xpLair"": 75000}","[{""name"": ""Amphibious"", ""entries"": [""The dragon can breathe air and water.""]}, {""name"": ""Legendary Resistance (4/Day, or 5/Day in Lair)"", ""entries"": [""If the dragon fails a saving throw, it can choose to succeed instead.""]}]","[{""name"": ""Multiattack"", ""entries"": [""The dragon makes three Rend attacks. It can replace one attack with a use of (A) Spellcasting to cast {@spell Guiding Bolt|XPHB} (level 4 version) or (B) Weakening Breath.""]}, {""name"": ""Rend"", ""entries"": [""{@atkr m} {@hit 17} to hit, reach 15 ft. {@h}19 ({@damage 2d8 + 10}) Slashing damage plus 9 ({@damage 2d8}) Fire damage.""]}, {""name"": ""Fire Breath {@recharge 5}"", ""entries"": [""{@actSave dex} {@dc 24}, each creature in a 90-foot {@variantrule Cone [Area of Effect]|XPHB|Cone}. {@actSaveFail} 71 ({@damage 13d10}) Fire damage. {@actSaveSuccess} Half damage.""]}, {""name"": ""Weakening Breath"", ""entries"": [""{@actSave str} {@dc 24}, each creature that isn't currently affected by this breath in a 90-foot {@variantrule Cone [Area of Effect]|XPHB|Cone}. {@actSaveFail} The target has {@variantrule Disadvantage|XPHB} on Strength-based {@variantrule D20 Test|XPHB|D20 Tests} and subtracts 5 ({@dice 1d10}) from its damage rolls. It repeats the save at the end of each of its turns, ending the effect on itself on a success. After 1 minute, it succeeds automatically.""]}]",,,"[{""name"": ""Banish"", ""entries"": [""{@actSave cha} {@dc 24}, one creature the dragon can see within 120 feet. {@actSaveFail} 24 ({@damage 7d6}) Force damage, and the target has the {@condition Incapacitated|XPHB} condition and is transported to a harmless demiplane until the start of the dragon's next turn, at which point it reappears in an unoccupied space of the dragon's choice within 120 feet of the dragon. {@actSaveSuccessOrFail} The dragon can't take this action again until the start of its next turn.""]}, {""name"": ""Guiding Light"", ""entries"": [""The dragon uses Spellcasting to cast {@spell Guiding Bolt|XPHB} (level 4 version).""]}, {""name"": ""Pounce"", ""entries"": [""The dragon moves up to half its {@variantrule Speed|XPHB}, and it makes one Rend attack.""]}]","[{""name"": ""Spellcasting"", ""type"": ""spellcasting"", ""headerEntries"": [""The dragon casts one of the following spells, requiring no Material components and using Charisma as the spellcasting ability (spell save {@dc 24}, {@hit 16} to hit with spell attacks):""], ""will"": [""{@spell Detect Magic|XPHB}"", ""{@spell Guiding Bolt|XPHB} (level 4 version)"", ""{@spell Shapechange|XPHB} (Beast or Humanoid form only, no {@variantrule Temporary Hit Points|XPHB} gained from the spell, and no Concentration or {@variantrule Temporary Hit Points|XPHB} required to maintain the spell)""], ""daily"": {""1e"": [""{@spell Flame Strike|XPHB} (level 6 version)"", ""{@spell Word of Recall|XPHB}"", ""{@spell Zone of Truth|XPHB}""]}, ""ability"": ""cha"", ""displayAs"": ""action""}]"
Ancient Green Dragon,XMM,"[""G""]","{""type"": ""dragon"", ""tags"": [""chromatic""]}","[""L"", ""E""]",[21],"{""average"": 402, ""formula"": ""23d20 + 161""}","{""walk"": 40, ""fly"": 80, ""swim"": 40}",27,12,25,20,17,22,"{""dex"": ""+8"", ""wis"": ""+10""}","{""deception"": ""+13"", ""perception"": ""+17"", ""persuasion"": ""+13"", ""stealth"": ""+8""}",27,"[""Common"", ""Draconic""]","{""cr"": ""22"", ""xpLair"": 50000}","[{""name"": ""Amphibious"", ""entries"": [""The dragon can breathe air and water.""]}, {""name"": ""Legendary Resistance (4/Day, or 5/Day in Lair)"", ""entries"": [""If the dragon fails a saving throw, it can choose to succeed instead.""]}]","[{""name"": ""Multiattack"", ""entries"": [""The dragon makes three Rend attacks. It can replace one attack with a use of Spellcasting to cast {@spell Mind Spike|XPHB} (level 5 version).""]}, {""name"": ""Rend"", ""entries"": [""{@atkr m} {@hit 15}, reach 15 ft. {@h}17 ({@damage 2d8 + 8}) Slashing damage plus 10 ({@damage 3d6}) Poison damage.""]}, {""name"": ""Poison Breath {@recharge 5}"", ""entries"": [""{@actSave con} {@dc 22}, each creature in a 90-foot {@variantrule Cone [Area of Effect]|XPHB|Cone}. {@actSaveFail} 77 ({@damage 22d6}) Poison damage. {@actSaveSuccess} Half damage.""]}]",,,"[{""name"": ""Mind Invasion"", ""entries"": [""The dragon uses Spellcasting to cast {@spell Mind Spike|XPHB} (level 5 version).""]}, {""name"": ""Noxious Miasma"", ""entries"": [""{@actSave con} {@dc 21}, each creature in a 30-foot-radius {@variantrule Sphere [Area of Effect]|XPHB|Sphere} centered on a point the dragon can see within 90 feet. {@actSaveFail} 17 ({@damage 5d6}) Poison damage, and the target takes a -2 penalty to AC until the end of its next turn. {@actSaveSuccessOrFail} The dragon can't take this action again until the start of its next turn.""]}, {""name"": ""Pounce"", ""entries"": [""The dragon moves up to half its {@variantrule Speed|XPHB}, and it makes one Rend attack.""]}]","[{""name"": ""Spellcasting"", ""type"": ""spellcasting"", ""headerEntries"": [""The dragon casts one of the following spells, requiring no Material components and using Charisma as the spellcasting ability (spell save {@dc 21}):""], ""will"": [""{@spell Detect Magic|XPHB}"", ""{@spell Mind Spike|XPHB} (level 5 version)""], ""daily"": {""1e"": [""{@spell Geas|XPHB}"", ""{@spell Modify Memory|XPHB}""]}, ""ability"": ""cha"", ""displayAs"": ""action""}]"
Ancient Red Dragon,XMM,"[""G""]","{""type"": ""dragon"", ""tags"": [""chromatic""]}","[""C"", ""E""]",[22],"{""average"": 507, ""formula"": ""26d20 + 234""}","{""walk"": 40, ""climb"": 40, ""fly"": 80}",30,10,29,18,15,27,"{""dex"": ""+7"", ""wis"": ""+9""}","{""perception"": ""+16"", ""stealth"": ""+7""}",26,"[""Common"", ""Draconic""]","{""cr"": ""24"", ""xpLair"": 75000}","[{""name"": ""Legendary Resistance (4/Day, or 5/Day in Lair)"", ""entries"": [""If the dragon fails a saving throw, it can choose to succeed instead.""]}]","[{""name"": ""Multiattack"", ""entries"": [""The dragon makes three Rend attacks. It can replace one attack with a use of Spellcasting to cast {@spell Scorching Ray|XPHB} (level 3 version).""]}, {""name"": ""Rend"", ""entries"": [""{@atkr m} {@hit 17}, reach 15 ft. {@h}19 ({@damage 2d8 + 10}) Slashing damage plus 10 ({@damage 3d6}) Fire damage.""]}, {""name"": ""Fire Breath {@recharge 5}"", ""entries"": [""{@actSave dex} {@dc 24}, each creature in a 90-foot {@variantrule Cone [Area of Effect]|XPHB|Cone}. {@actSaveFail} 91 ({@damage 26d6}) Fire damage. {@actSaveSuccess} Half damage.""]}]",,,"[{""name"": ""Commanding Presence"", ""entries"": [""The dragon uses Spellcasting to cast {@spell Command|XPHB} (level 2 version). The dragon can't take this action again until the start of its next turn.""]}, {""name"": ""Fiery Rays"", ""entries"": [""The dragon uses Spellcasting to cast {@spell Scorching Ray|XPHB} (level 3 version). The dragon can't take this action again until the start of its next turn.""]}, {""name"": ""Pounce"", ""entries"": [""The dragon moves up to half its {@variantrule Speed|XPHB}, and it makes one Rend attack.""]}]","[{""name"": ""Spellcasting"", ""type"": ""spellcasting"", ""headerEntries"": [""The dragon casts one of the following spells, requiring no Material components and using Charisma as the spellcasting ability (spell save {@dc 23}, {@hit 15} to hit with spell attacks):""], ""will"": [""{@spell Command|XPHB} (level 2 version)"", ""{@spell Detect Magic|XPHB}"", ""{@spell Scorching Ray|XPHB} (level 3 version)""], ""daily"": {""1e"": [""{@spell Fireball|XPHB} (level 6 version)"", ""{@spell Scrying|XPHB}""]}, ""ability"": ""cha"", ""displayAs"": ""action""}]"
Ancient Silver Dragon,XMM,"[""G""]","{""type"": ""dragon"", ""tags"": [""metallic""]}","[""L"", ""G""]",[22],"{""average"": 468, ""formula"": ""24d20 + 216""}","{""walk"": 40, ""fly"": 80}",30,10,29,18,15,26,"{""dex"": ""+7"", ""wis"": ""+9""}","{""history"": ""+11"", ""perception"": ""+16"", ""stealth"": ""+7""}",26,"[""Common"", ""Draconic""]","{""cr"": ""23"", ""xpLair"": 62000}","[{""name"": ""Legendary Resistance (4/Day, or 5/Day in Lair)"", ""entries"": [""If the dragon fails a saving throw, it can choose to succeed instead.""]}]","[{""name"": ""Multiattack"", ""entries"": [""The dragon makes three Rend attacks. It can replace one attack with a use of (A) Paralyzing Breath or (B) Spellcasting to cast {@spell Ice Knife|XPHB} (level 2 version).""]}, {""name"": ""Rend"", ""entries"": [""{@atkr m} {@hit 17}, reach 15 ft. {@h}19 ({@damage 2d8 + 10}) Slashing damage plus 9 ({@damage 2d8}) Cold damage.""]}, {""name"": ""Cold Breath {@recharge 5}"", ""entries"": [""{@actSave con} {@dc 24}, each creature in a 90-foot {@variantrule Cone [Area of Effect]|XPHB|Cone}. {@actSaveFail} 67 ({@damage 15d8}) Cold damage. {@actSaveSuccess} Half damage.""]}, {""name"": ""Paralyzing Breath"", ""entries"": [""{@actSave con} {@dc 24}, each creature in a 90-foot {@variantrule Cone [Area of Effect]|XPHB|Cone}. {@actSaveFail 1} The target has the {@condition Incapacitated|XPHB} condition until the end of its next turn, when it repeats the save. {@actSaveFail 2} The target has the {@condition Paralyzed|XPHB} condition, and it repeats the save at the end of each of its turns, ending the effect on itself on a success. After 1 minute, it succeeds automatically.""]}]",,,"[{""name"": ""Chill"", ""entries"": [""The dragon uses Spellcasting to cast {@spell Hold Monster|XPHB}. The dragon can't take this action again until the start of its next turn.""]}, {""name"": ""Cold Gale"", ""entries"": [""{@actSave dex} {@dc 23}, each creature in a 60-foot-long, 10-foot-wide {@variantrule Line [Area of Effect]|XPHB|Line}. {@actSaveFail} 14 ({@damage 4d6}) Cold damage, and the target is pushed up to 30 feet straight away from the dragon. {@actSaveSuccess} Half damage only. {@actSaveSuccessOrFail} The dragon can't take this action again until the start of its next turn.""]}, {""name"": ""Pounce"", ""entries"": [""The dragon moves up to half its {@variantrule Speed|XPHB}, and it makes one Rend attack.""]}]","[{""name"": ""Spellcasting"", ""type"": ""spellcasting"", ""headerEntries"": [""The dragon casts one of the following spells, requiring no Material components and using Charisma as the spellcasting ability (spell save {@dc 23}, {@hit 15} to hit with spell attacks):""], ""will"": [""{@spell Detect Magic|XPHB}"", ""{@spell Hold Monster|XPHB}"", ""{@spell Ice Knife|XPHB} (level 2 version)"", ""{@spell Shapechange|XPHB} (Beast or Humanoid form only, no {@variantrule Temporary Hit Points|XPHB} gained from the spell, and no Concentration or {@variantrule Temporary Hit Points|XPHB} required to maintain the spell)""], ""daily"": {""1e"": [""{@spell Control Weather|XPHB}"", ""{@spell Ice Storm|XPHB} (level 7 version)"", ""{@spell Teleport|XPHB}"", ""{@spell Zone of Truth|XPHB}""]}, ""ability"": ""cha"", ""displayAs"": ""action""}]"
Ancient White Dragon,XMM,"[""G""]","{""type"": ""dragon"", ""tags"": [""chromatic""]}","[""C"", ""E""]",[20],"{""average"": 333, ""formula"": ""18d20 + 144""}","{""walk"": 40, ""burrow"": 40, ""fly"": 80, ""swim"": 40}",26,10,26,10,13,18,"{""dex"": ""+6"", ""wis"": ""+7""}","{""perception"": ""+13"", ""stealth"": ""+6""}",23,"[""Common"", ""Draconic""]","{""cr"": ""20"", ""xpLair"": 33000}","[{""name"": ""Ice Walk"", ""entries"": [""The dragon can move across and climb icy surfaces without needing to make an ability check. Additionally, {@variantrule Difficult Terrain|XPHB} composed of ice or snow doesn't cost it extra movement.""]}, {""name"": ""Legendary Resistance (4/Day, or 5/Day in Lair)"", ""entries"": [""If the dragon fails a saving throw, it can choose to succeed instead.""]}]","[{""name"": ""Multiattack"", ""entries"": [""The dragon makes three Rend attacks.""]}, {""name"": ""Rend"", ""entries"": [""{@atkr m} {@hit 14}, reach 15 ft. {@h}17 ({@damage 2d8 + 8}) Slashing damage plus 7 ({@damage 2d6}) Cold damage.""]}, {""name"": ""Cold Breath {@recharge 5}"", ""entries"": [""{@actSave con} {@dc 22}, each creature in a 90-foot {@variantrule Cone [Area of Effect]|XPHB|Cone}. {@actSaveFail} 63 ({@damage 14d8}) Cold damage. {@actSaveSuccess} Half damage.""]}]",,,"[{""name"": ""Freezing Burst"", ""entries"": [""{@actSave con} {@dc 20}, each creature in a 30-foot-radius {@variantrule Sphere [Area of Effect]|XPHB|Sphere} centered on a point the dragon can see within 120 feet. {@actSaveFail} 14 ({@damage 4d6}) Cold damage, and the target's {@variantrule Speed|XPHB} is 0 until the end of the target's next turn. {@actSaveSuccessOrFail} The dragon can't take this action again until the start of its next turn.""]}, {""name"": ""Pounce"", ""entries"": [""The dragon moves up to half its {@variantrule Speed|XPHB}, and it makes one Rend attack.""]}]","[{""name"": ""Frightful Presence"", ""type"": ""spellcasting"", ""headerEntries"": [""The dragon casts {@spell Fear|XPHB}, requiring no Material components and using Charisma as the spellcasting ability (spell save {@dc 18}). The dragon can't take this action again until the start of its next turn.""], ""legendary"": {""1"": [""{@spell Fear|XPHB}""]}, ""ability"": ""cha"", ""displayAs"": ""legendary"", ""hidden"": [""legendary""]}]"
Animated Armor,XMM,"[""M""]",construct,"[""U""]",[18],"{""average"": 33, ""formula"": ""6d8 + 6""}","{""walk"": 25}",14,11,13,1,3,1,,,6,,1,,"[{""name"": ""Multiattack"", ""entries"": [""The armor makes two Slam attacks.""]}, {""name"": ""Slam"", ""entries"": [""{@atkr m} {@hit 4}, reach 5 ft. {@h}5 ({@damage 1d6 + 2}) Bludgeoning damage.""]}]",,,,
Animated Flying Sword,XMM,"[""S""]",construct,"[""U""]",[17],"{""average"": 14, ""formula"": ""4d6""}","{""walk"": 5, ""fly"": {""number"": 50, ""condition"": ""(hover)""}, ""canHover"": true}",12,15,11,1,5,1,"{""dex"": ""+4""}",,7,,1/4,,"[{""name"": ""Slash"", ""entries"": [""{@atkr m} {@hit 4}, reach 5 ft. {@h}6 ({@damage 1d8 + 2}) Slashing damage.""]}]",,,,
Animated Rug of Smothering,XMM,"[""L""]",construct,"[""U""]",[12],"{""average"": 27, ""formula"": ""5d10""}","{""walk"": 10}",17,14,10,1,3,1,,,6,,2,,"[{""name"": ""Smother"", ""entries"": [""{@atkr m} {@hit 5}, reach 5 ft. {@h}10 ({@damage 2d6 + 3}) Bludgeoning damage. If the target is a Medium or smaller creature, the rug can give it the {@condition Grappled|XPHB} condition (escape {@dc 13}) instead of dealing damage. Until the grapple ends, the target has the {@condition Blinded|XPHB} and {@condition Restrained|XPHB} conditions, is suffocating, and takes 10 ({@damage 2d6 + 3}) Bludgeoning damage at the start of each of its turns. The rug can smother only one creature at a time."", ""While grappling the target, the rug can't take this action, the rug halves the damage it takes (round down), and the target takes the same amount of damage.""]}]",,,,
Ankheg,XMM,"[""L""]",monstrosity,"[""U""]",[14],"{""average"": 45, ""formula"": ""6d10 + 12""}","{""walk"": 30, ""burrow"": 10}",17,11,14,1,13,6,,,11,,2,"[{""name"": ""Tunneler"", ""entries"": [""The ankheg can burrow through solid rock at half its {@variantrule Burrow Speed|XPHB} and leaves a 10-foot-diameter tunnel in its wake.""]}]","[{""name"": ""Bite"", ""entries"": [""{@atkr m} {@hit 5} (with {@variantrule Advantage|XPHB} if the target is {@condition Grappled|XPHB} by the ankheg), reach 5 ft. {@h}10 ({@damage 2d6 + 3}) Slashing damage plus 3 ({@damage 1d6}) Acid damage. If the target is a Large or smaller creature, it has the {@condition Grappled|XPHB} condition (escape {@dc 13}).""]}, {""name"": ""Acid Spray {@recharge}"", ""entries"": [""{@actSave dex} {@dc 12}, each creature in a 30-foot-long, 5-foot-wide {@variantrule Line [Area of Effect]|XPHB|Line}. {@actSaveFail} 14 ({@damage 4d6}) Acid damage. {@actSaveSuccess} Half damage.""]}]",,,,
Ankylosaurus,XMM,"[""H""]","{""type"": ""beast"", ""tags"": [""dinosaur""]}","[""U""]",[15],"{""average"": 68, ""formula"": ""8d12 + 16""}","{""walk"": 30}",19,11,15,2,12,5,"{""str"": ""+6""}",,11,,3,,"[{""name"": ""Multiattack"", ""entries"": [""The ankylosaurus makes two Tail attacks.""]}, {""name"": ""Tail"", ""entries"": [""{@atkr m} {@hit 6}, reach 10 ft. {@h}9 ({@damage 1d10 + 4}) Bludgeoning damage. If the target is a Huge or smaller creature, it has the {@condition Prone|XPHB} condition.""]}]",,,,
Ape,XMM,"[""M""]",beast,"[""U""]",[12],"{""average"": 19, ""formula"": ""3d8 + 6""}","{""walk"": 30, ""climb"": 30}",16,14,14,6,12,7,,"{""athletics"": ""+5"", ""perception"": ""+3""}",13,,1/2,,"[{""name"": ""Multiattack"", ""entries"": [""The ape makes two Fist attacks.""]}, {""name"": ""Fist"", ""entries"": [""{@atkr m} {@hit 5}, reach 5 ft. {@h}5 ({@damage 1d4 + 3}) Bludgeoning damage.""]}, {""name"": ""Rock {@recharge}"", ""entries"": [""{@atkr r} {@hit 5}, range 25/50 ft. {@h}10 ({@damage 2d6 + 3}) Bludgeoning damage.""]}]",,,,
Archelon,XMM,"[""H""]","{""type"": ""beast"", ""tags"": [""dinosaur""]}","[""U""]",[17],"{""average"": 90, ""formula"": ""12d12 + 12""}","{""walk"": 20, ""swim"": 80}",18,16,13,4,14,6,,"{""stealth"": ""+5""}",12,,4,"[{""name"": ""Amphibious"", ""entries"": [""The archelon can breathe air and water.""]}]","[{""name"": ""Multiattack"", ""entries"": [""The archelon makes two Bite attacks.""]}, {""name"": ""Bite"", ""entries"": [""{@atkr m} {@hit 6}, reach 5 ft. {@h}14 ({@damage 3d6 + 4}) Piercing damage.""]}]",,,,
Archmage,XMM,"[""S"", ""M""]","{""type"": ""humanoid"", ""tags"": [""wizard""]}","[""N""]",[17],"{""average"": 170, ""formula"": ""31d8 + 31""}","{""walk"": 30}",10,14,12,20,15,16,"{""int"": ""+9"", ""wis"": ""+6""}","{""arcana"": ""+13"", ""history"": ""+9"", ""perception"": ""+6""}",16,"[""Common plus five other languages""]",12,"[{""name"": ""Magic Resistance"", ""entries"": [""The archmage has {@variantrule Advantage|XPHB} on saving throws against spells and other magical effects.""]}]","[{""name"": ""Multiattack"", ""entries"": [""The archmage makes four Arcane Burst attacks.""]}, {""name"": ""Arcane Burst"", ""entries"": [""{@atkr m,r} {@hit 9}, reach 5 ft. or range 150 ft. {@h}27 ({@damage 4d10 + 5}) Force damage.""]}]",,,,"[{""name"": ""Spellcasting"", ""type"": ""spellcasting"", ""headerEntries"": [""The archmage casts one of the following spells, using Intelligence as the spellcasting ability (spell save {@dc 17}):""], ""will"": [""{@spell Detect Magic|XPHB}"", ""{@spell Detect Thoughts|XPHB}"", ""{@spell Disguise Self|XPHB}"", ""{@spell Invisibility|XPHB}"", ""{@spell Light|XPHB}"", ""{@spell Mage Armor|XPHB} (included in AC)"", ""{@spell Mage Hand|XPHB}"", ""{@spell Prestidigitation|XPHB}""], ""daily"": {""2e"": [""{@spell Fly|XPHB}"", ""{@spell Lightning Bolt|XPHB} (level 7 version)""], ""1e"": [""{@spell Cone of Cold|XPHB} (level 9 version)"", ""{@spell Mind Blank|XPHB} (cast before combat)"", ""{@spell Scrying|XPHB}"", ""{@spell Teleport|XPHB}""]}, ""ability"": ""int"", ""displayAs"": ""action""}, {""name"": ""Misty Step (3/Day)"", ""type"": ""spellcasting"", ""headerEntries"": [""The mage casts {@spell Misty Step|XPHB}, using the same spellcasting ability as Spellcasting.""], ""daily"": {""3"": [""{@spell Misty Step|XPHB}""]}, ""ability"": ""int"", ""displayAs"": ""bonus"", ""hidden"": [""daily""]}, {""name"": ""Protective Magic (3/Day)"", ""type"": ""spellcasting"", ""headerEntries"": [""The archmage casts {@spell Counterspell|XPHB} or {@spell Shield|XPHB} in response to the spell's trigger, using the same spellcasting ability as Spellcasting.""], ""daily"": {""3"": [""{@spell Counterspell|XPHB}"", ""{@spell Shield|XPHB}""]}, ""ability"": ""int"", ""displayAs"": ""reaction"", ""hidden"": [""daily""]}]"
Assassin,XMM,"[""S"", ""M""]",humanoid,"[""N""]",[16],"{""average"": 97, ""formula"": ""15d8 + 30""}","{""walk"": 30}",11,18,14,16,11,10,"{""dex"": ""+7"", ""int"": ""+6""}","{""acrobatics"": ""+7"", ""perception"": ""+6"", ""stealth"": ""+10""}",16,"[""Common"", ""Thieves' cant""]",8,"[{""name"": ""Evasion"", ""entries"": [""If the assassin is subjected to an effect that allows it to make a Dexterity saving throw to take only half damage, the assassin instead takes no damage if it succeeds on the save and only half damage if it fails. It can't use this trait if it has the {@condition Incapacitated|XPHB} condition.""]}]","[{""name"": ""Multiattack"", ""entries"": [""The assassin makes three attacks, using Shortsword or Light Crossbow in any combination.""]}, {""name"": ""Shortsword"", ""entries"": [""{@atkr m} {@hit 7}, reach 5 ft. {@h}7 ({@damage 1d6 + 4}) Piercing damage plus 17 ({@damage 5d6}) Poison damage, and the target has the {@condition Poisoned|XPHB} condition until the start of the assassin's next turn.""]}, {""name"": ""Light Crossbow"", ""entries"": [""{@atkr r} {@hit 7}, range 80/320 ft. {@h}8 ({@damage 1d8 + 4}) Piercing damage plus 21 ({@damage 6d6}) Poison damage.""]}]","[{""name"": ""Cunning Action"", ""entries"": [""The assassin takes the {@action Dash|XPHB}, {@action Disengage|XPHB}, or {@action Hide|XPHB} action.""]}]",,,
Awakened Shrub,XMM,"[""S""]",plant,"[""N""]",[9],"{""average"": 10, ""formula"": ""3d6""}","{""walk"": 20}",3,8,11,10,10,6,,,10,"[""Common plus one other language""]",0,,"[{""name"": ""Rake"", ""entries"": [""{@atkr m} {@hit 1}, reach 5 ft. {@h}1 Slashing damage.""]}]",,,,
Awakened Tree,XMM,"[""H""]",plant,"[""N""]",[13],"{""average"": 59, ""formula"": ""7d12 + 14""}","{""walk"": 20}",19,6,15,10,10,7,,,10,"[""Common plus one other language""]",2,,"[{""name"": ""Slam"", ""entries"": [""{@atkr m} {@hit 6}, reach 10 ft. {@h}13 ({@damage 2d8 + 4}) Bludgeoning damage.""]}]",,,,
Axe Beak,XMM,"[""L""]",monstrosity,"[""U""]",[11],"{""average"": 19, ""formula"": ""3d10 + 3""}","{""walk"": 50}",14,12,12,2,10,5,,,10,,1/4,,"[{""name"": ""Beak"", ""entries"": [""{@atkr m} {@hit 4}, reach 5 ft. {@h}5 ({@damage 1d6 + 2}) Slashing damage.""]}]",,,,
Azer Sentinel,XMM,"[""M""]",elemental,"[""L"", ""N""]",[17],"{""average"": 39, ""formula"": ""6d8 + 12""}","{""walk"": 30}",17,12,15,12,13,10,"{""con"": ""+4""}",,11,"[""Primordial (Ignan)""]",2,"[{""name"": ""Fire Aura"", ""entries"": [""At the end of each of the azer's turns, each creature of the azer's choice in a 5-foot {@variantrule Emanation [Area of Effect]|XPHB|Emanation} originating from the azer takes 5 ({@damage 1d10}) Fire damage unless the azer has the {@condition Incapacitated|XPHB} condition.""]}, {""name"": ""Illumination"", ""entries"": [""The azer sheds {@variantrule Bright Light|XPHB} in a 10-foot radius and {@variantrule Dim Light|XPHB} for an additional 10 feet.""]}]","[{""name"": ""Burning Hammer"", ""entries"": [""{@atkr m} {@hit 5}, reach 5 ft. {@h}8 ({@damage 1d10 + 3}) Bludgeoning damage plus 3 ({@damage 1d6}) Fire damage.""]}]",,,,
Baboon,XMM,"[""S""]",beast,"[""U""]",[12],"{""average"": 3, ""formula"": ""1d6""}","{""walk"": 30, ""climb"": 30}",8,14,11,4,12,6,,,11,,0,"[{""name"": ""Pack Tactics"", ""entries"": [""The baboon has {@variantrule Advantage|XPHB} on an attack roll against a creature if at least one of the baboon's allies is within 5 feet of the creature and the ally doesn't have the {@condition Incapacitated|XPHB} condition.""]}]","[{""name"": ""Bite"", ""entries"": [""{@atkr m} {@hit 1}, reach 5 ft. {@h}1 ({@damage 1d4 - 1}) Piercing damage.""]}]",,,,
Badger,XMM,"[""T""]",beast,"[""U""]",[11],"{""average"": 5, ""formula"": ""1d4 + 3""}","{""walk"": 20, ""burrow"": 5}",10,11,16,2,12,5,,"{""perception"": ""+3""}",13,,0,,"[{""name"": ""Bite"", ""entries"": [""{@atkr m} {@hit 2}, reach 5 ft. {@h}1 Piercing damage.""]}]",,,,
Balor,XMM,"[""H""]","{""type"": ""fiend"", ""tags"": [""demon""]}","[""C"", ""E""]",[19],"{""average"": 287, ""formula"": ""23d12 + 138""}","{""walk"": 40, ""fly"": 80}",26,15,22,20,16,22,"{""con"": ""+12"", ""wis"": ""+9""}","{""perception"": ""+9""}",19,"[""Abyssal; telepathy 120 ft.""]",19,"[{""name"": ""Death Throes"", ""entries"": [""The balor explodes when it dies. {@actSave dex} {@dc 20}, each creature in a 30-foot {@variantrule Emanation [Area of Effect]|XPHB|Emanation} originating from the balor. {@actSaveFail} 31 ({@damage 9d6}) Fire damage plus 31 ({@damage 9d6}) Force damage. {@actSaveSuccess} Half damage. {@actSaveSuccessOrFail} If the balor dies outside the Abyss, it gains a new body instantly, reviving with all its {@variantrule Hit Points|XPHB} somewhere in the Abyss.""]}, {""name"": ""Fire Aura"", ""entries"": [""At the end of each of the balor's turns, each creature in a 5-foot {@variantrule Emanation [Area of Effect]|XPHB|Emanation} originating from the balor takes 13 ({@damage 3d8}) Fire damage.""]}, {""name"": ""Legendary Resistance (3/Day)"", ""entries"": [""If the balor fails a saving throw, it can choose to succeed instead.""]}, {""name"": ""Magic Resistance"", ""entries"": [""The balor has {@variantrule Advantage|XPHB} on saving throws against spells and other magical effects.""]}]","[{""name"": ""Multiattack"", ""entries"": [""The balor makes one Flame Whip attack and one Lightning Blade attack.""]}, {""name"": ""Flame Whip"", ""entries"": [""{@atkr m} {@hit 14}, reach 30 ft. {@h}18 ({@damage 3d6 + 8}) Force damage plus 17 ({@damage 5d6}) Fire damage. If the target is a Huge or smaller creature, the balor pulls the target up to 25 feet straight toward itself, and the target has the {@condition Prone|XPHB} condition.""]}, {""name"": ""Lightning Blade"", ""entries"": [""{@atkr m} {@hit 14}, reach 10 ft. {@h}21 ({@damage 3d8 + 8}) Force damage plus 22 ({@damage 4d10}) Lightning damage, and the target can't take Reactions until the start of the balor's next turn.""]}]","[{""name"": ""Teleport"", ""entries"": [""The balor teleports itself or a willing demon within 10 feet of itself up to 60 feet to an unoccupied space the balor can see.""]}]",,,
Bandit,XMM,"[""S"", ""M""]",humanoid,"[""N""]",[12],"{""average"": 11, ""formula"": ""2d8 + 2""}","{""walk"": 30}",11,12,12,10,10,10,,,10,"[""Common"", ""Thieves' cant""]",1/8,,"[{""name"": ""Scimitar"", ""entries"": [""{@atkr m} {@hit 3}, reach 5 ft. {@h}4 ({@damage 1d6 + 1}) Slashing damage.""]}, {""name"": ""Light Crossbow"", ""entries"": [""{@atkr r} {@hit 3}, range 80/320 ft. {@h}5 ({@damage 1d8 + 1}) Piercing damage.""]}]",,,,
Bandit Captain,XMM,"[""S"", ""M""]",humanoid,"[""N""]",[15],"{""average"": 52, ""formula"": ""8d8 + 16""}","{""walk"": 30}",15,16,14,14,11,14,"{""str"": ""+4"", ""dex"": ""+5"", ""wis"": ""+2""}","{""athletics"": ""+4"", ""deception"": ""+4""}",10,"[""Common"", ""Thieves' cant""]",2,,"[{""name"": ""Multiattack"", ""entries"": [""The bandit makes two attacks, using Scimitar and Pistol in any combination.""]}, {""name"": ""Scimitar"", ""entries"": [""{@atkr m} {@hit 5}, reach 5 ft. {@h}6 ({@damage 1d6 + 3}) Slashing damage.""]}, {""name"": ""Pistol"", ""entries"": [""{@atkr r} {@hit 5}, range 30/90 ft. {@h}8 ({@damage 1d10 + 3}) Piercing damage.""]}]",,"[{""name"": ""Parry"", ""entries"": [""{@actTrigger} The bandit is hit by a melee attack roll while holding a weapon. {@actResponse} The bandit adds 2 to its AC against that attack, possibly causing it to miss.""]}]",,
Barbed Devil,XMM,"[""M""]","{""type"": ""fiend"", ""tags"": [""devil""]}","[""L"", ""E""]",[15],"{""average"": 110, ""formula"": ""13d8 + 52""}","{""walk"": 30, ""climb"": 30}",16,17,18,12,14,14,"{""str"": ""+6"", ""con"": ""+7"", ""wis"": ""+5"", ""cha"": ""+5""}","{""deception"": ""+5"", ""insight"": ""+5"", ""perception"": ""+8""}",18,"[""Infernal; telepathy 120 ft.""]",5,"[{""name"": ""Barbed Hide"", ""entries"": [""At the start of each of its turns, the devil deals 5 ({@damage 1d10}) Piercing damage to any creature it is grappling or any creature grappling it.""]}, {""name"": ""Diabolical Restoration"", ""entries"": [""If the devil dies outside the Nine Hells, its body disappears in sulfurous smoke, and it gains a new body instantly, reviving with all its {@variantrule Hit Points|XPHB} somewhere in the Nine Hells.""]}, {""name"": ""Magic Resistance"", ""entries"": [""The devil has {@variantrule Advantage|XPHB} on saving throws against spells and other magical effects.""]}]","[{""name"": ""Multiattack"", ""entries"": [""The devil makes one Claws attack and one Tail attack, or it makes two Hurl Flame attacks.""]}, {""name"": ""Claws"", ""entries"": [""{@atkr m} {@hit 6}, reach 5 ft. {@h}10 ({@damage 2d6 + 3}) Piercing damage. If the target is a Large or smaller creature, it has the {@condition Grappled|XPHB} condition (escape {@dc 13}) from both claws.""]}, {""name"": ""Tail"", ""entries"": [""{@atkr m} {@hit 6}, reach 10 ft. {@h}14 ({@damage 2d10 + 3}) Slashing damage.""]}, {""name"": ""Hurl Flame"", ""entries"": [""{@atkr r} {@hit 5}, range 150 ft. {@h}17 ({@damage 5d6}) Fire damage. If the target is a flammable object that isn't being worn or carried, it starts {@hazard burning|XPHB}.""]}]",,,,
Basilisk,XMM,"[""M""]",monstrosity,"[""U""]",[15],"{""average"": 52, ""formula"": ""8d8 + 16""}","{""walk"": 20}",16,8,15,2,8,7,,,9,,3,,"[{""name"": ""Bite"", ""entries"": [""{@atkr m} {@hit 5}, reach 5 ft. {@h}10 ({@damage 2d6 + 3}) Piercing damage plus 7 ({@damage 2d6}) Poison damage.""]}]","[{""name"": ""Petrifying Gaze {@recharge 4}"", ""entries"": [""{@actSave con} {@dc 12}, each creature in a 30-foot {@variantrule Cone [Area of Effect]|XPHB|Cone}. If the basilisk sees its reflection within the {@variantrule Cone [Area of Effect]|XPHB|Cone}, the basilisk must make this save. {@actSaveFail 1} The target has the {@condition Restrained|XPHB} condition and repeats the save at the end of its next turn if it is still {@condition Restrained|XPHB}, ending the effect on itself on a success. {@actSaveFail 2} The target has the {@condition Petrified|XPHB} condition instead of the {@condition Restrained|XPHB} condition.""]}]",,,
Bat,XMM,"[""T""]",beast,"[""U""]",[12],"{""average"": 1, ""formula"": ""1d4 - 1""}","{""walk"": 5, ""fly"": 30}",2,15,8,2,12,4,,,11,,0,,"[{""name"": ""Bite"", ""entries"": [""{@atkr m} {@hit 4} to hit, reach 5 ft. {@h}1 Piercing damage.""]}]",,,,
Bearded Devil,XMM,"[""M""]","{""type"": ""fiend"", ""tags"": [""devil""]}","[""L"", ""E""]",[13],"{""average"": 58, ""formula"": ""9d8 + 18""}","{""walk"": 30}",16,15,15,9,11,14,"{""str"": ""+5"", ""con"": ""+4"", ""cha"": ""+4""}",,10,"[""Infernal; telepathy 120 ft.""]",3,"[{""name"": ""Magic Resistance"", ""entries"": [""The devil has {@variantrule Advantage|XPHB} on saving throws against spells and other magical effects.""]}]","[{""name"": ""Multiattack"", ""entries"": [""The devil makes one Beard attack and one Infernal Glaive attack.""]}, {""name"": ""Beard"", ""entries"": [""{@atkr m} {@hit 5}, reach 5 ft. {@h}7 ({@damage 1d8 + 3}) Piercing damage, and the target has the {@condition Poisoned|XPHB} condition until the start of the devil's next turn. Until this poison ends, the target can't regain {@variantrule Hit Points|XPHB}.""]}, {""name"": ""Infernal Glaive"", ""entries"": [""{@atkr m} {@hit 5}, reach 10 ft. {@h}8 ({@damage 1d10 + 3}) Slashing damage. If the target is a creature and doesn't already have an infernal wound, it is subjected to the following effect. {@actSave con} {@dc 12}. {@actSaveFail} The target receives an infernal wound. While wounded, the target loses 5 ({@dice 1d10}) {@variantrule Hit Points|XPHB} at the start of each of its turns. The wound closes after 1 minute, after a spell restores {@variantrule Hit Points|XPHB} to the target, or after the target or a creature within 5 feet of it takes an action to stanch the wound, doing so by succeeding on a {@dc 12} Wisdom ({@skill Medicine|XPHB}) check.""]}]",,,,
Behir,XMM,"[""H""]",monstrosity,"[""N"", ""E""]",[17],"{""average"": 168, ""formula"": ""16d12 + 64""}","{""walk"": 50, ""climb"": 50}",23,16,18,7,14,12,,"{""perception"": ""+6"", ""stealth"": ""+7""}",16,"[""Draconic""]",11,,"[{""name"": ""Multiattack"", ""entries"": [""The behir makes one Bite attack and uses Constrict.""]}, {""name"": ""Bite"", ""entries"": [""{@atkr m} {@hit 10}, reach 10 ft. {@h}19 ({@damage 2d12 + 6}) Piercing damage plus 11 ({@damage 2d10}) Lightning damage.""]}, {""name"": ""Constrict"", ""entries"": [""{@actSave str} {@dc 18}, one Large or smaller creature the behir can see within 5 feet. {@actSaveFail} 28 ({@damage 5d8 + 6}) Bludgeoning damage. The target has the {@condition Grappled|XPHB} condition (escape {@dc 16}), and it has the {@condition Restrained|XPHB} condition until the grapple ends.""]}, {""name"": ""Lightning Breath {@recharge 5}"", ""entries"": [""{@actSave dex} {@dc 16}, each creature in a 90-foot-long, 5-foot-wide {@variantrule Line [Area of Effect]|XPHB|Line}. {@actSaveFail} 66 ({@damage 12d10}) Lightning damage. {@actSaveSuccess} Half damage.""]}]","[{""name"": ""Swallow"", ""entries"": [""{@actSave dex} {@dc 18}, one Large or smaller creature {@condition Grappled|XPHB} by the behir (the behir can have only one creature swallowed at a time). {@actSaveFail} The behir swallows the target, which is no longer {@condition Grappled|XPHB}. While swallowed, a creature has the {@condition Blinded|XPHB} and {@condition Restrained|XPHB} conditions, has {@variantrule Cover|XPHB|Total Cover} against attacks and other effects outside the behir, and takes 21 ({@damage 6d6}) Acid damage at the start of each of the behir's turns."", ""If the behir takes 30 damage or more on a single turn from the swallowed creature, the behir must succeed on a {@dc 14} Constitution saving throw at the end of that turn or regurgitate the creature, which falls in a space within 10 feet of the behir and has the {@condition Prone|XPHB} condition. If the behir dies, a swallowed creature is no longer {@condition Restrained|XPHB} and can escape from the corpse by using 15 feet of movement, exiting {@condition Prone|XPHB}.""]}]",,,
Berserker,XMM,"[""S"", ""M""]",humanoid,"[""N""]",[13],"{""average"": 67, ""formula"": ""9d8 + 27""}","{""walk"": 30}",16,12,17,9,11,9,,,10,"[""Common""]",2,"[{""name"": ""Bloodied Frenzy"", ""entries"": [""While {@status Bloodied|XPHB}, the berserker has {@variantrule Advantage|XPHB} on attack rolls and saving throws.""]}]","[{""name"": ""Greataxe"", ""entries"": [""{@atkr m} {@hit 5}, reach 5 ft. {@h}9 ({@damage 1d12 + 3}) Slashing damage.""]}]",,,,
Black Bear,XMM,"[""M""]",beast,"[""U""]",[11],"{""average"": 19, ""formula"": ""3d8 + 6""}","{""walk"": 30, ""climb"": 30, ""swim"": 30}",15,12,14,2,12,7,,"{""perception"": ""+5""}",15,,1/2,,"[{""name"": ""Multiattack"", ""entries"": [""The bear makes two Rend attacks.""]}, {""name"": ""Rend"", ""entries"": [""{@atkr m} {@hit 4}, reach 5 ft. {@h}5 ({@damage 1d6 + 2}) Slashing damage.""]}]",,,,
Black Dragon Wyrmling,XMM,"[""M""]","{""type"": ""dragon"", ""tags"": [""chromatic""]}","[""C"", ""E""]",[17],"{""average"": 33, ""formula"": ""6d8 + 6""}","{""walk"": 30, ""fly"": 60, ""swim"": 30}",15,14,13,10,11,13,"{""dex"": ""+4"", ""wis"": ""+2""}","{""perception"": ""+4"", ""stealth"": ""+4""}",14,"[""Draconic""]",2,"[{""name"": ""Amphibious"", ""entries"": [""The dragon can breathe air and water.""]}]","[{""name"": ""Multiattack"", ""entries"": [""The dragon makes two Rend attacks.""]}, {""name"": ""Rend"", ""entries"": [""{@atkr m} {@hit 4}, reach 5 ft. {@h}5 ({@damage 1d6 + 2}) Slashing damage plus 2 ({@damage 1d4}) Acid damage.""]}, {""name"": ""Acid Breath {@recharge 5}"", ""entries"": [""{@actSave dex} {@dc 11}, each creature in a 15-foot-long, 5-foot-wide {@variantrule Line [Area of Effect]|XPHB|Line}. {@actSaveFail} 22 ({@damage 5d8}) Acid damage. {@actSaveSuccess} Half damage.""]}]",,,,
Black Pudding,XMM,"[""L""]",ooze,"[""U""]",[7],"{""average"": 68, ""formula"": ""8d10 + 24""}","{""walk"": 20, ""climb"": 20}",16,5,16,1,6,1,,,8,,4,"[{""name"": ""Amorphous"", ""entries"": [""The pudding can move through a space as narrow as 1 inch without expending extra movement to do so.""]}, {""name"": ""Corrosive Form"", ""entries"": [""A creature that hits the pudding with a melee attack roll takes 4 ({@damage 1d8}) Acid damage. Nonmagical ammunition is destroyed immediately after hitting the pudding and dealing any damage. Any nonmagical weapon takes a cumulative -1 penalty to attack rolls immediately after dealing damage to the pudding and coming into contact with it. The weapon is destroyed if the penalty reaches -5. The penalty can be removed by casting the {@spell Mending|XPHB} spell on the weapon."", ""In 1 minute, the pudding can eat through 2 feet of nonmagical wood or metal.""]}, {""name"": ""Spider Climb"", ""entries"": [""The pudding can climb difficult surfaces, including along ceilings, without needing to make an ability check.""]}]","[{""name"": ""Dissolving Pseudopod"", ""entries"": [""{@atkr m} {@hit 5}, reach 10 ft. {@h}17 ({@damage 4d6 + 3}) Acid damage. Nonmagical armor worn by the target takes a -1 penalty to the AC it offers. The armor is destroyed if the penalty reduces its AC to 10. The penalty can be removed by casting the {@spell Mending|XPHB} spell on the armor.""]}]",,"[{""name"": ""Split"", ""entries"": [""{@actTrigger} While the pudding is Large or Medium and has 10+ {@variantrule Hit Points|XPHB}, it becomes {@status Bloodied|XPHB} or is subjected to Lightning or Slashing damage. {@actResponse} The pudding splits into two new Black Puddings. Each new pudding is one size smaller than the original pudding and acts on its {@variantrule Initiative|XPHB}. The original pudding's {@variantrule Hit Points|XPHB} are divided evenly between the new puddings (round down).""]}]",,
Blink Dog,XMM,"[""M""]",fey,"[""L"", ""G""]",[13],"{""average"": 22, ""formula"": ""4d8 + 4""}","{""walk"": 40}",12,17,12,10,13,11,,"{""perception"": ""+5"", ""stealth"": ""+5""}",15,"[""understands Elvish and Sylvan but can't speak them""]",1/4,,"[{""name"": ""Bite"", ""entries"": [""{@atkr m} {@hit 5}, reach 5 ft. {@h}5 ({@damage 1d4 + 3}) Piercing damage.""]}]","[{""name"": ""Teleport {@recharge 4}"", ""entries"": [""The dog teleports up to 40 feet to an unoccupied space it can see.""]}]",,,
Blood Hawk,XMM,"[""S""]",beast,"[""U""]",[12],"{""average"": 7, ""formula"": ""2d6""}","{""walk"": 10, ""fly"": 60}",6,14,10,3,14,5,,"{""perception"": ""+6""}",16,,1/8,"[{""name"": ""Pack Tactics"", ""entries"": [""The hawk has {@variantrule Advantage|XPHB} on an attack roll against a creature if at least one of the hawk's allies is within 5 feet of the creature and the ally doesn't have the {@condition Incapacitated|XPHB} condition.""]}]","[{""name"": ""Beak"", ""entries"": [""{@atkr m} {@hit 4}, reach 5 ft. {@h}4 ({@damage 1d4 + 2}) Piercing damage, or 6 ({@damage 1d8 + 2}) Piercing damage if the target is {@status Bloodied|XPHB}.""]}]",,,,
Blue Dragon Wyrmling,XMM,"[""M""]","{""type"": ""dragon"", ""tags"": [""chromatic""]}","[""L"", ""E""]",[17],"{""average"": 65, ""formula"": ""10d8 + 20""}","{""walk"": 30, ""burrow"": 15, ""fly"": 60}",17,10,15,12,11,15,"{""dex"": ""+2"", ""wis"": ""+2""}","{""perception"": ""+4"", ""stealth"": ""+2""}",14,"[""Draconic""]",3,,"[{""name"": ""Multiattack"", ""entries"": [""The dragon makes two Rend attacks.""]}, {""name"": ""Rend"", ""entries"": [""{@atkr m} {@hit 5}, reach 5 ft. {@h}8 ({@damage 1d10 + 3}) Slashing damage plus 3 ({@damage 1d6}) Lightning damage.""]}, {""name"": ""Lightning Breath {@recharge 5}"", ""entries"": [""{@actSave dex} {@dc 12}, each creature in a 30-foot-long, 5-foot-wide {@variantrule Line [Area of Effect]|XPHB|Line}. {@actSaveFail} 21 ({@damage 6d6}) Lightning damage. {@actSaveSuccess} Half damage.""]}]",,,,
Boar,XMM,"[""M""]",beast,"[""U""]",[11],"{""average"": 13, ""formula"": ""2d8 + 4""}","{""walk"": 40}",13,11,14,2,9,5,,,9,,1/4,"[{""name"": ""Bloodied Fury"", ""entries"": [""While {@status Bloodied|XPHB}, the boar has {@variantrule Advantage|XPHB} on attack rolls.""]}]","[{""name"": ""Gore"", ""entries"": [""{@atkr m} {@hit 3}, reach 5 ft. {@h}4 ({@damage 1d6 + 1}) Piercing damage. If the target is a Medium or smaller creature and the boar moved 20+ feet straight toward it immediately before the hit, the target takes an extra 3 ({@damage 1d6}) Piercing damage and has the {@condition Prone|XPHB} condition.""]}]",,,,
Bone Devil,XMM,"[""L""]","{""type"": ""fiend"", ""tags"": [""devil""]}","[""L"", ""E""]",[16],"{""average"": 161, ""formula"": ""17d10 + 68""}","{""walk"": 40, ""fly"": 40}",18,16,18,13,14,16,"{""str"": ""+8"", ""int"": ""+5"", ""wis"": ""+6"", ""cha"": ""+7""}","{""deception"": ""+7"", ""insight"": ""+6""}",12,"[""Infernal; telepathy 120 ft.""]",9,"[{""name"": ""Diabolical Restoration"", ""entries"": [""If the devil dies outside the Nine Hells, its body disappears in sulfurous smoke, and it gains a new body instantly, reviving with all its {@variantrule Hit Points|XPHB} somewhere in the Nine Hells.""]}, {""name"": ""Magic Resistance"", ""entries"": [""The devil has {@variantrule Advantage|XPHB} on saving throws against spells and other magical effects.""]}]","[{""name"": ""Multiattack"", ""entries"": [""The devil makes two Claw attacks and one Infernal Sting attack.""]}, {""name"": ""Claw"", ""entries"": [""{@atkr m} {@hit 8}, reach 10 ft. {@h}13 ({@damage 2d8 + 4}) Slashing damage.""]}, {""name"": ""Infernal Sting"", ""entries"": [""{@atkr m} {@hit 8}, reach 10 ft. {@h}15 ({@damage 2d10 + 4}) Piercing damage plus 18 ({@damage 4d8}) Poison damage, and the target has the {@condition Poisoned|XPHB} condition until the start of the devil's next turn. While {@condition Poisoned|XPHB}, the target can't regain {@variantrule Hit Points|XPHB}.""]}]",,,,
Brass Dragon Wyrmling,XMM,"[""M""]","{""type"": ""dragon"", ""tags"": [""metallic""]}","[""C"", ""G""]",[15],"{""average"": 22, ""formula"": ""4d8 + 4""}","{""walk"": 30, ""burrow"": 15, ""fly"": 60}",15,10,13,10,11,13,"{""dex"": ""+2"", ""wis"": ""+2""}","{""perception"": ""+4"", ""stealth"": ""+2""}",14,"[""Draconic""]",1,,"[{""name"": ""Rend"", ""entries"": [""{@atkr m} {@hit 4}, reach 5 ft. {@h}7 ({@damage 1d10 + 2}) Slashing damage.""]}, {""name"": ""Fire Breath {@recharge 5}"", ""entries"": [""{@actSave dex} {@dc 11}, each creature in a 20-foot-long, 5-foot-wide {@variantrule Line [Area of Effect]|XPHB|Line}. {@actSaveFail} 14 ({@damage 4d6}) Fire damage. {@actSaveSuccess} Half damage.""]}, {""name"": ""Sleep Breath"", ""entries"": [""{@actSave con} {@dc 11}, each creature in a 15-foot {@variantrule Cone [Area of Effect]|XPHB|Cone}. {@actSaveFail} The target has the {@condition Incapacitated|XPHB} condition until the end of its next turn, at which point it repeats the save. {@actSaveFail 2} The target has the {@condition Unconscious|XPHB} condition for 1 minute. This effect ends for the target if it takes damage or a creature within 5 feet of it takes an action to wake it.""]}]",,,,
Bronze Dragon Wyrmling,XMM,"[""M""]","{""type"": ""dragon"", ""tags"": [""metallic""]}","[""L"", ""G""]",[15],"{""average"": 39, ""formula"": ""6d8 + 12""}","{""walk"": 30, ""fly"": 60, ""swim"": 30}",17,10,15,12,11,15,"{""dex"": ""+2"", ""wis"": ""+2""}","{""perception"": ""+4"", ""stealth"": ""+2""}",14,"[""Draconic""]",2,"[{""name"": ""Amphibious"", ""entries"": [""The dragon can breathe air and water.""]}]","[{""name"": ""Multiattack"", ""entries"": [""The dragon makes two Rend attacks.""]}, {""name"": ""Rend"", ""entries"": [""{@atkr m} {@hit 5}, reach 5 ft. {@h}8 ({@damage 1d10 + 3}) Slashing damage.""]}, {""name"": ""Lightning Breath {@recharge 5}"", ""entries"": [""{@actSave dex} {@dc 12}, each creature in a 40-foot-long, 5-foot-wide {@variantrule Line [Area of Effect]|XPHB|Line}. {@actSaveFail} 16 ({@damage 3d10}) Lightning damage. {@actSaveSuccess} Half damage.""]}, {""name"": ""Repulsion Breath"", ""entries"": [""{@actSave str} {@dc 12}, each creature in a 30-foot {@variantrule Cone [Area of Effect]|XPHB|Cone}. {@actSaveFail} The target is pushed up to 30 feet straight away from the dragon and has the {@condition Prone|XPHB} condition.""]}]",,,,
Brown Bear,XMM,"[""L""]",beast,"[""U""]",[11],"{""average"": 22, ""formula"": ""3d10 + 6""}","{""walk"": 40, ""climb"": 30}",17,12,15,2,13,7,,"{""perception"": ""+3""}",13,,1,,"[{""name"": ""Multiattack"", ""entries"": [""The bear makes one Bite attack and one Claw attack.""]}, {""name"": ""Bite"", ""entries"": [""{@atkr m} {@hit 5}, reach 5 ft. {@h}7 ({@damage 1d8 + 3}) Piercing damage.""]}, {""name"": ""Claw"", ""entries"": [""{@atkr m} {@hit 5}, reach 5 ft. {@h}5 ({@damage 1d4 + 3}) Slashing damage. If the target is a Large or smaller creature, it has the {@condition Prone|XPHB} condition.""]}]",,,,
Bugbear Stalker,XMM,"[""M""]","{""type"": ""fey"", ""tags"": [""goblinoid""]}","[""C"", ""E""]",[15],"{""average"": 65, ""formula"": ""10d8 + 20""}","{""walk"": 30}",17,14,14,11,12,11,"{""con"": ""+4"", ""wis"": ""+3""}","{""stealth"": ""+6"", ""survival"": ""+3""}",11,"[""Common"", ""Goblin""]",3,"[{""name"": ""Abduct"", ""entries"": [""The bugbear needn't spend extra movement to move a creature it is grappling.""]}]","[{""name"": ""Multiattack"", ""entries"": [""The bugbear makes two Javelin or Morningstar attacks.""]}, {""name"": ""Javelin"", ""entries"": [""{@atkr m,r} {@hit 5}, reach 10 ft. or range 30/120 ft. {@h}13 ({@damage 3d6 + 3}) Piercing damage.""]}, {""name"": ""Morningstar"", ""entries"": [""{@atkr m} {@hit 5} (with {@variantrule Advantage|XPHB} if the target is {@condition Grappled|XPHB} by the bugbear), reach 10 ft. {@h}12 ({@damage 2d8 + 3}) Piercing damage.""]}]","[{""name"": ""Quick Grapple"", ""entries"": [""{@actSave dex} {@dc 13}, one Medium or smaller creature the bugbear can see within 10 feet. {@actSaveFail} The target has the {@condition Grappled|XPHB} condition (escape {@dc 13}).""]}]",,,
Bugbear Warrior,XMM,"[""M""]","{""type"": ""fey"", ""tags"": [""goblinoid""]}","[""C"", ""E""]",[14],"{""average"": 33, ""formula"": ""6d8 + 6""}","{""walk"": 30}",15,14,13,8,11,9,,"{""stealth"": ""+6"", ""survival"": ""+2""}",10,"[""Common"", ""Goblin""]",1,"[{""name"": ""Abduct"", ""entries"": [""The bugbear needn't spend extra movement to move a creature it is grappling.""]}]","[{""name"": ""Grab"", ""entries"": [""{@atkr m} {@hit 4}, reach 10 ft. {@h}9 ({@damage 2d6 + 2}) Bludgeoning damage. If the target is a Medium or smaller creature, it has the {@condition Grappled|XPHB} condition (escape {@dc 12}).""]}, {""name"": ""Light Hammer"", ""entries"": [""{@atkr m,r} {@hit 4} (with {@variantrule Advantage|XPHB} if the target is {@condition Grappled|XPHB} by the bugbear), reach 10 ft. or range 20/60 ft. {@h}9 ({@damage 3d4 + 2}) Bludgeoning damage.""]}]",,,,
Bulette,XMM,"[""L""]",monstrosity,"[""U""]",[17],"{""average"": 94, ""formula"": ""9d10 + 45""}","{""walk"": 40, ""burrow"": 40}",19,11,21,2,10,5,,"{""perception"": ""+6""}",16,,5,,"[{""name"": ""Multiattack"", ""entries"": [""The bulette makes two Bite attacks.""]}, {""name"": ""Bite"", ""entries"": [""{@atkr m} {@hit 7}, reach 5 ft. {@h}17 ({@damage 2d12 + 4}) Piercing damage.""]}, {""name"": ""Deadly Leap"", ""entries"": [""The bulette spends 5 feet of movement to jump to a space within 15 feet that contains one or more Large or smaller creatures. {@actSave dex} {@dc 15}, each creature in the bulette's destination space. {@actSaveFail} 19 ({@damage 3d12}) Bludgeoning damage, and the target has the {@condition Prone|XPHB} condition. {@actSaveSuccess} Half damage, and the target is pushed 5 feet straight away from the bulette.""]}]","[{""name"": ""Leap"", ""entries"": [""The bulette jumps up to 30 feet by spending 10 feet of movement.""]}]",,,
Camel,XMM,"[""L""]",beast,"[""U""]",[10],"{""average"": 17, ""formula"": ""2d10 + 6""}","{""walk"": 50}",15,8,17,2,11,5,"{""con"": ""+5""}",,10,,1/8,,"[{""name"": ""Bite"", ""entries"": [""{@atkr m} {@hit 4}, reach 5 ft. {@h}4 ({@damage 1d4 + 2}) Bludgeoning damage.""]}]",,,,
Cat,XMM,"[""T""]",beast,"[""U""]",[12],"{""average"": 2, ""formula"": ""1d4""}","{""walk"": 40, ""climb"": 40}",3,15,10,3,12,7,"{""dex"": ""+4""}","{""perception"": ""+3"", ""stealth"": ""+4""}",13,,0,"[{""name"": ""Jumper"", ""entries"": [""The cat's jump distance is determined using its Dexterity rather than its Strength.""]}]","[{""name"": ""Scratch"", ""entries"": [""{@atkr m} {@hit 4}, reach 5 ft. {@h}1 Slashing damage.""]}]",,,,
Centaur Trooper,XMM,"[""L""]",fey,"[""N"", ""G""]",[16],"{""average"": 45, ""formula"": ""6d10 + 12""}","{""walk"": 50}",18,14,14,9,13,11,,"{""athletics"": ""+6"", ""perception"": ""+3""}",13,"[""Elvish"", ""Sylvan""]",2,,"[{""name"": ""Multiattack"", ""entries"": [""The centaur makes two attacks, using Pike or Longbow in any combination.""]}, {""name"": ""Pike"", ""entries"": [""{@atkr m} {@hit 6}, reach 10 ft. {@h}9 ({@damage 1d10 + 4}) Piercing damage.""]}, {""name"": ""Longbow"", ""entries"": [""{@atkr r} {@hit 4}, range 150/600 ft. {@h}6 ({@damage 1d8 + 2}) Piercing damage.""]}]","[{""name"": ""Trampling Charge {@recharge 5}"", ""entries"": [""The centaur moves up to its {@variantrule Speed|XPHB} without provoking {@action Opportunity Attack|XPHB|Opportunity Attacks} and can move through the spaces of Medium or smaller creatures. Each creature whose space the centaur enters is targeted once by the following effect. {@actSave str} {@dc 14}. {@actSaveFail} 7 ({@damage 1d6 + 4}) Bludgeoning damage, and the target has the {@condition Prone|XPHB} condition.""]}]",,,
Chain Devil,XMM,"[""M""]","{""type"": ""fiend"", ""tags"": [""devil""]}","[""L"", ""E""]",[15],"{""average"": 85, ""formula"": ""10d8 + 40""}","{""walk"": 30}",18,15,18,11,12,14,"{""con"": ""+7"", ""wis"": ""+4""}",,11,"[""Infernal; telepathy 120 ft.""]",8,"[{""name"": ""Diabolical Restoration"", ""entries"": [""If the devil dies outside the Nine Hells, its body disappears in sulfurous smoke, and it gains a new body instantly, reviving with all its {@variantrule Hit Points|XPHB} somewhere in the Nine Hells.""]}, {""name"": ""Magic Resistance"", ""entries"": [""The devil has {@variantrule Advantage|XPHB} on saving throws against spells and other magical effects.""]}]","[{""name"": ""Multiattack"", ""entries"": [""The devil makes two Chain attacks and uses Conjure Infernal Chain.""]}, {""name"": ""Chain"", ""entries"": [""{@atkr m} {@hit 7}, reach 10 ft. {@h}11 ({@damage 2d6 + 4}) Slashing damage. If the target is a Large or smaller creature, it has the {@condition Grappled|XPHB} condition (escape {@dc 14}) from one of two chains, and it has the {@condition Restrained|XPHB} condition until the grapple ends.""]}, {""name"": ""Conjure Infernal Chain"", ""entries"": [""The devil conjures a fiery chain to bind a creature. {@actSave dex} {@dc 15}, one creature the devil can see within 60 feet. {@actSaveFail} 9 ({@damage 2d4 + 4}) Fire damage, and the target has the {@condition Restrained|XPHB} condition until the end of the devil's next turn, at which point the chain disappears. If the target is Large or smaller, the devil moves the target up to 30 feet straight toward itself. {@actSaveSuccess} The chain disappears.""]}]",,"[{""name"": ""Unnerving Gaze"", ""entries"": [""{@actTrigger} A creature the devil can see starts its turn within 30 feet of the devil and can see the devil. {@actResponse d}{@actSave wis} {@dc 15}, the triggering creature. {@actSaveFail} The target has the {@condition Frightened|XPHB} condition until the end of its turn. {@actSaveSuccess} The target is immune to this devil's Unnerving Gaze for 24 hours.""]}]",,
Chimera,XMM,"[""L""]",monstrosity,"[""C"", ""E""]",[14],"{""average"": 114, ""formula"": ""12d10 + 48""}","{""walk"": 30, ""fly"": 60}",19,11,19,3,14,10,,"{""perception"": ""+8""}",18,"[""understands Draconic but can't speak""]",6,,"[{""name"": ""Multiattack"", ""entries"": [""The chimera makes one Ram attack, one Bite attack, and one Claw attack. It can replace the Claw attack with a use of Fire Breath if available.""]}, {""name"": ""Bite"", ""entries"": [""{@atkr m} {@hit 7}, reach 5 ft. {@h}11 ({@damage 2d6 + 4}) Piercing damage, or 18 ({@damage 4d6 + 4}) Piercing damage if the chimera had {@variantrule Advantage|XPHB} on the attack roll.""]}, {""name"": ""Claw"", ""entries"": [""{@atkr m} {@hit 7}, reach 5 ft. {@h}7 ({@damage 1d6 + 4}) Slashing damage.""]}, {""name"": ""Ram"", ""entries"": [""{@atkr m} {@hit 7}, reach 5 ft. {@h}10 ({@damage 1d12 + 4}) Bludgeoning damage. If the target is a Medium or smaller creature, it has the {@condition Prone|XPHB} condition.""]}, {""name"": ""Fire Breath {@recharge 5}"", ""entries"": [""{@actSave dex} {@dc 15}, each creature in a 15-foot {@variantrule Cone [Area of Effect]|XPHB|Cone}. {@actSaveFail} 31 ({@damage 7d8}) Fire damage. {@actSaveSuccess} Half damage.""]}]",,,,
Chuul,XMM,"[""L""]",aberration,"[""C"", ""E""]",[16],"{""average"": 76, ""formula"": ""9d10 + 27""}","{""walk"": 30, ""swim"": 30}",19,10,16,5,11,5,,"{""perception"": ""+4""}",14,"[""understands Deep Speech but can't speak""]",4,"[{""name"": ""Amphibious"", ""entries"": [""The chuul can breathe air and water.""]}, {""name"": ""Sense Magic"", ""entries"": [""The chuul senses magic within 120 feet of itself. This trait otherwise works like the {@spell Detect Magic|XPHB} spell but isn't itself magical.""]}]","[{""name"": ""Multiattack"", ""entries"": [""The chuul makes two Pincer attacks and uses Paralyzing Tentacles.""]}, {""name"": ""Pincer"", ""entries"": [""{@atkr m} {@hit 6}, reach 10 ft. {@h}9 ({@damage 1d10 + 4}) Bludgeoning damage. If the target is a Large or smaller creature, it has the {@condition Grappled|XPHB} condition (escape {@dc 14}) from one of two pincers.""]}, {""name"": ""Paralyzing Tentacles"", ""entries"": [""{@actSave con} {@dc 13}, one creature {@condition Grappled|XPHB} by the chuul. {@actSaveFail} The target has the {@condition Poisoned|XPHB} condition and repeats the save at the end of each of its turns, ending the effect on itself on a success. After 1 minute, it succeeds automatically. While {@condition Poisoned|XPHB}, the target has the {@condition Paralyzed|XPHB} condition.""]}]",,,,
Clay Golem,XMM,"[""L""]",construct,"[""U""]",[14],"{""average"": 123, ""formula"": ""13d10 + 52""}","{""walk"": 20}",20,9,18,3,8,1,,,9,"[""Common plus one other language""]",9,"[{""name"": ""Acid Absorption"", ""entries"": [""Whenever the golem is subjected to Acid damage, it takes no damage and instead regains a number of {@variantrule Hit Points|XPHB} equal to the Acid damage dealt.""]}, {""name"": ""Berserk"", ""entries"": [""Whenever the golem starts its turn {@status Bloodied|XPHB}, roll {@dice 1d6}. On a 6, the golem goes berserk. On each of its turns while berserk, the golem attacks the nearest creature it can see. If no creature is near enough to move to and attack, the golem attacks an object. Once the golem goes berserk, it continues to be berserk until it is destroyed or it is no longer {@status Bloodied|XPHB}.""]}, {""name"": ""Immutable Form"", ""entries"": [""The golem can't shape-shift.""]}, {""name"": ""Magic Resistance"", ""entries"": [""The golem has {@variantrule Advantage|XPHB} on saving throws against spells and other magical effects.""]}]","[{""name"": ""Multiattack"", ""entries"": [""The golem makes two Slam attacks, or it makes three Slam attacks if it used Hasten this turn.""]}, {""name"": ""Slam"", ""entries"": [""{@atkr m} {@hit 9}, reach 5 ft. {@h}10 ({@damage 1d10 + 5}) Bludgeoning damage plus 6 ({@damage 1d12}) Acid damage, and the target's {@variantrule Hit Points|XPHB|Hit Point} maximum decreases by an amount equal to the Acid damage taken.""]}]","[{""name"": ""Hasten {@recharge 5}"", ""entries"": [""The golem takes the {@action Dash|XPHB} and {@action Disengage|XPHB} actions.""]}]",,,
Cloaker,XMM,"[""L""]",aberration,"[""C"", ""N""]",[14],"{""average"": 91, ""formula"": ""14d10 + 14""}","{""walk"": 10, ""fly"": 40}",17,15,12,13,14,7,,"{""stealth"": ""+5""}",12,"[""Deep Speech"", ""Undercommon""]",8,"[{""name"": ""Light Sensitivity"", ""entries"": [""While in {@variantrule Bright Light|XPHB}, the cloaker has {@variantrule Disadvantage|XPHB} on attack rolls.""]}]","[{""name"": ""Multiattack"", ""entries"": [""The cloaker makes one Attach attack and two Tail attacks.""]}, {""name"": ""Attach"", ""entries"": [""{@atkr m} {@hit 6}, reach 5 ft. {@h}13 ({@damage 3d6 + 3}) Piercing damage. If the target is a Large or smaller creature, the cloaker attaches to it. While the cloaker is attached, the target has the {@condition Blinded|XPHB} condition, and the cloaker can't make Attach attacks against other targets. In addition, the cloaker halves the damage it takes (round down), and the target takes the same amount of damage."", ""The cloaker can detach itself by spending 5 feet of movement. The target or a creature within 5 feet of it can take an action to try to detach the cloaker, doing so by succeeding on a {@dc 14} Strength ({@skill Athletics|XPHB}) check.""]}, {""name"": ""Tail"", ""entries"": [""{@atkr m} {@hit 6}, reach 10 ft. {@h}8 ({@damage 1d10 + 3}) Slashing damage.""]}]","[{""name"": ""Moan"", ""entries"": [""{@actSave wis} {@dc 13}, each creature in a 60-foot {@variantrule Emanation [Area of Effect]|XPHB|Emanation} originating from the cloaker. {@actSaveFail} The target has the {@condition Frightened|XPHB} condition until the end of the cloaker's next turn. {@actSaveSuccess} The target is immune to this cloaker's Moan for the next 24 hours.""]}]",,,"[{""name"": ""Phantasms (Recharge after a Short or Long Rest)"", ""type"": ""spellcasting"", ""headerEntries"": [""The cloaker casts the {@spell Mirror Image|XPHB} spell, requiring no spell components and using Wisdom as the spellcasting ability. The spell ends early if the cloaker starts or ends its turn in {@variantrule Bright Light|XPHB}.""], ""will"": [""{@spell Mirror Image|XPHB}""], ""ability"": ""wis"", ""displayAs"": ""bonus"", ""hidden"": [""will""]}]"
Cloud Giant,XMM,"[""H""]",giant,"[""N""]",[14],"{""average"": 200, ""formula"": ""16d12 + 96""}","{""walk"": 40, ""fly"": {""number"": 20, ""condition"": ""(hover)""}, ""canHover"": true}",27,10,22,12,16,16,"{""con"": ""+10"", ""wis"": ""+7""}","{""insight"": ""+7"", ""perception"": ""+11""}",21,"[""Common"", ""Giant""]",9,,"[{""name"": ""Multiattack"", ""entries"": [""The giant makes two attacks, using Thunderous Mace or Thundercloud in any combination. It can replace one attack with a use of Spellcasting to cast {@spell Fog Cloud|XPHB}.""]}, {""name"": ""Thunderous Mace"", ""entries"": [""{@atkr m} {@hit 12}, reach 10 ft. {@h}21 ({@damage 3d8 + 8}) Bludgeoning damage plus 7 ({@damage 2d6}) Thunder damage.""]}, {""name"": ""Thundercloud"", ""entries"": [""{@atkr r} {@hit 12}, range 240 ft. {@h}18 ({@damage 3d6 + 8}) Thunder damage, and the target has the {@condition Incapacitated|XPHB} condition until the end of its next turn.""]}]",,,,"[{""name"": ""Spellcasting"", ""type"": ""spellcasting"", ""headerEntries"": [""The giant casts one of the following spells, requiring no Material components and using Charisma as the spellcasting ability (spell save {@dc 15}):""], ""will"": [""{@spell Detect Magic|XPHB}"", ""{@spell Fog Cloud|XPHB}"", ""{@spell Light|XPHB}""], ""daily"": {""1e"": [""{@spell Control Weather|XPHB}"", ""{@spell Gaseous Form|XPHB}"", ""{@spell Telekinesis|XPHB}""]}, ""ability"": ""cha"", ""displayAs"": ""action""}, {""name"": ""Misty Step"", ""type"": ""spellcasting"", ""headerEntries"": [""The giant casts the {@spell Misty Step|XPHB} spell, using the same spellcasting ability as Spellcasting.""], ""will"": [""{@spell Misty Step|XPHB}""], ""ability"": ""cha"", ""displayAs"": ""bonus"", ""hidden"": [""will""]}]"
Cockatrice,XMM,"[""S""]",monstrosity,"[""U""]",[11],"{""average"": 22, ""formula"": ""5d6 + 5""}","{""walk"": 20, ""fly"": 40}",6,12,12,2,13,5,,,11,,1/2,,"[{""name"": ""Petrifying Bite"", ""entries"": [""{@atkr m} {@hit 3}, reach 5 ft. {@h}3 ({@damage 1d4 + 1}) Piercing damage. If the target is a creature, it is subjected to the following effect. {@actSave con} {@dc 11}. {@actSaveFail 1} The target has the {@condition Restrained|XPHB} condition. The target repeats the save at the end of its next turn if it is still {@condition Restrained|XPHB}, ending the effect on itself on a success. {@actSaveFail 2} The target has the {@condition Petrified|XPHB} condition, instead of the {@condition Restrained|XPHB} condition, for 24 hours.""]}]",,,,
Commoner,XMM,"[""S"", ""M""]",humanoid,"[""N""]",[10],"{""average"": 4, ""formula"": ""1d8""}","{""walk"": 30}",10,10,10,10,10,10,,,10,"[""Common""]",0,"[{""name"": ""Training"", ""entries"": [""The commoner has proficiency in one skill of the DM's choice and has {@variantrule Advantage|XPHB} whenever it makes an ability check using that skill.""]}]","[{""name"": ""Club"", ""entries"": [""{@atkr m} {@hit 2}, reach 5 ft. {@h}2 ({@damage 1d4}) Bludgeoning damage.""]}]",,,,
Constrictor Snake,XMM,"[""L""]",beast,"[""U""]",[13],"{""average"": 13, ""formula"": ""2d10 + 2""}","{""walk"": 30, ""swim"": 30}",15,14,12,1,10,3,,"{""perception"": ""+2"", ""stealth"": ""+4""}",12,,1/4,,"[{""name"": ""Bite"", ""entries"": [""{@atkr m} {@hit 4}, reach 5 ft. {@h}6 ({@damage 1d8 + 2}) Piercing damage.""]}, {""name"": ""Constrict"", ""entries"": [""{@actSave str} {@dc 12}, one Medium or smaller creature the snake can see within 5 feet. {@actSaveFail} 7 ({@damage 3d4}) Bludgeoning damage, and the target has the {@condition Grappled|XPHB} condition (escape {@dc 12}).""]}]",,,,
Copper Dragon Wyrmling,XMM,"[""M""]","{""type"": ""dragon"", ""tags"": [""metallic""]}","[""C"", ""G""]",[16],"{""average"": 22, ""formula"": ""4d8 + 4""}","{""walk"": 30, ""climb"": 30, ""fly"": 60}",15,12,13,14,11,13,"{""dex"": ""+3"", ""wis"": ""+2""}","{""perception"": ""+4"", ""stealth"": ""+3""}",14,"[""Draconic""]",1,,"[{""name"": ""Rend"", ""entries"": [""{@atkr m} {@hit 4}, reach 5 ft. {@h}7 ({@damage 1d10 + 2}) Slashing damage.""]}, {""name"": ""Acid Breath {@recharge 5}"", ""entries"": [""{@actSave dex} {@dc 11}, each creature in a 20-foot-long, 5-foot-wide {@variantrule Line [Area of Effect]|XPHB|Line}. {@actSaveFail} 18 ({@damage 4d8}) Acid damage. {@actSaveSuccess} Half damage.""]}, {""name"": ""Slowing Breath"", ""entries"": [""{@actSave con} {@dc 11}, each creature in a 15-foot {@variantrule Cone [Area of Effect]|XPHB|Cone}. {@actSaveFail} The target can't take Reactions; its {@variantrule Speed|XPHB} is halved; and it can take either an action or a {@variantrule Bonus Action|XPHB} on its turn, not both. This effect lasts until the end of its next turn.""]}]",,,,
Couatl,XMM,"[""M""]",celestial,"[""L"", ""G""]",[19],"{""average"": 60, ""formula"": ""8d8 + 24""}","{""walk"": 30, ""fly"": 90}",16,20,17,18,20,18,"{""con"": ""+5"", ""wis"": ""+7""}",,15,"[""all; telepathy 120 ft.""]",4,"[{""name"": ""Shielded Mind"", ""entries"": [""The couatl's thoughts can't be read by any means, and other creatures can communicate with it telepathically only if it allows them.""]}]","[{""name"": ""Bite"", ""entries"": [""{@atkr m} {@hit 7}, reach 5 ft. {@h}11 ({@damage 1d12 + 5}) Piercing damage, and the target has the {@condition Poisoned|XPHB} condition until the end of the couatl's next turn.""]}, {""name"": ""Constrict"", ""entries"": [""{@actSave str} {@dc 15}, one Medium or smaller creature the couatl can see within 5 feet. {@actSaveFail} 8 ({@damage 1d6 + 5}) Bludgeoning damage. The target has the {@condition Grappled|XPHB} condition (escape {@dc 13}), and it has the {@condition Restrained|XPHB} condition until the grapple ends.""]}]",,,,"[{""name"": ""Spellcasting"", ""type"": ""spellcasting"", ""headerEntries"": [""The couatl casts one of the following spells, requiring no spell components and using Wisdom as the spellcasting ability (spell save {@dc 15}):""], ""will"": [""{@spell Detect Evil and Good|XPHB}"", ""{@spell Detect Magic|XPHB}"", ""{@spell Detect Thoughts|XPHB}"", ""{@spell Shapechange|XPHB} (Beast or Humanoid form only, no {@variantrule Temporary Hit Points|XPHB} gained from the spell, and no Concentration or {@variantrule Temporary Hit Points|XPHB} required to maintain the spell)""], ""daily"": {""1e"": [""{@spell Create Food and Water|XPHB}"", ""{@spell Dream|XPHB}"", ""{@spell Greater Restoration|XPHB}"", ""{@spell Scrying|XPHB}"", ""{@spell Sleep|XPHB}""]}, ""ability"": ""wis"", ""displayAs"": ""action""}, {""name"": ""Divine Aid (2/Day)"", ""type"": ""spellcasting"", ""headerEntries"": [""The couatl casts {@spell Bless|XPHB}, {@spell Lesser Restoration|XPHB}, or {@spell Sanctuary|XPHB}, requiring no spell components and using the same spellcasting ability as Spellcasting.""], ""daily"": {""2"": [""{@spell Bless|XPHB}"", ""{@spell Lesser Restoration|XPHB}"", ""{@spell Sanctuary|XPHB}""]}, ""ability"": ""wis"", ""displayAs"": ""bonus"", ""hidden"": [""daily""]}]"
Crab,XMM,"[""T""]",beast,"[""U""]",[11],"{""average"": 3, ""formula"": ""1d4 + 1""}","{""walk"": 20, ""swim"": 20}",6,11,12,1,8,2,,"{""stealth"": ""+2""}",9,,0,"[{""name"": ""Amphibious"", ""entries"": [""The crab can breathe air and water.""]}]","[{""name"": ""Claw"", ""entries"": [""{@atkr m} {@hit 2}, reach 5 ft. {@h}1 Bludgeoning damage.""]}]",,,,
Crocodile,XMM,"[""L""]",beast,"[""U""]",[12],"{""average"": 13, ""formula"": ""2d10 + 2""}","{""walk"": 20, ""swim"": 30}",15,10,13,2,10,5,"{""con"": ""+3""}","{""stealth"": ""+2""}",10,,1/2,"[{""name"": ""Hold Breath"", ""entries"": [""The crocodile can hold its breath for 1 hour.""]}]","[{""name"": ""Bite"", ""entries"": [""{@atkr m} {@hit 4}, reach 5 ft. {@h}6 ({@damage 1d8 + 2}) Piercing damage. If the target is a Medium or smaller creature, it has the {@condition Grappled|XPHB} condition (escape {@dc 12}). While {@condition Grappled|XPHB}, the target has the {@condition Restrained|XPHB} condition.""]}]",,,,
Cultist,XMM,"[""S"", ""M""]",humanoid,"[""N""]",[12],"{""average"": 9, ""formula"": ""2d8""}","{""walk"": 30}",11,12,10,10,11,10,"{""wis"": ""+2""}","{""deception"": ""+2"", ""religion"": ""+2""}",10,"[""Common""]",1/8,,"[{""name"": ""Ritual Sickle"", ""entries"": [""{@atkr m} {@hit 3}, reach 5 ft. {@h}3 ({@damage 1d4 + 1}) Slashing damage plus 1 Necrotic damage.""]}]",,,,
Cultist Fanatic,XMM,"[""S"", ""M""]",humanoid,"[""N""]",[13],"{""average"": 44, ""formula"": ""8d8 + 8""}","{""walk"": 30}",11,14,12,10,14,13,"{""wis"": ""+4""}","{""deception"": ""+3"", ""persuasion"": ""+3"", ""religion"": ""+2""}",12,"[""Common""]",2,,"[{""name"": ""Pact Blade"", ""entries"": [""{@atkr m} {@hit 4}, reach 5 ft. {@h}6 ({@damage 1d8 + 2}) Slashing damage plus 7 ({@damage 2d6}) Necrotic damage.""]}]",,,,"[{""name"": ""Spellcasting"", ""type"": ""spellcasting"", ""headerEntries"": [""The cultist casts one of the following spells, using Wisdom as the spellcasting ability (spell save {@dc 12}, {@hit 4} to hit with spell attacks):""], ""will"": [""{@spell Light|XPHB}"", ""{@spell Thaumaturgy|XPHB}""], ""daily"": {""1"": [""{@spell Hold Person|XPHB}""], ""2"": [""{@spell Command|XPHB}""]}, ""ability"": ""wis"", ""displayAs"": ""action""}, {""name"": ""Spiritual Weapon (2/Day)"", ""type"": ""spellcasting"", ""headerEntries"": [""The cultist casts the {@spell Spiritual Weapon|XPHB} spell, using the same spellcasting ability as Spellcasting.""], ""daily"": {""2"": [""{@spell Spiritual Weapon|XPHB}""]}, ""ability"": ""wis"", ""displayAs"": ""bonus"", ""hidden"": [""daily""]}]"
Darkmantle,XMM,"[""S""]",aberration,"[""U""]",[11],"{""average"": 22, ""formula"": ""5d6 + 5""}","{""walk"": 10, ""fly"": 30}",16,12,13,2,10,5,,"{""stealth"": ""+3""}",10,,1/2,,"[{""name"": ""Crush"", ""entries"": [""{@atkr m} {@hit 5}, reach 5 ft. {@h}6 ({@damage 1d6 + 3}) Bludgeoning damage, and the darkmantle attaches to the target. If the target is a Medium or smaller creature and the darkmantle had {@variantrule Advantage|XPHB} on the attack roll, it covers the target, which has the {@condition Blinded|XPHB} condition and is suffocating while the darkmantle is attached in this way."", ""While attached to a target, the darkmantle can attack only the target but has {@variantrule Advantage|XPHB} on its attack rolls. Its {@variantrule Speed|XPHB} becomes 0, it can't benefit from any bonus to its {@variantrule Speed|XPHB}, and it moves with the target."", ""A creature can take an action to try to detach the darkmantle from itself, doing so with a successful {@dc 13} Strength ({@skill Athletics|XPHB}) check. On its turn, the darkmantle can detach itself by using 5 feet of movement.""]}, {""name"": ""Darkness Aura (1/Day)"", ""entries"": [""Magical {@variantrule Darkness|XPHB} fills a 15-foot {@variantrule Emanation [Area of Effect]|XPHB|Emanation} originating from the darkmantle. This effect lasts while the darkmantle maintains {@status Concentration|XPHB} on it, up to 10 minutes. Darkvision can't penetrate this area, and no light can illuminate it.""]}]",,,,
Death Dog,XMM,"[""M""]",monstrosity,"[""N"", ""E""]",[12],"{""average"": 39, ""formula"": ""6d8 + 12""}","{""walk"": 40}",15,14,14,3,13,6,,"{""perception"": ""+5"", ""stealth"": ""+4""}",15,,1,,"[{""name"": ""Multiattack"", ""entries"": [""The death dog makes two Bite attacks.""]}, {""name"": ""Bite"", ""entries"": [""{@atkr m} {@hit 4}, reach 5 ft. {@h}4 ({@damage 1d4 + 2}) Piercing damage. If the target is a creature, it is subjected to the following effect. {@actSave con} {@dc 12}. {@actSaveFail 1} The target has the {@condition Poisoned|XPHB} condition. While {@condition Poisoned|XPHB}, the target's {@variantrule Hit Points|XPHB|Hit Point} maximum doesn't return to normal when finishing a {@variantrule Long Rest|XPHB}, and it repeats the save every 24 hours that elapse, ending the effect on itself on a success. Subsequent Failures: The {@condition Poisoned|XPHB} target's {@variantrule Hit Points|XPHB|Hit Point} maximum decreases by 5 ({@dice 1d10}).""]}]",,,,
Deer,XMM,"[""M""]",beast,"[""U""]",[13],"{""average"": 4, ""formula"": ""1d8""}","{""walk"": 50}",11,16,11,2,14,5,,"{""perception"": ""+4""}",14,,0,"[{""name"": ""Agile"", ""entries"": [""The deer doesn't provoke an Opportunity Attack when it moves out of an enemy's reach.""]}]","[{""name"": ""Ram"", ""entries"": [""{@atkr m} {@hit 2}, reach 5 ft. {@h}2 ({@damage 1d4}) Bludgeoning damage.""]}]",,,,
Deva,XMM,"[""M""]","{""type"": ""celestial"", ""tags"": [""angel""]}","[""L"", ""G""]",[17],"{""average"": 229, ""formula"": ""27d8 + 108""}","{""walk"": 30, ""fly"": {""number"": 90, ""condition"": ""(hover)""}, ""canHover"": true}",18,18,18,17,20,20,"{""wis"": ""+9"", ""cha"": ""+9""}","{""insight"": ""+9"", ""perception"": ""+9""}",19,"[""all; telepathy 120 ft.""]",10,"[{""name"": ""Exalted Restoration"", ""entries"": [""If the deva dies outside Mount Celestia, its body disappears, and it gains a new body instantly, reviving with all its {@variantrule Hit Points|XPHB} somewhere in Mount Celestia.""]}, {""name"": ""Magic Resistance"", ""entries"": [""The deva has {@variantrule Advantage|XPHB} on saving throws against spells and other magical effects.""]}]","[{""name"": ""Multiattack"", ""entries"": [""The deva makes two Holy Mace attacks.""]}, {""name"": ""Holy Mace"", ""entries"": [""{@atkr m} {@hit 8}, reach 5 ft. {@h}7 ({@damage 1d6 + 4}) Bludgeoning damage plus 18 ({@damage 4d8}) Radiant damage.""]}]",,,,"[{""name"": ""Spellcasting"", ""type"": ""spellcasting"", ""headerEntries"": [""The deva casts one of the following spells, requiring no Material components and using Charisma as the spellcasting ability (spell save {@dc 17}):""], ""will"": [""{@spell Detect Evil and Good|XPHB}"", ""{@spell Shapechange|XPHB} (Beast or Humanoid form only, no {@variantrule Temporary Hit Points|XPHB} gained from the spell, and no Concentration or {@variantrule Temporary Hit Points|XPHB} required to maintain the spell)""], ""daily"": {""1e"": [""{@spell Commune|XPHB}"", ""{@spell Raise Dead|XPHB}""]}, ""ability"": ""cha"", ""displayAs"": ""action""}, {""name"": ""Divine Aid (2/Day)"", ""type"": ""spellcasting"", ""headerEntries"": [""The deva casts {@spell Cure Wounds|XPHB}, {@spell Lesser Restoration|XPHB}, or {@spell Remove Curse|XPHB}, using the same spellcasting ability as Spellcasting.""], ""daily"": {""2"": [""{@spell Cure Wounds|XPHB}"", ""{@spell Lesser Restoration|XPHB}"", ""{@spell Remove Curse|XPHB}""]}, ""ability"": ""cha"", ""displayAs"": ""bonus"", ""hidden"": [""daily""]}]"
Dire Wolf,XMM,"[""L""]",beast,"[""U""]",[14],"{""average"": 22, ""formula"": ""3d10 + 6""}","{""walk"": 50}",17,15,15,3,12,7,,"{""perception"": ""+5"", ""stealth"": ""+4""}",15,,1,"[{""name"": ""Pack Tactics"", ""entries"": [""The wolf has {@variantrule Advantage|XPHB} on an attack roll against a creature if at least one of the wolf's allies is within 5 feet of the creature and the ally doesn't have the {@condition Incapacitated|XPHB} condition.""]}]","[{""name"": ""Bite"", ""entries"": [""{@atkr m} {@hit 5}, reach 5 ft. {@h}8 ({@damage 1d10 + 3}) Piercing damage. If the target is a Large or smaller creature, it has the {@condition Prone|XPHB} condition.""]}]",,,,
Djinni,XMM,"[""L""]","{""type"": ""elemental"", ""tags"": [""genie""]}","[""C"", ""G""]",[17],"{""average"": 218, ""formula"": ""19d10 + 114""}","{""walk"": 30, ""fly"": {""number"": 90, ""condition"": ""(hover)""}, ""canHover"": true}",21,15,22,15,16,20,"{""dex"": ""+6"", ""wis"": ""+7""}",,13,"[""Primordial (Auran)""]",11,"[{""name"": ""Elemental Restoration"", ""entries"": [""If the djinni dies outside the Elemental Plane of Air, its body dissolves into mist, and it gains a new body in {@dice 1d4} days, reviving with all its {@variantrule Hit Points|XPHB} somewhere on the Plane of Air.""]}, {""name"": ""Magic Resistance"", ""entries"": [""The djinni has {@variantrule Advantage|XPHB} on saving throws against spells and other magical effects.""]}, {""name"": ""Wishes"", ""entries"": [""The djinni has a 30 percent chance of knowing the {@spell Wish|XPHB} spell. If the djinni knows it, the djinni can cast it only on behalf of a non-genie creature who communicates a wish in a way the djinni can understand. If the djinni casts the spell for the creature, the djinni suffers none of the spell's stress. Once the djinni has cast it three times, the djinni can't do so again for 365 days.""]}]","[{""name"": ""Multiattack"", ""entries"": [""The djinni makes three attacks, using Storm Blade or Storm Bolt in any combination.""]}, {""name"": ""Storm Blade"", ""entries"": [""{@atkr m} {@hit 9}, reach 5 feet. {@h}12 ({@damage 2d6 + 5}) Slashing damage plus 7 ({@damage 2d6}) Lightning damage.""]}, {""name"": ""Storm Bolt"", ""entries"": [""{@atkr r} {@hit 9}, range 120 feet. {@h}13 ({@damage 3d8}) Thunder damage. If the target is a Large or smaller creature, it has the {@condition Prone|XPHB} condition.""]}, {""name"": ""Create Whirlwind"", ""entries"": [""The djinni conjures a whirlwind at a point it can see within 120 feet. The whirlwind fills a 20-foot-radius, 60-foot-high {@variantrule Cylinder [Area of Effect]|XPHB|Cylinder} centered on that point. The whirlwind lasts until the djinni's {@status Concentration|XPHB} on it ends. The djinni can move the whirlwind up to 20 feet at the start of each of its turns."", ""Whenever the whirlwind enters a creature's space or a creature enters the whirlwind, that creature is subjected to the following effect. {@actSave str} {@dc 17} (a creature makes this save only once per turn, and the djinni is unaffected). {@actSaveFail} While in the whirlwind, the target has the {@condition Restrained|XPHB} condition and moves with the whirlwind. At the start of each of its turns, the {@condition Restrained|XPHB} target takes 21 ({@damage 6d6}) Thunder damage. At the end of each of its turns, the target repeats the save, ending the effect on itself on a success.""]}]",,,,"[{""name"": ""Spellcasting"", ""type"": ""spellcasting"", ""headerEntries"": [""The djinni casts one of the following spells, requiring no Material components and using Charisma as the spellcasting ability (spell save {@dc 17}):""], ""will"": [""{@spell Detect Evil and Good|XPHB}"", ""{@spell Detect Magic|XPHB}""], ""daily"": {""2e"": [""{@spell Create Food and Water|XPHB} (can create wine instead of water)"", ""{@spell Tongues|XPHB}"", ""{@spell Wind Walk|XPHB}""], ""1e"": [""{@spell Creation|XPHB}"", ""{@spell Gaseous Form|XPHB}"", ""{@spell Invisibility|XPHB}"", ""{@spell Major Image|XPHB}"", ""{@spell Plane Shift|XPHB}""]}, ""ability"": ""cha"", ""displayAs"": ""action""}]"
Doppelganger,XMM,"[""M""]",monstrosity,"[""N""]",[14],"{""average"": 52, ""formula"": ""8d8 + 16""}","{""walk"": 30}",11,18,14,11,12,14,,"{""deception"": ""+6"", ""insight"": ""+3""}",11,"[""Common plus three other languages""]",3,,"[{""name"": ""Multiattack"", ""entries"": [""The doppelganger makes two Slam attacks and uses Unsettling Visage if available.""]}, {""name"": ""Slam"", ""entries"": [""{@atkr m} {@hit 6} (with {@variantrule Advantage|XPHB} during the first round of each combat), reach 5 ft. {@h}11 ({@damage 2d6 + 4}) Bludgeoning damage.""]}, {""name"": ""Unsettling Visage {@recharge}"", ""entries"": [""{@actSave wis} {@dc 12}, each creature in a 15-foot {@variantrule Emanation [Area of Effect]|XPHB|Emanation} originating from the doppelganger that can see the doppelganger. {@actSaveFail} The target has the {@condition Frightened|XPHB} condition and repeats the save at the end of each of its turns, ending the effect on itself on a success. After 1 minute, it succeeds automatically.""]}]","[{""name"": ""Shape-Shift"", ""entries"": [""The doppelganger shape-shifts into a Medium or Small Humanoid, or it returns to its true form. Its game statistics, other than its size, are the same in each form. Any equipment it is wearing or carrying isn't transformed.""]}]",,,"[{""name"": ""Read Thoughts"", ""type"": ""spellcasting"", ""headerEntries"": [""The doppelganger casts {@spell Detect Thoughts|XPHB}, requiring no spell components and using Charisma as the spellcasting ability (spell save {@dc 12}).""], ""will"": [""{@spell Detect Thoughts|XPHB}""], ""ability"": ""cha"", ""displayAs"": ""action"", ""hidden"": [""will""]}]"
Draft Horse,XMM,"[""L""]",beast,"[""U""]",[10],"{""average"": 15, ""formula"": ""2d10 + 4""}","{""walk"": 40}",18,10,15,2,11,7,,,10,,1/4,,"[{""name"": ""Hooves"", ""entries"": [""{@atkr m} {@hit 6}, reach 5 ft. {@h}6 ({@damage 1d4 + 4}) Bludgeoning damage.""]}]",,,,
Dragon Turtle,XMM,"[""G""]",dragon,"[""N""]",[20],"{""average"": 356, ""formula"": ""23d20 + 115""}","{""walk"": 20, ""swim"": 50}",25,10,20,10,12,12,"{""con"": ""+11"", ""wis"": ""+7""}",,11,"[""Draconic"", ""Primordial (Aquan)""]",17,"[{""name"": ""Amphibious"", ""entries"": [""The dragon can breathe air and water.""]}]","[{""name"": ""Multiattack"", ""entries"": [""The dragon makes three Bite attacks. It can replace one attack with a Tail attack.""]}, {""name"": ""Bite"", ""entries"": [""{@atkr m} {@hit 13}, reach 15 ft. {@h}23 ({@damage 3d10 + 7}) Piercing damage plus 7 ({@damage 2d6}) Fire damage. Being underwater doesn't grant {@variantrule Resistance|XPHB} to this Fire damage.""]}, {""name"": ""Tail"", ""entries"": [""{@atkr m} {@hit 13}, reach 15 ft. {@h}18 ({@damage 2d10 + 7}) Bludgeoning damage. If the target is a Huge or smaller creature, it has the {@condition Prone|XPHB} condition.""]}, {""name"": ""Steam Breath {@recharge 5}"", ""entries"": [""{@actSave con} {@dc 19}, each creature in a 60-foot {@variantrule Cone [Area of Effect]|XPHB|Cone}. {@actSaveFail} 56 ({@damage 16d6}) Fire damage. {@actSaveSuccess} Half damage. {@actSaveSuccessOrFail} Being underwater doesn't grant {@variantrule Resistance|XPHB} to this Fire damage.""]}]",,,,
Dretch,XMM,"[""S""]","{""type"": ""fiend"", ""tags"": [""demon""]}","[""C"", ""E""]",[11],"{""average"": 18, ""formula"": ""4d6 + 4""}","{""walk"": 20}",12,11,12,5,8,3,,,9,"[""Abyssal; telepathy 60 ft. (works only with creatures that understand Abyssal)""]",1/4,,"[{""name"": ""Rend"", ""entries"": [""{@atkr m} {@hit 3}, reach 5 ft. {@h}4 ({@damage 1d6 + 1}) Slashing damage.""]}, {""name"": ""Fetid Cloud (1/Day)"", ""entries"": [""{@actSave con} {@dc 11}, each creature in a 10-foot {@variantrule Emanation [Area of Effect]|XPHB|Emanation} originating from the dretch. {@actSaveFail} The target has the {@condition Poisoned|XPHB} condition until the end of its next turn. While {@condition Poisoned|XPHB}, the creature can take either an action or a {@variantrule Bonus Action|XPHB} on its turn, not both, and it can't take Reactions.""]}]",,,,
Drider,XMM,"[""L""]",monstrosity,"[""C"", ""E""]",[19],"{""average"": 123, ""formula"": ""13d10 + 52""}","{""walk"": 30, ""climb"": 30}",16,19,18,13,16,12,,"{""perception"": ""+6"", ""stealth"": ""+10""}",16,"[""Elvish"", ""Undercommon""]",6,"[{""name"": ""Spider Climb"", ""entries"": [""The drider can climb difficult surfaces, including along ceilings, without needing to make an ability check.""]}, {""name"": ""Sunlight Sensitivity"", ""entries"": [""While in sunlight, the drider has {@variantrule Disadvantage|XPHB} on ability checks and attack rolls.""]}, {""name"": ""Web Walker"", ""entries"": [""The drider ignores movement restrictions caused by webs, and the drider knows the location of any other creature in contact with the same web.""]}]","[{""name"": ""Multiattack"", ""entries"": [""The drider makes three attacks, using Foreleg or Poison Burst in any combination.""]}, {""name"": ""Foreleg"", ""entries"": [""{@atkr m} {@hit 7}, reach 10 ft. {@h}13 ({@damage 2d8 + 4}) Piercing damage.""]}, {""name"": ""Poison Burst"", ""entries"": [""{@atkr r} {@hit 6}, range 120 ft. {@h}13 ({@damage 3d6 + 3}) Poison damage.""]}]",,,,"[{""name"": ""Magic of the Spider Queen {@recharge 5}"", ""type"": ""spellcasting"", ""headerEntries"": [""The drider casts {@spell Darkness|XPHB}, {@spell Faerie Fire|XPHB}, or {@spell Web|XPHB}, requiring no Material components and using Wisdom as the spellcasting ability (spell save {@dc 14}).""], ""recharge"": {""5"": [""{@spell Darkness|XPHB}"", ""{@spell Faerie Fire|XPHB}"", ""{@spell Web|XPHB}""]}, ""ability"": ""wis"", ""displayAs"": ""bonus"", ""hidden"": [""recharge""]}]"
Druid,XMM,"[""S"", ""M""]",humanoid,"[""N""]",[13],"{""average"": 44, ""formula"": ""8d8 + 8""}","{""walk"": 30}",10,12,13,12,16,11,,"{""medicine"": ""+5"", ""nature"": ""+3"", ""perception"": ""+5""}",15,"[""Common"", ""Druidic"", ""Sylvan""]",2,,"[{""name"": ""Multiattack"", ""entries"": [""The druid makes two attacks, using Vine Staff or Verdant Wisp in any combination.""]}, {""name"": ""Vine Staff"", ""entries"": [""{@atkr m} {@hit 5}, reach 5 ft. {@h}7 ({@damage 1d8 + 3}) Bludgeoning damage plus 2 ({@damage 1d4}) Poison damage.""]}, {""name"": ""Verdant Wisp"", ""entries"": [""{@atkr r} {@hit 5}, range 90 ft. {@h}10 ({@damage 3d6}) Radiant damage.""]}]",,,,"[{""name"": ""Spellcasting"", ""type"": ""spellcasting"", ""headerEntries"": [""The druid casts one of the following spells, using Wisdom as the spellcasting ability (spell save {@dc 13}):""], ""will"": [""{@spell Druidcraft|XPHB}"", ""{@spell Speak with Animals|XPHB}""], ""daily"": {""2e"": [""{@spell Entangle|XPHB}"", ""{@spell Thunderwave|XPHB}""], ""1e"": [""{@spell Animal Messenger|XPHB}"", ""{@spell Longstrider|XPHB}"", ""{@spell Moonbeam|XPHB}""]}, ""ability"": ""wis"", ""displayAs"": ""action""}]"
Dryad,XMM,"[""M""]",fey,"[""N""]",[16],"{""average"": 22, ""formula"": ""5d8""}","{""walk"": 30}",10,12,11,14,15,18,,"{""perception"": ""+4"", ""stealth"": ""+5""}",14,"[""Elvish"", ""Sylvan""]",1,"[{""name"": ""Magic Resistance"", ""entries"": [""The dryad has {@variantrule Advantage|XPHB} on saving throws against spells and other magical effects.""]}, {""name"": ""Speak with Beasts and Plants"", ""entries"": [""The dryad can communicate with Beasts and Plants as if they shared a language.""]}]","[{""name"": ""Multiattack"", ""entries"": [""The dryad makes one Vine Lash or Thorn Burst attack, and it can use Spellcasting to cast {@spell Charm Monster|XPHB}.""]}, {""name"": ""Vine Lash"", ""entries"": [""{@atkr m} {@hit 6}, reach 10 ft. {@h}8 ({@damage 1d8 + 4}) Slashing damage.""]}, {""name"": ""Thorn Burst"", ""entries"": [""{@atkr r} {@hit 6}, range 60 ft. {@h}7 ({@damage 1d6 + 4}) Piercing damage.""]}]","[{""name"": ""Tree Stride"", ""entries"": [""If within 5 feet of a Large or bigger tree, the dryad teleports to an unoccupied space within 5 feet of a second Large or bigger tree that is within 60 feet of the previous tree.""]}]",,,"[{""name"": ""Spellcasting"", ""type"": ""spellcasting"", ""headerEntries"": [""The dryad casts one of the following spells, requiring no Material components and using Charisma as the spellcasting ability (spell save {@dc 14}):""], ""will"": [""{@spell Animal Friendship|XPHB}"", ""{@spell Charm Monster|XPHB} (lasts 24 hours; ends early if the dryad casts the spell again)"", ""{@spell Druidcraft|XPHB}""], ""daily"": {""1e"": [""{@spell Entangle|XPHB}"", ""{@spell Pass without Trace|XPHB}""]}, ""ability"": ""cha"", ""displayAs"": ""action""}]"
Dust Mephit,XMM,"[""S""]",elemental,"[""N"", ""E""]",[12],"{""average"": 17, ""formula"": ""5d6""}","{""walk"": 30, ""fly"": 30}",5,14,10,9,11,10,,"{""perception"": ""+2"", ""stealth"": ""+4""}",12,"[""Primordial (Auran, Terran)""]",1/2,"[{""name"": ""Death Burst"", ""entries"": [""The mephit explodes when it dies. {@actSave dex} {@dc 10}, each creature in a 5-foot {@variantrule Emanation [Area of Effect]|XPHB|Emanation} originating from the mephit. {@actSaveFail} 5 ({@damage 2d4}) Bludgeoning damage. {@actSaveSuccess} Half damage.""]}]","[{""name"": ""Claw"", ""entries"": [""{@atkr m} {@hit 4}, reach 5 ft. {@h}4 ({@damage 1d4 + 2}) Slashing damage.""]}, {""name"": ""Blinding Breath {@recharge}"", ""entries"": [""{@actSave dex} {@dc 10}, each creature in a 15-foot {@variantrule Cone [Area of Effect]|XPHB|Cone}. {@actSaveFail} The target has the {@condition Blinded|XPHB} condition until the end of the mephit's next turn.""]}]",,,,"[{""name"": ""Sleep (1/Day)"", ""type"": ""spellcasting"", ""headerEntries"": [""The mephit casts the {@spell Sleep|XPHB} spell, requiring no spell components and using Charisma as the spellcasting ability (spell save {@dc 10}).""], ""daily"": {""1"": [""{@spell Sleep|XPHB}""]}, ""ability"": ""cha"", ""displayAs"": ""action"", ""hidden"": [""daily""]}]"
Eagle,XMM,"[""S""]",beast,"[""U""]",[12],"{""average"": 4, ""formula"": ""1d6 + 1""}","{""walk"": 10, ""fly"": 60}",6,15,12,2,14,7,,"{""perception"": ""+6""}",16,,0,,"[{""name"": ""Talons"", ""entries"": [""{@atkr m} {@hit 4}, reach 5 feet. {@h}4 ({@damage 1d4 + 2}) Slashing damage.""]}]",,,,
Earth Elemental,XMM,"[""L""]",elemental,"[""N""]",[17],"{""average"": 147, ""formula"": ""14d10 + 70""}","{""walk"": 30, ""burrow"": 30}",20,8,20,5,10,5,,,10,"[""Primordial (Terran)""]",5,"[{""name"": ""Earth Glide"", ""entries"": [""The elemental can burrow through nonmagical, unworked earth and stone. While doing so, the elemental doesn't disturb the material it moves through.""]}, {""name"": ""Siege Monster"", ""entries"": [""The elemental deals double damage to objects and structures.""]}]","[{""name"": ""Multiattack"", ""entries"": [""The elemental makes two attacks, using Slam or Rock Launch in any combination.""]}, {""name"": ""Slam"", ""entries"": [""{@atkr m} {@hit 8}, reach 10 ft. {@h}14 ({@damage 2d8 + 5}) Bludgeoning damage.""]}, {""name"": ""Rock Launch"", ""entries"": [""{@atkr r} {@hit 8}, range 60 ft. {@h}8 ({@damage 1d6 + 5}) Bludgeoning damage. If the target is a Large or smaller creature, it has the {@condition Prone|XPHB} condition.""]}]",,,,
Efreeti,XMM,"[""L""]","{""type"": ""elemental"", ""tags"": [""genie""]}","[""N""]",[17],"{""average"": 212, ""formula"": ""17d10 + 119""}","{""walk"": 40, ""fly"": {""number"": 60, ""condition"": ""(hover)""}, ""canHover"": true}",22,12,24,16,15,19,"{""wis"": ""+6"", ""cha"": ""+8""}",,12,"[""Primordial (Ignan)""]",11,"[{""name"": ""Elemental Restoration"", ""entries"": [""If the efreeti dies outside the Elemental Plane of Fire, its body dissolves into ash, and it gains a new body in {@dice 1d4} days, reviving with all its {@variantrule Hit Points|XPHB} somewhere on the Plane of Fire.""]}, {""name"": ""Magic Resistance"", ""entries"": [""The efreeti has {@variantrule Advantage|XPHB} on saving throws against spells and other magical effects.""]}, {""name"": ""Wishes"", ""entries"": [""The efreeti has a 30 percent chance of knowing the {@spell Wish|XPHB} spell. If the efreeti knows it, the efreeti can cast it only on behalf of a non-genie creature who communicates a wish in a way the efreeti can understand. If the efreeti casts the spell for the creature, the efreeti suffers none of the spell's stress. Once the efreeti has cast it three times, the efreeti can't do so again for 365 days.""]}]","[{""name"": ""Multiattack"", ""entries"": [""The efreeti makes three attacks, using Heated Blade or Hurl Flame in any combination.""]}, {""name"": ""Heated Blade"", ""entries"": [""{@atkr m} {@hit 10}, reach 5 ft. {@h}13 ({@damage 2d6 + 6}) Slashing damage plus 13 ({@damage 2d12}) Fire damage.""]}, {""name"": ""Hurl Flame"", ""entries"": [""{@atkr r} {@hit 8}, range 120 ft. {@h}24 ({@damage 7d6}) Fire damage.""]}]",,,,"[{""name"": ""Spellcasting"", ""type"": ""spellcasting"", ""headerEntries"": [""The efreeti casts one of the following spells, requiring no Material components and using Charisma as the spellcasting ability (spell save {@dc 16}):""], ""will"": [""{@spell Detect Magic|XPHB}"", ""{@spell Elementalism|XPHB}""], ""daily"": {""1e"": [""{@spell Gaseous Form|XPHB}"", ""{@spell Invisibility|XPHB}"", ""{@spell Major Image|XPHB}"", ""{@spell Plane Shift|XPHB}"", ""{@spell Tongues|XPHB}"", ""{@spell Wall of Fire|XPHB} (level 7 version)""]}, ""ability"": ""cha"", ""displayAs"": ""action""}]"
Elephant,XMM,"[""H""]",beast,"[""U""]",[12],"{""average"": 76, ""formula"": ""8d12 + 24""}","{""walk"": 40}",22,9,17,3,11,6,,,10,,4,,"[{""name"": ""Multiattack"", ""entries"": [""The elephant makes two Gore attacks.""]}, {""name"": ""Gore"", ""entries"": [""{@atkr m} {@hit 8}, reach 5 ft. {@h}15 ({@damage 2d8 + 6}) Piercing damage. If the target is a Huge or smaller creature and the elephant moved 20+ feet straight toward it immediately before the hit, the target has the {@condition Prone|XPHB} condition.""]}]","[{""name"": ""Trample"", ""entries"": [""{@actSave dex} {@dc 16}, one creature within 5 feet that has the {@condition Prone|XPHB} condition. {@actSaveFail} 17 ({@damage 2d10 + 6}) Bludgeoning damage. {@actSaveSuccess} Half damage.""]}]",,,
Elk,XMM,"[""L""]",beast,"[""U""]",[10],"{""average"": 11, ""formula"": ""2d10""}","{""walk"": 50}",16,10,11,2,10,6,,"{""perception"": ""+2""}",12,,1/4,,"[{""name"": ""Ram"", ""entries"": [""{@atkr m} {@hit 5}, reach 5 ft. {@h}6 ({@damage 1d6 + 3}) Bludgeoning damage. If the target is a Large or smaller creature and the elk moved 20+ feet straight toward it immediately before the hit, the target takes an extra 3 ({@damage 1d6}) Bludgeoning damage and has the {@condition Prone|XPHB} condition.""]}]",,,,
Erinyes,XMM,"[""M""]","{""type"": ""fiend"", ""tags"": [""devil""]}","[""L"", ""E""]",[18],"{""average"": 178, ""formula"": ""21d8 + 84""}","{""walk"": 30, ""fly"": 60}",18,16,18,14,14,18,"{""dex"": ""+7"", ""con"": ""+8"", ""cha"": ""+8""}","{""perception"": ""+6"", ""persuasion"": ""+8""}",16,"[""Infernal; telepathy 120 ft.""]",12,"[{""name"": ""Diabolical Restoration"", ""entries"": [""If the erinyes dies outside the Nine Hells, its body disappears in sulfurous smoke, and it gains a new body instantly, reviving with all its {@variantrule Hit Points|XPHB} somewhere in the Nine Hells.""]}, {""name"": ""Magic Resistance"", ""entries"": [""The erinyes has {@variantrule Advantage|XPHB} on saving throws against spells and other magical effects.""]}, {""name"": ""Magic Rope"", ""entries"": [""The erinyes has a magic rope. While bearing it, the erinyes can use the Entangling Rope action. The rope has AC 20, HP 90, and {@variantrule Immunity|XPHB} to Poison and Psychic damage. The rope turns to dust if reduced to 0 {@variantrule Hit Points|XPHB}, if it is 5+ feet away from the erinyes for 1 hour or more, or if the erinyes dies. If the rope is damaged or destroyed, the erinyes can fully restore it when finishing a {@variantrule Short Rest|XPHB|Short} or {@variantrule Long Rest|XPHB}.""]}]","[{""name"": ""Multiattack"", ""entries"": [""The erinyes makes three Withering Sword attacks and can use Entangling Rope.""]}, {""name"": ""Withering Sword"", ""entries"": [""{@atkr m} {@hit 8}, reach 5 ft. {@h}13 ({@damage 2d8 + 4}) Slashing damage plus 11 ({@damage 2d10}) Necrotic damage.""]}, {""name"": ""Entangling Rope (Requires Magic Rope)"", ""entries"": [""{@actSave str} {@dc 16}, one creature the erinyes can see within 120 feet. {@actSaveFail} 14 ({@damage 4d6}) Force damage, and the target has the {@condition Restrained|XPHB} condition until the rope is destroyed, the erinyes uses a {@variantrule Bonus Action|XPHB} to release the target, or the erinyes uses Entangling Rope again.""]}]",,"[{""name"": ""Parry"", ""entries"": [""{@actTrigger} The erinyes is hit by a melee attack roll while holding a weapon. {@actResponse} The erinyes adds 4 to its AC against that attack, possibly causing it to miss.""]}]",,
Ettercap,XMM,"[""M""]",monstrosity,"[""N"", ""E""]",[13],"{""average"": 44, ""formula"": ""8d8 + 8""}","{""walk"": 30, ""climb"": 30}",14,15,13,7,12,8,,"{""perception"": ""+3"", ""stealth"": ""+4"", ""survival"": ""+3""}",13,,2,"[{""name"": ""Spider Climb"", ""entries"": [""The ettercap can climb difficult surfaces, including along ceilings, without needing to make an ability check.""]}, {""name"": ""Web Walker"", ""entries"": [""The ettercap ignores movement restrictions caused by webs, and the ettercap knows the location of any other creature in contact with the same web.""]}]","[{""name"": ""Multiattack"", ""entries"": [""The ettercap makes one Bite attack and one Claw attack.""]}, {""name"": ""Bite"", ""entries"": [""{@atkr m} {@hit 4}, reach 5 ft. {@h}5 ({@damage 1d6 + 2}) Piercing damage plus 2 ({@damage 1d4}) Poison damage, and the target has the {@condition Poisoned|XPHB} condition until the start of the ettercap's next turn.""]}, {""name"": ""Claw"", ""entries"": [""{@atkr m} {@hit 4}, reach 5 ft. {@h}7 ({@damage 2d4 + 2}) Slashing damage.""]}, {""name"": ""Web Strand {@recharge 5}"", ""entries"": [""{@actSave dex} {@dc 12}, one Large or smaller creature the ettercap can see within 30 feet. {@actSaveFail} The target has the {@condition Restrained|XPHB} condition until the web is destroyed (AC 10; HP 5; {@variantrule Vulnerability|XPHB} to Fire damage; {@variantrule Immunity|XPHB} to Bludgeoning, Poison, and Psychic damage).""]}]","[{""name"": ""Reel"", ""entries"": [""The ettercap pulls one creature within 30 feet of itself that is {@condition Restrained|XPHB} by its Web Strand up to 25 feet straight toward itself.""]}]",,,
Ettin,XMM,"[""L""]",giant,"[""C"", ""E""]",[12],"{""average"": 85, ""formula"": ""10d10 + 30""}","{""walk"": 40}",21,8,17,6,10,8,,"{""perception"": ""+4""}",14,"[""Giant""]",4,,"[{""name"": ""Multiattack"", ""entries"": [""The ettin makes one Battleaxe attack and one Morningstar attack.""]}, {""name"": ""Battleaxe"", ""entries"": [""{@atkr m} {@hit 7}, reach 5 ft. {@h}14 ({@damage 2d8 + 5}) Slashing damage. If the target is a Large or smaller creature, it has the {@condition Prone|XPHB} condition.""]}, {""name"": ""Morningstar"", ""entries"": [""{@atkr m} {@hit 7}, reach 5 ft. {@h}14 ({@damage 2d8 + 5}) Piercing damage, and the target has {@variantrule Disadvantage|XPHB} on the next attack roll it makes before the end of its next turn.""]}]",,,,
Fire Elemental,XMM,"[""L""]",elemental,"[""N""]",[13],"{""average"": 93, ""formula"": ""11d10 + 33""}","{""walk"": 50}",10,17,16,6,10,7,,,10,"[""Primordial (Ignan)""]",5,"[{""name"": ""Fire Aura"", ""entries"": [""At the end of each of the elemental's turns, each creature in a 10-foot {@variantrule Emanation [Area of Effect]|XPHB|Emanation} originating from the elemental takes 5 ({@damage 1d10}) Fire damage. Creatures and flammable objects in the {@variantrule Emanation [Area of Effect]|XPHB|Emanation} start {@hazard burning|XPHB}.""]}, {""name"": ""Fire Form"", ""entries"": [""The elemental can move through a space as narrow as 1 inch without expending extra movement to do so, and it can enter a creature's space and stop there. The first time it enters a creature's space on a turn, that creature takes 5 ({@damage 1d10}) Fire damage.""]}, {""name"": ""Illumination"", ""entries"": [""The elemental sheds {@variantrule Bright Light|XPHB} in a 30-foot radius and {@variantrule Dim Light|XPHB} for an additional 30 feet.""]}, {""name"": ""Water Susceptibility"", ""entries"": [""The elemental takes 3 ({@damage 1d6}) Cold damage for every 5 feet the elemental moves in water or for every gallon of water splashed on it.""]}]","[{""name"": ""Multiattack"", ""entries"": [""The elemental makes two Burn attacks.""]}, {""name"": ""Burn"", ""entries"": [""{@atkr m} {@hit 6}, reach 5 ft. {@h}10 ({@damage 2d6 + 3}) Fire damage. If the target is a creature or a flammable object, it starts {@hazard burning|XPHB}.""]}]",,,,
Fire Giant,XMM,"[""H""]",giant,"[""L"", ""E""]",[18],"{""average"": 162, ""formula"": ""13d12 + 78""}","{""walk"": 30}",25,9,23,10,14,13,"{""dex"": ""+3"", ""con"": ""+10"", ""cha"": ""+5""}","{""athletics"": ""+11"", ""perception"": ""+6""}",16,"[""Giant""]",9,,"[{""name"": ""Multiattack"", ""entries"": [""The giant makes two attacks, using Flame Sword or Hammer Throw in any combination.""]}, {""name"": ""Flame Sword"", ""entries"": [""{@atkr m} {@hit 11}, reach 10 ft. {@h}21 ({@damage 4d6 + 7}) Slashing damage plus 10 ({@damage 3d6}) Fire damage.""]}, {""name"": ""Hammer Throw"", ""entries"": [""{@atkr r} {@hit 11}, range 60/240 ft. {@h}23 ({@damage 3d10 + 7}) Bludgeoning damage plus 4 ({@damage 1d8}) Fire damage, and the target is pushed up to 15 feet straight away from the giant and has {@variantrule Disadvantage|XPHB} on the next attack roll it makes before the end of its next turn.""]}]",,,,
Flesh Golem,XMM,"[""M""]",construct,"[""N""]",[9],"{""average"": 127, ""formula"": ""15d8 + 60""}","{""walk"": 30}",19,9,18,6,10,5,,,10,"[""understands Common plus one other language but can't speak""]",5,"[{""name"": ""Aversion to Fire"", ""entries"": [""If the golem takes Fire damage, it has {@variantrule Disadvantage|XPHB} on attack rolls and ability checks until the end of its next turn.""]}, {""name"": ""Berserk"", ""entries"": [""Whenever the golem starts its turn {@status Bloodied|XPHB}, roll {@dice 1d6}. On a 6, the golem goes berserk. On each of its turns while berserk, the golem attacks the nearest creature it can see. If no creature is near enough to move to and attack, the golem attacks an object. Once the golem goes berserk, it remains so until it is destroyed or it is no longer {@status Bloodied|XPHB}."", ""The golem's creator, if within 60 feet of the berserk golem, can try to calm it by taking an action to make a {@dc 15} Charisma ({@skill Persuasion|XPHB}) check; the golem must be able to hear its creator. If this check succeeds, the golem ceases being berserk until the start of its next turn, at which point it resumes rolling for the Berserk trait again if it is still {@status Bloodied|XPHB}.""]}, {""name"": ""Immutable Form"", ""entries"": [""The golem can't shape-shift.""]}, {""name"": ""Lightning Absorption"", ""entries"": [""Whenever the golem is subjected to Lightning damage, it regains a number of {@variantrule Hit Points|XPHB} equal to the Lightning damage dealt.""]}, {""name"": ""Magic Resistance"", ""entries"": [""The golem has {@variantrule Advantage|XPHB} on saving throws against spells and other magical effects.""]}]","[{""name"": ""Multiattack"", ""entries"": [""The golem makes two Slam attacks.""]}, {""name"": ""Slam"", ""entries"": [""{@atkr m} {@hit 7}, reach 5 ft. {@h}13 ({@damage 2d8 + 4}) Bludgeoning damage plus 4 ({@damage 1d8}) Lightning damage.""]}]",,,,
Flying Snake,XMM,"[""T""]",monstrosity,"[""U""]",[14],"{""average"": 5, ""formula"": ""2d4""}","{""walk"": 30, ""fly"": 60, ""swim"": 30}",4,15,11,2,12,5,,,11,,1/8,"[{""name"": ""Flyby"", ""entries"": [""The snake doesn't provoke an Opportunity Attack when it flies out of an enemy's reach.""]}]","[{""name"": ""Bite"", ""entries"": [""{@atkr m} {@hit 4}, reach 5 ft. {@h}1 Piercing damage plus 5 ({@damage 2d4}) Poison damage.""]}]",,,,
Frog,XMM,"[""T""]",beast,"[""U""]",[11],"{""average"": 1, ""formula"": ""1d4 - 1""}","{""walk"": 20, ""swim"": 20}",1,13,8,1,8,3,,"{""perception"": ""+1"", ""stealth"": ""+3""}",11,,0,"[{""name"": ""Amphibious"", ""entries"": [""The frog can breathe air and water.""]}, {""name"": ""Standing Leap"", ""entries"": [""The frog's {@variantrule Long Jump|XPHB} is up to 10 feet and its {@variantrule High Jump|XPHB} is up to 5 feet with or without a running start.""]}]","[{""name"": ""Bite"", ""entries"": [""{@atkr m} {@hit 3}, reach 5 ft. {@h}1 Piercing damage.""]}]",,,,
Frost Giant,XMM,"[""H""]",giant,"[""N"", ""E""]",[15],"{""average"": 149, ""formula"": ""13d12 + 65""}","{""walk"": 40}",23,9,21,9,10,12,"{""con"": ""+8"", ""wis"": ""+3"", ""cha"": ""+4""}","{""athletics"": ""+9"", ""perception"": ""+3""}",13,"[""Giant""]",8,,"[{""name"": ""Multiattack"", ""entries"": [""The giant makes two attacks, using Frost Axe or Great Bow in any combination.""]}, {""name"": ""Frost Axe"", ""entries"": [""{@atkr m} {@hit 9}, reach 10 ft. {@h}19 ({@damage 2d12 + 6}) Slashing damage plus 9 ({@damage 2d8}) Cold damage.""]}, {""name"": ""Great Bow"", ""entries"": [""{@atkr r} {@hit 9}, range 150/600 ft. {@h}17 ({@damage 2d10 + 6}) Piercing damage plus 7 ({@damage 2d6}) Cold damage, and the target's {@variantrule Speed|XPHB} decreases by 10 feet until the end of its next turn.""]}]","[{""name"": ""War Cry {@recharge 5}"", ""entries"": [""The giant or one creature of its choice that can see or hear it gains 16 ({@dice 2d10 + 5}) {@variantrule Temporary Hit Points|XPHB} and has {@variantrule Advantage|XPHB} on attack rolls until the start of the giant's next turn.""]}]",,,
Gargoyle,XMM,"[""M""]",elemental,"[""C"", ""E""]",[15],"{""average"": 67, ""formula"": ""9d8 + 27""}","{""walk"": 30, ""fly"": 60}",15,11,16,6,11,7,,"{""stealth"": ""+4""}",10,"[""Primordial (Terran)""]",2,"[{""name"": ""Flyby"", ""entries"": [""The gargoyle doesn't provoke an Opportunity Attack when it flies out of an enemy's reach.""]}]","[{""name"": ""Multiattack"", ""entries"": [""The gargoyle makes two Claw attacks.""]}, {""name"": ""Claw"", ""entries"": [""{@atkr m} {@hit 4}, reach 5 ft. {@h}7 ({@damage 2d4 + 2}) Slashing damage.""]}]",,,,
Gelatinous Cube,XMM,"[""L""]",ooze,"[""U""]",[6],"{""average"": 63, ""formula"": ""6d10 + 30""}","{""walk"": 15}",14,3,20,1,6,1,,,8,,2,"[{""name"": ""Ooze Cube"", ""entries"": [""The cube fills its entire space and is transparent. Other creatures can enter that space, but a creature that does so is subjected to the cube's Engulf and has {@variantrule Disadvantage|XPHB} on the saving throw."", ""Creatures inside the cube have {@variantrule Cover|XPHB|Total Cover}, and the cube can hold one Large creature or up to four Medium or Small creatures inside itself at a time."", ""As an action, a creature within 5 feet of the cube can pull a creature or an object out of the cube by succeeding on a {@dc 12} Strength ({@skill Athletics|XPHB}) check, and the puller takes 10 ({@damage 3d6}) Acid damage.""]}, {""name"": ""Transparent"", ""entries"": [""Even when the cube is in plain sight, a creature must succeed on a {@dc 15} Wisdom ({@skill Perception|XPHB}) check to notice the cube if the creature hasn't witnessed the cube move or otherwise act.""]}]","[{""name"": ""Pseudopod"", ""entries"": [""{@atkr m} {@hit 4}, reach 5 ft. {@h}12 ({@damage 3d6 + 2}) Acid damage.""]}, {""name"": ""Engulf"", ""entries"": [""The cube moves up to its {@variantrule Speed|XPHB} without provoking {@action Opportunity Attack|XPHB|Opportunity Attacks}. The cube can move through the spaces of Large or smaller creatures if it has room inside itself to contain them (see the Ooze {@variantrule Cube [Area of Effect]|XPHB|Cube} trait). {@actSave dex} {@dc 12}, each creature whose space the cube enters for the first time during this move. {@actSaveFail} 10 ({@damage 3d6}) Acid damage, and the target is engulfed. An engulfed target is suffocating, can't cast spells with a Verbal component, has the {@condition Restrained|XPHB} condition, and takes 10 ({@damage 3d6}) Acid damage at the start of each of the cube's turns. When the cube moves, the engulfed target moves with it. An engulfed target can try to escape by taking an action to make a {@dc 12} Strength ({@skill Athletics|XPHB}) check. On a successful check, the target escapes and enters the nearest unoccupied space. {@actSaveSuccess} Half damage, and the target moves to an unoccupied space within 5 feet of the cube. If there is no unoccupied space, the target fails the save instead.""]}]",,,,
Ghast,XMM,"[""M""]",undead,"[""C"", ""E""]",[13],"{""average"": 36, ""formula"": ""8d8""}","{""walk"": 30}",16,17,10,11,10,8,"{""wis"": ""+2""}",,10,"[""Common""]",2,"[{""name"": ""Stench"", ""entries"": [""{@actSave con} {@dc 10}, any creature that starts its turn in a 5-foot {@variantrule Emanation [Area of Effect]|XPHB|Emanation} originating from the ghast. {@actSaveFail} The target has the {@condition Poisoned|XPHB} condition until the start of its next turn. {@actSaveSuccess} The target is immune to this ghast's Stench for 24 hours.""]}]","[{""name"": ""Bite"", ""entries"": [""{@atkr m} {@hit 5}, reach 5 ft. {@h}7 ({@damage 1d8 + 3}) Piercing damage plus 9 ({@damage 2d8}) Necrotic damage.""]}, {""name"": ""Claw"", ""entries"": [""{@atkr m} {@hit 5}, reach 5 ft. {@h}10 ({@damage 2d6 + 3}) Slashing damage. If the target is a non-Undead creature, it is subjected to the following effect. {@actSave con} {@dc 10}. {@actSaveFail} The target has the {@condition Paralyzed|XPHB} condition until the end of its next turn.""]}]",,,,
Ghost,XMM,"[""M""]",undead,"[""N""]",[11],"{""average"": 45, ""formula"": ""10d8""}","{""walk"": 5, ""fly"": {""number"": 40, ""condition"": ""(hover)""}, ""canHover"": true}",7,13,10,10,12,17,,,11,"[""Common plus one other language""]",4,"[{""name"": ""Ethereal Sight"", ""entries"": [""The ghost can see 60 feet into the Ethereal Plane when it is on the Material Plane.""]}, {""name"": ""Incorporeal Movement"", ""entries"": [""The ghost can move through other creatures and objects as if they were {@variantrule Difficult Terrain|XPHB}. It takes 5 ({@damage 1d10}) Force damage if it ends its turn inside an object.""]}]","[{""name"": ""Multiattack"", ""entries"": [""The ghost makes two Withering Touch attacks.""]}, {""name"": ""Withering Touch"", ""entries"": [""{@atkr m} {@hit 5}, reach 5 ft. {@h}19 ({@damage 3d10 + 3}) Necrotic damage.""]}, {""name"": ""Horrific Visage"", ""entries"": [""{@actSave wis} {@dc 13}, each creature in a 60-foot {@variantrule Cone [Area of Effect]|XPHB|Cone} that can see the ghost and isn't an Undead. {@actSaveFail} 10 ({@damage 2d6 + 3}) Psychic damage, and the target has the {@condition Frightened|XPHB} condition until the start of the ghost's next turn. {@actSaveSuccess} The target is immune to this ghost's Horrific Visage for 24 hours.""]}, {""name"": ""Possession {@recharge}"", ""entries"": [""{@actSave cha} {@dc 13}, one Humanoid the ghost can see within 5 feet. {@actSaveFail} The target is possessed by the ghost; the ghost disappears, and the target has the {@condition Incapacitated|XPHB} condition and loses control of its body. The ghost now controls the body, but the target retains awareness. The ghost can't be targeted by any attack, spell, or other effect, except ones that specifically target Undead. The ghost's game statistics are the same, except it uses the possessed target's {@variantrule Speed|XPHB}, as well as the target's Strength, Dexterity, and Constitution modifiers."", ""The possession lasts until the body drops to 0 {@variantrule Hit Points|XPHB} or the ghost leaves as a {@variantrule Bonus Action|XPHB}. When the possession ends, the ghost appears in an unoccupied space within 5 feet of the target, and the target is immune to this ghost's {@variantrule Possession|XPHB} for 24 hours. {@actSaveSuccess} The target is immune to this ghost's {@variantrule Possession|XPHB} for 24 hours.""]}]",,,,"[{""name"": ""Etherealness"", ""type"": ""spellcasting"", ""headerEntries"": [""The ghost casts the {@spell Etherealness|XPHB} spell, requiring no spell components and using Charisma as the spellcasting ability. The ghost is visible on the Material Plane while on the Border Ethereal and vice versa, but it can't affect or be affected by anything on the other plane.""], ""will"": [""{@spell Etherealness|XPHB}""], ""ability"": ""cha"", ""displayAs"": ""action"", ""hidden"": [""will""]}]"
Ghoul,XMM,"[""M""]",undead,"[""C"", ""E""]",[12],"{""average"": 22, ""formula"": ""5d8""}","{""walk"": 30}",13,15,10,7,10,6,,,10,"[""Common""]",1,,"[{""name"": ""Multiattack"", ""entries"": [""The ghoul makes two Bite attacks.""]}, {""name"": ""Bite"", ""entries"": [""{@atkr m} {@hit 4}, reach 5 ft. {@h}5 ({@damage 1d6 + 2}) Piercing damage plus 3 ({@damage 1d6}) Necrotic damage.""]}, {""name"": ""Claw"", ""entries"": [""{@atkr m} {@hit 4}, reach 5 ft. {@h}4 ({@damage 1d4 + 2}) Slashing damage. If the target is a creature that isn't an Undead or elf, it is subjected to the following effect. {@actSave con} {@dc 10}. {@actSaveFail} The target has the {@condition Paralyzed|XPHB} condition until the end of its next turn.""]}]",,,,
Giant Ape,XMM,"[""H""]",beast,"[""U""]",[12],"{""average"": 168, ""formula"": ""16d12 + 64""}","{""walk"": 40, ""climb"": 40}",23,14,18,5,12,7,,"{""athletics"": ""+9"", ""perception"": ""+4"", ""survival"": ""+4""}",14,,7,,"[{""name"": ""Multiattack"", ""entries"": [""The ape makes two Fist attacks.""]}, {""name"": ""Fist"", ""entries"": [""{@atkr m} {@hit 9}, reach 10 ft. {@h}22 ({@damage 3d10 + 6}) Bludgeoning damage.""]}, {""name"": ""Boulder Toss {@recharge}"", ""entries"": [""The ape hurls a boulder at a point it can see within 90 feet. {@actSave dex} {@dc 17}, each creature in a 5-foot-radius {@variantrule Sphere [Area of Effect]|XPHB|Sphere} centered on that point. {@actSaveFail} 24 ({@damage 7d6}) Bludgeoning damage. If the target is a Large or smaller creature, it has the {@condition Prone|XPHB} condition. {@actSaveSuccess} Half damage only.""]}]","[{""name"": ""Leap"", ""entries"": [""The ape jumps up to 30 feet by spending 10 feet of movement.""]}]",,,
Giant Badger,XMM,"[""M""]",beast,"[""U""]",[13],"{""average"": 15, ""formula"": ""2d8 + 6""}","{""walk"": 30, ""burrow"": 10}",13,10,17,2,12,5,,"{""perception"": ""+3""}",13,,1/4,,"[{""name"": ""Bite"", ""entries"": [""{@atkr m} {@hit 3}, reach 5 ft. {@h}6 ({@damage 2d4 + 1}) Piercing damage.""]}]",,,,
Giant Bat,XMM,"[""L""]",beast,"[""U""]",[13],"{""average"": 22, ""formula"": ""4d10""}","{""walk"": 10, ""fly"": 60}",15,16,11,2,12,6,,,11,,1/4,,"[{""name"": ""Bite"", ""entries"": [""{@atkr m} {@hit 5}, reach 5 ft. {@h}6 ({@damage 1d6 + 3}) Piercing damage.""]}]",,,,
Giant Boar,XMM,"[""L""]",beast,"[""U""]",[13],"{""average"": 42, ""formula"": ""5d10 + 15""}","{""walk"": 40}",17,10,16,2,7,5,"{""str"": ""+5""}",,8,,2,"[{""name"": ""Bloodied Fury"", ""entries"": [""The boar has {@variantrule Advantage|XPHB} on melee attack rolls while it is {@status Bloodied|XPHB}.""]}]","[{""name"": ""Gore"", ""entries"": [""{@atkr m} {@hit 5}, reach 5 ft. {@h}10 ({@damage 2d6 + 3}) Piercing damage. If the target is a Large or smaller creature and the boar moved 20+ feet straight toward it immediately before the hit, the target takes an extra 7 ({@damage 2d6}) Piercing damage and has the {@condition Prone|XPHB} condition.""]}]",,,,
Giant Centipede,XMM,"[""S""]",beast,"[""U""]",[14],"{""average"": 9, ""formula"": ""2d6 + 2""}","{""walk"": 30, ""climb"": 30}",5,14,12,1,7,3,,,8,,1/4,,"[{""name"": ""Bite"", ""entries"": [""{@atkr m} {@hit 4}, reach 5 ft. {@h}4 ({@damage 1d4 + 2}) Piercing damage, and the target has the {@condition Poisoned|XPHB} condition until the start of the centipede's next turn.""]}]",,,,
Giant Constrictor Snake,XMM,"[""H""]",beast,"[""U""]",[12],"{""average"": 60, ""formula"": ""8d12 + 8""}","{""walk"": 30, ""swim"": 30}",19,14,12,1,10,3,,"{""perception"": ""+2""}",12,,2,,"[{""name"": ""Multiattack"", ""entries"": [""The snake makes one Bite attack and uses Constrict.""]}, {""name"": ""Bite"", ""entries"": [""{@atkr m} {@hit 6}, reach 10 ft. {@h}11 ({@damage 2d6 + 4}) Piercing damage.""]}, {""name"": ""Constrict"", ""entries"": [""{@actSave str} {@dc 14}, one Large or smaller creature the snake can see within 10 feet. {@actSaveFail} 13 ({@damage 2d8 + 4}) Bludgeoning damage, and the target has the {@condition Grappled|XPHB} condition (escape {@dc 14}).""]}]",,,,
Giant Crab,XMM,"[""M""]",beast,"[""U""]",[15],"{""average"": 13, ""formula"": ""3d8""}","{""walk"": 30, ""swim"": 30}",13,13,11,1,9,3,,"{""stealth"": ""+3""}",9,,1/8,"[{""name"": ""Amphibious"", ""entries"": [""The crab can breathe air and water.""]}]","[{""name"": ""Claw"", ""entries"": [""{@atkr m} {@hit 3}, reach 5 ft. {@h}4 ({@damage 1d6 + 1}) Bludgeoning damage. If the target is a Medium or smaller creature, it has the {@condition Grappled|XPHB} condition (escape {@dc 11}) from one of two claws.""]}]",,,,
Giant Crocodile,XMM,"[""H""]",beast,"[""U""]",[14],"{""average"": 85, ""formula"": ""9d12 + 27""}","{""walk"": 30, ""swim"": 50}",21,9,17,2,10,7,,"{""stealth"": ""+5""}",10,,5,"[{""name"": ""Hold Breath"", ""entries"": [""The crocodile can hold its breath for 1 hour.""]}]","[{""name"": ""Multiattack"", ""entries"": [""The crocodile makes one Bite attack and one Tail attack.""]}, {""name"": ""Bite"", ""entries"": [""{@atkr m} {@hit 8}, reach 5 ft. {@h}21 ({@damage 3d10 + 5}) Piercing damage. If the target is a Large or smaller creature, it has the {@condition Grappled|XPHB} condition (escape {@dc 15}). While {@condition Grappled|XPHB}, the target has the {@condition Restrained|XPHB} condition and can't be targeted by the crocodile's Tail.""]}, {""name"": ""Tail"", ""entries"": [""{@atkr m} {@hit 8}, reach 10 ft. {@h}18 ({@damage 3d8 + 5}) Bludgeoning damage. If the target is a Large or smaller creature, it has the {@condition Prone|XPHB} condition.""]}]",,,,
Giant Eagle,XMM,"[""L""]",celestial,"[""N"", ""G""]",[13],"{""average"": 26, ""formula"": ""4d10 + 4""}","{""walk"": 10, ""fly"": 80}",16,17,13,8,14,10,,"{""perception"": ""+6""}",16,"[""Celestial; understands Common and Primordial (Auran) but can't speak them""]",1,,"[{""name"": ""Multiattack"", ""entries"": [""The eagle makes two Rend attacks.""]}, {""name"": ""Rend"", ""entries"": [""{@atkr m} {@hit 5}, reach 5 ft. {@h}5 ({@damage 1d4 + 3}) Slashing damage plus 3 ({@damage 1d6}) Radiant damage.""]}]",,,,
Giant Elk,XMM,"[""H""]",celestial,"[""N"", ""G""]",[14],"{""average"": 42, ""formula"": ""5d12 + 10""}","{""walk"": 60}",19,18,14,7,14,10,"{""str"": ""+6"", ""dex"": ""+6""}","{""perception"": ""+4""}",14,"[""Celestial; understands Common"", ""Elvish"", ""and Sylvan but can't speak them""]",2,,"[{""name"": ""Ram"", ""entries"": [""{@atkr m} {@hit 6}, reach 10 ft. {@h}11 ({@damage 2d6 + 4}) Bludgeoning damage plus 5 ({@damage 2d4}) Radiant damage. If the target is a Huge or smaller creature and the elk moved 20+ feet straight toward it immediately before the hit, the target takes an extra 5 ({@damage 2d4}) Bludgeoning damage and has the {@condition Prone|XPHB} condition.""]}]",,,,
Giant Fire Beetle,XMM,"[""S""]",beast,"[""U""]",[13],"{""average"": 4, ""formula"": ""1d6 + 1""}","{""walk"": 30, ""climb"": 30}",8,10,12,1,7,3,,,8,,0,"[{""name"": ""Illumination"", ""entries"": [""The beetle sheds {@variantrule Bright Light|XPHB} in a 10-foot radius and {@variantrule Dim Light|XPHB} for an additional 10 feet.""]}]","[{""name"": ""Bite"", ""entries"": [""{@atkr m} {@hit 1}, reach 5 ft. {@h}1 Fire damage.""]}]",,,,
Giant Frog,XMM,"[""M""]",beast,"[""U""]",[11],"{""average"": 18, ""formula"": ""4d8""}","{""walk"": 30, ""swim"": 30}",12,13,11,2,10,3,,"{""perception"": ""+2"", ""stealth"": ""+4""}",12,,1/4,"[{""name"": ""Amphibious"", ""entries"": [""The frog can breathe air and water.""]}, {""name"": ""Standing Leap"", ""entries"": [""The frog's {@variantrule Long Jump|XPHB} is up to 20 feet and its {@variantrule High Jump|XPHB} is up to 10 feet with or without a running start.""]}]","[{""name"": ""Bite"", ""entries"": [""{@atkr m} {@hit 3}, reach 5 ft. {@h}5 ({@damage 1d6 + 2}) Piercing damage. If the target is a Medium or smaller creature, it has the {@condition Grappled|XPHB} condition (escape {@dc 11}).""]}, {""name"": ""Swallow"", ""entries"": [""The frog swallows a Small or smaller target it is grappling. While swallowed, the target isn't {@condition Grappled|XPHB} but has the {@condition Blinded|XPHB} and {@condition Restrained|XPHB} conditions, and it has {@variantrule Cover|XPHB|Total Cover} against attacks and other effects outside the frog. While swallowing the target, the frog can't use Bite, and if the frog dies, the swallowed target is no longer {@condition Restrained|XPHB} and can escape from the corpse using 5 feet of movement, exiting with the {@condition Prone|XPHB} condition."", ""At the end of the frog's next turn, the swallowed target takes 5 ({@damage 2d4}) Acid damage. If that damage doesn't kill it, the frog disgorges it, causing it to exit {@condition Prone|XPHB}.""]}]",,,,
Giant Goat,XMM,"[""L""]",beast,"[""U""]",[11],"{""average"": 19, ""formula"": ""3d10 + 3""}","{""walk"": 40, ""climb"": 30}",17,13,12,3,12,6,"{""str"": ""+5""}","{""perception"": ""+3""}",13,,1/2,,"[{""name"": ""Ram"", ""entries"": [""{@atkr m} {@hit 5}, reach 5 ft. {@h}6 ({@damage 1d6 + 3}) Bludgeoning damage. If the target is a Large or smaller creature and the goat moved 20+ feet straight toward it immediately before the hit, the target takes an extra 5 ({@damage 2d4}) Bludgeoning damage and has the {@condition Prone|XPHB} condition.""]}]",,,,
Giant Hyena,XMM,"[""L""]",beast,"[""U""]",[12],"{""average"": 45, ""formula"": ""6d10 + 12""}","{""walk"": 50}",16,14,14,2,12,7,,"{""perception"": ""+3""}",13,,1,,"[{""name"": ""Bite"", ""entries"": [""{@atkr m} {@hit 5}, reach 5 ft. {@h}10 ({@damage 2d6 + 3}) Piercing damage.""]}]","[{""name"": ""Rampage (1/Day)"", ""entries"": [""Immediately after dealing damage to a creature that was already {@status Bloodied|XPHB}, the hyena can move up to half its {@variantrule Speed|XPHB}, and it makes one Bite attack.""]}]",,,
Giant Lizard,XMM,"[""L""]",beast,"[""U""]",[12],"{""average"": 19, ""formula"": ""3d10 + 3""}","{""walk"": 40, ""climb"": 40}",15,12,13,2,10,5,"{""dex"": ""+3""}",,10,,1/4,"[{""name"": ""Spider Climb"", ""entries"": [""The lizard can climb difficult surfaces, including along ceilings, without needing to make an ability check.""]}]","[{""name"": ""Bite"", ""entries"": [""{@atkr m} {@hit 4}, reach 5 ft. {@h}6 ({@damage 1d8 + 2}) Piercing damage.""]}]",,,,
Giant Octopus,XMM,"[""L""]",beast,"[""U""]",[11],"{""average"": 45, ""formula"": ""7d10 + 7""}","{""walk"": 10, ""swim"": 60}",17,13,13,5,10,4,,"{""perception"": ""+4"", ""stealth"": ""+5""}",14,,1,"[{""name"": ""Water Breathing"", ""entries"": [""The octopus can breathe only underwater. It can hold its breath for 1 hour outside water.""]}]","[{""name"": ""Tentacles"", ""entries"": [""{@atkr m} {@hit 5}, reach 10 ft. {@h}10 ({@damage 2d6 + 3}) Bludgeoning damage. If the target is a Medium or smaller creature, it has the {@condition Grappled|XPHB} condition (escape {@dc 13}) from all eight tentacles. While {@condition Grappled|XPHB}, the target has the {@condition Restrained|XPHB} condition.""]}]",,"[{""name"": ""Ink Cloud (1/Day)"", ""entries"": [""{@actTrigger} The octopus takes damage while underwater. {@actResponse} The octopus releases ink that fills a 10-foot {@variantrule Cube [Area of Effect]|XPHB|Cube} centered on itself, and the octopus moves up to its {@variantrule Swim Speed|XPHB}. The {@variantrule Cube [Area of Effect]|XPHB|Cube} is {@variantrule Heavily Obscured|XPHB} for 1 minute or until a strong current or similar effect disperses the ink.""]}]",,
Giant Owl,XMM,"[""L""]",celestial,"[""N""]",[12],"{""average"": 19, ""formula"": ""3d10 + 3""}","{""walk"": 5, ""fly"": 60}",13,15,12,10,14,10,"{""wis"": ""+4""}","{""perception"": ""+6"", ""stealth"": ""+6""}",16,"[""Celestial; understands Common"", ""Elvish"", ""and Sylvan but can't speak them""]",1/4,"[{""name"": ""Flyby"", ""entries"": [""The owl doesn't provoke an Opportunity Attack when it flies out of an enemy's reach.""]}]","[{""name"": ""Talons"", ""entries"": [""{@atkr m} {@hit 4}, reach 5 ft. {@h}7 ({@damage 1d10 + 2}) Slashing damage.""]}]",,,,"[{""name"": ""Spellcasting"", ""type"": ""spellcasting"", ""headerEntries"": [""The owl casts one of the following spells, requiring no spell components and using Wisdom as the spellcasting ability:""], ""will"": [""{@spell Detect Evil and Good|XPHB}"", ""{@spell Detect Magic|XPHB}""], ""daily"": {""1"": [""{@spell Clairvoyance|XPHB}""]}, ""ability"": ""wis"", ""displayAs"": ""action""}]"
Giant Rat,XMM,"[""S""]",beast,"[""U""]",[13],"{""average"": 7, ""formula"": ""2d6""}","{""walk"": 30, ""climb"": 30}",7,16,11,2,10,4,"{""dex"": ""+5""}","{""perception"": ""+2""}",12,,1/8,"[{""name"": ""Pack Tactics"", ""entries"": [""The rat has {@variantrule Advantage|XPHB} on an attack roll against a creature if at least one of the rat's allies is within 5 feet of the creature and the ally doesn't have the {@condition Incapacitated|XPHB} condition.""]}]","[{""name"": ""Bite"", ""entries"": [""{@atkr m} {@hit 5}, reach 5 feet. {@h}5 ({@damage 1d4 + 3}) Piercing damage.""]}]",,,,
Giant Scorpion,XMM,"[""L""]",beast,"[""U""]",[15],"{""average"": 52, ""formula"": ""7d10 + 14""}","{""walk"": 40}",16,13,15,1,9,3,,,9,,3,,"[{""name"": ""Multiattack"", ""entries"": [""The scorpion makes two Claw attacks and one Sting attack.""]}, {""name"": ""Claw"", ""entries"": [""{@atkr m} {@hit 5}, reach 5 ft. {@h}6 ({@damage 1d6 + 3}) Bludgeoning damage. If the target is a Large or smaller creature, it has the {@condition Grappled|XPHB} condition (escape {@dc 13}) from one of two claws.""]}, {""name"": ""Sting"", ""entries"": [""{@atkr m} {@hit 5}, reach 5 ft. {@h}7 ({@damage 1d8 + 3}) Piercing damage plus 11 ({@damage 2d10}) Poison damage.""]}]",,,,
Giant Seahorse,XMM,"[""L""]",beast,"[""U""]",[14],"{""average"": 16, ""formula"": ""3d10""}","{""walk"": 5, ""swim"": 40}",15,12,11,2,12,5,,,11,,1/2,"[{""name"": ""Water Breathing"", ""entries"": [""The seahorse can breathe only underwater.""]}]","[{""name"": ""Ram"", ""entries"": [""{@atkr m} {@hit 4}, reach 5 ft. {@h}9 ({@damage 2d6 + 2}) Bludgeoning damage, or 11 ({@damage 2d8 + 2}) Bludgeoning damage if the seahorse moved 20+ feet straight toward the target immediately before the hit.""]}]","[{""name"": ""Bubble Dash"", ""entries"": [""While underwater, the seahorse moves up to half its {@variantrule Swim Speed|XPHB} without provoking {@action Opportunity Attack|XPHB|Opportunity Attacks}.""]}]",,,
Giant Shark,XMM,"[""H""]",beast,"[""U""]",[13],"{""average"": 92, ""formula"": ""8d12 + 40""}","{""walk"": 5, ""swim"": 60}",23,11,21,1,10,5,,"{""perception"": ""+3""}",13,,5,"[{""name"": ""Water Breathing"", ""entries"": [""The shark can breathe only underwater.""]}]","[{""name"": ""Multiattack"", ""entries"": [""The shark makes two Bite attacks.""]}, {""name"": ""Bite"", ""entries"": [""{@atkr m} {@hit 9} (with {@variantrule Advantage|XPHB} if the target doesn't have all its {@variantrule Hit Points|XPHB}), reach 5 ft. {@h}22 ({@damage 3d10 + 6}) Piercing damage.""]}]",,,,
Giant Spider,XMM,"[""L""]",beast,"[""U""]",[14],"{""average"": 26, ""formula"": ""4d10 + 4""}","{""walk"": 30, ""climb"": 30}",14,16,12,2,11,4,,"{""perception"": ""+4"", ""stealth"": ""+7""}",14,,1,"[{""name"": ""Spider Climb"", ""entries"": [""The spider can climb difficult surfaces, including along ceilings, without needing to make an ability check.""]}, {""name"": ""Web Walker"", ""entries"": [""The spider ignores movement restrictions caused by webs, and it knows the location of any other creature in contact with the same web.""]}]","[{""name"": ""Bite"", ""entries"": [""{@atkr m} {@hit 5}, reach 5 ft. {@h}7 ({@damage 1d8 + 3}) Piercing damage plus 7 ({@damage 2d6}) Poison damage.""]}, {""name"": ""Web {@recharge 5}"", ""entries"": [""{@actSave dex} {@dc 13}, one creature the spider can see within 60 feet. {@actSaveFail} The target has the {@condition Restrained|XPHB} condition until the web is destroyed (AC 10; HP 5; {@variantrule Vulnerability|XPHB} to Fire damage; {@variantrule Immunity|XPHB} to Poison and Psychic damage).""]}]",,,,
Giant Toad,XMM,"[""L""]",beast,"[""U""]",[11],"{""average"": 39, ""formula"": ""6d10 + 6""}","{""walk"": 30, ""swim"": 30}",15,13,13,2,10,3,,,10,,1,"[{""name"": ""Amphibious"", ""entries"": [""The toad can breathe air and water.""]}, {""name"": ""Standing Leap"", ""entries"": [""The toad's {@variantrule Long Jump|XPHB} is up to 20 feet and its {@variantrule High Jump|XPHB} is up to 10 feet with or without a running start.""]}]","[{""name"": ""Bite"", ""entries"": [""{@atkr m} {@hit 4}, reach 5 ft. {@h}5 ({@damage 1d6 + 2}) Piercing damage plus 5 ({@damage 2d4}) Poison damage. If the target is a Medium or smaller creature, it has the {@condition Grappled|XPHB} condition (escape {@dc 12}).""]}, {""name"": ""Swallow"", ""entries"": [""The toad swallows a Medium or smaller target it is grappling. While swallowed, the target isn't {@condition Grappled|XPHB} but has the {@condition Blinded|XPHB} and {@condition Restrained|XPHB} conditions, and it has {@variantrule Cover|XPHB|Total Cover} against attacks and other effects outside the toad. In addition, the target takes 10 ({@damage 3d6}) Acid damage at the end of each of the toad's turns. The toad can have only one target swallowed at a time, and it can't use Bite while it has a swallowed target. If the toad dies, a swallowed creature is no longer {@condition Restrained|XPHB} and can escape from the corpse using 5 feet of movement, exiting with the {@condition Prone|XPHB} condition.""]}]",,,,
Giant Venomous Snake,XMM,"[""M""]",beast,"[""U""]",[14],"{""average"": 11, ""formula"": ""2d8 + 2""}","{""walk"": 40, ""swim"": 40}",10,18,13,2,10,3,,"{""perception"": ""+2""}",12,,1/4,,"[{""name"": ""Bite"", ""entries"": [""{@atkr m} {@hit 6}, reach 10 ft. {@h}6 ({@damage 1d4 + 4}) Piercing damage plus 4 ({@damage 1d8}) Poison damage.""]}]",,,,
Giant Vulture,XMM,"[""L""]",monstrosity,"[""N"", ""E""]",[10],"{""average"": 25, ""formula"": ""3d10 + 9""}","{""walk"": 10, ""fly"": 60}",15,10,16,6,12,7,,"{""perception"": ""+3""}",13,"[""understands Common but can't speak""]",1,"[{""name"": ""Pack Tactics"", ""entries"": [""The vulture has {@variantrule Advantage|XPHB} on an attack roll against a creature if at least one of the vulture's allies is within 5 feet of the creature and the ally doesn't have the {@condition Incapacitated|XPHB} condition.""]}]","[{""name"": ""Gouge"", ""entries"": [""{@atkr m} {@hit 4}, reach 5 ft. {@h}9 ({@damage 2d6 + 2}) Piercing damage, and the target has the {@condition Poisoned|XPHB} condition until the end of its next turn.""]}]",,,,
Giant Wasp,XMM,"[""M""]",beast,"[""U""]",[13],"{""average"": 22, ""formula"": ""5d8""}","{""walk"": 10, ""fly"": 50}",10,14,10,1,10,3,,,10,,1/2,"[{""name"": ""Flyby"", ""entries"": [""The wasp doesn't provoke an Opportunity Attack when it flies out of an enemy's reach.""]}]","[{""name"": ""Sting"", ""entries"": [""{@atkr m} {@hit 4}, reach 5 ft. {@h}5 ({@damage 1d6 + 2}) Piercing damage plus 5 ({@damage 2d4}) Poison damage.""]}]",,,,
Giant Weasel,XMM,"[""M""]",beast,"[""U""]",[13],"{""average"": 9, ""formula"": ""2d8""}","{""walk"": 40, ""climb"": 30}",11,17,10,4,12,5,,"{""acrobatics"": ""+5"", ""perception"": ""+3"", ""stealth"": ""+5""}",13,,1/8,,"[{""name"": ""Bite"", ""entries"": [""{@atkr m} {@hit 5}, reach 5 ft. {@h}5 ({@damage 1d4 + 3}) Piercing damage.""]}]",,,,
Giant Wolf Spider,XMM,"[""M""]",beast,"[""U""]",[13],"{""average"": 11, ""formula"": ""2d8 + 2""}","{""walk"": 40, ""climb"": 40}",12,16,13,3,12,4,,"{""perception"": ""+3"", ""stealth"": ""+7""}",13,,1/4,"[{""name"": ""Spider Climb"", ""entries"": [""The spider can climb difficult surfaces, including along ceilings, without needing to make an ability check.""]}]","[{""name"": ""Bite"", ""entries"": [""{@atkr m} {@hit 5}, reach 5 ft. {@h}5 ({@damage 1d4 + 3}) Piercing damage plus 5 ({@damage 2d4}) Poison damage.""]}]",,,,
Gibbering Mouther,XMM,"[""M""]",aberration,"[""C"", ""N""]",[9],"{""average"": 52, ""formula"": ""7d8 + 21""}","{""walk"": 20, ""swim"": 20}",10,8,16,3,10,6,,,10,,2,"[{""name"": ""Aberrant Ground"", ""entries"": [""The ground in a 10-foot {@variantrule Emanation [Area of Effect]|XPHB|Emanation} originating from the mouther is {@variantrule Difficult Terrain|XPHB}.""]}, {""name"": ""Gibbering"", ""entries"": [""The mouther babbles incoherently while it doesn't have the {@condition Incapacitated|XPHB} condition. {@actSave wis} {@dc 10}, any creature that starts its turn within 20 feet of the mouther while it is babbling. {@actSaveFail} The target rolls {@dice 1d8} to determine what it does during the current turn:"", {""type"": ""list"", ""style"": ""list-hang-notitle"", ""items"": [{""type"": ""item"", ""name"": ""1-4"", ""entry"": ""The target does nothing.""}, {""type"": ""item"", ""name"": ""5-6"", ""entry"": ""The target takes no action or {@variantrule Bonus Action|XPHB} and uses all its movement to move in a random direction.""}, {""type"": ""item"", ""name"": ""7-8"", ""entry"": ""The target makes a melee attack against a randomly determined creature within its reach or does nothing if it can't make such an attack.""}]}]}]","[{""name"": ""Bite"", ""entries"": [""{@atkr m} {@hit 2}, reach 5 ft. {@h}7 ({@damage 2d6}) Piercing damage. If the target is a Medium or smaller creature, it has the {@condition Prone|XPHB} condition. The target dies if it is reduced to 0 {@variantrule Hit Points|XPHB} by this attack. Its body is then absorbed into the mouther, leaving only equipment behind.""]}, {""name"": ""Blinding Spittle {@recharge 5}"", ""entries"": [""{@actSave dex} {@dc 10}, each creature in a 10-foot-radius {@variantrule Sphere [Area of Effect]|XPHB|Sphere} centered on a point within 30 feet. {@actSaveFail} 7 ({@damage 2d6}) Radiant damage, and the target has the {@condition Blinded|XPHB} condition until the end of the mouther's next turn.""]}]",,,,
Glabrezu,XMM,"[""L""]","{""type"": ""fiend"", ""tags"": [""demon""]}","[""C"", ""E""]",[17],"{""average"": 189, ""formula"": ""18d10 + 90""}","{""walk"": 40}",20,15,21,19,17,16,"{""str"": ""+9"", ""con"": ""+9"", ""wis"": ""+7"", ""cha"": ""+7""}","{""deception"": ""+7"", ""perception"": ""+7""}",17,"[""Abyssal; telepathy 120 ft.""]",9,"[{""name"": ""Demonic Restoration"", ""entries"": [""If the glabrezu dies outside the Abyss, its body dissolves into ichor, and it gains a new body instantly, reviving with all its {@variantrule Hit Points|XPHB} somewhere in the Abyss.""]}, {""name"": ""Magic Resistance"", ""entries"": [""The glabrezu has {@variantrule Advantage|XPHB} on saving throws against spells and other magical effects.""]}]","[{""name"": ""Multiattack"", ""entries"": [""The glabrezu makes two Pincer attacks and uses Pummel or Spellcasting.""]}, {""name"": ""Pincer"", ""entries"": [""{@atkr m} {@hit 9}, reach 10 ft. {@h}16 ({@damage 2d10 + 5}) Slashing damage. If the target is a Medium or smaller creature, it has the {@condition Grappled|XPHB} condition (escape {@dc 15}) from one of two pincers.""]}, {""name"": ""Pummel"", ""entries"": [""{@actSave dex} {@dc 17}, one creature {@condition Grappled|XPHB} by the glabrezu. {@actSaveFail} 15 ({@damage 3d6 + 5}) Bludgeoning damage. {@actSaveSuccess} Half damage.""]}]",,,,"[{""name"": ""Spellcasting"", ""type"": ""spellcasting"", ""headerEntries"": [""The glabrezu casts one of the following spells, requiring no Material components and using Intelligence as the spellcasting ability (spell save {@dc 16}):""], ""will"": [""{@spell Darkness|XPHB}"", ""{@spell Detect Magic|XPHB}"", ""{@spell Dispel Magic|XPHB}""], ""daily"": {""1e"": [""{@spell Confusion|XPHB}"", ""{@spell Fly|XPHB}"", ""{@spell Power Word Stun|XPHB}""]}, ""ability"": ""int"", ""displayAs"": ""action""}]"
Gladiator,XMM,"[""S"", ""M""]",humanoid,"[""N""]",[16],"{""average"": 112, ""formula"": ""15d8 + 45""}","{""walk"": 30}",18,15,16,10,12,15,"{""str"": ""+7"", ""dex"": ""+5"", ""con"": ""+6"", ""wis"": ""+4""}","{""athletics"": ""+10"", ""performance"": ""+5""}",11,"[""Common""]",5,,"[{""name"": ""Multiattack"", ""entries"": [""The gladiator makes three Spear attacks. It can replace one attack with a use of Shield Bash.""]}, {""name"": ""Spear"", ""entries"": [""{@atkr m,r} {@hit 7}, reach 5 ft. or range 20/60 ft. {@h}11 ({@damage 2d6 + 4}) Piercing damage.""]}, {""name"": ""Shield Bash"", ""entries"": [""{@actSave str} {@dc 15}, one creature within 5 feet that the gladiator can see. {@actSaveFail} 9 ({@damage 2d4 + 4}) Bludgeoning damage. If the target is a Medium or smaller creature, it has the {@condition Prone|XPHB} condition.""]}]",,"[{""name"": ""Parry"", ""entries"": [""{@actTrigger} The gladiator is hit by a melee attack roll while holding a weapon. {@actResponse} The gladiator adds 3 to its AC against that attack, possibly causing it to miss.""]}]",,
Gnoll Warrior,XMM,"[""M""]",fiend,"[""C"", ""E""]",[15],"{""average"": 27, ""formula"": ""6d8""}","{""walk"": 30}",14,12,11,6,10,7,,,10,"[""Gnoll""]",1/2,,"[{""name"": ""Rend"", ""entries"": [""{@atkr m} {@hit 4}, reach 5 ft. {@h}5 ({@damage 1d6 + 2}) Piercing damage.""]}, {""name"": ""Bone Bow"", ""entries"": [""{@atkr r} {@hit 3}, range 150/600 ft. {@h}6 ({@damage 1d10 + 1}) Piercing damage.""]}]","[{""name"": ""Rampage (1/Day)"", ""entries"": [""Immediately after dealing damage to a creature that is already {@status Bloodied|XPHB}, the gnoll moves up to half its {@variantrule Speed|XPHB}, and it makes one Rend attack.""]}]",,,
Goat,XMM,"[""M""]",beast,"[""U""]",[10],"{""average"": 4, ""formula"": ""1d8""}","{""walk"": 40, ""climb"": 30}",11,10,11,2,10,5,"{""str"": ""+2""}","{""perception"": ""+2""}",12,,0,,"[{""name"": ""Ram"", ""entries"": [""{@atkr m} {@hit 2}, reach 5 ft. {@h}1 Bludgeoning damage, or 2 ({@damage 1d4}) Bludgeoning damage if the goat moved 20+ feet straight toward the target immediately before the hit.""]}]",,,,
Goblin Boss,XMM,"[""S""]","{""type"": ""fey"", ""tags"": [""goblinoid""]}","[""C"", ""N""]",[17],"{""average"": 21, ""formula"": ""6d6""}","{""walk"": 30}",10,15,10,10,8,10,,"{""stealth"": ""+6""}",9,"[""Common"", ""Goblin""]",1,,"[{""name"": ""Multiattack"", ""entries"": [""The goblin makes two attacks, using Scimitar or Shortbow in any combination.""]}, {""name"": ""Scimitar"", ""entries"": [""{@atkr m} {@hit 4}, reach 5 ft. {@h}5 ({@damage 1d6 + 2}) Slashing damage, plus 2 ({@damage 1d4}) Slashing damage if the attack roll had {@variantrule Advantage|XPHB}.""]}, {""name"": ""Shortbow"", ""entries"": [""{@atkr r} {@hit 4}, range 80/320 ft. {@h}5 ({@damage 1d6 + 2}) Piercing damage, plus 2 ({@damage 1d4}) Piercing damage if the attack roll had {@variantrule Advantage|XPHB}.""]}]","[{""name"": ""Nimble Escape"", ""entries"": [""The goblin takes the {@action Disengage|XPHB} or {@action Hide|XPHB} action.""]}]","[{""name"": ""Redirect Attack"", ""entries"": [""{@actTrigger} A creature the goblin can see makes an attack roll against it. {@actResponse} The goblin chooses a Small or Medium ally within 5 feet of itself. The goblin and that ally swap places, and the ally becomes the target of the attack instead.""]}]",,
Goblin Minion,XMM,"[""S""]","{""type"": ""fey"", ""tags"": [""goblinoid""]}","[""C"", ""N""]",[12],"{""average"": 7, ""formula"": ""2d6""}","{""walk"": 30}",8,15,10,10,8,8,,"{""stealth"": ""+6""}",9,"[""Common"", ""Goblin""]",1/8,,"[{""name"": ""Dagger"", ""entries"": [""{@atkr m,r} {@hit 4}, reach 5 ft. or range 20/60 ft. {@h}4 ({@damage 1d4 + 2}) Piercing damage.""]}]","[{""name"": ""Nimble Escape"", ""entries"": [""The goblin takes the {@action Disengage|XPHB} or {@action Hide|XPHB} action.""]}]",,,
Goblin Warrior,XMM,"[""S""]","{""type"": ""fey"", ""tags"": [""goblinoid""]}","[""C"", ""N""]",[15],"{""average"": 10, ""formula"": ""3d6""}","{""walk"": 30}",8,15,10,10,8,8,,"{""stealth"": ""+6""}",9,"[""Common"", ""Goblin""]",1/4,,"[{""name"": ""Scimitar"", ""entries"": [""{@atkr m} {@hit 4}, reach 5 ft. {@h}5 ({@damage 1d6 + 2}) Slashing damage, plus 2 ({@damage 1d4}) Slashing damage if the attack roll had {@variantrule Advantage|XPHB}.""]}, {""name"": ""Shortbow"", ""entries"": [""{@atkr r} {@hit 4}, range 80/320 ft. {@h}5 ({@damage 1d6 + 2}) Piercing damage, plus 2 ({@damage 1d4}) Piercing damage if the attack roll had {@variantrule Advantage|XPHB}.""]}]","[{""name"": ""Nimble Escape"", ""entries"": [""The goblin takes the {@action Disengage|XPHB} or {@action Hide|XPHB} action.""]}]",,,
Gold Dragon Wyrmling,XMM,"[""M""]","{""type"": ""dragon"", ""tags"": [""metallic""]}","[""L"", ""G""]",[17],"{""average"": 60, ""formula"": ""8d8 + 24""}","{""walk"": 30, ""fly"": 60, ""swim"": 30}",19,14,17,14,11,16,"{""dex"": ""+4"", ""wis"": ""+2""}","{""perception"": ""+4"", ""stealth"": ""+4""}",14,"[""Draconic""]",3,"[{""name"": ""Amphibious"", ""entries"": [""The dragon can breathe air and water.""]}]","[{""name"": ""Multiattack"", ""entries"": [""The dragon makes two Rend attacks.""]}, {""name"": ""Rend"", ""entries"": [""{@atkr m} {@hit 6}, reach 5 ft. {@h}9 ({@damage 1d10 + 4}) Slashing damage.""]}, {""name"": ""Fire Breath {@recharge 5}"", ""entries"": [""{@actSave dex} {@dc 13}, each creature in a 15-foot {@variantrule Cone [Area of Effect]|XPHB|Cone}. {@actSaveFail} 22 ({@damage 4d10}) Fire damage. {@actSaveSuccess} Half damage.""]}, {""name"": ""Weakening Breath"", ""entries"": [""{@actSave str} {@dc 13}, each creature that isn't currently affected by this breath in a 15-foot {@variantrule Cone [Area of Effect]|XPHB|Cone}. {@actSaveFail} The target has {@variantrule Disadvantage|XPHB} on Strength-based {@variantrule D20 Test|XPHB|D20 Tests} and subtracts 2 ({@dice 1d4}) from its damage rolls. It repeats the save at the end of each of its turns, ending the effect on itself on a success. After 1 minute, it succeeds automatically.""]}]",,,,
Gorgon,XMM,"[""L""]",construct,"[""U""]",[19],"{""average"": 114, ""formula"": ""12d10 + 48""}","{""walk"": 40}",20,11,18,2,12,7,,"{""perception"": ""+7""}",17,,5,,"[{""name"": ""Gore"", ""entries"": [""{@atkr m} {@hit 8}, reach 5 ft. {@h}18 ({@damage 2d12 + 5}) Piercing damage. If the target is a Large or smaller creature and the gorgon moved 20+ feet straight toward it immediately before the hit, the target has the {@condition Prone|XPHB} condition.""]}, {""name"": ""Petrifying Breath {@recharge 5}"", ""entries"": [""{@actSave con} {@dc 15}, each creature in a 30-foot {@variantrule Cone [Area of Effect]|XPHB|Cone}. {@actSaveFail 1} The target has the {@condition Restrained|XPHB} condition and repeats the save at the end of its next turn if it is still {@condition Restrained|XPHB}, ending the effect on itself on a success. {@actSaveFail 2} The target has the {@condition Petrified|XPHB} condition instead of the {@condition Restrained|XPHB} condition.""]}]","[{""name"": ""Trample"", ""entries"": [""{@actSave dex} {@dc 16}, one creature within 5 feet that has the {@condition Prone|XPHB} condition. {@actSaveFail} 16 ({@damage 2d10 + 5}) Bludgeoning damage. {@actSaveSuccess} Half damage.""]}]",,,
Gray Ooze,XMM,"[""M""]",ooze,"[""U""]",[9],"{""average"": 22, ""formula"": ""3d8 + 9""}","{""walk"": 10, ""climb"": 10}",12,6,16,1,6,2,,"{""stealth"": ""+2""}",8,,1/2,"[{""name"": ""Amorphous"", ""entries"": [""The ooze can move through a space as narrow as 1 inch without expending extra movement to do so.""]}, {""name"": ""Corrosive Form"", ""entries"": [""Nonmagical ammunition is destroyed immediately after hitting the ooze and dealing any damage. Any nonmagical weapon takes a cumulative -1 penalty to attack rolls immediately after dealing damage to the ooze and coming into contact with it. The weapon is destroyed if the penalty reaches -5. The penalty can be removed by casting the {@spell Mending|XPHB} spell on the weapon."", ""The ooze can eat through 2-inch-thick, nonmagical metal or wood in 1 round.""]}]","[{""name"": ""Pseudopod"", ""entries"": [""{@atkr m} {@hit 3}, reach 5 ft. {@h}10 ({@damage 2d8 + 1}) Acid damage. Nonmagical armor worn by the target takes a -1 penalty to the AC it offers. The armor is destroyed if the penalty reduces its AC to 10. The penalty can be removed by casting the {@spell Mending|XPHB} spell on the armor.""]}]",,,,
Green Dragon Wyrmling,XMM,"[""M""]","{""type"": ""dragon"", ""tags"": [""chromatic""]}","[""L"", ""E""]",[17],"{""average"": 38, ""formula"": ""7d8 + 7""}","{""walk"": 30, ""fly"": 60, ""swim"": 30}",15,12,13,14,11,13,"{""dex"": ""+3"", ""wis"": ""+2""}","{""perception"": ""+4"", ""stealth"": ""+3""}",14,"[""Draconic""]",2,"[{""name"": ""Amphibious"", ""entries"": [""The dragon can breathe air and water.""]}]","[{""name"": ""Multiattack"", ""entries"": [""The dragon makes two Rend attacks.""]}, {""name"": ""Rend"", ""entries"": [""{@atkr m} {@hit 4}, reach 5 ft. {@h}7 ({@damage 1d10 + 2}) Slashing damage plus 3 ({@damage 1d6}) Poison damage.""]}, {""name"": ""Poison Breath {@recharge 5}"", ""entries"": [""{@actSave con} {@dc 11}, each creature in a 15-foot {@variantrule Cone [Area of Effect]|XPHB|Cone}. {@actSaveFail} 21 ({@damage 6d6}) Poison damage. {@actSaveSuccess} Half damage.""]}]",,,,
Green Hag,XMM,"[""M""]",fey,"[""N"", ""E""]",[17],"{""average"": 82, ""formula"": ""11d8 + 33""}","{""walk"": 30, ""swim"": 30}",18,12,16,13,14,14,,"{""arcana"": ""+5"", ""deception"": ""+4"", ""perception"": ""+4"", ""stealth"": ""+3""}",14,"[""Common"", ""Elvish"", ""Sylvan""]",3,"[{""name"": ""Amphibious"", ""entries"": [""The hag can breathe air and water.""]}, {""name"": ""Mimicry"", ""entries"": [""The hag can mimic animal sounds and humanoid voices. A creature that hears the sounds can tell they are imitations only with a successful {@dc 14} Wisdom ({@skill Insight|XPHB}) check.""]}]","[{""name"": ""Multiattack"", ""entries"": [""The hag makes two Claw attacks.""]}, {""name"": ""Claw"", ""entries"": [""{@atkr m} {@hit 6}, reach 5 ft. {@h}8 ({@damage 1d8 + 4}) Slashing damage plus 3 ({@damage 1d6}) Poison damage.""]}]",,,,"[{""name"": ""Coven Magic"", ""type"": ""spellcasting"", ""headerEntries"": [""While within 30 feet of at least two hag allies, the hag can cast one of the following spells, requiring no Material components, using the spell's normal casting time, and using Intelligence as the spellcasting ability (spell save {@dc 11}): {@spell Augury|XPHB}, {@spell Find Familiar|XPHB}, {@spell Identify|XPHB}, {@spell Locate Object|XPHB}, {@spell Scrying|XPHB}, or {@spell Unseen Servant|XPHB}. The hag must finish a {@variantrule Long Rest|XPHB} before using this trait to cast that spell again.""], ""restLong"": {""1"": [""{@spell Augury|XPHB}"", ""{@spell Find Familiar|XPHB}"", ""{@spell Identify|XPHB}"", ""{@spell Locate Object|XPHB}"", ""{@spell Scrying|XPHB}"", ""{@spell Unseen Servant|XPHB}""]}, ""ability"": ""int"", ""hidden"": [""restLong""]}, {""name"": ""Spellcasting"", ""type"": ""spellcasting"", ""headerEntries"": [""The hag casts one of the following spells, requiring no Material components and using Wisdom as the spellcasting ability (spell save {@dc 12}, {@hit 4} to hit with spell attacks):""], ""will"": [""{@spell Dancing Lights|XPHB}"", ""{@spell Disguise Self|XPHB} (24-hour duration)"", ""{@spell Invisibility|XPHB} (self only, and the hag leaves no tracks while Invisible)"", ""{@spell Minor Illusion|XPHB}"", ""{@spell Ray of Sickness|XPHB} (level 3 version)""], ""ability"": ""wis"", ""displayAs"": ""action""}]"
Grick,XMM,"[""M""]",aberration,"[""U""]",[14],"{""average"": 54, ""formula"": ""12d8""}","{""walk"": 30, ""climb"": 30}",14,14,11,3,14,5,,"{""stealth"": ""+4""}",12,,2,,"[{""name"": ""Multiattack"", ""entries"": [""The grick makes one Beak attack and one Tentacles attack.""]}, {""name"": ""Beak"", ""entries"": [""{@atkr m} {@hit 4}, reach 5 ft. {@h}9 ({@damage 2d6 + 2}) Piercing damage.""]}, {""name"": ""Tentacles"", ""entries"": [""{@atkr m} {@hit 4}, reach 5 ft. {@h}7 ({@damage 1d10 + 2}) Slashing damage. If the target is a Medium or smaller creature, it has the {@condition Grappled|XPHB} condition (escape {@dc 12}) from all four tentacles.""]}]",,,,
Griffon,XMM,"[""L""]",monstrosity,"[""U""]",[12],"{""average"": 59, ""formula"": ""7d10 + 21""}","{""walk"": 30, ""fly"": 80}",18,15,16,2,13,8,,"{""perception"": ""+5""}",15,,2,,"[{""name"": ""Multiattack"", ""entries"": [""The griffon makes two Rend attacks.""]}, {""name"": ""Rend"", ""entries"": [""{@atkr m} {@hit 6}, reach 5 ft. {@h}8 ({@damage 1d8 + 4}) Piercing damage. If the target is a Medium or smaller creature, it has the {@condition Grappled|XPHB} condition (escape {@dc 14}) from both of the griffon's front claws.""]}]",,,,
Grimlock,XMM,"[""M""]",aberration,"[""N"", ""E""]",[11],"{""average"": 11, ""formula"": ""2d8 + 2""}","{""walk"": 30, ""climb"": 30}",16,12,12,9,8,6,,"{""athletics"": ""+5"", ""perception"": ""+3"", ""stealth"": ""+5""}",13,,1/4,,"[{""name"": ""Bone Cudgel"", ""entries"": [""{@atkr m} {@hit 5}, reach 5 ft. {@h}6 ({@damage 1d6 + 3}) Bludgeoning damage plus 2 ({@damage 1d4}) Psychic damage.""]}]",,,,
Guard,XMM,"[""S"", ""M""]",humanoid,"[""N""]",[16],"{""average"": 11, ""formula"": ""2d8 + 2""}","{""walk"": 30}",13,12,12,10,11,10,,"{""perception"": ""+2""}",12,"[""Common""]",1/8,,"[{""name"": ""Spear"", ""entries"": [""{@atkr m,r} {@hit 3}, reach 5 ft. or range 20/60 ft. {@h}4 ({@damage 1d6 + 1}) Piercing damage.""]}]",,,,
Guard Captain,XMM,"[""S"", ""M""]",humanoid,"[""N""]",[18],"{""average"": 75, ""formula"": ""10d8 + 30""}","{""walk"": 30}",18,14,16,12,14,13,,"{""athletics"": ""+6"", ""perception"": ""+4""}",14,"[""Common""]",4,,"[{""name"": ""Multiattack"", ""entries"": [""The guard makes two attacks, using Javelin or Longsword in any combination.""]}, {""name"": ""Javelin"", ""entries"": [""{@atkr m,r} {@hit 6}, reach 5 ft. or range 30/120 ft. {@h}14 ({@damage 3d6 + 4}) Piercing damage.""]}, {""name"": ""Longsword"", ""entries"": [""{@atkr m} {@hit 6}, reach 5 ft. {@h}15 ({@damage 2d10 + 4}) Slashing damage.""]}]",,,,
Guardian Naga,XMM,"[""L""]",celestial,"[""L"", ""G""]",[18],"{""average"": 136, ""formula"": ""16d10 + 48""}","{""walk"": 40, ""climb"": 40, ""swim"": 40}",19,18,16,16,19,18,"{""dex"": ""+8"", ""con"": ""+7"", ""int"": ""+7"", ""wis"": ""+8"", ""cha"": ""+8""}","{""arcana"": ""+11"", ""history"": ""+11"", ""religion"": ""+11""}",14,"[""Celestial"", ""Common""]",10,"[{""name"": ""Celestial Restoration"", ""entries"": [""If the naga dies, it returns to life in {@dice 1d6} days and regains all its {@variantrule Hit Points|XPHB} unless {@spell Dispel Evil and Good|XPHB} is cast on its remains.""]}]","[{""name"": ""Multiattack"", ""entries"": [""The naga makes two Bite attacks. It can replace any attack with a use of Poisonous Spittle.""]}, {""name"": ""Bite"", ""entries"": [""{@atkr m} {@hit 8}, reach 10 ft. {@h}17 ({@damage 2d12 + 4}) Piercing damage plus 22 ({@damage 4d10}) Poison damage.""]}, {""name"": ""Poisonous Spittle"", ""entries"": [""{@actSave con} {@dc 16}, one creature the naga can see within 60 feet. {@actSaveFail} 31 ({@damage 7d8}) Poison damage, and the target has the {@condition Blinded|XPHB} condition until the start of the naga's next turn. {@actSaveSuccess} Half damage only.""]}]",,,,"[{""name"": ""Spellcasting"", ""type"": ""spellcasting"", ""headerEntries"": [""The naga casts one of the following spells, requiring no Somatic or Material components and using Wisdom as the spellcasting ability (spell save {@dc 16}):""], ""will"": [""{@spell Thaumaturgy|XPHB}""], ""daily"": {""1e"": [""{@spell Clairvoyance|XPHB}"", ""{@spell Cure Wounds|XPHB} (level 6 version)"", ""{@spell Flame Strike|XPHB} (level 6 version)"", ""{@spell Geas|XPHB}"", ""{@spell True Seeing|XPHB}""]}, ""ability"": ""wis"", ""displayAs"": ""action""}]"
Half-Dragon,XMM,"[""M""]",dragon,"[""N""]",[18],"{""average"": 105, ""formula"": ""14d8 + 42""}","{""walk"": 40}",19,14,16,10,15,14,"{""dex"": ""+5"", ""wis"": ""+5""}","{""athletics"": ""+7"", ""perception"": ""+5"", ""stealth"": ""+5""}",15,"[""Common"", ""Draconic""]",5,"[{""name"": ""Draconic Origin"", ""entries"": [""The half-dragon is related to a type of dragon associated with one of the following damage types (DM's choice): Acid, Cold, Fire, Lightning, or Poison. This choice affects other aspects of the stat block.""]}]","[{""name"": ""Multiattack"", ""entries"": [""The half-dragon makes two Claw attacks.""]}, {""name"": ""Claw"", ""entries"": [""{@atkr m} {@hit 7}, reach 10 ft. {@h}6 ({@damage 1d4 + 4}) Slashing damage plus 7 ({@damage 2d6}) damage of the type chosen for the Draconic Origin trait.""]}, {""name"": ""Dragon's Breath {@recharge 5}"", ""entries"": [""{@actSave dex} {@dc 14}, each creature in a 30-foot {@variantrule Cone [Area of Effect]|XPHB|Cone}. {@actSaveFail} 28 ({@damage 8d6}) damage of the type chosen for the Draconic Origin trait. {@actSaveSuccess} Half damage.""]}]","[{""name"": ""Leap"", ""entries"": [""The half-dragon jumps up to 30 feet by spending 10 feet of movement.""]}]",,,
Harpy,XMM,"[""M""]",monstrosity,"[""C"", ""E""]",[11],"{""average"": 38, ""formula"": ""7d8 + 7""}","{""walk"": 20, ""fly"": 40}",12,13,12,7,10,13,,,10,"[""Common""]",1,,"[{""name"": ""Claw"", ""entries"": [""{@atkr m} {@hit 3}, reach 5 ft. {@h}6 ({@damage 2d4 + 1}) Slashing damage.""]}, {""name"": ""Luring Song"", ""entries"": [""The harpy sings a magical melody, which lasts until the harpy's {@status Concentration|XPHB} ends on it. {@actSave wis} {@dc 11}, each Humanoid and Giant in a 300-foot {@variantrule Emanation [Area of Effect]|XPHB|Emanation} originating from the harpy when the song starts. {@actSaveFail} The target has the {@condition Charmed|XPHB} condition until the song ends and repeats the save at the end of each of its turns. While {@condition Charmed|XPHB}, the target has the {@condition Incapacitated|XPHB} condition and ignores the Luring Song of other harpies. If the target is more than 5 feet from the harpy, the target moves on its turn toward the harpy by the most direct route, trying to get within 5 feet of the harpy. It doesn't avoid {@action Opportunity Attack|XPHB|Opportunity Attacks}; however, before moving into damaging terrain (such as lava or a pit) and whenever it takes damage from a source other than the harpy, the target repeats the save. {@actSaveSuccess} The target is immune to this harpy's Luring Song for 24 hours.""]}]",,,,
Hawk,XMM,"[""T""]",beast,"[""U""]",[13],"{""average"": 1, ""formula"": ""1d4 - 1""}","{""walk"": 10, ""fly"": 60}",5,16,8,2,14,6,,"{""perception"": ""+6""}",16,,0,,"[{""name"": ""Talons"", ""entries"": [""{@atkr m} {@hit 5}, reach 5 ft. {@h}1 Slashing damage.""]}]",,,,
Hell Hound,XMM,"[""M""]",fiend,"[""L"", ""E""]",[15],"{""average"": 58, ""formula"": ""9d8 + 18""}","{""walk"": 50}",17,12,14,6,13,6,,"{""perception"": ""+5""}",15,"[""understands Infernal but can't speak""]",3,"[{""name"": ""Pack Tactics"", ""entries"": [""The hound has {@variantrule Advantage|XPHB} on an attack roll against a creature if at least one of the hound's allies is within 5 feet of the creature and the ally doesn't have the {@condition Incapacitated|XPHB} condition.""]}]","[{""name"": ""Multiattack"", ""entries"": [""The hound makes two Bite attacks.""]}, {""name"": ""Bite"", ""entries"": [""{@atkr m} {@hit 5}, reach 5 ft. {@h}7 ({@damage 1d8 + 3}) Piercing damage plus 3 ({@damage 1d6}) Fire damage.""]}, {""name"": ""Fire Breath {@recharge 5}"", ""entries"": [""{@actSave dex} {@dc 12}, each creature in a 15-foot {@variantrule Cone [Area of Effect]|XPHB|Cone}. {@actSaveFail} 17 ({@damage 5d6}) Fire damage. {@actSaveSuccess} Half damage.""]}]",,,,
Hezrou,XMM,"[""L""]","{""type"": ""fiend"", ""tags"": [""demon""]}","[""C"", ""E""]",[18],"{""average"": 157, ""formula"": ""15d10 + 75""}","{""walk"": 30}",19,17,20,5,12,13,"{""str"": ""+7"", ""con"": ""+8"", ""wis"": ""+4""}",,11,"[""Abyssal; telepathy 120 ft.""]",8,"[{""name"": ""Demonic Restoration"", ""entries"": [""If the hezrou dies outside the Abyss, its body dissolves into ichor, and it gains a new body instantly, reviving with all its {@variantrule Hit Points|XPHB} somewhere in the Abyss.""]}, {""name"": ""Magic Resistance"", ""entries"": [""The hezrou has {@variantrule Advantage|XPHB} on saving throws against spells and other magical effects.""]}, {""name"": ""Stench"", ""entries"": [""{@actSave con} {@dc 16}, any creature that starts its turn in a 10-foot {@variantrule Emanation [Area of Effect]|XPHB|Emanation} originating from the hezrou. {@actSaveFail} The target has the {@condition Poisoned|XPHB} condition until the start of its next turn.""]}]","[{""name"": ""Multiattack"", ""entries"": [""The hezrou makes three Rend attacks.""]}, {""name"": ""Rend"", ""entries"": [""{@atkr m} {@hit 7}, reach 5 ft. {@h}6 ({@damage 1d4 + 4}) Slashing damage plus 9 ({@damage 2d8}) Poison damage.""]}]","[{""name"": ""Leap"", ""entries"": [""The hezrou jumps up to 30 feet by spending 10 feet of movement.""]}]",,,
Hill Giant,XMM,"[""H""]",giant,"[""C"", ""E""]",[13],"{""average"": 105, ""formula"": ""10d12 + 40""}","{""walk"": 40}",21,8,19,5,9,6,,"{""perception"": ""+2""}",12,"[""Giant""]",5,,"[{""name"": ""Multiattack"", ""entries"": [""The giant makes two attacks, using Tree Club or Trash Lob in any combination.""]}, {""name"": ""Tree Club"", ""entries"": [""{@atkr m} {@hit 8}, reach 10 ft. {@h}18 ({@damage 3d8 + 5}) Bludgeoning damage. If the target is a Large or smaller creature, it has the {@condition Prone|XPHB} condition.""]}, {""name"": ""Trash Lob"", ""entries"": [""{@atkr r} {@hit 8}, range 60/240 ft. {@h}16 ({@damage 2d10 + 5}) Bludgeoning damage, and the target has the {@condition Poisoned|XPHB} condition until the end of its next turn.""]}]",,,,
Hippogriff,XMM,"[""L""]",monstrosity,"[""U""]",[11],"{""average"": 26, ""formula"": ""4d10 + 4""}","{""walk"": 40, ""fly"": 60}",17,13,13,2,12,8,,"{""perception"": ""+5""}",15,,1,"[{""name"": ""Flyby"", ""entries"": [""The hippogriff doesn't provoke an Opportunity Attack when it flies out of an enemy's reach.""]}]","[{""name"": ""Multiattack"", ""entries"": [""The hippogriff makes two Rend attacks.""]}, {""name"": ""Rend"", ""entries"": [""{@atkr m} {@hit 5}, reach 5 ft. {@h}7 ({@damage 1d8 + 3}) Slashing damage.""]}]",,,,
Hippopotamus,XMM,"[""L""]",beast,"[""U""]",[14],"{""average"": 82, ""formula"": ""11d10 + 22""}","{""walk"": 30, ""swim"": 30}",21,7,15,2,12,4,"{""str"": ""+7""}","{""perception"": ""+3""}",13,,4,"[{""name"": ""Hold Breath"", ""entries"": [""The hippopotamus can hold its breath for 10 minutes.""]}]","[{""name"": ""Multiattack"", ""entries"": [""The hippopotamus makes two Bite attacks.""]}, {""name"": ""Bite"", ""entries"": [""{@atkr m} {@hit 7}, reach 5 ft. {@h}16 ({@damage 2d10 + 5}) Piercing damage.""]}]",,,,
Hobgoblin Captain,XMM,"[""M""]","{""type"": ""fey"", ""tags"": [""goblinoid""]}","[""L"", ""E""]",[17],"{""average"": 58, ""formula"": ""9d8 + 18""}","{""walk"": 30}",15,14,14,12,10,13,,,10,"[""Common"", ""Goblin""]",3,"[{""name"": ""Aura of Authority"", ""entries"": [""While in a 10-foot {@variantrule Emanation [Area of Effect]|XPHB|Emanation} originating from the hobgoblin, the hobgoblin and its allies have {@variantrule Advantage|XPHB} on attack rolls and saving throws, provided the hobgoblin doesn't have the {@condition Incapacitated|XPHB} condition.""]}]","[{""name"": ""Multiattack"", ""entries"": [""The hobgoblin makes two attacks, using Greatsword or Longbow in any combination.""]}, {""name"": ""Greatsword"", ""entries"": [""{@atkr m} {@hit 4}, reach 5 ft. {@h}9 ({@damage 2d6 + 2}) Slashing damage plus 3 ({@damage 1d6}) Poison damage.""]}, {""name"": ""Longbow"", ""entries"": [""{@atkr r} {@hit 4}, range 150/600 ft. {@h}6 ({@damage 1d8 + 2}) Piercing damage plus 5 ({@damage 2d4}) Poison damage.""]}]",,,,
Hobgoblin Warrior,XMM,"[""M""]","{""type"": ""fey"", ""tags"": [""goblinoid""]}","[""L"", ""E""]",[18],"{""average"": 11, ""formula"": ""2d8 + 2""}","{""walk"": 30}",13,12,12,10,10,9,,,10,"[""Common"", ""Goblin""]",1/2,"[{""name"": ""Pack Tactics"", ""entries"": [""The hobgoblin has {@variantrule Advantage|XPHB} on an attack roll against a creature if at least one of the hobgoblin's allies is within 5 feet of the creature and the ally doesn't have the {@condition Incapacitated|XPHB} condition.""]}]","[{""name"": ""Longsword"", ""entries"": [""{@atkr m} {@hit 3}, reach 5 ft. {@h}12 ({@damage 2d10 + 1}) Slashing damage.""]}, {""name"": ""Longbow"", ""entries"": [""{@atkr r} {@hit 3}, range 150/600 ft. {@h}5 ({@damage 1d8 + 1}) Piercing damage plus 7 ({@damage 3d4}) Poison damage.""]}]",,,,
Homunculus,XMM,"[""T""]",construct,"[""N""]",[13],"{""average"": 4, ""formula"": ""1d4 + 2""}","{""walk"": 20, ""fly"": 40}",4,15,14,10,10,7,"{""wis"": ""+2"", ""cha"": ""+0""}",,10,"[""understands Common plus one other language but can't speak""]",0,"[{""name"": ""Telepathic Bond"", ""entries"": [""While the homunculus is on the same plane of existence as its master, the two of them can communicate telepathically with each other.""]}]","[{""name"": ""Bite"", ""entries"": [""{@atkr m} {@hit 4}, reach 5 ft. {@h}1 Piercing damage, and the target is subjected to the following effect. {@actSave con} {@dc 12}. {@actSaveFail} The target has the {@condition Poisoned|XPHB} condition until the end of the homunculus's next turn. {@actSaveFailBy 5} The target has the {@condition Poisoned|XPHB} condition for 1 minute. While {@condition Poisoned|XPHB}, the target has the {@condition Unconscious|XPHB} condition, which ends early if the target takes any damage.""]}]",,,,
Horned Devil,XMM,"[""L""]","{""type"": ""fiend"", ""tags"": [""devil""]}","[""L"", ""E""]",[18],"{""average"": 199, ""formula"": ""19d10 + 95""}","{""walk"": 30, ""fly"": 60}",22,17,21,12,16,18,"{""str"": ""+10"", ""dex"": ""+7"", ""wis"": ""+7"", ""cha"": ""+8""}",,13,"[""Infernal; telepathy 120 ft.""]",11,"[{""name"": ""Diabolical Restoration"", ""entries"": [""If the devil dies outside the Nine Hells, its body disappears in sulfurous smoke, and it gains a new body instantly, reviving with all its {@variantrule Hit Points|XPHB} somewhere in the Nine Hells.""]}, {""name"": ""Magic Resistance"", ""entries"": [""The devil has {@variantrule Advantage|XPHB} on saving throws against spells and other magical effects.""]}]","[{""name"": ""Multiattack"", ""entries"": [""The devil makes three attacks, using Searing Fork or Hurl Flame in any combination. It can replace one attack with a use of Infernal Tail.""]}, {""name"": ""Searing Fork"", ""entries"": [""{@atkr m} {@hit 10}, reach 10 ft. {@h}15 ({@damage 2d8 + 6}) Piercing damage plus 9 ({@damage 2d8}) Fire damage.""]}, {""name"": ""Hurl Flame"", ""entries"": [""{@atkr r} {@hit 8}, range 150 ft. {@h}26 ({@damage 5d8 + 4}) Fire damage. If the target is a flammable object that isn't being worn or carried, it starts {@hazard burning|XPHB}.""]}, {""name"": ""Infernal Tail"", ""entries"": [""{@actSave dex} {@dc 17}, one creature the devil can see within 10 feet. {@actSaveFail} 10 ({@damage 1d8 + 6}) Necrotic damage, and the target receives an infernal wound if it doesn't have one. While wounded, the target loses 10 ({@dice 3d6}) {@variantrule Hit Points|XPHB} at the start of each of its turns. The wound closes after 1 minute, after a spell restores {@variantrule Hit Points|XPHB} to the target, or after the target or a creature within 5 feet of it takes an action to stanch the wound, doing so by succeeding on a {@dc 17} Wisdom ({@skill Medicine|XPHB}) check.""]}]",,,,
Hunter Shark,XMM,"[""L""]",beast,"[""U""]",[12],"{""average"": 45, ""formula"": ""6d10 + 12""}","{""walk"": 5, ""swim"": 40}",18,14,15,1,10,4,,"{""perception"": ""+2""}",12,,2,"[{""name"": ""Water Breathing"", ""entries"": [""The shark can breathe only underwater.""]}]","[{""name"": ""Bite"", ""entries"": [""{@atkr m} {@hit 6} (with {@variantrule Advantage|XPHB} if the target doesn't have all its {@variantrule Hit Points|XPHB}), reach 5 ft. {@h}14 ({@damage 3d6 + 4}) Piercing damage.""]}]",,,,
Hydra,XMM,"[""H""]",monstrosity,"[""U""]",[15],"{""average"": 184, ""formula"": ""16d12 + 80""}","{""walk"": 40, ""swim"": 40}",20,12,20,2,10,7,,"{""perception"": ""+6""}",16,,8,"[{""name"": ""Hold Breath"", ""entries"": [""The hydra can hold its breath for 1 hour.""]}, {""name"": ""Multiple Heads"", ""entries"": [""The hydra has five heads. Whenever the hydra takes 25 damage or more on a single turn, one of its heads dies. The hydra dies if all its heads are dead. At the end of each of its turns when it has at least one living head, the hydra grows two heads for each of its heads that died since its last turn, unless it has taken Fire damage since its last turn. The hydra regains 20 {@variantrule Hit Points|XPHB} when it grows new heads.""]}, {""name"": ""Reactive Heads"", ""entries"": [""For each head the hydra has beyond one, it gets an extra {@variantrule Reaction|XPHB} that can be used only for {@action Opportunity Attack|XPHB|Opportunity Attacks}.""]}]","[{""name"": ""Multiattack"", ""entries"": [""The hydra makes as many Bite attacks as it has heads.""]}, {""name"": ""Bite"", ""entries"": [""{@atkr m} {@hit 8}, reach 10 ft. {@h}10 ({@damage 1d10 + 5}) Piercing damage.""]}]",,,,
Hyena,XMM,"[""M""]",beast,"[""U""]",[11],"{""average"": 5, ""formula"": ""1d8 + 1""}","{""walk"": 50}",11,13,12,2,12,5,,"{""perception"": ""+3""}",13,,0,"[{""name"": ""Pack Tactics"", ""entries"": [""The hyena has {@variantrule Advantage|XPHB} on an attack roll against a creature if at least one of the hyena's allies is within 5 feet of the creature and the ally doesn't have the {@condition Incapacitated|XPHB} condition.""]}]","[{""name"": ""Bite"", ""entries"": [""{@atkr m} {@hit 2}, reach 5 ft. {@h}3 ({@damage 1d6}) Piercing damage.""]}]",,,,
Ice Devil,XMM,"[""L""]","{""type"": ""fiend"", ""tags"": [""devil""]}","[""L"", ""E""]",[18],"{""average"": 228, ""formula"": ""24d10 + 96""}","{""walk"": 40}",21,14,18,18,15,18,"{""dex"": ""+7"", ""con"": ""+9"", ""wis"": ""+7"", ""cha"": ""+9""}","{""insight"": ""+7"", ""perception"": ""+7"", ""persuasion"": ""+9""}",17,"[""Infernal; telepathy 120 ft.""]",14,"[{""name"": ""Diabolical Restoration"", ""entries"": [""If the devil dies outside the Nine Hells, its body disappears in sulfurous smoke, and it gains a new body instantly, reviving with all its {@variantrule Hit Points|XPHB} somewhere in the Nine Hells.""]}, {""name"": ""Magic Resistance"", ""entries"": [""The devil has {@variantrule Advantage|XPHB} on saving throws against spells and other magical effects.""]}]","[{""name"": ""Multiattack"", ""entries"": [""The devil makes three Ice Spear attacks. It can replace one attack with a Tail attack.""]}, {""name"": ""Ice Spear"", ""entries"": [""{@atkr m,r} {@hit 10}, reach 5 ft. or range 30/120 ft. {@h}14 ({@damage 2d8 + 5}) Piercing damage plus 10 ({@damage 3d6}) Cold damage. Until the end of its next turn, the target can't take a {@variantrule Bonus Action|XPHB} or {@variantrule Reaction|XPHB}, its {@variantrule Speed|XPHB} decreases by 10 feet, and it can move or take one action on its turn, not both. {@hom}The spear magically returns to the devil's hand immediately after a ranged attack.""]}, {""name"": ""Tail"", ""entries"": [""{@atkr m} {@hit 10}, reach 10 ft. {@h}15 ({@damage 3d6 + 5}) Bludgeoning damage plus 18 ({@damage 4d8}) Cold damage.""]}]",,,,"[{""name"": ""Ice Wall {@recharge}"", ""type"": ""spellcasting"", ""headerEntries"": [""The devil casts {@spell Wall of Ice|XPHB} (level 8 version), requiring no spell components and using Intelligence as the spellcasting ability (spell save {@dc 17}).""], ""recharge"": {""6"": [""{@spell Wall of Ice|XPHB} (level 8 version)""]}, ""ability"": ""int"", ""displayAs"": ""action"", ""hidden"": [""recharge""]}]"
Ice Mephit,XMM,"[""S""]",elemental,"[""N"", ""E""]",[11],"{""average"": 21, ""formula"": ""6d6""}","{""walk"": 30, ""fly"": 30}",7,13,10,9,11,12,,"{""perception"": ""+2"", ""stealth"": ""+3""}",12,"[""Primordial (Aquan, Auran)""]",1/2,"[{""name"": ""Death Burst"", ""entries"": [""The mephit explodes when it dies. {@actSave con} {@dc 10}, each creature in a 5-foot {@variantrule Emanation [Area of Effect]|XPHB|Emanation} originating from the mephit. {@actSaveFail} 5 ({@damage 2d4}) Cold damage. {@actSaveSuccess} Half damage.""]}]","[{""name"": ""Claw"", ""entries"": [""{@atkr m} {@hit 3}, reach 5 ft. {@h}3 ({@damage 1d4 + 1}) Slashing damage plus 2 ({@damage 1d4}) Cold damage.""]}, {""name"": ""Frost Breath {@recharge}"", ""entries"": [""{@actSave con} {@dc 10}, each creature in a 15-foot {@variantrule Cone [Area of Effect]|XPHB|Cone}. {@actSaveFail} 7 ({@damage 3d4}) Cold damage. {@actSaveSuccess} Half damage.""]}]",,,,"[{""name"": ""Fog Cloud (1/Day)"", ""type"": ""spellcasting"", ""headerEntries"": [""The mephit casts {@spell Fog Cloud|XPHB}, requiring no spell components and using Charisma as the spellcasting ability.""], ""daily"": {""1"": [""{@spell Fog Cloud|XPHB}""]}, ""ability"": ""cha"", ""displayAs"": ""action"", ""hidden"": [""daily""]}]"
Imp,XMM,"[""T""]","{""type"": ""fiend"", ""tags"": [""devil""]}","[""L"", ""E""]",[13],"{""average"": 21, ""formula"": ""6d4 + 6""}","{""walk"": 20, ""fly"": 40}",6,17,13,11,12,14,,"{""deception"": ""+4"", ""insight"": ""+3"", ""stealth"": ""+5""}",11,"[""Common"", ""Infernal""]",1,"[{""name"": ""Magic Resistance"", ""entries"": [""The imp has {@variantrule Advantage|XPHB} on saving throws against spells and other magical effects.""]}]","[{""name"": ""Sting"", ""entries"": [""{@atkr m} {@hit 5}, reach 5 ft. {@h}6 ({@damage 1d6 + 3}) Piercing damage plus 7 ({@damage 2d6}) Poison damage.""]}, {""name"": ""Shape-Shift"", ""entries"": [""The imp shape-shifts to resemble a rat ({@variantrule Speed|XPHB} 20 ft.), a raven (20 ft., Fly 60 ft.), or a spider (20 ft., Climb 20 ft.), or it returns to its true form. Its statistics are the same in each form, except for its {@variantrule Speed|XPHB}. Any equipment it is wearing or carrying isn't transformed.""]}]",,,,"[{""name"": ""Invisibility"", ""type"": ""spellcasting"", ""headerEntries"": [""The imp casts {@spell Invisibility|XPHB} on itself, requiring no spell components and using Charisma as the spellcasting ability.""], ""will"": [""{@spell Invisibility|XPHB}""], ""ability"": ""cha"", ""displayAs"": ""action"", ""hidden"": [""will""]}]"
Incubus,XMM,"[""M""]",fiend,"[""N"", ""E""]",[15],"{""average"": 66, ""formula"": ""12d8 + 12""}","{""walk"": 30, ""fly"": 60}",8,17,13,15,12,20,,"{""deception"": ""+9"", ""insight"": ""+5"", ""perception"": ""+5"", ""persuasion"": ""+9"", ""stealth"": ""+7""}",15,"[""Abyssal"", ""Common"", ""Infernal; telepathy 60 ft.""]",4,"[{""name"": ""Succubus Form"", ""entries"": [""When the incubus finishes a {@variantrule Long Rest|XPHB}, it can shape-shift into a {@creature Succubus|XMM}, using that stat block instead of this one. Any equipment it's wearing or carrying isn't transformed.""]}]","[{""name"": ""Multiattack"", ""entries"": [""The incubus makes two Restless Touch attacks.""]}, {""name"": ""Restless Touch"", ""entries"": [""{@atkr m} {@hit 7}, reach 5 ft. {@h}15 ({@damage 3d6 + 5}) Psychic damage, and the target is cursed for 24 hours or until the incubus dies. Until the curse ends, the target gains no benefit from finishing Short Rests.""]}]","[{""name"": ""Nightmare {@recharge}"", ""entries"": [""{@actSave wis} {@dc 15}, one creature the incubus can see within 60 feet. {@actSaveFail} If the target has 20 {@variantrule Hit Points|XPHB} or fewer, it has the {@condition Unconscious|XPHB} condition for 1 hour, until it takes damage, or until a creature within 5 feet of it takes an action to wake it. Otherwise, the target takes 18 ({@damage 4d8}) Psychic damage.""]}]",,,"[{""name"": ""Spellcasting"", ""type"": ""spellcasting"", ""headerEntries"": [""The incubus casts one of the following spells, requiring no Material components and using Charisma as the spellcasting ability (spell save {@dc 15}):""], ""will"": [""{@spell Disguise Self|XPHB}"", ""{@spell Etherealness|XPHB}""], ""daily"": {""1e"": [""{@spell Dream|XPHB}"", ""{@spell Hypnotic Pattern|XPHB}""]}, ""ability"": ""cha"", ""displayAs"": ""action""}]"
Invisible Stalker,XMM,"[""L""]",elemental,"[""N""]",[14],"{""average"": 97, ""formula"": ""13d10 + 26""}","{""walk"": 50, ""fly"": {""number"": 50, ""condition"": ""(hover)""}, ""canHover"": true}",16,19,14,10,15,11,,"{""perception"": ""+8"", ""stealth"": ""+10""}",18,"[""Common"", ""Primordial (Auran)""]",6,"[{""name"": ""Air Form"", ""entries"": [""The stalker can enter an enemy's space and stop there. It can move through a space as narrow as 1 inch without expending extra movement to do so.""]}, {""name"": ""Invisibility"", ""entries"": [""The stalker has the {@condition Invisible|XPHB} condition.""]}]","[{""name"": ""Multiattack"", ""entries"": [""The stalker makes three Wind Swipe attacks. It can replace one attack with a use of Vortex.""]}, {""name"": ""Wind Swipe"", ""entries"": [""{@atkr m} {@hit 7}, reach 5 ft. {@h}11 ({@damage 2d6 + 4}) Force damage.""]}, {""name"": ""Vortex"", ""entries"": [""{@actSave con} {@dc 14}, one Large or smaller creature in the stalker's space. {@actSaveFail} 7 ({@damage 1d8 + 3}) Thunder damage, and the target has the {@condition Grappled|XPHB} condition (escape {@dc 13}). Until the grapple ends, the target can't cast spells with a Verbal component and takes 7 ({@damage 2d6}) Thunder damage at the start of each of the stalker's turns.""]}]",,,,
Iron Golem,XMM,"[""L""]",construct,"[""U""]",[20],"{""average"": 252, ""formula"": ""24d10 + 120""}","{""walk"": 30}",24,9,20,3,11,1,,,10,"[""understands Common plus two other languages but can't speak""]",16,"[{""name"": ""Fire Absorption"", ""entries"": [""Whenever the golem is subjected to Fire damage, it regains a number of {@variantrule Hit Points|XPHB} equal to the Fire damage dealt.""]}, {""name"": ""Immutable Form"", ""entries"": [""The golem can't shape-shift.""]}, {""name"": ""Magic Resistance"", ""entries"": [""The golem has {@variantrule Advantage|XPHB} on saving throws against spells and other magical effects.""]}]","[{""name"": ""Multiattack"", ""entries"": [""The golem makes two attacks, using Bladed Arm or Fiery Bolt in any combination.""]}, {""name"": ""Bladed Arm"", ""entries"": [""{@atkr m} {@hit 12}, reach 10 ft. {@h}20 ({@damage 3d8 + 7}) Slashing damage plus 10 ({@damage 3d6}) Fire damage.""]}, {""name"": ""Fiery Bolt"", ""entries"": [""{@atkr r} {@hit 10}, range 120 ft. {@h}36 ({@damage 8d8}) Fire damage.""]}, {""name"": ""Poison Breath {@recharge}"", ""entries"": [""{@actSave con} {@dc 18}, each creature in a 60-foot {@variantrule Cone [Area of Effect]|XPHB|Cone}. {@actSaveFail} 55 ({@damage 10d10}) Poison damage. {@actSaveSuccess} Half damage.""]}]",,,,
Jackal,XMM,"[""S""]",beast,"[""U""]",[12],"{""average"": 3, ""formula"": ""1d6""}","{""walk"": 40}",8,15,11,3,12,6,,"{""perception"": ""+5"", ""stealth"": ""+4""}",15,,0,,"[{""name"": ""Bite"", ""entries"": [""{@atkr m} {@hit 1}, reach 5 ft. {@h}1 ({@damage 1d4 - 1}) Piercing damage.""]}]",,,,
Killer Whale,XMM,"[""H""]",beast,"[""U""]",[12],"{""average"": 90, ""formula"": ""12d12 + 12""}","{""walk"": 5, ""swim"": 60}",19,14,13,3,12,7,,"{""perception"": ""+3"", ""stealth"": ""+4""}",13,,3,"[{""name"": ""Hold Breath"", ""entries"": [""The whale can hold its breath for 30 minutes.""]}]","[{""name"": ""Bite"", ""entries"": [""{@atkr m} {@hit 6}, reach 5 ft. {@h}21 ({@damage 5d6 + 4}) Piercing damage.""]}]",,,,
Knight,XMM,"[""S"", ""M""]",humanoid,"[""N""]",[18],"{""average"": 52, ""formula"": ""8d8 + 16""}","{""walk"": 30}",16,11,14,11,11,15,"{""con"": ""+4"", ""wis"": ""+2""}",,10,"[""Common plus one other language""]",3,,"[{""name"": ""Multiattack"", ""entries"": [""The knight makes two attacks, using Greatsword or Heavy Crossbow in any combination.""]}, {""name"": ""Greatsword"", ""entries"": [""{@atkr m} {@hit 5}, reach 5 ft. {@h}10 ({@damage 2d6 + 3}) Slashing damage plus 4 ({@damage 1d8}) Radiant damage.""]}, {""name"": ""Heavy Crossbow"", ""entries"": [""{@atkr r} {@hit 2}, range 100/400 ft. {@h}11 ({@damage 2d10}) Piercing damage plus 4 ({@damage 1d8}) Radiant damage.""]}]",,"[{""name"": ""Parry"", ""entries"": [""{@actTrigger} The knight is hit by a melee attack roll while holding a weapon. {@actResponse} The knight adds 2 to its AC against that attack, possibly causing it to miss.""]}]",,
Kobold Warrior,XMM,"[""S""]",dragon,"[""N""]",[14],"{""average"": 7, ""formula"": ""3d6 - 3""}","{""walk"": 30}",7,15,9,8,7,8,,,8,"[""Common"", ""Draconic""]",1/8,"[{""name"": ""Pack Tactics"", ""entries"": [""The kobold has {@variantrule Advantage|XPHB} on an attack roll against a creature if at least one of the kobold's allies is within 5 feet of the creature and the ally doesn't have the {@condition Incapacitated|XPHB} condition.""]}, {""name"": ""Sunlight Sensitivity"", ""entries"": [""While in sunlight, the kobold has {@variantrule Disadvantage|XPHB} on ability checks and attack rolls.""]}]","[{""name"": ""Dagger"", ""entries"": [""{@atkr m,r} {@hit 4}, reach 5 ft. or range 20/60 ft. {@h}4 ({@damage 1d4 + 2}) Piercing damage.""]}]",,,,
Kraken,XMM,"[""G""]","{""type"": ""monstrosity"", ""tags"": [""titan""]}","[""C"", ""E""]",[18],"{""average"": 481, ""formula"": ""26d20 + 208""}","{""walk"": 30, ""swim"": 120}",30,11,26,22,18,20,"{""str"": ""+17"", ""dex"": ""+7"", ""con"": ""+15"", ""wis"": ""+11""}","{""history"": ""+13"", ""perception"": ""+11""}",21,"[""understands Abyssal"", ""Celestial"", ""Infernal"", ""and Primordial but can't speak; telepathy 120 ft.""]","{""cr"": ""23"", ""xpLair"": 62000}","[{""name"": ""Amphibious"", ""entries"": [""The kraken can breathe air and water.""]}, {""name"": ""Legendary Resistance (4/Day, or 5/Day in Lair)"", ""entries"": [""If the kraken fails a saving throw, it can choose to succeed instead.""]}, {""name"": ""Siege Monster"", ""entries"": [""The kraken deals double damage to objects and structures.""]}]","[{""name"": ""Multiattack"", ""entries"": [""The kraken makes two Tentacle attacks and uses Fling, Lightning Strike, or Swallow.""]}, {""name"": ""Tentacle"", ""entries"": [""{@atkr m} {@hit 17}, reach 30 ft. {@h}24 ({@damage 4d6 + 10}) Bludgeoning damage. The target has the {@condition Grappled|XPHB} condition (escape {@dc 20}) from one of ten tentacles, and it has the {@condition Restrained|XPHB} condition until the grapple ends.""]}, {""name"": ""Fling"", ""entries"": [""The kraken throws a Large or smaller creature {@condition Grappled|XPHB} by it to a space it can see within 60 feet of itself that isn't in the air. {@actSave dex} {@dc 25}, the creature thrown and each creature in the destination space. {@actSaveFail} 18 ({@damage 4d8}) Bludgeoning damage, and the target has the {@condition Prone|XPHB} condition. {@actSaveSuccess} Half damage only.""]}, {""name"": ""Lightning Strike"", ""entries"": [""{@actSave dex} {@dc 23}, one creature the kraken can see within 120 feet. {@actSaveFail} 33 ({@damage 6d10}) Lightning damage. {@actSaveSuccess} Half damage.""]}, {""name"": ""Swallow"", ""entries"": [""{@actSave dex} {@dc 25}, one creature {@condition Grappled|XPHB} by the kraken (it can have up to four creatures swallowed at a time). {@actSaveFail} 23 ({@damage 3d8 + 10}) Piercing damage. If the target is Large or smaller, it is swallowed and no longer {@condition Grappled|XPHB}. A swallowed creature has the {@condition Restrained|XPHB} condition, has {@variantrule Cover|XPHB|Total Cover} against attacks and other effects outside the kraken, and takes 24 ({@damage 7d6}) Acid damage at the start of each of its turns."", ""If the kraken takes 50 damage or more on a single turn from a creature inside it, the kraken must succeed on a {@dc 25} Constitution saving throw at the end of that turn or regurgitate all swallowed creatures, each of which falls in a space within 10 feet of the kraken with the {@condition Prone|XPHB} condition. If the kraken dies, any swallowed creature no longer has the {@condition Restrained|XPHB} condition and can escape from the corpse using 15 feet of movement, exiting {@condition Prone|XPHB}.""]}]",,,"[{""name"": ""Storm Bolt"", ""entries"": [""The kraken uses Lightning Strike.""]}, {""name"": ""Toxic Ink"", ""entries"": [""{@actSave con} {@dc 23}, each creature in a 15-foot {@variantrule Emanation [Area of Effect]|XPHB|Emanation} originating from the kraken while it is underwater. {@actSaveFail} The target has the {@condition Blinded|XPHB} and {@condition Poisoned|XPHB} conditions until the end of the kraken's next turn. The kraken then moves up to its {@variantrule Speed|XPHB}. {@actSaveSuccessOrFail} The kraken can't take this action again until the start of its next turn.""]}]",
Lamia,XMM,"[""L""]",fiend,"[""C"", ""E""]",[13],"{""average"": 97, ""formula"": ""13d10 + 26""}","{""walk"": 40}",16,13,15,14,15,16,,"{""deception"": ""+7"", ""insight"": ""+4"", ""stealth"": ""+5""}",12,"[""Abyssal"", ""Common""]",4,,"[{""name"": ""Multiattack"", ""entries"": [""The lamia makes two Claw attacks. It can replace one attack with a use of Corrupting Touch.""]}, {""name"": ""Claw"", ""entries"": [""{@atkr m} {@hit 5}, reach 5 ft. {@h}7 ({@damage 1d8 + 3}) Slashing damage plus 7 ({@damage 2d6}) Psychic damage.""]}, {""name"": ""Corrupting Touch"", ""entries"": [""{@actSave wis} {@dc 13}, one creature the lamia can see within 5 feet. {@actSaveFail} 13 ({@damage 3d8}) Psychic damage, and the target is cursed for 1 hour. Until the curse ends, the target has the {@condition Charmed|XPHB} and {@condition Poisoned|XPHB} conditions.""]}]","[{""name"": ""Leap"", ""entries"": [""The lamia jumps up to 30 feet by spending 10 feet of movement.""]}]",,,"[{""name"": ""Spellcasting"", ""type"": ""spellcasting"", ""headerEntries"": [""The lamia casts one of the following spells, requiring no Material components and using Charisma as the spellcasting ability (spell save {@dc 13}):""], ""will"": [""{@spell Disguise Self|XPHB} (can appear as a Large or Medium biped)"", ""{@spell Minor Illusion|XPHB}""], ""daily"": {""1e"": [""{@spell Geas|XPHB}"", ""{@spell Major Image|XPHB}"", ""{@spell Scrying|XPHB}""]}, ""ability"": ""cha"", ""displayAs"": ""action""}]"
Lemure,XMM,"[""M""]","{""type"": ""fiend"", ""tags"": [""devil""]}","[""L"", ""E""]",[9],"{""average"": 9, ""formula"": ""2d8""}","{""walk"": 20}",10,5,11,1,11,3,,,10,"[""understands Infernal but can't speak""]",0,"[{""name"": ""Hellish Restoration"", ""entries"": [""If the lemure dies in the Nine Hells, it revives with all its {@variantrule Hit Points|XPHB} in {@dice 1d10} days unless it is killed by a creature under the effects of a {@spell Bless|XPHB} spell or its remains are sprinkled with Holy Water.""]}]","[{""name"": ""Vile Slime"", ""entries"": [""{@atkr m} {@hit 2}, reach 5 ft. {@h}2 ({@damage 1d4}) Poison damage.""]}]",,,,
Lich,XMM,"[""M""]","{""type"": ""undead"", ""tags"": [""wizard""]}","[""N"", ""E""]",[20],"{""average"": 315, ""formula"": ""42d8 + 126""}","{""walk"": 30}",11,16,16,21,14,16,"{""dex"": ""+10"", ""con"": ""+10"", ""int"": ""+12"", ""wis"": ""+9""}","{""arcana"": ""+19"", ""history"": ""+12"", ""insight"": ""+9"", ""perception"": ""+9""}",19,"[""all""]","{""cr"": ""21"", ""xpLair"": 41000}","[{""name"": ""Legendary Resistance (4/Day, or 5/Day in Lair)"", ""entries"": [""If the lich fails a saving throw, it can choose to succeed instead.""]}, {""name"": ""Spirit Jar"", ""entries"": [""If destroyed, the lich reforms in {@dice 1d10} days if it has a spirit jar, reviving with all its {@variantrule Hit Points|XPHB}. The new body appears in an unoccupied space within the lich's lair.""]}]","[{""name"": ""Multiattack"", ""entries"": [""The lich makes three attacks, using Eldritch Burst or Paralyzing Touch in any combination.""]}, {""name"": ""Eldritch Burst"", ""entries"": [""{@atkr m,r} {@hit 12}, reach 5 ft. or range 120 ft. {@h}31 ({@damage 4d12 + 5}) Force damage.""]}, {""name"": ""Paralyzing Touch"", ""entries"": [""{@atkr m} {@hit 12}, reach 5 ft. {@h}15 ({@damage 3d6 + 5}) Cold damage, and the target has the {@condition Paralyzed|XPHB} condition until the start of the lich's next turn.""]}]",,,"[{""name"": ""Deathly Teleport"", ""entries"": [""The lich teleports up to 60 feet to an unoccupied space it can see, and each creature within 10 feet of the space it left takes 11 ({@damage 2d10}) Necrotic damage.""]}, {""name"": ""Disrupt Life"", ""entries"": [""{@actSave con} {@dc 20}, each creature that isn't an Undead in a 20-foot {@variantrule Emanation [Area of Effect]|XPHB|Emanation} originating from the lich. {@actSaveFail} 31 ({@damage 9d6}) Necrotic damage. {@actSaveSuccess} Half damage. {@actSaveSuccessOrFail} The lich can't take this action again until the start of its next turn.""]}]","[{""name"": ""Spellcasting"", ""type"": ""spellcasting"", ""headerEntries"": [""The lich casts one of the following spells, using Intelligence as the spellcasting ability (spell save {@dc 20}):""], ""will"": [""{@spell Detect Magic|XPHB}"", ""{@spell Detect Thoughts|XPHB}"", ""{@spell Dispel Magic|XPHB}"", ""{@spell Fireball|XPHB} (level 5 version)"", ""{@spell Invisibility|XPHB}"", ""{@spell Lightning Bolt|XPHB} (level 5 version)"", ""{@spell Mage Hand|XPHB}"", ""{@spell Prestidigitation|XPHB}""], ""daily"": {""2e"": [""{@spell Animate Dead|XPHB}"", ""{@spell Dimension Door|XPHB}"", ""{@spell Plane Shift|XPHB}""], ""1e"": [""{@spell Chain Lightning|XPHB}"", ""{@spell Finger of Death|XPHB}"", ""{@spell Power Word Kill|XPHB}"", ""{@spell Scrying|XPHB}""]}, ""ability"": ""int"", ""displayAs"": ""action""}, {""name"": ""Protective Magic"", ""type"": ""spellcasting"", ""headerEntries"": [""The lich casts {@spell Counterspell|XPHB} or {@spell Shield|XPHB} in response to the spell's trigger, using the same spellcasting ability as Spellcasting.""], ""will"": [""{@spell Counterspell|XPHB}"", ""{@spell Shield|XPHB}""], ""ability"": ""int"", ""displayAs"": ""reaction"", ""hidden"": [""will""]}, {""name"": ""Frightening Gaze"", ""type"": ""spellcasting"", ""headerEntries"": [""The lich casts {@spell Fear|XPHB}, using the same spellcasting ability as Spellcasting. The lich can't take this action again until the start of its next turn.""], ""legendary"": {""1"": [""{@spell Fear|XPHB}""]}, ""ability"": ""int"", ""displayAs"": ""legendary"", ""hidden"": [""legendary""]}]"
Lion,XMM,"[""L""]",beast,"[""U""]",[12],"{""average"": 22, ""formula"": ""4d10""}","{""walk"": 50}",17,15,11,3,12,8,,"{""perception"": ""+3"", ""stealth"": ""+4""}",13,,1,"[{""name"": ""Pack Tactics"", ""entries"": [""The lion has {@variantrule Advantage|XPHB} on an attack roll against a creature if at least one of the lion's allies is within 5 feet of the creature and the ally doesn't have the {@condition Incapacitated|XPHB} condition.""]}, {""name"": ""Running Leap"", ""entries"": [""With a 10-foot running start, the lion can {@variantrule Long Jump|XPHB} up to 25 feet.""]}]","[{""name"": ""Multiattack"", ""entries"": [""The lion makes two Rend attacks. It can replace one attack with a use of Roar.""]}, {""name"": ""Rend"", ""entries"": [""{@atkr m} {@hit 5}, reach 5 ft. {@h}7 ({@damage 1d8 + 3}) Slashing damage.""]}, {""name"": ""Roar"", ""entries"": [""{@actSave wis} {@dc 11}, one creature within 15 feet. {@actSaveFail} The target has the {@condition Frightened|XPHB} condition until the start of the lion's next turn.""]}]",,,,
Lizard,XMM,"[""T""]",beast,"[""U""]",[10],"{""average"": 2, ""formula"": ""1d4""}","{""walk"": 20, ""climb"": 20}",2,11,10,1,8,3,,,9,,0,"[{""name"": ""Spider Climb"", ""entries"": [""The lizard can climb difficult surfaces, including along ceilings, without needing to make an ability check.""]}]","[{""name"": ""Bite"", ""entries"": [""{@atkr m} {@hit 2}, reach 5 ft. {@h}1 Piercing damage.""]}]",,,,
Mage,XMM,"[""S"", ""M""]","{""type"": ""humanoid"", ""tags"": [""wizard""]}","[""N""]",[15],"{""average"": 81, ""formula"": ""18d8""}","{""walk"": 30}",9,14,11,17,12,11,"{""int"": ""+6"", ""wis"": ""+4""}","{""arcana"": ""+6"", ""history"": ""+6"", ""perception"": ""+4""}",14,"[""Common and any three languages""]",6,,"[{""name"": ""Multiattack"", ""entries"": [""The mage makes three Arcane Burst attacks.""]}, {""name"": ""Arcane Burst"", ""entries"": [""{@atkr m,r} {@hit 6}, reach 5 ft. or range 120 ft. {@h}16 ({@damage 3d8 + 3}) Force damage.""]}]",,,,"[{""name"": ""Spellcasting"", ""type"": ""spellcasting"", ""headerEntries"": [""The mage casts one of the following spells, using Intelligence as the spellcasting ability (spell save {@dc 14}):""], ""will"": [""{@spell Detect Magic|XPHB}"", ""{@spell Light|XPHB}"", ""{@spell Mage Armor|XPHB} (included in AC)"", ""{@spell Mage Hand|XPHB}"", ""{@spell Prestidigitation|XPHB}""], ""daily"": {""2e"": [""{@spell Fireball|XPHB} (level 4 version)"", ""{@spell Invisibility|XPHB}""], ""1e"": [""{@spell Cone of Cold|XPHB}"", ""{@spell Fly|XPHB}""]}, ""ability"": ""int"", ""displayAs"": ""action""}, {""name"": ""Misty Step (3/Day)"", ""type"": ""spellcasting"", ""headerEntries"": [""The mage casts {@spell Misty Step|XPHB}, using the same spellcasting ability as Spellcasting.""], ""daily"": {""3"": [""{@spell Misty Step|XPHB}""]}, ""ability"": ""int"", ""displayAs"": ""bonus"", ""hidden"": [""daily""]}, {""name"": ""Protective Magic (3/Day)"", ""type"": ""spellcasting"", ""headerEntries"": [""The mage casts {@spell Counterspell|XPHB} or {@spell Shield|XPHB} in response to the spell's trigger, using the same spellcasting ability as Spellcasting.""], ""daily"": {""3"": [""{@spell Counterspell|XPHB}"", ""{@spell Shield|XPHB}""]}, ""ability"": ""int"", ""displayAs"": ""reaction"", ""hidden"": [""daily""]}]"
Magma Mephit,XMM,"[""S""]",elemental,"[""N"", ""E""]",[11],"{""average"": 18, ""formula"": ""4d6 + 4""}","{""walk"": 30, ""fly"": 30}",8,12,12,7,10,10,,"{""stealth"": ""+3""}",10,"[""Primordial (Ignan, Terran)""]",1/2,"[{""name"": ""Death Burst"", ""entries"": [""The mephit explodes when it dies. {@actSave dex} {@dc 11}, each creature in a 5-foot {@variantrule Emanation [Area of Effect]|XPHB|Emanation} originating from the mephit. {@actSaveFail} 7 ({@damage 2d6}) Fire damage. {@actSaveSuccess} Half damage.""]}]","[{""name"": ""Claw"", ""entries"": [""{@atkr m} {@hit 3}, reach 5 ft. {@h}3 ({@damage 1d4 + 1}) Slashing damage plus 3 ({@damage 1d6}) Fire damage.""]}, {""name"": ""Fire Breath {@recharge}"", ""entries"": [""{@actSave dex} {@dc 11}, each creature in a 15-foot {@variantrule Cone [Area of Effect]|XPHB|Cone}. {@actSaveFail} 7 ({@damage 2d6}) Fire damage. {@actSaveSuccess} Half damage.""]}]",,,,
Magmin,XMM,"[""S""]",elemental,"[""C"", ""N""]",[14],"{""average"": 13, ""formula"": ""3d6 + 3""}","{""walk"": 30}",7,15,12,8,11,10,,,10,"[""Primordial (Ignan)""]",1/2,"[{""name"": ""Death Burst"", ""entries"": [""The magmin explodes when it dies. {@actSave dex} {@dc 11}, each creature in a 10-foot {@variantrule Emanation [Area of Effect]|XPHB|Emanation} originating from the magmin. {@actSaveFail} 7 ({@damage 2d6}) Fire damage. {@actSaveSuccess} Half damage.""]}]","[{""name"": ""Touch"", ""entries"": [""{@atkr m} {@hit 4}, reach 5 ft. {@h}7 ({@damage 2d4 + 2}) Fire damage. If the target is a creature or a flammable object that isn't being worn or carried, it starts {@hazard burning|XPHB}.""]}]","[{""name"": ""Ignited Illumination"", ""entries"": [""The magmin sets itself ablaze or extinguishes its flames. While ablaze, the magmin sheds {@variantrule Bright Light|XPHB} in a 10-foot radius and {@variantrule Dim Light|XPHB} for an additional 10 feet.""]}]",,,
Mammoth,XMM,"[""H""]",beast,"[""U""]",[13],"{""average"": 126, ""formula"": ""11d12 + 55""}","{""walk"": 50}",24,9,21,3,11,6,"{""str"": ""+10"", ""con"": ""+8""}",,10,,6,,"[{""name"": ""Multiattack"", ""entries"": [""The mammoth makes two Gore attacks.""]}, {""name"": ""Gore"", ""entries"": [""{@atkr m} {@hit 10}, reach 10 ft. {@h}18 ({@damage 2d10 + 7}) Piercing damage. If the target is a Huge or smaller creature and the mammoth moved 20+ feet straight toward it immediately before the hit, the target has the {@condition Prone|XPHB} condition.""]}]","[{""name"": ""Trample"", ""entries"": [""{@actSave dex} {@dc 18}, one creature within 5 feet that has the {@condition Prone|XPHB} condition. {@actSaveFail} 29 ({@damage 4d10 + 7}) Bludgeoning damage. {@actSaveSuccess} Half damage.""]}]",,,
Manticore,XMM,"[""L""]",monstrosity,"[""L"", ""E""]",[14],"{""average"": 68, ""formula"": ""8d10 + 24""}","{""walk"": 30, ""fly"": 50}",17,16,17,7,12,8,,,11,"[""Common""]",3,,"[{""name"": ""Multiattack"", ""entries"": [""The manticore makes three attacks, using Rend or Tail Spike in any combination.""]}, {""name"": ""Rend"", ""entries"": [""{@atkr m} {@hit 5}, reach 5 ft. {@h}7 ({@damage 1d8 + 3}) Slashing damage.""]}, {""name"": ""Tail Spike"", ""entries"": [""{@atkr r} {@hit 5}, range 100/200 ft. {@h}7 ({@damage 1d8 + 3}) Piercing damage.""]}]",,,,
Marilith,XMM,"[""L""]","{""type"": ""fiend"", ""tags"": [""demon""]}","[""C"", ""E""]",[16],"{""average"": 220, ""formula"": ""21d10 + 105""}","{""walk"": 40, ""climb"": 40}",18,20,20,18,16,20,"{""str"": ""+9"", ""con"": ""+10"", ""wis"": ""+8"", ""cha"": ""+10""}","{""perception"": ""+8""}",18,"[""Abyssal; telepathy 120 ft.""]",16,"[{""name"": ""Demonic Restoration"", ""entries"": [""If the marilith dies outside the Abyss, its body dissolves into ichor, and it gains a new body instantly, reviving with all its {@variantrule Hit Points|XPHB} somewhere in the Abyss.""]}, {""name"": ""Magic Resistance"", ""entries"": [""The marilith has {@variantrule Advantage|XPHB} on saving throws against spells and other magical effects.""]}, {""name"": ""Reactive"", ""entries"": [""The marilith can take one {@variantrule Reaction|XPHB} on every turn of combat.""]}]","[{""name"": ""Multiattack"", ""entries"": [""The marilith makes six Pact Blade attacks and uses Constrict.""]}, {""name"": ""Pact Blade"", ""entries"": [""{@atkr m} {@hit 10}, reach 5 ft. {@h}10 ({@damage 1d10 + 5}) Slashing damage plus 7 ({@damage 2d6}) Necrotic damage.""]}, {""name"": ""Constrict"", ""entries"": [""{@actSave str} {@dc 17}, one Medium or smaller creature the marilith can see within 5 feet. {@actSaveFail} 15 ({@damage 2d10 + 4}) Bludgeoning damage. The target has the {@condition Grappled|XPHB} condition (escape {@dc 14}), and it has the {@condition Restrained|XPHB} condition until the grapple ends.""]}]","[{""name"": ""Teleport {@recharge 5}"", ""entries"": [""The marilith teleports up to 120 feet to an unoccupied space it can see.""]}]","[{""name"": ""Parry"", ""entries"": [""{@actTrigger} The marilith is hit by a melee attack roll while holding a weapon. {@actResponse} The marilith adds 5 to its AC against that attack, possibly causing it to miss.""]}]",,
Mastiff,XMM,"[""M""]",beast,"[""U""]",[12],"{""average"": 5, ""formula"": ""1d8 + 1""}","{""walk"": 40}",13,14,12,3,12,7,,"{""perception"": ""+5""}",15,,1/8,,"[{""name"": ""Bite"", ""entries"": [""{@atkr m} {@hit 3}, reach 5 ft. {@h}4 ({@damage 1d6 + 1}) Piercing damage. If the target is a Medium or smaller creature, it has the {@condition Prone|XPHB} condition.""]}]",,,,
Medusa,XMM,"[""M""]",monstrosity,"[""L"", ""E""]",[15],"{""average"": 127, ""formula"": ""17d8 + 51""}","{""walk"": 30}",10,17,16,12,13,15,"{""wis"": ""+4""}","{""deception"": ""+5"", ""perception"": ""+4"", ""stealth"": ""+6""}",14,"[""Common plus one other language""]",6,,"[{""name"": ""Multiattack"", ""entries"": [""The medusa makes two Claw attacks and one Snake Hair attack, or it makes three Poison Ray attacks.""]}, {""name"": ""Claw"", ""entries"": [""{@atkr m} {@hit 6}, reach 5 ft. {@h}10 ({@damage 2d6 + 3}) Slashing damage.""]}, {""name"": ""Snake Hair"", ""entries"": [""{@atkr m} {@hit 6}, reach 5 ft. {@h}5 ({@damage 1d4 + 3}) Piercing damage plus 14 ({@damage 4d6}) Poison damage.""]}, {""name"": ""Poison Ray"", ""entries"": [""{@atkr r} {@hit 5}, range 150 ft. {@h}11 ({@damage 2d8 + 2}) Poison damage.""]}]","[{""name"": ""Petrifying Gaze {@recharge 5}"", ""entries"": [""{@actSave con} {@dc 13}, each creature in a 30-foot {@variantrule Cone [Area of Effect]|XPHB|Cone}. If the medusa sees its reflection in the {@variantrule Cone [Area of Effect]|XPHB|Cone}, the medusa must make this save. {@actSaveFail 1} The target has the {@condition Restrained|XPHB} condition and repeats the save at the end of its next turn if it is still {@condition Restrained|XPHB}, ending the effect on itself on a success. {@actSaveFail 2} The target has the {@condition Petrified|XPHB} condition instead of the {@condition Restrained|XPHB} condition.""]}]",,,
Merfolk Skirmisher,XMM,"[""M""]",elemental,"[""N""]",[11],"{""average"": 11, ""formula"": ""2d8 + 2""}","{""walk"": 10, ""swim"": 40}",10,13,12,11,14,12,,,12,"[""Common"", ""Primordial (Aquan)""]",1/8,"[{""name"": ""Amphibious"", ""entries"": [""The merfolk can breathe air and water.""]}]","[{""name"": ""Ocean Spear"", ""entries"": [""{@atkr m,r} {@hit 2}, reach 5 ft. or range 20/60 ft. {@h}3 ({@damage 1d6}) Piercing damage plus 2 ({@damage 1d4}) Cold damage. If the target is a creature, its {@variantrule Speed|XPHB} decreases by 10 feet until the end of its next turn. {@hom}The spear magically returns to the merfolk's hand immediately after a ranged attack.""]}]",,,,
Merrow,XMM,"[""L""]",monstrosity,"[""C"", ""E""]",[13],"{""average"": 45, ""formula"": ""6d10 + 12""}","{""walk"": 10, ""swim"": 40}",18,15,15,8,10,9,,,10,"[""Abyssal"", ""Primordial (Aquan)""]",2,"[{""name"": ""Amphibious"", ""entries"": [""The merrow can breathe air and water.""]}]","[{""name"": ""Multiattack"", ""entries"": [""The merrow makes two attacks, using Bite, Claw, or Harpoon in any combination.""]}, {""name"": ""Bite"", ""entries"": [""{@atkr m} {@hit 6}, reach 5 ft. {@h}6 ({@damage 1d4 + 4}) Piercing damage, and the target has the {@condition Poisoned|XPHB} condition until the end of the merrow's next turn.""]}, {""name"": ""Claw"", ""entries"": [""{@atkr m} {@hit 6}, reach 5 ft. {@h}9 ({@damage 2d4 + 4}) Slashing damage.""]}, {""name"": ""Harpoon"", ""entries"": [""{@atkr m,r} {@hit 6}, reach 5 ft. or range 20/60 ft. {@h}11 ({@damage 2d6 + 4}) Piercing damage. If the target is a Large or smaller creature, the merrow pulls the target up to 15 feet straight toward itself.""]}]",,,,
Mimic,XMM,"[""M""]",monstrosity,"[""N""]",[12],"{""average"": 58, ""formula"": ""9d8 + 18""}","{""walk"": 20}",17,12,15,5,13,8,,"{""stealth"": ""+5""}",11,,2,"[{""name"": ""Adhesive (Object Form Only)"", ""entries"": [""The mimic adheres to anything that touches it. A Huge or smaller creature adhered to the mimic has the {@condition Grappled|XPHB} condition (escape {@dc 13}). Ability checks made to escape this grapple have {@variantrule Disadvantage|XPHB}.""]}]","[{""name"": ""Bite"", ""entries"": [""{@atkr m} {@hit 5} (with {@variantrule Advantage|XPHB} if the target is {@condition Grappled|XPHB} by the mimic), reach 5 ft. {@h}7 ({@damage 1d8 + 3}) Piercing damage—or 12 ({@damage 2d8 + 3}) Piercing damage if the target is {@condition Grappled|XPHB} by the mimic—plus 4 ({@damage 1d8}) Acid damage.""]}, {""name"": ""Pseudopod"", ""entries"": [""{@atkr m} {@hit 5}, reach 5 ft. {@h}7 ({@damage 1d8 + 3}) Bludgeoning damage plus 4 ({@damage 1d8}) Acid damage. If the target is a Large or smaller creature, it has the {@condition Grappled|XPHB} condition (escape {@dc 13}). Ability checks made to escape this grapple have {@variantrule Disadvantage|XPHB}.""]}]","[{""name"": ""Shape-Shift"", ""entries"": [""The mimic shape-shifts to resemble a Medium or Small object while retaining its game statistics, or it returns to its true blob form. Any equipment it is wearing or carrying isn't transformed.""]}]",,,
Minotaur of Baphomet,XMM,"[""L""]",monstrosity,"[""C"", ""E""]",[14],"{""average"": 85, ""formula"": ""10d10 + 30""}","{""walk"": 40}",18,11,16,6,16,9,,"{""perception"": ""+7"", ""survival"": ""+7""}",17,"[""Abyssal""]",3,,"[{""name"": ""Abyssal Glaive"", ""entries"": [""{@atkr m} {@hit 6}, reach 10 ft. {@h}10 ({@damage 1d12 + 4}) Slashing damage plus 10 ({@damage 3d6}) Necrotic damage.""]}, {""name"": ""Gore {@recharge 5}"", ""entries"": [""{@atkr m} {@hit 6}, reach 5 ft. {@h}18 ({@damage 4d6 + 4}) Piercing damage. If the target is a Large or smaller creature and the minotaur moved 10+ feet straight toward it immediately before the hit, the target takes an extra 10 ({@damage 3d6}) Piercing damage and has the {@condition Prone|XPHB} condition.""]}]",,,,
Minotaur Skeleton,XMM,"[""L""]",undead,"[""L"", ""E""]",[12],"{""average"": 45, ""formula"": ""6d10 + 12""}","{""walk"": 40}",18,11,15,6,8,5,,,9,"[""understands Abyssal but can't speak""]",2,,"[{""name"": ""Gore"", ""entries"": [""{@atkr m} {@hit 6}, reach 5 ft. {@h}11 ({@damage 2d6 + 4}) Piercing damage. If the target is a Large or smaller creature and the skeleton moved 20+ feet straight toward it immediately before the hit, the target takes an extra 9 ({@damage 2d8}) Piercing damage and has the {@condition Prone|XPHB} condition.""]}, {""name"": ""Slam"", ""entries"": [""{@atkr m} {@hit 6}, reach 5 ft. {@h}15 ({@damage 2d10 + 4}) Bludgeoning damage.""]}]",,,,
Mule,XMM,"[""M""]",beast,"[""U""]",[10],"{""average"": 11, ""formula"": ""2d8 + 2""}","{""walk"": 40}",14,10,13,2,10,5,"{""str"": ""+4""}",,10,,1/8,"[{""name"": ""Beast of Burden"", ""entries"": [""The mule counts as one size larger for the purpose of determining its carrying capacity.""]}]","[{""name"": ""Hooves"", ""entries"": [""{@atkr m} {@hit 4}, reach 5 ft. {@h}4 ({@damage 1d4 + 2}) Bludgeoning damage.""]}]",,,,
Mummy,XMM,"[""S"", ""M""]",undead,"[""L"", ""E""]",[11],"{""average"": 58, ""formula"": ""9d8 + 18""}","{""walk"": 20}",16,8,15,6,12,12,"{""wis"": ""+3""}",,11,"[""Common plus two other languages""]",3,,"[{""name"": ""Multiattack"", ""entries"": [""The mummy makes two Rotting Fist attacks and uses Dreadful Glare.""]}, {""name"": ""Rotting Fist"", ""entries"": [""{@atkr m} {@hit 5}, reach 5 ft. {@h}8 ({@damage 1d10 + 3}) Bludgeoning damage plus 10 ({@damage 3d6}) Necrotic damage. If the target is a creature, it is cursed. While cursed, the target can't regain {@variantrule Hit Points|XPHB}, its {@variantrule Hit Points|XPHB|Hit Point} maximum doesn't return to normal when finishing a {@variantrule Long Rest|XPHB}, and its {@variantrule Hit Points|XPHB|Hit Point} maximum decreases by 10 ({@dice 3d6}) every 24 hours that elapse. A creature dies and turns to dust if reduced to 0 {@variantrule Hit Points|XPHB} by this attack.""]}, {""name"": ""Dreadful Glare"", ""entries"": [""{@actSave wis} {@dc 11}, one creature the mummy can see within 60 feet. {@actSaveFail} The target has the {@condition Frightened|XPHB} condition until the end of the mummy's next turn. {@actSaveSuccess} The target is immune to this mummy's Dreadful Glare for 24 hours.""]}]",,,,
Mummy Lord,XMM,"[""S"", ""M""]","{""type"": ""undead"", ""tags"": [""cleric""]}","[""L"", ""E""]",[17],"{""average"": 187, ""formula"": ""25d8 + 75""}","{""walk"": 30}",18,10,17,11,19,16,"{""int"": ""+5"", ""wis"": ""+9""}","{""history"": ""+5"", ""perception"": ""+9"", ""religion"": ""+5""}",19,"[""Common plus three other languages""]","{""cr"": ""15"", ""xpLair"": 15000}","[{""name"": ""Legendary Resistance (3/Day, or 4/Day in Lair)"", ""entries"": [""If the mummy fails a saving throw, it can choose to succeed instead.""]}, {""name"": ""Magic Resistance"", ""entries"": [""The mummy has {@variantrule Advantage|XPHB} on saving throws against spells and other magical effects.""]}, {""name"": ""Undead Restoration"", ""entries"": [""If destroyed, the mummy gains a new body in 24 hours if its heart is intact, reviving with all its {@variantrule Hit Points|XPHB}. The new body appears in an unoccupied space within the mummy's lair. The heart is a Tiny object that has AC 17, HP 10, and {@variantrule Immunity|XPHB} to all damage except Fire.""]}]","[{""name"": ""Multiattack"", ""entries"": [""The mummy makes one Rotting Fist or Channel Negative Energy attack, and it uses Dreadful Glare.""]}, {""name"": ""Rotting Fist"", ""entries"": [""{@atkr m} {@hit 9}, reach 5 ft. {@h}15 ({@damage 2d10 + 4}) Bludgeoning damage plus 10 ({@damage 3d6}) Necrotic damage. If the target is a creature, it is cursed. While cursed, the target can't regain {@variantrule Hit Points|XPHB}, it gains no benefit from finishing a {@variantrule Long Rest|XPHB}, and its {@variantrule Hit Points|XPHB|Hit Point} maximum decreases by 10 ({@dice 3d6}) every 24 hours that elapse. A creature dies and turns to dust if reduced to 0 {@variantrule Hit Points|XPHB} by this attack.""]}, {""name"": ""Channel Negative Energy"", ""entries"": [""{@atkr r} {@hit 9}, range 60 ft. {@h}25 ({@damage 6d6 + 4}) Necrotic damage.""]}, {""name"": ""Dreadful Glare"", ""entries"": [""{@actSave wis} {@dc 17}, one creature the mummy can see within 60 feet. {@actSaveFail} 25 ({@damage 6d6 + 4}) Psychic damage, and the target has the {@condition Paralyzed|XPHB} condition until the end of the mummy's next turn.""]}]",,"[{""name"": ""Whirlwind of Sand"", ""entries"": [""{@actTrigger} The mummy is hit by an attack roll. {@actResponse} The mummy adds 2 to its AC against the attack, possibly causing the attack to miss, and the mummy teleports up to 60 feet to an unoccupied space it can see. Each creature of its choice that it can see within 5 feet of its destination space has the {@condition Blinded|XPHB} condition until the end of the mummy's next turn.""]}]","[{""name"": ""Glare"", ""entries"": [""The mummy uses Dreadful Glare. The mummy can't take this action again until the start of its next turn.""]}, {""name"": ""Necrotic Strike"", ""entries"": [""The mummy makes one Rotting Fist or Channel Negative Energy attack.""]}]","[{""name"": ""Spellcasting"", ""type"": ""spellcasting"", ""headerEntries"": [""The mummy casts one of the following spells, requiring no Material components and using Wisdom as the spellcasting ability (spell save {@dc 17}, {@hit 9} to hit with spell attacks):""], ""will"": [""{@spell Dispel Magic|XPHB}"", ""{@spell Thaumaturgy|XPHB}""], ""daily"": {""1e"": [""{@spell Animate Dead|XPHB}"", ""{@spell Harm|XPHB}"", ""{@spell Insect Plague|XPHB} (level 7 version)""]}, ""ability"": ""wis"", ""displayAs"": ""action""}, {""name"": ""Dread Command"", ""type"": ""spellcasting"", ""headerEntries"": [""The mummy casts {@spell Command|XPHB} (level 2 version), using the same spellcasting ability as Spellcasting. The mummy can't take this action again until the start of its next turn.""], ""legendary"": {""1"": [""{@spell Command|XPHB} (level 2 version)""]}, ""ability"": ""wis"", ""displayAs"": ""legendary"", ""hidden"": [""legendary""]}]"
Nalfeshnee,XMM,"[""L""]","{""type"": ""fiend"", ""tags"": [""demon""]}","[""C"", ""E""]",[18],"{""average"": 184, ""formula"": ""16d10 + 96""}","{""walk"": 20, ""fly"": 30}",21,10,22,19,12,15,"{""con"": ""+11"", ""int"": ""+9"", ""wis"": ""+6"", ""cha"": ""+7""}",,11,"[""Abyssal; telepathy 120 ft.""]",13,"[{""name"": ""Demonic Restoration"", ""entries"": [""If the nalfeshnee dies outside the Abyss, its body dissolves into ichor, and it gains a new body instantly, reviving with all its {@variantrule Hit Points|XPHB} somewhere in the Abyss.""]}, {""name"": ""Magic Resistance"", ""entries"": [""The nalfeshnee has {@variantrule Advantage|XPHB} on saving throws against spells and other magical effects.""]}]","[{""name"": ""Multiattack"", ""entries"": [""The nalfeshnee makes three Rend attacks.""]}, {""name"": ""Rend"", ""entries"": [""{@atkr m} {@hit 10}, reach 10 ft. {@h}16 ({@damage 2d10 + 5}) Slashing damage plus 11 ({@damage 2d10}) Force damage.""]}, {""name"": ""Teleport"", ""entries"": [""The nalfeshnee teleports up to 120 feet to an unoccupied space it can see.""]}]","[{""name"": ""Horror Nimbus {@recharge 5}"", ""entries"": [""{@actSave wis} {@dc 15}, each creature in a 15-foot {@variantrule Emanation [Area of Effect]|XPHB|Emanation} originating from the nalfeshnee. {@actSaveFail} 28 ({@damage 8d6}) Psychic damage, and the target has the {@condition Frightened|XPHB} condition for 1 minute, until it takes damage, or until it ends its turn with the nalfeshnee out of line of sight. {@actSaveSuccess} The target is immune to this nalfeshnee's Horror Nimbus for 24 hours.""]}]","[{""name"": ""Pursuit"", ""entries"": [""{@actTrigger} Another creature the nalfeshnee can see ends its move within 120 feet of the nalfeshnee. {@actResponse} The nalfeshnee uses Teleport, but its destination space must be within 10 feet of the triggering creature.""]}]",,
Night Hag,XMM,"[""M""]",fiend,"[""N"", ""E""]",[17],"{""average"": 112, ""formula"": ""15d8 + 45""}","{""walk"": 30}",18,15,16,16,14,16,,"{""deception"": ""+6"", ""insight"": ""+5"", ""perception"": ""+5"", ""stealth"": ""+5""}",15,"[""Abyssal"", ""Common"", ""Infernal"", ""Primordial""]",5,"[{""name"": ""Magic Resistance"", ""entries"": [""The hag has {@variantrule Advantage|XPHB} on saving throws against spells and other magical effects.""]}, {""name"": ""Soul Bag"", ""entries"": [""The hag has a soul bag. While holding or carrying the bag, the hag can use its Nightmare Haunting action."", ""The bag has AC 15, HP 20, and {@variantrule Resistance|XPHB} to all damage. The bag turns to dust if reduced to 0 {@variantrule Hit Points|XPHB}. If the bag is destroyed, any souls the bag is holding are released. The hag can create a new bag after 7 days.""]}]","[{""name"": ""Multiattack"", ""entries"": [""The hag makes two Claw attacks.""]}, {""name"": ""Claw"", ""entries"": [""{@atkr m} {@hit 7}, reach 5 ft. {@h}13 ({@damage 2d8 + 4}) Slashing damage.""]}]","[{""name"": ""Shape-Shift"", ""entries"": [""The hag shape-shifts into a Small or Medium Humanoid, or it returns to its true form. Other than its size, its game statistics are the same in each form. Any equipment it is wearing or carrying isn't transformed.""]}]",,,"[{""name"": ""Coven Magic"", ""type"": ""spellcasting"", ""headerEntries"": [""While within 30 feet of at least two hag allies, the hag can cast one of the following spells, requiring no Material components, using the spell's normal casting time, and using Intelligence as the spellcasting ability (spell save {@dc 14}): {@spell Augury|XPHB}, {@spell Find Familiar|XPHB}, {@spell Identify|XPHB}, {@spell Locate Object|XPHB}, {@spell Scrying|XPHB}, or {@spell Unseen Servant|XPHB}. The hag must finish a {@variantrule Long Rest|XPHB} before using this trait to cast that spell again.""], ""restLong"": {""1"": [""{@spell Augury|XPHB}"", ""{@spell Find Familiar|XPHB}"", ""{@spell Identify|XPHB}"", ""{@spell Locate Object|XPHB}"", ""{@spell Scrying|XPHB}"", ""{@spell Unseen Servant|XPHB}""]}, ""ability"": ""int"", ""hidden"": [""restLong""]}, {""name"": ""Spellcasting"", ""type"": ""spellcasting"", ""headerEntries"": [""The hag casts one of the following spells, requiring no Material components and using Intelligence as the spellcasting ability (spell save {@dc 14}):""], ""will"": [""{@spell Detect Magic|XPHB}"", ""{@spell Etherealness|XPHB}"", ""{@spell Magic Missile|XPHB} (level 4 version)""], ""daily"": {""2e"": [""{@spell Phantasmal Killer|XPHB}"", ""{@spell Plane Shift|XPHB} (self only)""]}, ""ability"": ""int"", ""displayAs"": ""action""}, {""name"": ""Nightmare Haunting (1/Day; Requires Soul Bag)"", ""type"": ""spellcasting"", ""headerEntries"": [""While on the Ethereal Plane, the hag casts {@spell Dream|XPHB}, using the same spellcasting ability as Spellcasting. Only the hag can serve as the spell's messenger, and the target must be a creature the hag can see on the Material Plane. The spell fails and is wasted if the target is under the effect of the {@spell Protection from Evil and Good|XPHB} spell or within a {@spell Magic Circle|XPHB} spell."", ""If the target takes damage from the {@spell Dream|XPHB} spell, the target's {@variantrule Hit Points|XPHB|Hit Point} maximum decreases by an amount equal to that damage. If the spell kills the target, its soul is trapped in the hag's soul bag, and the target can't be raised from the dead until its soul is released.""], ""daily"": {""1"": [""{@spell Dream|XPHB}"", ""{@spell Protection from Evil and Good|XPHB}"", ""{@spell Magic Circle|XPHB}""]}, ""ability"": ""int"", ""displayAs"": ""action"", ""hidden"": [""daily""]}]"
Nightmare,XMM,"[""L""]",fiend,"[""N"", ""E""]",[13],"{""average"": 68, ""formula"": ""8d10 + 24""}","{""walk"": 60, ""fly"": {""number"": 90, ""condition"": ""(hover)""}, ""canHover"": true}",18,15,16,10,13,15,,,11,"[""understands Abyssal"", ""Common"", ""and Infernal but can't speak""]",3,"[{""name"": ""Confer Fire Resistance"", ""entries"": [""The nightmare can grant {@variantrule Resistance|XPHB} to Fire damage to a rider while it is on the nightmare.""]}, {""name"": ""Illumination"", ""entries"": [""The nightmare sheds {@variantrule Bright Light|XPHB} in a 10-foot radius and {@variantrule Dim Light|XPHB} for an additional 10 feet.""]}]","[{""name"": ""Hooves"", ""entries"": [""{@atkr m} {@hit 6}, reach 5 ft. {@h}13 ({@damage 2d8 + 4}) Bludgeoning damage plus 10 ({@damage 3d6}) Fire damage.""]}, {""name"": ""Ethereal Stride"", ""entries"": [""The nightmare and up to three willing creatures within 5 feet of it teleport to the Ethereal Plane from the Material Plane or vice versa.""]}]",,,,
Noble,XMM,"[""S"", ""M""]",humanoid,"[""N""]",[15],"{""average"": 9, ""formula"": ""2d8""}","{""walk"": 30}",11,12,11,12,14,16,,"{""deception"": ""+5"", ""insight"": ""+4"", ""persuasion"": ""+5""}",12,"[""Common plus two other languages""]",1/8,,"[{""name"": ""Rapier"", ""entries"": [""{@atkr m} {@hit 3}, reach 5 ft. {@h}5 ({@damage 1d8 + 1}) Piercing damage.""]}]",,"[{""name"": ""Parry"", ""entries"": [""{@actTrigger} The noble is hit by a melee attack roll while holding a weapon. {@actResponse} The noble adds 2 to its AC against that attack, possibly causing it to miss.""]}]",,
Ochre Jelly,XMM,"[""L""]",ooze,"[""U""]",[8],"{""average"": 52, ""formula"": ""7d10 + 14""}","{""walk"": 20, ""climb"": 20}",15,6,14,2,6,1,,,8,,2,"[{""name"": ""Amorphous"", ""entries"": [""The jelly can move through a space as narrow as 1 inch without expending extra movement to do so.""]}, {""name"": ""Spider Climb"", ""entries"": [""The jelly can climb difficult surfaces, including along ceilings, without needing to make an ability check.""]}]","[{""name"": ""Pseudopod"", ""entries"": [""{@atkr m} {@hit 4}, reach 5 ft. {@h}12 ({@damage 3d6 + 2}) Acid damage.""]}]",,"[{""name"": ""Split"", ""entries"": [""{@actTrigger} While the jelly is Large or Medium and has 10+ {@variantrule Hit Points|XPHB}, it becomes {@status Bloodied|XPHB} or is subjected to Lightning or Slashing damage. {@actResponse} The jelly splits into two new Ochre Jellies. Each new jelly is one size smaller than the original jelly and acts on its {@variantrule Initiative|XPHB}. The original jelly's {@variantrule Hit Points|XPHB} are divided evenly between the new jellies (round down).""]}]",,
Octopus,XMM,"[""S""]",beast,"[""U""]",[12],"{""average"": 3, ""formula"": ""1d6""}","{""walk"": 5, ""swim"": 30}",4,15,11,3,10,4,,"{""perception"": ""+2"", ""stealth"": ""+6""}",12,,0,"[{""name"": ""Compression"", ""entries"": [""The octopus can move through a space as narrow as 1 inch without expending extra movement to do so.""]}, {""name"": ""Water Breathing"", ""entries"": [""The octopus can breathe only underwater.""]}]","[{""name"": ""Tentacles"", ""entries"": [""{@atkr m} {@hit 4}, reach 5 ft. {@h}1 Bludgeoning damage.""]}]",,"[{""name"": ""Ink Cloud (1/Day)"", ""entries"": [""{@actTrigger} A creature ends its turn within 5 feet of the octopus while underwater. {@actResponse} The octopus releases ink that fills a 5-foot {@variantrule Cube [Area of Effect]|XPHB|Cube} centered on itself, and the octopus moves up to its {@variantrule Swim Speed|XPHB}. The {@variantrule Cube [Area of Effect]|XPHB|Cube} is {@variantrule Heavily Obscured|XPHB} for 1 minute or until a strong current or similar effect disperses the ink.""]}]",,
Ogre,XMM,"[""L""]",giant,"[""C"", ""E""]",[11],"{""average"": 68, ""formula"": ""8d10 + 24""}","{""walk"": 40}",19,8,16,5,7,7,,,8,"[""Common"", ""Giant""]",2,,"[{""name"": ""Greatclub"", ""entries"": [""{@atkr m} {@hit 6}, reach 5 ft. {@h}13 ({@damage 2d8 + 4}) Bludgeoning damage.""]}, {""name"": ""Javelin"", ""entries"": [""{@atkr m,r} {@hit 6}, reach 5 ft. or range 30/120 ft. {@h}11 ({@damage 2d6 + 4}) Piercing damage.""]}]",,,,
Ogre Zombie,XMM,"[""L""]",undead,"[""N"", ""E""]",[8],"{""average"": 85, ""formula"": ""9d10 + 36""}","{""walk"": 30}",19,6,18,3,6,5,"{""wis"": ""+0""}",,8,"[""understands Common and Giant but can't speak""]",2,"[{""name"": ""Undead Fortitude"", ""entries"": [""If damage reduces the zombie to 0 {@variantrule Hit Points|XPHB}, it makes a Constitution saving throw ({@dc 5} plus the damage taken) unless the damage is Radiant or from a {@variantrule Critical Hit|XPHB}. On a successful save, the zombie drops to 1 {@variantrule Hit Points|XPHB|Hit Point} instead.""]}]","[{""name"": ""Slam"", ""entries"": [""{@atkr m} {@hit 6}, reach 5 ft. {@h}13 ({@damage 2d8 + 4}) Bludgeoning damage.""]}]",,,,
Oni,XMM,"[""L""]",fiend,"[""L"", ""E""]",[17],"{""average"": 119, ""formula"": ""14d10 + 42""}","{""walk"": 30, ""fly"": {""number"": 30, ""condition"": ""(hover)""}, ""canHover"": true}",19,11,16,14,12,15,"{""dex"": ""+3"", ""con"": ""+6"", ""wis"": ""+4"", ""cha"": ""+5""}","{""arcana"": ""+5"", ""deception"": ""+8"", ""perception"": ""+4""}",14,"[""Common"", ""Giant""]",7,"[{""name"": ""Regeneration"", ""entries"": [""The oni regains 10 {@variantrule Hit Points|XPHB} at the start of each of its turns if it has at least 1 {@variantrule Hit Points|XPHB|Hit Point}.""]}]","[{""name"": ""Multiattack"", ""entries"": [""The oni makes two Claw or Nightmare Ray attacks. It can replace one attack with a use of Spellcasting.""]}, {""name"": ""Claw"", ""entries"": [""{@atkr m} {@hit 7}, reach 10 ft. {@h}10 ({@damage 1d12 + 4}) Slashing damage plus 9 ({@damage 2d8}) Necrotic damage.""]}, {""name"": ""Nightmare Ray"", ""entries"": [""{@atkr r} {@hit 5}, range 60 ft. {@h}9 ({@damage 2d6 + 2}) Psychic damage, and the target has the {@condition Frightened|XPHB} condition until the start of the oni's next turn.""]}, {""name"": ""Shape-Shift"", ""entries"": [""The oni shape-shifts into a Small or Medium Humanoid or a Large Giant, or it returns to its true form. Other than its size, its game statistics are the same in each form. Any equipment it is wearing or carrying isn't transformed.""]}]",,,,"[{""name"": ""Spellcasting"", ""type"": ""spellcasting"", ""headerEntries"": [""The oni casts one of the following spells, requiring no Material components and using Charisma as the spellcasting ability (spell save {@dc 13}):""], ""daily"": {""1e"": [""{@spell Charm Person|XPHB} (level 2 version)"", ""{@spell Darkness|XPHB}"", ""{@spell Gaseous Form|XPHB}"", ""{@spell Sleep|XPHB}""]}, ""ability"": ""cha"", ""displayAs"": ""action""}, {""name"": ""Invisibility"", ""type"": ""spellcasting"", ""headerEntries"": [""The oni casts {@spell Invisibility|XPHB} on itself, requiring no spell components and using the same spellcasting ability as Spellcasting.""], ""will"": [""{@spell Invisibility|XPHB}""], ""ability"": ""cha"", ""displayAs"": ""bonus"", ""hidden"": [""will""]}]"
Otyugh,XMM,"[""L""]",aberration,"[""N""]",[14],"{""average"": 104, ""formula"": ""11d10 + 44""}","{""walk"": 30}",16,11,19,6,13,6,"{""con"": ""+7""}",,11,"[""Otyugh; telepathy 120 ft. (doesn't allow the receiving creature to respond telepathically)""]",5,,"[{""name"": ""Multiattack"", ""entries"": [""The otyugh makes one Bite attack and two Tentacle attacks.""]}, {""name"": ""Bite"", ""entries"": [""{@atkr m} {@hit 6}, reach 5 ft. {@h}12 ({@damage 2d8 + 3}) Piercing damage, and the target has the {@condition Poisoned|XPHB} condition. Whenever the {@condition Poisoned|XPHB} target finishes a {@variantrule Long Rest|XPHB}, it is subjected to the following effect. {@actSave con} {@dc 15}. {@actSaveFail} The target's {@variantrule Hit Points|XPHB|Hit Point} maximum decreases by 5 ({@dice 1d10}) and doesn't return to normal until the {@condition Poisoned|XPHB} condition ends on the target. {@actSaveSuccess} The {@condition Poisoned|XPHB} condition ends.""]}, {""name"": ""Tentacle"", ""entries"": [""{@atkr m} {@hit 6}, reach 10 ft. {@h}12 ({@damage 2d8 + 3}) Piercing damage. If the target is a Medium or smaller creature, it has the {@condition Grappled|XPHB} condition (escape {@dc 13}) from one of two tentacles.""]}, {""name"": ""Tentacle Slam"", ""entries"": [""{@actSave con} {@dc 14}, each creature {@condition Grappled|XPHB} by the otyugh. {@actSaveFail} 16 ({@damage 3d8 + 3}) Bludgeoning damage, and the target has the {@condition Stunned|XPHB} condition until the start of the otyugh's next turn. {@actSaveSuccess} Half damage only.""]}]",,,,
Owl,XMM,"[""T""]",beast,"[""U""]",[11],"{""average"": 1, ""formula"": ""1d4 - 1""}","{""walk"": 5, ""fly"": 60}",3,13,8,2,12,7,,"{""perception"": ""+5"", ""stealth"": ""+5""}",15,,0,"[{""name"": ""Flyby"", ""entries"": [""The owl doesn't provoke {@action Opportunity Attack|XPHB|Opportunity Attacks} when it flies out of an enemy's reach.""]}]","[{""name"": ""Talons"", ""entries"": [""{@atkr m} {@hit 3}, reach 5 ft. {@h}1 Slashing damage.""]}]",,,,
Owlbear,XMM,"[""L""]",monstrosity,"[""U""]",[13],"{""average"": 59, ""formula"": ""7d10 + 21""}","{""walk"": 40, ""climb"": 40}",20,12,17,3,12,7,,"{""perception"": ""+5""}",15,,3,,"[{""name"": ""Multiattack"", ""entries"": [""The owlbear makes two Rend attacks.""]}, {""name"": ""Rend"", ""entries"": [""{@atkr m} {@hit 7}, reach 5 ft. {@h}14 ({@damage 2d8 + 5}) Slashing damage.""]}]",,,,
Panther,XMM,"[""M""]",beast,"[""U""]",[13],"{""average"": 13, ""formula"": ""3d8""}","{""walk"": 50, ""climb"": 40}",14,16,10,3,14,7,,"{""perception"": ""+4"", ""stealth"": ""+6""}",14,,1/4,,"[{""name"": ""Rend"", ""entries"": [""{@atkr m} {@hit 5}, reach 5 ft. {@h}6 ({@damage 1d6 + 3}) Slashing damage.""]}]","[{""name"": ""Nimble Escape"", ""entries"": [""The panther takes the {@action Disengage|XPHB} or {@action Hide|XPHB} action.""]}]",,,
Pegasus,XMM,"[""L""]",celestial,"[""C"", ""G""]",[12],"{""average"": 59, ""formula"": ""7d10 + 21""}","{""walk"": 60, ""fly"": 90}",18,15,16,10,15,13,"{""dex"": ""+4"", ""con"": ""+5"", ""wis"": ""+4"", ""cha"": ""+3""}","{""perception"": ""+6""}",16,"[""understands Celestial"", ""Common"", ""Elvish"", ""and Sylvan but can't speak""]",2,,"[{""name"": ""Hooves"", ""entries"": [""{@atkr m} {@hit 6}, reach 5 ft. {@h}7 ({@damage 1d6 + 4}) Bludgeoning damage plus 5 ({@damage 2d4}) Radiant damage.""]}]",,,,
Phase Spider,XMM,"[""L""]",monstrosity,"[""U""]",[14],"{""average"": 45, ""formula"": ""7d10 + 7""}","{""walk"": 30, ""climb"": 30}",15,16,12,6,10,6,,"{""stealth"": ""+7""}",10,,3,"[{""name"": ""Ethereal Sight"", ""entries"": [""The spider can see 60 feet into the Ethereal Plane while on the Material Plane and vice versa.""]}, {""name"": ""Spider Climb"", ""entries"": [""The spider can climb difficult surfaces, including along ceilings, without needing to make an ability check.""]}, {""name"": ""Web Walker"", ""entries"": [""The spider ignores movement restrictions caused by webs, and the spider knows the location of any other creature in contact with the same web.""]}]","[{""name"": ""Multiattack"", ""entries"": [""The spider makes two Bite attacks.""]}, {""name"": ""Bite"", ""entries"": [""{@atkr m} {@hit 5}, reach 5 ft. {@h}8 ({@damage 1d10 + 3}) Piercing damage plus 9 ({@damage 2d8}) Poison damage. If this damage reduces the target to 0 {@variantrule Hit Points|XPHB}, the target becomes {@variantrule Stable|XPHB}, and it has the {@condition Poisoned|XPHB} condition for 1 hour. While {@condition Poisoned|XPHB}, the target also has the {@condition Paralyzed|XPHB} condition.""]}]","[{""name"": ""Ethereal Jaunt"", ""entries"": [""The spider teleports from the Material Plane to the Ethereal Plane or vice versa.""]}]",,,
Piranha,XMM,"[""T""]",beast,"[""U""]",[13],"{""average"": 1, ""formula"": ""1d4 - 1""}","{""walk"": 5, ""swim"": 40}",2,16,9,1,7,2,,,8,,0,"[{""name"": ""Water Breathing"", ""entries"": [""The piranha can breathe only underwater.""]}]","[{""name"": ""Bite"", ""entries"": [""{@atkr m} {@hit 5} (with {@variantrule Advantage|XPHB} if the target doesn't have all its {@variantrule Hit Points|XPHB}), reach 5 ft. {@h}1 Piercing damage.""]}]",,,,
Pirate,XMM,"[""S"", ""M""]",humanoid,"[""N""]",[14],"{""average"": 33, ""formula"": ""6d8 + 6""}","{""walk"": 30}",10,16,12,8,12,14,"{""dex"": ""+5"", ""cha"": ""+4""}",,11,"[""Common plus one other language""]",1,,"[{""name"": ""Multiattack"", ""entries"": [""The pirate makes two Dagger attacks. It can replace one attack with a use of Enthralling Panache.""]}, {""name"": ""Dagger"", ""entries"": [""{@atkr m,r} {@hit 5}, reach 5 ft. or range 20/60 ft. {@h}5 ({@damage 1d4 + 3}) Piercing damage.""]}, {""name"": ""Enthralling Panache"", ""entries"": [""{@actSave wis} {@dc 12}, one creature the pirate can see within 30 feet. {@actSaveFail} The target has the {@condition Charmed|XPHB} condition until the start of the pirate's next turn.""]}]",,,,
Pirate Captain,XMM,"[""S"", ""M""]",humanoid,"[""N""]",[17],"{""average"": 84, ""formula"": ""13d8 + 26""}","{""walk"": 30}",10,18,14,10,14,17,"{""str"": ""+3"", ""dex"": ""+7"", ""wis"": ""+5"", ""cha"": ""+6""}","{""acrobatics"": ""+7"", ""perception"": ""+5""}",15,"[""Common plus one other language""]",6,,"[{""name"": ""Multiattack"", ""entries"": [""The pirate makes three attacks, using Rapier or Pistol in any combination.""]}, {""name"": ""Rapier"", ""entries"": [""{@atkr m} {@hit 7}, reach 5 ft. {@h}13 ({@damage 2d8 + 4}) Piercing damage, and the pirate has {@variantrule Advantage|XPHB} on the next attack roll it makes before the end of this turn.""]}, {""name"": ""Pistol"", ""entries"": [""{@atkr r} {@hit 7}, range 30/90 ft. {@h}15 ({@damage 2d10 + 4}) Piercing damage.""]}]","[{""name"": ""Captain's Charm"", ""entries"": [""{@actSave wis} {@dc 14}, one creature the pirate can see within 30 feet. {@actSaveFail} The target has the {@condition Charmed|XPHB} condition until the start of the pirate's next turn.""]}]","[{""name"": ""Riposte"", ""entries"": [""{@actTrigger} The pirate is hit by a melee attack roll while holding a weapon. {@actResponse} The pirate adds 3 to its AC against that attack, possibly causing it to miss. On a miss, the pirate makes one Rapier attack against the triggering creature if within range.""]}]",,
Pit Fiend,XMM,"[""L""]","{""type"": ""fiend"", ""tags"": [""devil""]}","[""L"", ""E""]",[21],"{""average"": 337, ""formula"": ""27d10 + 189""}","{""walk"": 30, ""fly"": 60}",26,14,24,22,18,24,"{""dex"": ""+8"", ""wis"": ""+10""}","{""perception"": ""+10"", ""persuasion"": ""+19""}",20,"[""Infernal; telepathy 120 ft.""]",20,"[{""name"": ""Diabolical Restoration"", ""entries"": [""If the pit fiend dies outside the Nine Hells, its body disappears in sulfurous smoke, and it gains a new body instantly, reviving with all its {@variantrule Hit Points|XPHB} somewhere in the Nine Hells.""]}, {""name"": ""Fear Aura"", ""entries"": [""The pit fiend emanates an aura in a 20-foot {@variantrule Emanation [Area of Effect]|XPHB|Emanation} while it doesn't have the {@condition Incapacitated|XPHB} condition. {@actSave wis} {@dc 21}, any enemy that starts its turn in the aura. {@actSaveFail} The target has the {@condition Frightened|XPHB} condition until the start of its next turn. {@actSaveSuccess} The target is immune to this pit fiend's aura for 24 hours.""]}, {""name"": ""Legendary Resistance (4/Day)"", ""entries"": [""If the pit fiend fails a saving throw, it can choose to succeed instead.""]}, {""name"": ""Magic Resistance"", ""entries"": [""The pit fiend has {@variantrule Advantage|XPHB} on saving throws against spells and other magical effects.""]}]","[{""name"": ""Multiattack"", ""entries"": [""The pit fiend makes one Bite attack, two Devilish Claw attacks, and one Fiery Mace attack.""]}, {""name"": ""Bite"", ""entries"": [""{@atkr m} {@hit 14}, reach 10 ft. {@h}18 ({@damage 3d6 + 8}) Piercing damage. If the target is a creature, it must make the following saving throw. {@actSave con} {@dc 21}. {@actSaveFail} The target has the {@condition Poisoned|XPHB} condition. While {@condition Poisoned|XPHB}, the target can't regain {@variantrule Hit Points|XPHB} and takes 21 ({@damage 6d6}) Poison damage at the start of each of its turns, and it repeats the save at the end of each of its turns, ending the effect on itself on a success. After 1 minute, it succeeds automatically.""]}, {""name"": ""Devilish Claw"", ""entries"": [""{@atkr m} {@hit 14}, reach 10 ft. {@h}26 ({@damage 4d8 + 8}) Necrotic damage.""]}, {""name"": ""Fiery Mace"", ""entries"": [""{@atkr m} {@hit 14}, reach 10 ft. {@h}22 ({@damage 4d6 + 8}) Force damage plus 21 ({@damage 6d6}) Fire damage.""]}]",,,,"[{""name"": ""Hellfire Spellcasting {@recharge 4}"", ""type"": ""spellcasting"", ""headerEntries"": [""The pit fiend casts {@spell Fireball|XPHB} (level 5 version) twice, requiring no Material components and using Charisma as the spellcasting ability (spell save {@dc 21}). It can replace one {@spell Fireball|XPHB} with {@spell Hold Monster|XPHB} (level 7 version) or {@spell Wall of Fire|XPHB}.""], ""recharge"": {""4"": [""{@spell Fireball|XPHB} (level 5 version)"", ""{@spell Hold Monster|XPHB} (level 7 version)"", ""{@spell Wall of Fire|XPHB}""]}, ""ability"": ""cha"", ""displayAs"": ""action"", ""hidden"": [""recharge""]}]"
Planetar,XMM,"[""L""]","{""type"": ""celestial"", ""tags"": [""angel""]}","[""L"", ""G""]",[19],"{""average"": 262, ""formula"": ""21d10 + 147""}","{""walk"": 40, ""fly"": {""number"": 120, ""condition"": ""(hover)""}, ""canHover"": true}",24,20,24,19,22,25,"{""str"": ""+12"", ""con"": ""+12"", ""wis"": ""+11"", ""cha"": ""+12""}","{""perception"": ""+11""}",21,"[""all; telepathy 120 ft.""]",16,"[{""name"": ""Divine Awareness"", ""entries"": [""The planetar knows if it hears a lie.""]}, {""name"": ""Exalted Restoration"", ""entries"": [""If the planetar dies outside Mount Celestia, its body disappears, and it gains a new body instantly, reviving with all its {@variantrule Hit Points|XPHB} somewhere in Mount Celestia.""]}, {""name"": ""Magic Resistance"", ""entries"": [""The planetar has {@variantrule Advantage|XPHB} on saving throws against spells and other magical effects.""]}]","[{""name"": ""Multiattack"", ""entries"": [""The planetar makes three Radiant Sword attacks or uses Holy Burst twice.""]}, {""name"": ""Radiant Sword"", ""entries"": [""{@atkr m} {@hit 12}, reach 10 ft. {@h}14 ({@damage 2d6 + 7}) Slashing damage plus 18 ({@damage 4d8}) Radiant damage.""]}, {""name"": ""Holy Burst"", ""entries"": [""{@actSave dex} {@dc 20}, each enemy in a 20-foot-radius {@variantrule Sphere [Area of Effect]|XPHB|Sphere} centered on a point the planetar can see within 120 feet. {@actSaveFail} 24 ({@damage 7d6}) Radiant damage. {@actSaveSuccess} Half damage.""]}]",,,,"[{""name"": ""Spellcasting"", ""type"": ""spellcasting"", ""headerEntries"": [""The planetar casts one of the following spells, requiring no Material components and using Charisma as spellcasting ability (spell save {@dc 20}):""], ""will"": [""{@spell Detect Evil and Good|XPHB}""], ""daily"": {""1e"": [""{@spell Commune|XPHB}"", ""{@spell Control Weather|XPHB}"", ""{@spell Dispel Evil and Good|XPHB}"", ""{@spell Raise Dead|XPHB}""]}, ""ability"": ""cha"", ""displayAs"": ""action""}, {""name"": ""Divine Aid (2/Day)"", ""type"": ""spellcasting"", ""headerEntries"": [""The planetar casts {@spell Cure Wounds|XPHB}, {@spell Invisibility|XPHB}, {@spell Lesser Restoration|XPHB}, or {@spell Remove Curse|XPHB}, using the same spellcasting ability as Spellcasting.""], ""daily"": {""2"": [""{@spell Cure Wounds|XPHB}"", ""{@spell Invisibility|XPHB}"", ""{@spell Lesser Restoration|XPHB}"", ""{@spell Remove Curse|XPHB}""]}, ""ability"": ""cha"", ""displayAs"": ""bonus"", ""hidden"": [""daily""]}]"
Plesiosaurus,XMM,"[""L""]","{""type"": ""beast"", ""tags"": [""dinosaur""]}","[""U""]",[13],"{""average"": 68, ""formula"": ""8d10 + 24""}","{""walk"": 20, ""swim"": 40}",18,15,16,2,12,5,,"{""perception"": ""+3"", ""stealth"": ""+4""}",13,,2,"[{""name"": ""Hold Breath"", ""entries"": [""The plesiosaurus can hold its breath for 1 hour.""]}]","[{""name"": ""Bite"", ""entries"": [""{@atkr m} {@hit 6}, reach 10 ft. {@h}11 ({@damage 2d6 + 4}) Piercing damage.""]}]",,,,
Polar Bear,XMM,"[""L""]",beast,"[""U""]",[12],"{""average"": 42, ""formula"": ""5d10 + 15""}","{""walk"": 40, ""swim"": 40}",20,14,16,2,13,7,,"{""perception"": ""+5"", ""stealth"": ""+4""}",15,,2,,"[{""name"": ""Multiattack"", ""entries"": [""The bear makes two Rend attacks.""]}, {""name"": ""Rend"", ""entries"": [""{@atkr m} {@hit 7}, reach 5 ft. {@h}9 ({@damage 1d8 + 5}) Slashing damage.""]}]",,,,
Pony,XMM,"[""M""]",beast,"[""U""]",[10],"{""average"": 11, ""formula"": ""2d8 + 2""}","{""walk"": 40}",15,10,13,2,11,7,"{""str"": ""+4""}",,10,,1/8,,"[{""name"": ""Hooves"", ""entries"": [""{@atkr m} {@hit 4}, reach 5 ft. {@h}4 ({@damage 1d4 + 2}) Bludgeoning damage.""]}]",,,,
Priest,XMM,"[""S"", ""M""]","{""type"": ""humanoid"", ""tags"": [""cleric""]}","[""N""]",[13],"{""average"": 38, ""formula"": ""7d8 + 7""}","{""walk"": 30}",16,10,12,13,16,13,,"{""medicine"": ""+7"", ""perception"": ""+5"", ""religion"": ""+5""}",15,"[""Common plus one other language""]",2,,"[{""name"": ""Multiattack"", ""entries"": [""The priest makes two attacks, using Mace or Radiant Flame in any combination.""]}, {""name"": ""Mace"", ""entries"": [""{@atkr m} {@hit 5}, reach 5 ft. {@h}6 ({@damage 1d6 + 3}) Bludgeoning damage plus 5 ({@damage 2d4}) Radiant damage.""]}, {""name"": ""Radiant Flame"", ""entries"": [""{@atkr r} {@hit 5}, range 60 ft. {@h}11 ({@damage 2d10}) Radiant damage.""]}]",,,,"[{""name"": ""Spellcasting"", ""type"": ""spellcasting"", ""headerEntries"": [""The priest casts one of the following spells, using Wisdom as the spellcasting ability:""], ""will"": [""{@spell Light|XPHB}"", ""{@spell Thaumaturgy|XPHB}""], ""daily"": {""1"": [""{@spell Spirit Guardians|XPHB}""]}, ""ability"": ""wis"", ""displayAs"": ""action""}, {""name"": ""Divine Aid (3/Day)"", ""type"": ""spellcasting"", ""headerEntries"": [""The priest casts {@spell Bless|XPHB}, {@spell Dispel Magic|XPHB}, {@spell Healing Word|XPHB}, or {@spell Lesser Restoration|XPHB}, using the same spellcasting ability as Spellcasting.""], ""daily"": {""3"": [""{@spell Bless|XPHB}"", ""{@spell Dispel Magic|XPHB}"", ""{@spell Healing Word|XPHB}"", ""{@spell Lesser Restoration|XPHB}""]}, ""ability"": ""wis"", ""displayAs"": ""bonus"", ""hidden"": [""daily""]}]"
Priest Acolyte,XMM,"[""S"", ""M""]","{""type"": ""humanoid"", ""tags"": [""cleric""]}","[""N""]",[13],"{""average"": 11, ""formula"": ""2d8 + 2""}","{""walk"": 30}",14,10,12,10,14,11,,"{""medicine"": ""+4"", ""religion"": ""+2""}",12,"[""Common""]",1/4,,"[{""name"": ""Mace"", ""entries"": [""{@atkr m} {@hit 4}, reach 5 ft. {@h}5 ({@damage 1d6 + 2}) Bludgeoning damage plus 2 ({@damage 1d4}) Radiant damage.""]}, {""name"": ""Radiant Flame"", ""entries"": [""{@atkr r} {@hit 4}, range 60 ft. {@h}7 ({@damage 2d6}) Radiant damage.""]}]",,,,"[{""name"": ""Spellcasting"", ""type"": ""spellcasting"", ""headerEntries"": [""The priest casts one of the following spells, using Wisdom as the spellcasting ability:""], ""will"": [""{@spell Light|XPHB}"", ""{@spell Thaumaturgy|XPHB}""], ""ability"": ""wis"", ""displayAs"": ""action""}, {""name"": ""Divine Aid (1/Day)"", ""type"": ""spellcasting"", ""headerEntries"": [""The priest casts {@spell Bless|XPHB}, {@spell Healing Word|XPHB}, or {@spell Sanctuary|XPHB}, using the same spellcasting ability as Spellcasting.""], ""daily"": {""1"": [""{@spell Bless|XPHB}"", ""{@spell Healing Word|XPHB}"", ""{@spell Sanctuary|XPHB}""]}, ""ability"": ""wis"", ""displayAs"": ""bonus"", ""hidden"": [""daily""]}]"
Pseudodragon,XMM,"[""T""]",dragon,"[""N"", ""G""]",[14],"{""average"": 10, ""formula"": ""3d4 + 3""}","{""walk"": 15, ""fly"": 60}",6,15,13,10,12,10,,"{""perception"": ""+5"", ""stealth"": ""+4""}",15,"[""understands Common and Draconic but can't speak""]",1/4,"[{""name"": ""Magic Resistance"", ""entries"": [""The pseudodragon has {@variantrule Advantage|XPHB} on saving throws against spells and other magical effects.""]}]","[{""name"": ""Multiattack"", ""entries"": [""The pseudodragon makes two Bite attacks.""]}, {""name"": ""Bite"", ""entries"": [""{@atkr m} {@hit 4}, reach 5 ft. {@h}4 ({@damage 1d4 + 2}) Piercing damage.""]}, {""name"": ""Sting"", ""entries"": [""{@actSave con} {@dc 12}, one creature the pseudodragon can see within 5 feet. {@actSaveFail} 5 ({@damage 2d4}) Poison damage, and the target has the {@condition Poisoned|XPHB} condition for 1 hour. While {@condition Poisoned|XPHB}, the target also has the {@condition Unconscious|XPHB} condition, which ends early if the target takes damage or a creature within 5 feet of it takes an action to wake it.""]}]",,,,
Psychic Gray Ooze,XMM,"[""M""]",ooze,"[""U""]",[9],"{""average"": 37, ""formula"": ""5d8 + 15""}","{""walk"": 10, ""climb"": 10}",12,8,16,10,6,2,,"{""stealth"": ""+3""}",8,,1,"[{""name"": ""Amorphous"", ""entries"": [""The ooze can move through a space as narrow as 1 inch without expending extra movement to do so.""]}]","[{""name"": ""Pseudopod"", ""entries"": [""{@atkr m} {@hit 3}, reach 5 ft. {@h}11 ({@damage 3d6 + 1}) Acid damage, and the target has {@variantrule Disadvantage|XPHB} on Intelligence saving throws until the end of the ooze's next turn.""]}, {""name"": ""Psychic Crush"", ""entries"": [""{@actSave int} {@dc 10}, one creature the ooze can see within 60 feet. {@actSaveFail} 13 ({@damage 3d8}) Psychic damage.""]}]",,"[{""name"": ""Mind Corrosion"", ""entries"": [""{@actTrigger} The ooze fails a saving throw against a spell or another magical effect created by a creature. {@actResponse} The triggering creature takes 3 ({@damage 1d6}) Psychic damage.""]}]",,
Pteranodon,XMM,"[""M""]","{""type"": ""beast"", ""tags"": [""dinosaur""]}","[""U""]",[13],"{""average"": 13, ""formula"": ""3d8""}","{""walk"": 10, ""fly"": 60}",12,15,10,2,9,5,,"{""perception"": ""+1""}",11,,1/4,"[{""name"": ""Flyby"", ""entries"": [""The pteranodon doesn't provoke an Opportunity Attack when it flies out of an enemy's reach.""]}]","[{""name"": ""Bite"", ""entries"": [""{@atkr m} {@hit 4}, reach 5 ft. {@h}6 ({@damage 1d8 + 2}) Piercing damage.""]}]",,,,
Purple Worm,XMM,"[""G""]",monstrosity,"[""U""]",[18],"{""average"": 247, ""formula"": ""15d20 + 90""}","{""walk"": 50, ""burrow"": 50}",28,7,22,1,8,4,"{""con"": ""+11"", ""wis"": ""+4""}",,9,,15,"[{""name"": ""Tunneler"", ""entries"": [""The worm can burrow through solid rock at half its {@variantrule Burrow Speed|XPHB} and leaves a 10-foot-diameter tunnel in its wake.""]}]","[{""name"": ""Multiattack"", ""entries"": [""The worm makes one Bite attack and one Tail Stinger attack.""]}, {""name"": ""Bite"", ""entries"": [""{@atkr m} {@hit 14}, reach 10 ft. {@h}22 ({@damage 3d8 + 9}) Piercing damage. If the target is a Large or smaller creature, it has the {@condition Grappled|XPHB} condition (escape {@dc 19}), and it has the {@condition Restrained|XPHB} condition until the grapple ends.""]}, {""name"": ""Tail Stinger"", ""entries"": [""{@atkr m} {@hit 14}, reach 10 ft. {@h}16 ({@damage 2d6 + 9}) Piercing damage plus 35 ({@damage 10d6}) Poison damage.""]}]","[{""name"": ""Swallow"", ""entries"": [""{@actSave str} {@dc 19}, one Large or smaller creature {@condition Grappled|XPHB} by the worm (it can have up to three creatures swallowed at a time). {@actSaveFail} The target is swallowed by the worm, and the {@condition Grappled|XPHB} condition ends. A swallowed creature has the {@condition Blinded|XPHB} and {@condition Restrained|XPHB} conditions, has {@variantrule Cover|XPHB|Total Cover} against attacks and other effects outside the worm, and takes 17 ({@damage 5d6}) Acid damage at the start of each of the worm's turns."", ""If the worm takes 30 damage or more on a single turn from a creature inside it, the worm must succeed on a {@dc 21} Constitution saving throw at the end of that turn or regurgitate all swallowed creatures, each of which falls in a space within 5 feet of the worm and has the {@condition Prone|XPHB} condition. If the worm dies, any swallowed creature no longer has the {@condition Restrained|XPHB} condition and can escape from the corpse using 20 feet of movement, exiting {@condition Prone|XPHB}.""]}]",,,
Quasit,XMM,"[""T""]","{""type"": ""fiend"", ""tags"": [""demon""]}","[""C"", ""E""]",[13],"{""average"": 25, ""formula"": ""10d4""}","{""walk"": 40}",5,17,10,7,10,10,,"{""stealth"": ""+5""}",10,"[""Abyssal"", ""Common""]",1,"[{""name"": ""Magic Resistance"", ""entries"": [""The quasit has {@variantrule Advantage|XPHB} on saving throws against spells and other magical effects.""]}]","[{""name"": ""Rend"", ""entries"": [""{@atkr m} {@hit 5}, reach 5 ft. {@h}5 ({@damage 1d4 + 3}) Slashing damage, and the target has the {@condition Poisoned|XPHB} condition until the start of the quasit's next turn.""]}, {""name"": ""Scare (1/Day)"", ""entries"": [""{@actSave wis} {@dc 10}, one creature within 20 feet. {@actSaveFail} The target has the {@condition Frightened|XPHB} condition. At the end of each of its turns, the target repeats the save, ending the effect on itself on a success. After 1 minute, it succeeds automatically.""]}, {""name"": ""Shape-Shift"", ""entries"": [""The quasit shape-shifts to resemble a bat ({@variantrule Speed|XPHB} 10 ft., Fly 40 ft.), a centipede (40 ft., Climb 40 ft.), or a toad (40 ft., Swim 40 ft.), or it returns to its true form. Its game statistics are the same in each form, except for its {@variantrule Speed|XPHB}. Any equipment it is wearing or carrying isn't transformed.""]}]",,,,"[{""name"": ""Invisibility"", ""type"": ""spellcasting"", ""headerEntries"": [""The quasit casts {@spell Invisibility|XPHB} on itself, requiring no spell components and using Charisma as the spellcasting ability.""], ""will"": [""{@spell Invisibility|XPHB}""], ""ability"": ""cha"", ""displayAs"": ""action"", ""hidden"": [""will""]}]"
Rakshasa,XMM,"[""M""]",fiend,"[""L"", ""E""]",[17],"{""average"": 221, ""formula"": ""26d8 + 104""}","{""walk"": 40}",14,17,18,13,16,20,,"{""deception"": ""+10"", ""insight"": ""+8"", ""perception"": ""+8""}",18,"[""Common"", ""Infernal""]",13,"[{""name"": ""Greater Magic Resistance"", ""entries"": [""The rakshasa automatically succeeds on saving throws against spells and other magical effects, and the attack rolls of spells automatically miss it. Without the rakshasa's permission, no spell can observe the rakshasa remotely or detect its thoughts, creature type, or alignment.""]}, {""name"": ""Fiendish Restoration"", ""entries"": [""If the rakshasa dies outside the Nine Hells, its body turns to ichor, and it gains a new body instantly, reviving with all its {@variantrule Hit Points|XPHB} somewhere in the Nine Hells.""]}]","[{""name"": ""Multiattack"", ""entries"": [""The rakshasa makes three Cursed Touch attacks.""]}, {""name"": ""Cursed Touch"", ""entries"": [""{@atkr m} {@hit 10}, reach 5 ft. {@h}12 ({@damage 2d6 + 5}) Slashing damage plus 19 ({@damage 3d12}) Necrotic damage. If the target is a creature, it is cursed. While cursed, the target gains no benefit from finishing a {@variantrule Short Rest|XPHB|Short} or {@variantrule Long Rest|XPHB}.""]}, {""name"": ""Baleful Command {@recharge 5}"", ""entries"": [""{@actSave wis} {@dc 18}, each enemy in a 30-foot {@variantrule Emanation [Area of Effect]|XPHB|Emanation} originating from the rakshasa. {@actSaveFail} 28 ({@damage 8d6}) Psychic damage, and the target has the {@condition Frightened|XPHB} and {@condition Incapacitated|XPHB} conditions until the start of the rakshasa's next turn.""]}]",,,,"[{""name"": ""Spellcasting"", ""type"": ""spellcasting"", ""headerEntries"": [""The rakshasa casts one of the following spells, requiring no Material components and using Charisma as the spellcasting ability (spell save {@dc 18}):""], ""will"": [""{@spell Detect Magic|XPHB}"", ""{@spell Detect Thoughts|XPHB}"", ""{@spell Disguise Self|XPHB}"", ""{@spell Mage Hand|XPHB}"", ""{@spell Minor Illusion|XPHB}""], ""daily"": {""1e"": [""{@spell Fly|XPHB}"", ""{@spell Invisibility|XPHB}"", ""{@spell Major Image|XPHB}"", ""{@spell Plane Shift|XPHB}""]}, ""ability"": ""cha"", ""displayAs"": ""action""}]"
Rat,XMM,"[""T""]",beast,"[""U""]",[10],"{""average"": 1, ""formula"": ""1d4 - 1""}","{""walk"": 20, ""climb"": 20}",2,11,9,2,10,4,,"{""perception"": ""+2""}",12,,0,"[{""name"": ""Agile"", ""entries"": [""The rat doesn't provoke {@action Opportunity Attack|XPHB|Opportunity Attacks} when it moves out of an enemy's reach.""]}]","[{""name"": ""Bite"", ""entries"": [""{@atkr m} {@hit 2}, reach 5 ft. {@h}1 Piercing damage.""]}]",,,,
Raven,XMM,"[""T""]",beast,"[""U""]",[12],"{""average"": 2, ""formula"": ""1d4""}","{""walk"": 10, ""fly"": 50}",2,14,10,5,13,6,,"{""perception"": ""+3""}",13,,0,"[{""name"": ""Mimicry"", ""entries"": [""The raven can mimic simple sounds it has heard, such as a whisper or chitter. A hearer can discern the sounds are imitations with a successful {@dc 10} Wisdom ({@skill Insight|XPHB}) check.""]}]","[{""name"": ""Beak"", ""entries"": [""{@atkr m} {@hit 4}, reach 5 ft. {@h}1 Piercing damage.""]}]",,,,
Red Dragon Wyrmling,XMM,"[""M""]","{""type"": ""dragon"", ""tags"": [""chromatic""]}","[""C"", ""E""]",[17],"{""average"": 75, ""formula"": ""10d8 + 30""}","{""walk"": 30, ""climb"": 30, ""fly"": 60}",19,10,17,12,11,15,"{""dex"": ""+2"", ""wis"": ""+2""}","{""perception"": ""+4"", ""stealth"": ""+2""}",14,"[""Draconic""]",4,,"[{""name"": ""Multiattack"", ""entries"": [""The dragon makes two Rend attacks.""]}, {""name"": ""Rend"", ""entries"": [""{@atkr m} {@hit 6}, reach 5 ft. {@h}9 ({@damage 1d10 + 4}) Slashing damage plus 3 ({@damage 1d6}) Fire damage.""]}, {""name"": ""Fire Breath {@recharge 5}"", ""entries"": [""{@actSave dex} {@dc 13}, each creature in a 15-foot {@variantrule Cone [Area of Effect]|XPHB|Cone}. {@actSaveFail} 24 ({@damage 7d6}) Fire damage. {@actSaveSuccess} Half damage.""]}]",,,,
Reef Shark,XMM,"[""M""]",beast,"[""U""]",[12],"{""average"": 22, ""formula"": ""4d8 + 4""}","{""walk"": 5, ""swim"": 30}",14,15,13,1,10,4,,"{""perception"": ""+2""}",12,,1/2,"[{""name"": ""Pack Tactics"", ""entries"": [""The shark has {@variantrule Advantage|XPHB} on an attack roll against a creature if at least one of the shark's allies is within 5 feet of the creature and the ally doesn't have the {@condition Incapacitated|XPHB} condition.""]}, {""name"": ""Water Breathing"", ""entries"": [""The shark can breathe only underwater.""]}]","[{""name"": ""Bite"", ""entries"": [""{@atkr m} {@hit 4}, reach 5 ft. {@h}7 ({@damage 2d4 + 2}) Piercing damage.""]}]",,,,
Remorhaz,XMM,"[""H""]",monstrosity,"[""U""]",[17],"{""average"": 195, ""formula"": ""17d12 + 85""}","{""walk"": 40, ""burrow"": 30}",24,13,21,4,10,5,,,10,,11,"[{""name"": ""Heat Aura"", ""entries"": [""At the end of each of the remorhaz's turns, each creature in a 5-foot {@variantrule Emanation [Area of Effect]|XPHB|Emanation} originating from the remorhaz takes 16 ({@damage 3d10}) Fire damage.""]}]","[{""name"": ""Bite"", ""entries"": [""{@atkr m} {@hit 11}, reach 10 ft. {@h}18 ({@damage 2d10 + 7}) Piercing damage plus 14 ({@damage 4d6}) Fire damage. If the target is a Large or smaller creature, it has the {@condition Grappled|XPHB} condition (escape {@dc 17}), and it has the {@condition Restrained|XPHB} condition until the grapple ends.""]}]","[{""name"": ""Swallow"", ""entries"": [""{@actSave str} {@dc 19}, one Large or smaller creature {@condition Grappled|XPHB} by the remorhaz (it can have up to two creatures swallowed at a time). {@actSaveFail} The target is swallowed by the remorhaz, and the {@condition Grappled|XPHB} condition ends. A swallowed creature has the {@condition Blinded|XPHB} and {@condition Restrained|XPHB} conditions, it has {@variantrule Cover|XPHB|Total Cover} against attacks and other effects outside the remorhaz, and it takes 10 ({@damage 3d6}) Acid damage plus 10 ({@damage 3d6}) Fire damage at the start of each of the remorhaz's turns."", ""If the remorhaz takes 30 damage or more on a single turn from a creature inside it, the remorhaz must succeed on a {@dc 15} Constitution saving throw at the end of that turn or regurgitate all swallowed creatures, each of which falls in a space within 5 feet of the remorhaz and has the {@condition Prone|XPHB} condition. If the remorhaz dies, any swallowed creature no longer has the {@condition Restrained|XPHB} condition and can escape from the corpse by using 15 feet of movement, exiting {@condition Prone|XPHB}.""]}]",,,
Rhinoceros,XMM,"[""L""]",beast,"[""U""]",[13],"{""average"": 45, ""formula"": ""6d10 + 12""}","{""walk"": 40}",21,8,15,2,12,6,,,11,,2,,"[{""name"": ""Gore"", ""entries"": [""{@atkr m} {@hit 7}, reach 5 ft. {@h}14 ({@damage 2d8 + 5}) Piercing damage. If target is a Large or smaller creature and the rhinoceros moved 20+ feet straight toward it immediately before the hit, the target takes an extra 9 ({@damage 2d8}) Piercing damage and has the {@condition Prone|XPHB} condition.""]}]",,,,
Riding Horse,XMM,"[""L""]",beast,"[""U""]",[11],"{""average"": 13, ""formula"": ""2d10 + 2""}","{""walk"": 60}",16,13,12,2,11,7,,,10,,1/4,,"[{""name"": ""Hooves"", ""entries"": [""{@atkr m} {@hit 5}, reach 5 ft. {@h}7 ({@damage 1d8 + 3}) Bludgeoning damage.""]}]",,,,
Roc,XMM,"[""G""]",monstrosity,"[""U""]",[15],"{""average"": 248, ""formula"": ""16d20 + 80""}","{""walk"": 20, ""fly"": 120}",28,10,20,3,10,9,"{""dex"": ""+4"", ""wis"": ""+4""}","{""perception"": ""+8""}",18,,11,,"[{""name"": ""Multiattack"", ""entries"": [""The roc makes two Beak attacks. It can replace one attack with a Talons attack.""]}, {""name"": ""Beak"", ""entries"": [""{@atkr m} {@hit 13}, reach 10 ft. {@h}28 ({@damage 3d12 + 9}) Piercing damage.""]}, {""name"": ""Talons"", ""entries"": [""{@atkr m} {@hit 13}, reach 5 ft. {@h}23 ({@damage 4d6 + 9}) Slashing damage. If the target is a Huge or smaller creature, it has the {@condition Grappled|XPHB} condition (escape {@dc 19}) from both talons, and it has the {@condition Restrained|XPHB} condition until the grapple ends.""]}]","[{""name"": ""Swoop {@recharge 5}"", ""entries"": [""If the roc has a creature {@condition Grappled|XPHB}, the roc flies up to half its {@variantrule Fly Speed|XPHB} without provoking {@action Opportunity Attack|XPHB|Opportunity Attacks} and drops that creature.""]}]",,,
Roper,XMM,"[""L""]",aberration,"[""N"", ""E""]",[20],"{""average"": 93, ""formula"": ""11d10 + 33""}","{""walk"": 10, ""climb"": 20}",18,8,17,7,16,6,,"{""perception"": ""+6"", ""stealth"": ""+5""}",16,,5,"[{""name"": ""Spider Climb"", ""entries"": [""The roper can climb difficult surfaces, including along ceilings, without needing to make an ability check.""]}]","[{""name"": ""Multiattack"", ""entries"": [""The roper makes two Tentacle attacks, uses Reel, and makes two Bite attacks.""]}, {""name"": ""Bite"", ""entries"": [""{@atkr m} {@hit 7}, reach 5 ft. {@h}17 ({@damage 3d8 + 4}) Piercing damage.""]}, {""name"": ""Tentacle"", ""entries"": [""{@atkr m} {@hit 7}, reach 60 ft. {@h}The target has the {@condition Grappled|XPHB} condition (escape {@dc 14}) from one of six tentacles, and the target has the {@condition Poisoned|XPHB} condition until the grapple ends."", ""The tentacle can be damaged, freeing a creature it has {@condition Grappled|XPHB} when destroyed (AC 20, HP 10, {@variantrule Immunity|XPHB} to Poison and Psychic damage). Damaging the tentacle deals no damage to the roper, and a destroyed tentacle regrows at the start of the roper's next turn.""]}, {""name"": ""Reel"", ""entries"": [""The roper pulls each creature {@condition Grappled|XPHB} by it up to 30 feet straight toward it.""]}]",,,,
Rust Monster,XMM,"[""M""]",monstrosity,"[""U""]",[14],"{""average"": 33, ""formula"": ""6d8 + 6""}","{""walk"": 40}",13,12,13,2,13,6,,,11,,1/2,"[{""name"": ""Iron Scent"", ""entries"": [""The rust monster can pinpoint the location of ferrous metal within 30 feet of itself.""]}]","[{""name"": ""Multiattack"", ""entries"": [""The rust monster makes one Bite attack and uses Antennae twice.""]}, {""name"": ""Bite"", ""entries"": [""{@atkr m} {@hit 3}, reach 5 ft. {@h}5 ({@damage 1d8 + 1}) Piercing damage.""]}, {""name"": ""Antennae"", ""entries"": [""The rust monster targets one nonmagical metal object—armor or a weapon—worn or carried by a creature within 5 feet of itself. {@actSave dex} {@dc 11}, the creature with the object. {@actSaveFail} The object takes a -1 penalty to the AC it offers (armor) or to its attack rolls (weapon). Armor is destroyed if the penalty reduces its AC to 10, and a weapon is destroyed if its penalty reaches -5. The penalty can be removed by casting the {@spell Mending|XPHB} spell on the armor or weapon.""]}, {""name"": ""Destroy Metal"", ""entries"": [""The rust monster touches a nonmagical metal object within 5 feet of itself that isn't being worn or carried. The touch destroys a 1-foot {@variantrule Cube [Area of Effect]|XPHB|Cube} of the object.""]}]",,"[{""name"": ""Reflexive Antennae"", ""entries"": [""{@actTrigger} An attack roll hits the rust monster. {@actResponse} The rust monster uses Antennae.""]}]",,
Saber-Toothed Tiger,XMM,"[""L""]",beast,"[""U""]",[13],"{""average"": 52, ""formula"": ""7d10 + 14""}","{""walk"": 40}",18,17,15,3,12,8,"{""str"": ""+6"", ""dex"": ""+5""}","{""perception"": ""+5"", ""stealth"": ""+7""}",15,,2,"[{""name"": ""Running Leap"", ""entries"": [""With a 10-foot running start, the tiger can {@variantrule Long Jump|XPHB} up to 25 feet.""]}]","[{""name"": ""Multiattack"", ""entries"": [""The tiger makes two Rend attacks.""]}, {""name"": ""Rend"", ""entries"": [""{@atkr m} {@hit 6}, reach 5 ft. {@h}11 ({@damage 2d6 + 4}) Slashing damage.""]}]","[{""name"": ""Nimble Escape"", ""entries"": [""The tiger takes the {@action Disengage|XPHB} or {@action Hide|XPHB} action.""]}]",,,
Sahuagin Warrior,XMM,"[""M""]",fiend,"[""L"", ""E""]",[12],"{""average"": 22, ""formula"": ""4d8 + 4""}","{""walk"": 30, ""swim"": 40}",13,11,12,12,13,9,,"{""perception"": ""+5""}",15,"[""Sahuagin""]",1/2,"[{""name"": ""Blood Frenzy"", ""entries"": [""The sahuagin has {@variantrule Advantage|XPHB} on attack rolls against any creature that doesn't have all its {@variantrule Hit Points|XPHB}.""]}, {""name"": ""Limited Amphibiousness"", ""entries"": [""The sahuagin can breathe air and water, but it must be submerged at least once every 4 hours to avoid suffocating outside water.""]}, {""name"": ""Shark Telepathy"", ""entries"": [""The sahuagin can magically control sharks within 120 feet of itself, using a special telepathy.""]}]","[{""name"": ""Multiattack"", ""entries"": [""The sahuagin makes two Claw attacks.""]}, {""name"": ""Claw"", ""entries"": [""{@atkr m} {@hit 3}, reach 5 ft. {@h}4 ({@damage 1d6 + 1}) Slashing damage.""]}]","[{""name"": ""Aquatic Charge"", ""entries"": [""The sahuagin swims up to its {@variantrule Swim Speed|XPHB} straight toward an enemy it can see.""]}]",,,
Salamander,XMM,"[""L""]",elemental,"[""N"", ""E""]",[15],"{""average"": 90, ""formula"": ""12d10 + 24""}","{""walk"": 30, ""climb"": 30}",18,14,15,11,10,12,,,10,"[""Primordial (Ignan)""]",5,"[{""name"": ""Fire Aura"", ""entries"": [""At the end of each of the salamander's turns, each creature of the salamander's choice in a 5-foot {@variantrule Emanation [Area of Effect]|XPHB|Emanation} originating from the salamander takes 7 ({@damage 2d6}) Fire damage.""]}]","[{""name"": ""Multiattack"", ""entries"": [""The salamander makes two Flame Spear attacks. It can replace one attack with a use of Constrict.""]}, {""name"": ""Flame Spear"", ""entries"": [""{@atkr m,r} {@hit 7}, reach 5 ft. or range 20/60 ft. {@h}13 ({@damage 2d8 + 4}) Piercing damage plus 7 ({@damage 2d6}) Fire damage. {@hom}The spear magically returns to the salamander's hand immediately after a ranged attack.""]}, {""name"": ""Constrict"", ""entries"": [""{@actSave str} {@dc 15}, one Large or smaller creature the salamander can see within 10 feet. {@actSaveFail} 11 ({@damage 2d6 + 4}) Bludgeoning damage plus 7 ({@damage 2d6}) Fire damage. The target has the {@condition Grappled|XPHB} condition (escape {@dc 14}), and it has the {@condition Restrained|XPHB} condition until the grapple ends.""]}]",,,,
Satyr,XMM,"[""M""]",fey,"[""C"", ""N""]",[13],"{""average"": 31, ""formula"": ""7d8""}","{""walk"": 40}",12,16,11,12,10,14,,"{""perception"": ""+2"", ""performance"": ""+6"", ""stealth"": ""+5""}",12,"[""Common"", ""Elvish"", ""Sylvan""]",1/2,"[{""name"": ""Magic Resistance"", ""entries"": [""The satyr has {@variantrule Advantage|XPHB} on saving throws against spells and other magical effects.""]}]","[{""name"": ""Hooves"", ""entries"": [""{@atkr m} {@hit 5}, reach 5 ft. {@h}5 ({@damage 1d4 + 3}) Bludgeoning damage. If the target is a Medium or smaller creature, the satyr pushes the target up to 10 feet straight away from itself.""]}, {""name"": ""Mockery"", ""entries"": [""{@actSave wis} {@dc 12}, one creature the satyr can see within 90 feet. {@actSaveFail} 5 ({@damage 1d6 + 2}) Psychic damage.""]}]",,,,
Scorpion,XMM,"[""T""]",beast,"[""U""]",[11],"{""average"": 1, ""formula"": ""1d4 - 1""}","{""walk"": 10}",2,11,8,1,8,2,,,9,,0,,"[{""name"": ""Sting"", ""entries"": [""{@atkr m} {@hit 2}, reach 5 ft. {@h}1 Piercing damage plus 3 ({@damage 1d6}) Poison damage.""]}]",,,,
Scout,XMM,"[""S"", ""M""]",humanoid,"[""N""]",[13],"{""average"": 16, ""formula"": ""3d8 + 3""}","{""walk"": 30}",11,14,12,11,13,11,,"{""nature"": ""+4"", ""perception"": ""+5"", ""stealth"": ""+6"", ""survival"": ""+5""}",15,"[""Common plus one other language""]",1/2,,"[{""name"": ""Multiattack"", ""entries"": [""The scout makes two attacks, using Shortsword and Longbow in any combination.""]}, {""name"": ""Shortsword"", ""entries"": [""{@atkr m} {@hit 4}, reach 5 ft. {@h}5 ({@damage 1d6 + 2}) Piercing damage.""]}, {""name"": ""Longbow"", ""entries"": [""{@atkr r} {@hit 4}, range 150/600 ft. {@h}6 ({@damage 1d8 + 2}) Piercing damage.""]}]",,,,
Sea Hag,XMM,"[""M""]",fey,"[""C"", ""E""]",[14],"{""average"": 52, ""formula"": ""7d8 + 21""}","{""walk"": 30, ""swim"": 40}",16,13,16,12,12,13,,,11,"[""Common"", ""Giant"", ""Primordial (Aquan)""]",2,"[{""name"": ""Amphibious"", ""entries"": [""The hag can breathe air and water.""]}, {""name"": ""Vile Appearance"", ""entries"": [""{@actSave wis} {@dc 11}, any Beast or Humanoid that starts its turn within 30 feet of the hag and can see the hag's true form. {@actSaveFail} The target has the {@condition Frightened|XPHB} condition until the start of its next turn. {@actSaveSuccess} The target is immune to this hag's Vile Appearance for 24 hours.""]}]","[{""name"": ""Claw"", ""entries"": [""{@atkr m} {@hit 5}, reach 5 ft. {@h}10 ({@damage 2d6 + 3}) Slashing damage.""]}, {""name"": ""Death Glare {@recharge 5}"", ""entries"": [""{@actSave wis} {@dc 11}, one {@condition Frightened|XPHB} creature the hag can see within 30 feet. {@actSaveFail} If the target has 20 {@variantrule Hit Points|XPHB} or fewer, it drops to 0 {@variantrule Hit Points|XPHB}. Otherwise, the target takes 13 ({@damage 3d8}) Psychic damage.""]}]",,,,"[{""name"": ""Coven Magic"", ""type"": ""spellcasting"", ""headerEntries"": [""While within 30 feet of at least two hag allies, the hag can cast one of the following spells, requiring no Material components, using the spell's normal casting time, and using Intelligence as the spellcasting ability (spell save {@dc 11}): {@spell Augury|XPHB}, {@spell Find Familiar|XPHB}, {@spell Identify|XPHB}, {@spell Locate Object|XPHB}, {@spell Scrying|XPHB}, or {@spell Unseen Servant|XPHB}. The hag must finish a {@variantrule Long Rest|XPHB} before using this trait to cast that spell again.""], ""restLong"": {""1"": [""{@spell Augury|XPHB}"", ""{@spell Find Familiar|XPHB}"", ""{@spell Identify|XPHB}"", ""{@spell Locate Object|XPHB}"", ""{@spell Scrying|XPHB}"", ""{@spell Unseen Servant|XPHB}""]}, ""ability"": ""int"", ""hidden"": [""restLong""]}, {""name"": ""Illusory Appearance"", ""type"": ""spellcasting"", ""headerEntries"": [""The hag casts {@spell Disguise Self|XPHB}, using Constitution as the spellcasting ability (spell save {@dc 13}). The spell's duration is 24 hours.""], ""will"": [""{@spell Disguise Self|XPHB}""], ""ability"": ""con"", ""displayAs"": ""action"", ""hidden"": [""will""]}]"
Seahorse,XMM,"[""T""]",beast,"[""U""]",[12],"{""average"": 1, ""formula"": ""1d4 - 1""}","{""walk"": 5, ""swim"": 20}",1,12,8,1,10,2,,"{""perception"": ""+2"", ""stealth"": ""+5""}",12,,"{""cr"": ""0"", ""xp"": 0}","[{""name"": ""Water Breathing"", ""entries"": [""The seahorse can breathe only underwater.""]}]","[{""name"": ""Bubble Dash"", ""entries"": [""While underwater, the seahorse moves up to its {@variantrule Swim Speed|XPHB} without provoking {@action Opportunity Attack|XPHB|Opportunity Attacks}.""]}]",,,,
Shadow,XMM,"[""M""]",undead,"[""C"", ""E""]",[12],"{""average"": 27, ""formula"": ""5d8 + 5""}","{""walk"": 40}",6,14,13,6,10,8,,"{""stealth"": ""+6""}",10,,1/2,"[{""name"": ""Amorphous"", ""entries"": [""The shadow can move through a space as narrow as 1 inch without expending extra movement to do so.""]}, {""name"": ""Sunlight Weakness"", ""entries"": [""While in sunlight, the shadow has {@variantrule Disadvantage|XPHB} on {@variantrule D20 Test|XPHB|D20 Tests}.""]}]","[{""name"": ""Draining Swipe"", ""entries"": [""{@atkr m} {@hit 4}, reach 5 ft. {@h}5 ({@damage 1d6 + 2}) Necrotic damage, and the target's Strength score decreases by {@dice 1d4}. The target dies if this reduces that score to 0. If a Humanoid is slain by this attack, a Shadow rises from the corpse {@dice 1d4} hours later.""]}]","[{""name"": ""Shadow Stealth"", ""entries"": [""While in {@variantrule Dim Light|XPHB} or {@variantrule Darkness|XPHB}, the shadow takes the {@action Hide|XPHB} action.""]}]",,,
Shambling Mound,XMM,"[""L""]",plant,"[""U""]",[15],"{""average"": 110, ""formula"": ""13d10 + 39""}","{""walk"": 30, ""swim"": 20}",18,8,16,5,10,5,,"{""stealth"": ""+3""}",10,,5,"[{""name"": ""Lightning Absorption"", ""entries"": [""Whenever the shambling mound is subjected to Lightning damage, it regains a number of {@variantrule Hit Points|XPHB} equal to the Lightning damage dealt.""]}]","[{""name"": ""Multiattack"", ""entries"": [""The shambling mound makes three Charged Tendril attacks. It can replace one attack with a use of Engulf.""]}, {""name"": ""Charged Tendril"", ""entries"": [""{@atkr m} {@hit 7}, reach 10 ft. {@h}7 ({@damage 1d6 + 4}) Bludgeoning damage plus 5 ({@damage 2d4}) Lightning damage. If the target is a Medium or smaller creature, the shambling mound pulls the target 5 feet straight toward itself.""]}, {""name"": ""Engulf"", ""entries"": [""{@actSave str} {@dc 15}, one Medium or smaller creature within 5 feet. {@actSaveFail} The target is pulled into the shambling mound's space and has the {@condition Grappled|XPHB} condition (escape {@dc 14}). Until the grapple ends, the target has the {@condition Blinded|XPHB} and {@condition Restrained|XPHB} conditions, and it takes 10 ({@damage 3d6}) Lightning damage at the start of each of its turns. When the shambling mound moves, the {@condition Grappled|XPHB} target moves with it, costing it no extra movement. The shambling mound can have only one creature {@condition Grappled|XPHB} by this action at a time.""]}]",,,,
Shield Guardian,XMM,"[""L""]",construct,"[""U""]",[17],"{""average"": 142, ""formula"": ""15d10 + 60""}","{""walk"": 30}",18,8,18,7,10,3,,,10,"[""understands commands given in any language but can't speak""]",7,"[{""name"": ""Bound"", ""entries"": [""The guardian is magically bound to an amulet. While the guardian and its amulet are on the same plane of existence, the amulet's wearer can telepathically call the guardian to travel to it, and the guardian knows the distance and direction to the amulet. If the guardian is within 60 feet of the amulet's wearer, half of any damage the wearer takes (round up) is transferred to the guardian.""]}, {""name"": ""Regeneration"", ""entries"": [""The guardian regains 10 {@variantrule Hit Points|XPHB} at the start of each of its turns if it has at least 1 {@variantrule Hit Points|XPHB|Hit Point}.""]}, {""name"": ""Spell Storing"", ""entries"": [""A spellcaster who wears the guardian's amulet can cause the guardian to store one spell of level 4 or lower. To do so, the wearer must cast the spell on the guardian while within 5 feet of it. The spell has no effect but is stored within the guardian. Any previously stored spell is lost when a new spell is stored. The guardian can cast the spell stored with any parameters set by the original caster, requiring no spell components and using the caster's spellcasting ability. The stored spell is then lost.""]}]","[{""name"": ""Multiattack"", ""entries"": [""The guardian makes two Fist attacks.""]}, {""name"": ""Fist"", ""entries"": [""{@atkr m} {@hit 7}, reach 10 ft. {@h}11 ({@damage 2d6 + 4}) Bludgeoning damage plus 7 ({@damage 2d6}) Force damage.""]}]",,"[{""name"": ""Protection"", ""entries"": [""{@actTrigger} An attack roll hits the wearer of the guardian's amulet while the wearer is within 5 feet of the guardian. {@actResponse} The wearer gains a +5 bonus to AC, including against the triggering attack and possibly causing it to miss, until the start of the guardian's next turn.""]}]",,
Shrieker Fungus,XMM,"[""M""]",plant,"[""U""]",[5],"{""average"": 13, ""formula"": ""3d8""}","{""walk"": 5}",1,1,10,1,3,1,,,6,,"{""cr"": ""0"", ""xp"": 0}",,,,"[{""name"": ""Shriek"", ""entries"": [""{@actTrigger} A creature or a source of {@variantrule Bright Light|XPHB} moves within 30 feet of the shrieker. {@actResponse} The shrieker emits a shriek audible within 300 feet of itself for 1 minute or until the shrieker dies.""]}]",,
Silver Dragon Wyrmling,XMM,"[""M""]","{""type"": ""dragon"", ""tags"": [""metallic""]}","[""L"", ""G""]",[17],"{""average"": 45, ""formula"": ""6d8 + 18""}","{""walk"": 30, ""fly"": 60}",19,10,17,12,11,15,"{""dex"": ""+2"", ""wis"": ""+2""}","{""perception"": ""+4"", ""stealth"": ""+2""}",14,"[""Draconic""]",2,,"[{""name"": ""Multiattack"", ""entries"": [""The dragon makes two Rend attacks.""]}, {""name"": ""Rend"", ""entries"": [""{@atkr m} {@hit 6}, reach 5 ft. {@h}9 ({@damage 1d10 + 4}) Piercing damage.""]}, {""name"": ""Cold Breath {@recharge 5}"", ""entries"": [""{@actSave con} {@dc 13}, each creature in a 15-foot {@variantrule Cone [Area of Effect]|XPHB|Cone}. {@actSaveFail} 18 ({@damage 4d8}) Cold damage. {@actSaveSuccess} Half damage.""]}, {""name"": ""Paralyzing Breath"", ""entries"": [""{@actSave con} {@dc 13}, each creature in a 15-foot {@variantrule Cone [Area of Effect]|XPHB|Cone}. {@actSaveFail 1} The target has the {@condition Incapacitated|XPHB} condition until the end of its next turn, when it repeats the save. {@actSaveFail 2} The target has the {@condition Paralyzed|XPHB} condition, and it repeats the save at the end of each of its turns, ending the effect on itself on a success. After 1 minute, it succeeds automatically.""]}]",,,,
Skeleton,XMM,"[""M""]",undead,"[""L"", ""E""]",[14],"{""average"": 13, ""formula"": ""2d8 + 4""}","{""walk"": 30}",10,16,15,6,8,5,,,9,"[""understands Common plus one other language but can't speak""]",1/4,,"[{""name"": ""Shortsword"", ""entries"": [""{@atkr m} {@hit 5}, reach 5 ft. {@h}6 ({@damage 1d6 + 3}) Piercing damage.""]}, {""name"": ""Shortbow"", ""entries"": [""{@atkr r} {@hit 5}, range 80/320 ft. {@h}6 ({@damage 1d6 + 3}) Piercing damage.""]}]",,,,
Solar,XMM,"[""L""]","{""type"": ""celestial"", ""tags"": [""angel""]}","[""L"", ""G""]",[21],"{""average"": 297, ""formula"": ""22d10 + 176""}","{""walk"": 50, ""fly"": {""number"": 150, ""condition"": ""(hover)""}, ""canHover"": true}",26,22,26,25,25,30,,"{""perception"": ""+14""}",24,"[""all; telepathy 120 ft.""]",21,"[{""name"": ""Divine Awareness"", ""entries"": [""The solar knows if it hears a lie.""]}, {""name"": ""Exalted Restoration"", ""entries"": [""If the solar dies outside Mount Celestia, its body disappears, and it gains a new body instantly, reviving with all its {@variantrule Hit Points|XPHB} somewhere in Mount Celestia.""]}, {""name"": ""Legendary Resistance (4/Day)"", ""entries"": [""If the solar fails a saving throw, it can choose to succeed instead.""]}, {""name"": ""Magic Resistance"", ""entries"": [""The solar has {@variantrule Advantage|XPHB} on saving throws against spells and other magical effects.""]}]","[{""name"": ""Multiattack"", ""entries"": [""The solar makes two Flying Sword attacks. It can replace one attack with a use of Slaying Bow.""]}, {""name"": ""Flying Sword"", ""entries"": [""{@atkr m,r} {@hit 15}, reach 10 ft. or range 120 ft. {@h}22 ({@damage 4d6 + 8}) Slashing damage plus 36 ({@damage 8d8}) Radiant damage. {@hom}The sword magically returns to the solar's hand or hovers within 5 feet of the solar immediately after a ranged attack.""]}, {""name"": ""Slaying Bow"", ""entries"": [""{@actSave dex} {@dc 21}, one creature the solar can see within 600 feet. {@actSaveFail} If the creature has 100 {@variantrule Hit Points|XPHB} or fewer, it dies. It otherwise takes 24 ({@damage 4d8 + 6}) Piercing damage plus 36 ({@damage 8d8}) Radiant damage.""]}]",,,"[{""name"": ""Blinding Gaze"", ""entries"": [""{@actSave con} {@dc 25}, one creature the solar can see within 120 feet. {@actSaveFail} The target has the {@condition Blinded|XPHB} condition for 1 minute. {@actSaveSuccessOrFail} The solar can't take this action again until the start of its next turn.""]}, {""name"": ""Radiant Teleport"", ""entries"": [""The solar teleports up to 60 feet to an unoccupied space it can see. {@actSave dex} {@dc 25}, each creature in a 10-foot {@variantrule Emanation [Area of Effect]|XPHB|Emanation} originating from the solar at its destination space. {@actSaveFail} 11 ({@damage 2d10}) Radiant damage. {@actSaveSuccess} Half damage.""]}]","[{""name"": ""Spellcasting"", ""type"": ""spellcasting"", ""headerEntries"": [""The solar casts one of the following spells, requiring no Material components and using Charisma as the spellcasting ability (spell save {@dc 25}):""], ""will"": [""{@spell Detect Evil and Good|XPHB}""], ""daily"": {""1e"": [""{@spell Commune|XPHB}"", ""{@spell Control Weather|XPHB}"", ""{@spell Dispel Evil and Good|XPHB}"", ""{@spell Resurrection|XPHB}""]}, ""ability"": ""cha"", ""displayAs"": ""action""}, {""name"": ""Divine Aid (3/Day)"", ""type"": ""spellcasting"", ""headerEntries"": [""The solar casts {@spell Cure Wounds|XPHB} (level 2 version), {@spell Lesser Restoration|XPHB}, or {@spell Remove Curse|XPHB}, using the same spellcasting ability as Spellcasting.""], ""daily"": {""3"": [""{@spell Cure Wounds|XPHB} (level 2 version)"", ""{@spell Lesser Restoration|XPHB}"", ""{@spell Remove Curse|XPHB}""]}, ""ability"": ""cha"", ""displayAs"": ""bonus"", ""hidden"": [""daily""]}]"
Specter,XMM,"[""M""]",undead,"[""C"", ""E""]",[12],"{""average"": 22, ""formula"": ""5d8""}","{""walk"": 30, ""fly"": {""number"": 50, ""condition"": ""(hover)""}, ""canHover"": true}",1,14,11,10,10,11,,,10,"[""understands Common plus one other language but can't speak""]",1,"[{""name"": ""Incorporeal Movement"", ""entries"": [""The specter can move through other creatures and objects as if they were {@variantrule Difficult Terrain|XPHB}. It takes 5 ({@damage 1d10}) Force damage if it ends its turn inside an object.""]}, {""name"": ""Sunlight Sensitivity"", ""entries"": [""While in sunlight, the specter has {@variantrule Disadvantage|XPHB} on ability checks and attack rolls.""]}]","[{""name"": ""Life Drain"", ""entries"": [""{@atkr m} {@hit 4}, reach 5 ft. {@h}7 ({@damage 2d6}) Necrotic damage. If the target is a creature, its {@variantrule Hit Points|XPHB|Hit Point} maximum decreases by an amount equal to the damage taken.""]}]",,,,
Sphinx of Lore,XMM,"[""L""]",celestial,"[""L"", ""N""]",[17],"{""average"": 170, ""formula"": ""20d10 + 60""}","{""walk"": 40, ""fly"": 60}",18,15,16,18,18,18,,"{""arcana"": ""+12"", ""history"": ""+12"", ""perception"": ""+8"", ""religion"": ""+12""}",18,"[""Celestial"", ""Common""]","{""cr"": ""11"", ""xpLair"": 8400}","[{""name"": ""Inscrutable"", ""entries"": [""No magic can observe the sphinx remotely or detect its thoughts without its permission. Wisdom ({@skill Insight|XPHB}) checks made to ascertain its intentions or sincerity are made with {@variantrule Disadvantage|XPHB}.""]}, {""name"": ""Legendary Resistance (3/Day, or 4/Day in Lair)"", ""entries"": [""If the sphinx fails a saving throw, it can choose to succeed instead.""]}]","[{""name"": ""Multiattack"", ""entries"": [""The sphinx makes three Claw attacks.""]}, {""name"": ""Claw"", ""entries"": [""{@atkr m} {@hit 8}, reach 5 ft. {@h}14 ({@damage 3d6 + 4}) Slashing damage.""]}, {""name"": ""Mind-Rending Roar {@recharge 5}"", ""entries"": [""{@actSave wis} {@dc 16}, each enemy in a 300-foot {@variantrule Emanation [Area of Effect]|XPHB|Emanation} originating from the sphinx. {@actSaveFail} 35 ({@damage 10d6}) Psychic damage, and the target has the {@condition Incapacitated|XPHB} condition until the start of the sphinx's next turn.""]}]",,,"[{""name"": ""Arcane Prowl"", ""entries"": [""The sphinx can teleport up to 30 feet to an unoccupied space it can see, and it makes one Claw attack.""]}, {""name"": ""Weight of Years"", ""entries"": [""{@actSave con} {@dc 16}, one creature the sphinx can see within 120 feet. {@actSaveFail} The target gains 1 {@condition Exhaustion|XPHB} level. While the target has any {@condition Exhaustion|XPHB} levels, it appears {@dice 3d10} years older. {@actSaveSuccessOrFail} The sphinx can't take this action again until the start of its next turn.""]}]","[{""name"": ""Spellcasting"", ""type"": ""spellcasting"", ""headerEntries"": [""The sphinx casts one of the following spells, requiring no Material components and using Intelligence as the spellcasting ability (spell save {@dc 16}):""], ""will"": [""{@spell Detect Magic|XPHB}"", ""{@spell Identify|XPHB}"", ""{@spell Mage Hand|XPHB}"", ""{@spell Minor Illusion|XPHB}"", ""{@spell Prestidigitation|XPHB}""], ""daily"": {""1e"": [""{@spell Dispel Magic|XPHB}"", ""{@spell Legend Lore|XPHB}"", ""{@spell Locate Object|XPHB}"", ""{@spell Plane Shift|XPHB}"", ""{@spell Remove Curse|XPHB}"", ""{@spell Tongues|XPHB}""]}, ""ability"": ""int"", ""displayAs"": ""action""}]"
Sphinx of Valor,XMM,"[""L""]",celestial,"[""L"", ""N""]",[17],"{""average"": 199, ""formula"": ""19d10 + 95""}","{""walk"": 40, ""fly"": 60}",22,10,20,16,23,18,"{""dex"": ""+6"", ""con"": ""+11"", ""int"": ""+9"", ""wis"": ""+12""}","{""arcana"": ""+9"", ""perception"": ""+12"", ""religion"": ""+15""}",22,"[""Celestial"", ""Common""]","{""cr"": ""17"", ""xpLair"": 20000}","[{""name"": ""Inscrutable"", ""entries"": [""No magic can observe the sphinx remotely or detect its thoughts without its permission. Wisdom ({@skill Insight|XPHB}) checks made to ascertain its intentions or sincerity are made with {@variantrule Disadvantage|XPHB}.""]}, {""name"": ""Legendary Resistance (3/Day, or 4/Day in Lair)"", ""entries"": [""If the sphinx fails a saving throw, it can choose to succeed instead.""]}]","[{""name"": ""Multiattack"", ""entries"": [""The sphinx makes two Claw attacks and uses Roar.""]}, {""name"": ""Claw"", ""entries"": [""{@atkr m} {@hit 12}, reach 5 ft. {@h}20 ({@damage 4d6 + 6}) Slashing damage.""]}, {""name"": ""Roar (3/Day)"", ""entries"": [""The sphinx emits a magical roar. Whenever it roars, the roar has a different effect, as detailed below (the sequence resets when it takes a {@variantrule Long Rest|XPHB}):"", {""type"": ""list"", ""style"": ""list-hang-notitle"", ""items"": [{""type"": ""item"", ""name"": ""First Roar"", ""entries"": [""{@actSave wis} {@dc 20}, each enemy in a 500-foot {@variantrule Emanation [Area of Effect]|XPHB|Emanation} originating from the sphinx. {@actSaveFail} The target has the {@condition Frightened|XPHB} condition for 1 minute.""]}, {""type"": ""item"", ""name"": ""Second Roar"", ""entries"": [""{@actSave wis} {@dc 20}, each enemy in a 500-foot {@variantrule Emanation [Area of Effect]|XPHB|Emanation} originating from the sphinx. {@actSaveFail} The target has the {@condition Paralyzed|XPHB} condition, and it repeats the save at the end of each of its turns, ending the effect on itself on a success. After 1 minute, it succeeds automatically.""]}, {""type"": ""item"", ""name"": ""Third Roar"", ""entries"": [""{@actSave con} {@dc 20}, each enemy in a 500-foot {@variantrule Emanation [Area of Effect]|XPHB|Emanation} originating from the sphinx. {@actSaveFail} 44 ({@damage 8d10}) Thunder damage, and the target has the {@condition Prone|XPHB} condition. {@actSaveSuccess} Half damage only.""]}]}]}]",,,"[{""name"": ""Arcane Prowl"", ""entries"": [""The sphinx can teleport up to 30 feet to an unoccupied space it can see, and it makes one Claw attack.""]}, {""name"": ""Weight of Years"", ""entries"": [""{@actSave con} {@dc 16}, one creature the sphinx can see within 120 feet. {@actSaveFail} The target gains 1 {@condition Exhaustion|XPHB} level. While the target has any {@condition Exhaustion|XPHB} levels, it appears {@dice 3d10} years older. {@actSaveSuccessOrFail} The sphinx can't take this action again until the start of its next turn.""]}]","[{""name"": ""Spellcasting"", ""type"": ""spellcasting"", ""headerEntries"": [""The sphinx casts one of the following spells, requiring no Material components and using Wisdom as the spellcasting ability (spell save {@dc 20}):""], ""will"": [""{@spell Detect Evil and Good|XPHB}"", ""{@spell Thaumaturgy|XPHB}""], ""daily"": {""1e"": [""{@spell Detect Magic|XPHB}"", ""{@spell Dispel Magic|XPHB}"", ""{@spell Greater Restoration|XPHB}"", ""{@spell Heroes' Feast|XPHB}"", ""{@spell Zone of Truth|XPHB}""]}, ""ability"": ""wis"", ""displayAs"": ""action""}]"
Sphinx of Wonder,XMM,"[""T""]",celestial,"[""L"", ""G""]",[13],"{""average"": 24, ""formula"": ""7d4 + 7""}","{""walk"": 20, ""fly"": 40}",6,17,13,15,12,11,,"{""arcana"": ""+4"", ""religion"": ""+4"", ""stealth"": ""+5""}",11,"[""Celestial"", ""Common""]",1,"[{""name"": ""Magic Resistance"", ""entries"": [""The sphinx has {@variantrule Advantage|XPHB} on saving throws against spells and other magical effects.""]}]","[{""name"": ""Rend"", ""entries"": [""{@atkr m} {@hit 5}, reach 5 ft. {@h}5 ({@damage 1d4 + 3}) Slashing damage plus 7 ({@damage 2d6}) Radiant damage.""]}]",,"[{""name"": ""Burst of Ingenuity (2/Day)"", ""entries"": [""{@actTrigger} The sphinx or another creature within 30 feet makes an ability check or a saving throw. {@actResponse} The sphinx adds 2 to the roll.""]}]",,
Spider,XMM,"[""T""]",beast,"[""U""]",[12],"{""average"": 1, ""formula"": ""1d4 - 1""}","{""walk"": 20, ""climb"": 20}",2,14,8,1,10,2,,"{""stealth"": ""+4""}",10,,0,"[{""name"": ""Spider Climb"", ""entries"": [""The spider can climb difficult surfaces, including along ceilings, without needing to make an ability check.""]}, {""name"": ""Web Walker"", ""entries"": [""The spider ignores movement restrictions caused by webs, and the spider knows the location of any other creature in contact with the same web.""]}]","[{""name"": ""Bite"", ""entries"": [""{@atkr m} {@hit 4}, reach 5 ft. {@h}1 Piercing damage plus 2 ({@damage 1d4}) Poison damage.""]}]",,,,
Spirit Naga,XMM,"[""L""]",fiend,"[""C"", ""E""]",[17],"{""average"": 135, ""formula"": ""18d10 + 36""}","{""walk"": 40}",18,17,14,16,15,16,"{""dex"": ""+6"", ""con"": ""+5"", ""wis"": ""+5"", ""cha"": ""+6""}",,12,"[""Abyssal"", ""Common""]",8,"[{""name"": ""Fiendish Restoration"", ""entries"": [""If it dies, the naga returns to life in {@dice 1d6} days and regains all its {@variantrule Hit Points|XPHB}. Only a {@spell Wish|XPHB} spell can prevent this trait from functioning.""]}]","[{""name"": ""Multiattack"", ""entries"": [""The naga makes three attacks, using Bite or Necrotic Ray in any combination.""]}, {""name"": ""Bite"", ""entries"": [""{@atkr m} {@hit 7}, reach 10 ft. {@h}7 ({@damage 1d6 + 4}) Piercing damage plus 14 ({@damage 4d6}) Poison damage.""]}, {""name"": ""Necrotic Ray"", ""entries"": [""{@atkr r} {@hit 6}, range 60 ft. {@h}21 ({@damage 6d6}) Necrotic damage.""]}]",,,,"[{""name"": ""Spellcasting"", ""type"": ""spellcasting"", ""headerEntries"": [""The naga casts one of the following spells, requiring no Somatic or Material components and using Intelligence as the spellcasting ability (spell save {@dc 14}):""], ""will"": [""{@spell Detect Magic|XPHB}"", ""{@spell Mage Hand|XPHB}"", ""{@spell Minor Illusion|XPHB}"", ""{@spell Water Breathing|XPHB}""], ""daily"": {""2e"": [""{@spell Detect Thoughts|XPHB}"", ""{@spell Dimension Door|XPHB}"", ""{@spell Hold Person|XPHB} (level 3 version)"", ""{@spell Lightning Bolt|XPHB} (level 4 version)""]}, ""ability"": ""int"", ""displayAs"": ""action""}]"
Sprite,XMM,"[""T""]",fey,"[""N"", ""G""]",[15],"{""average"": 10, ""formula"": ""4d4""}","{""walk"": 10, ""fly"": 40}",3,18,10,14,13,11,,"{""perception"": ""+3"", ""stealth"": ""+8""}",13,"[""Common"", ""Elvish"", ""Sylvan""]",1/4,,"[{""name"": ""Needle Sword"", ""entries"": [""{@atkr m} {@hit 6}, reach 5 ft. {@h}6 ({@damage 1d4 + 4}) Piercing damage.""]}, {""name"": ""Enchanting Bow"", ""entries"": [""{@atkr r} {@hit 6}, range 40/160 ft. {@h}1 Piercing damage, and the target has the {@condition Charmed|XPHB} condition until the start of the sprite's next turn.""]}, {""name"": ""Heart Sight"", ""entries"": [""{@actSave cha} {@dc 10}, one creature within 5 feet the sprite can see (Celestials, Fiends, and Undead automatically fail the save). {@actSaveFail} The sprite knows the target's emotions and alignment.""]}]",,,,"[{""name"": ""Invisibility"", ""type"": ""spellcasting"", ""headerEntries"": [""The sprite casts {@spell Invisibility|XPHB} on itself, requiring no spell components and using Charisma as the spellcasting ability.""], ""will"": [""{@spell Invisibility|XPHB}""], ""ability"": ""cha"", ""displayAs"": ""action"", ""hidden"": [""will""]}]"
Spy,XMM,"[""S"", ""M""]",humanoid,"[""N""]",[12],"{""average"": 27, ""formula"": ""6d8""}","{""walk"": 30, ""climb"": 30}",10,15,10,12,14,16,,"{""deception"": ""+5"", ""insight"": ""+4"", ""investigation"": ""+5"", ""perception"": ""+6"", ""sleight of hand"": ""+4"", ""stealth"": ""+6""}",16,"[""Common plus one other language""]",1,,"[{""name"": ""Shortsword"", ""entries"": [""{@atkr m} {@hit 4}, reach 5 ft. {@h}5 ({@damage 1d6 + 2}) Piercing damage plus 7 ({@damage 2d6}) Poison damage.""]}, {""name"": ""Hand Crossbow"", ""entries"": [""{@atkr r} {@hit 4}, range 30/120 ft. {@h}5 ({@damage 1d6 + 2}) Piercing damage plus 7 ({@damage 2d6}) Poison damage.""]}]","[{""name"": ""Cunning Action"", ""entries"": [""The spy takes the {@action Dash|XPHB}, {@action Disengage|XPHB}, or {@action Hide|XPHB} action.""]}]",,,
Steam Mephit,XMM,"[""S""]",elemental,"[""N"", ""E""]",[10],"{""average"": 17, ""formula"": ""5d6""}","{""walk"": 30, ""fly"": 30}",5,11,10,11,10,12,,"{""stealth"": ""+2""}",10,"[""Primordial (Aquan, Ignan)""]",1/4,"[{""name"": ""Blurred Form"", ""entries"": [""Attack rolls against the mephit are made with {@variantrule Disadvantage|XPHB} unless the mephit has the {@condition Incapacitated|XPHB} condition.""]}, {""name"": ""Death Burst"", ""entries"": [""The mephit explodes when it dies. {@actSave dex} {@dc 10}, each creature in a 5-foot {@variantrule Emanation [Area of Effect]|XPHB|Emanation} originating from the mephit. {@actSaveFail} 5 ({@damage 2d4}) Fire damage. {@actSaveSuccess} Half damage.""]}]","[{""name"": ""Claw"", ""entries"": [""{@atkr m} {@hit 2}, reach 5 ft. {@h}2 ({@damage 1d4}) Slashing damage plus 2 ({@damage 1d4}) Fire damage.""]}, {""name"": ""Steam Breath {@recharge}"", ""entries"": [""{@actSave con} {@dc 10}, each creature in a 15-foot {@variantrule Cone [Area of Effect]|XPHB|Cone}. {@actSaveFail} 5 ({@damage 2d4}) Fire damage, and the target's {@variantrule Speed|XPHB} decreases by 10 feet until the end of the mephit's next turn. {@actSaveSuccess} Half damage only. {@actSaveSuccessOrFail} Being underwater doesn't grant {@variantrule Resistance|XPHB} to this Fire damage.""]}]",,,,
Stirge,XMM,"[""T""]",monstrosity,"[""U""]",[13],"{""average"": 5, ""formula"": ""2d4""}","{""walk"": 10, ""fly"": 40}",4,16,11,2,8,6,,,9,,1/8,,"[{""name"": ""Proboscis"", ""entries"": [""{@atkr m} {@hit 5}, reach 5 ft. {@h}6 ({@damage 1d6 + 3}) Piercing damage, and the stirge attaches to the target. While attached, the stirge can't make Proboscis attacks, and the target takes 5 ({@damage 2d4}) Necrotic damage at the start of each of the stirge's turns."", ""The stirge can detach itself by spending 5 feet of its movement. The target or a creature within 5 feet of it can detach the stirge as an action.""]}]",,,,
Stone Giant,XMM,"[""H""]",giant,"[""N""]",[17],"{""average"": 126, ""formula"": ""11d12 + 55""}","{""walk"": 40}",23,15,20,10,12,9,"{""dex"": ""+5"", ""con"": ""+8"", ""wis"": ""+4""}","{""athletics"": ""+12"", ""perception"": ""+4"", ""stealth"": ""+5""}",14,"[""Giant""]",7,,"[{""name"": ""Multiattack"", ""entries"": [""The giant makes two attacks, using Stone Club or Boulder in any combination.""]}, {""name"": ""Stone Club"", ""entries"": [""{@atkr m} {@hit 9}, reach 15 ft. {@h}22 ({@damage 3d10 + 6}) Bludgeoning damage.""]}, {""name"": ""Boulder"", ""entries"": [""{@atkr r} {@hit 9}, range 60/240 ft. {@h}15 ({@damage 2d8 + 6}) Bludgeoning damage. If the target is a Large or smaller creature, it has the {@condition Prone|XPHB} condition.""]}]",,"[{""name"": ""Deflect Missile {@recharge 5}"", ""entries"": [""{@actTrigger} The giant is hit by a ranged attack roll and takes Bludgeoning, Piercing, or Slashing damage from it. {@actResponse} The giant reduces the damage it takes from the attack by 11 ({@dice 1d10 + 6}), and if that damage is reduced to 0, the giant can redirect some of the attack's force. {@actSave dex} {@dc 17}, one creature the giant can see within 60 feet. {@actSaveFail} 11 ({@damage 1d10 + 6}) Force damage.""]}]",,
Stone Golem,XMM,"[""L""]",construct,"[""U""]",[18],"{""average"": 220, ""formula"": ""21d10 + 105""}","{""walk"": 30}",22,9,20,3,11,1,,,10,"[""understands Common plus two other languages but can't speak""]",10,"[{""name"": ""Immutable Form"", ""entries"": [""The golem can't shape-shift.""]}, {""name"": ""Magic Resistance"", ""entries"": [""The golem has {@variantrule Advantage|XPHB} on saving throws against spells and other magical effects.""]}]","[{""name"": ""Multiattack"", ""entries"": [""The golem makes two attacks, using Slam or Force Bolt in any combination.""]}, {""name"": ""Slam"", ""entries"": [""{@atkr m} {@hit 10}, reach 5 ft. {@h}15 ({@damage 2d8 + 6}) Bludgeoning damage plus 9 ({@damage 2d8}) Force damage.""]}, {""name"": ""Force Bolt"", ""entries"": [""{@atkr r} {@hit 9}, range 120 ft. {@h}22 ({@damage 4d10}) Force damage.""]}]",,,,"[{""name"": ""Slow {@recharge 5}"", ""type"": ""spellcasting"", ""headerEntries"": [""The golem casts the {@spell Slow|XPHB} spell, requiring no spell components and using Constitution as the spellcasting ability (spell save {@dc 17}).""], ""recharge"": {""5"": [""{@spell Slow|XPHB}""]}, ""ability"": ""con"", ""displayAs"": ""bonus"", ""hidden"": [""recharge""]}]"
Storm Giant,XMM,"[""H""]",giant,"[""C"", ""G""]",[16],"{""average"": 230, ""formula"": ""20d12 + 100""}","{""walk"": 50, ""fly"": {""number"": 25, ""condition"": ""(hover)""}, ""swim"": 50, ""canHover"": true}",29,14,20,16,20,18,"{""str"": ""+14"", ""con"": ""+10"", ""wis"": ""+10"", ""cha"": ""+9""}","{""arcana"": ""+8"", ""athletics"": ""+14"", ""history"": ""+8"", ""perception"": ""+10""}",20,"[""Common"", ""Giant""]",13,"[{""name"": ""Amphibious"", ""entries"": [""The giant can breathe air and water.""]}]","[{""name"": ""Multiattack"", ""entries"": [""The giant makes two attacks, using Storm Sword or Thunderbolt in any combination.""]}, {""name"": ""Storm Sword"", ""entries"": [""{@atkr m} {@hit 14}, reach 10 ft. {@h}23 ({@damage 4d6 + 9}) Slashing damage plus 13 ({@damage 3d8}) Lightning damage.""]}, {""name"": ""Thunderbolt"", ""entries"": [""{@atkr r} {@hit 14}, range 500 ft. {@h}22 ({@damage 2d12 + 9}) Lightning damage, and the target has the {@condition Blinded|XPHB} and {@condition Deafened|XPHB} conditions until the start of the giant's next turn.""]}, {""name"": ""Lightning Storm {@recharge 5}"", ""entries"": [""{@actSave dex} {@dc 18}, each creature in a 10-foot-radius, 40-foot-high {@variantrule Cylinder [Area of Effect]|XPHB|Cylinder} originating from a point the giant can see within 500 feet. {@actSaveFail} 55 ({@damage 10d10}) Lightning damage. {@actSaveSuccess} Half damage.""]}]",,,,"[{""name"": ""Spellcasting"", ""type"": ""spellcasting"", ""headerEntries"": [""The giant casts one of the following spells, requiring no Material components and using Wisdom as the spellcasting ability (spell save {@dc 18}):""], ""will"": [""{@spell Detect Magic|XPHB}"", ""{@spell Light|XPHB}""], ""daily"": {""1"": [""{@spell Control Weather|XPHB}""]}, ""ability"": ""wis"", ""displayAs"": ""action""}]"
Succubus,XMM,"[""M""]",fiend,"[""N"", ""E""]",[15],"{""average"": 71, ""formula"": ""13d8 + 13""}","{""walk"": 30, ""fly"": 60}",8,17,13,15,12,20,,"{""deception"": ""+9"", ""insight"": ""+5"", ""perception"": ""+5"", ""persuasion"": ""+9"", ""stealth"": ""+7""}",15,"[""Abyssal"", ""Common"", ""Infernal; telepathy 60 ft.""]",4,"[{""name"": ""Incubus Form"", ""entries"": [""When the succubus finishes a {@variantrule Long Rest|XPHB}, it can shape-shift into an {@creature Incubus|XMM}, using that stat block instead of this one.""]}]","[{""name"": ""Multiattack"", ""entries"": [""The succubus makes one Fiendish Touch attack and uses Charm or Draining Kiss.""]}, {""name"": ""Fiendish Touch"", ""entries"": [""{@atkr m} {@hit 7}, reach 5 ft. {@h}16 ({@damage 2d10 + 5}) Psychic damage.""]}, {""name"": ""Charm"", ""entries"": [""The succubus casts {@spell Dominate Person|XPHB} (level 8 version), requiring no spell components and using Charisma as the spellcasting ability (spell save {@dc 15}).""]}, {""name"": ""Draining Kiss"", ""entries"": [""{@actSave con} {@dc 15}, one creature {@condition Charmed|XPHB} by the succubus within 5 feet. {@actSaveFail} 13 ({@damage 3d8}) Psychic damage. {@actSaveSuccess} Half damage. {@actSaveSuccessOrFail} The target's {@variantrule Hit Points|XPHB|Hit Point} maximum decreases by an amount equal to the damage taken.""]}]","[{""name"": ""Shape-Shift"", ""entries"": [""The succubus shape-shifts to resemble a Medium or Small Humanoid or back into its true form. Its game statistics are the same in each form, except its {@variantrule Fly Speed|XPHB} is available only in its true form. Any equipment it's wearing or carrying isn't transformed.""]}]",,,
Swarm of Bats,XMM,"[""L""]","{""type"": ""beast"", ""swarmSize"": ""T""}","[""U""]",[12],"{""average"": 11, ""formula"": ""2d10""}","{""walk"": 5, ""fly"": 30}",5,15,10,2,12,4,,,11,,1/4,"[{""name"": ""Swarm"", ""entries"": [""The swarm can occupy another creature's space and vice versa, and the swarm can move through any opening large enough for a Tiny bat. The swarm can't regain {@variantrule Hit Points|XPHB} or gain {@variantrule Temporary Hit Points|XPHB}.""]}]","[{""name"": ""Bites"", ""entries"": [""{@atkr m} {@hit 4}, reach 5 ft. {@h}5 ({@damage 2d4}) Piercing damage, or 2 ({@damage 1d4}) Piercing damage if the swarm is {@status Bloodied|XPHB}.""]}]",,,,
Swarm of Crawling Claws,XMM,"[""M""]","{""type"": ""undead"", ""swarmSize"": ""T""}","[""N"", ""E""]",[12],"{""average"": 49, ""formula"": ""11d8""}","{""walk"": 30, ""climb"": 30}",14,14,11,5,10,4,,,10,"[""understands Common but can't speak""]",3,"[{""name"": ""Swarm"", ""entries"": [""The swarm can occupy another creature's space and vice versa, and the swarm can move through any opening large enough for a Tiny creature. The swarm can't regain {@variantrule Hit Points|XPHB} or gain {@variantrule Temporary Hit Points|XPHB}.""]}]","[{""name"": ""Swarm of Grasping Hands"", ""entries"": [""{@atkr m} {@hit 4}, reach 5 ft. {@h}20 ({@damage 4d8 + 2}) Necrotic damage, or 11 ({@damage 2d8 + 2}) Necrotic damage if the swarm is {@status Bloodied|XPHB}. If the target is a Medium or smaller creature, it has the {@condition Prone|XPHB} condition.""]}]",,,,
Swarm of Insects,XMM,"[""M""]","{""type"": ""beast"", ""swarmSize"": ""T""}","[""U""]",[11],"{""average"": 19, ""formula"": ""3d8 + 6""}","{""walk"": 20, ""choose"": {""from"": [""climb"", ""fly""], ""amount"": 20, ""note"": ""(DM's choice)""}}",3,13,14,1,7,1,,,8,,1/2,"[{""name"": ""Spider Climb"", ""entries"": [""If the swarm has a {@variantrule Climb Speed|XPHB}, the swarm can climb difficult surfaces, including along ceilings, without needing to make an ability check.""]}, {""name"": ""Swarm"", ""entries"": [""The swarm can occupy another creature's space and vice versa, and the swarm can move through any opening large enough for a Tiny insect. The swarm can't regain {@variantrule Hit Points|XPHB} or gain {@variantrule Temporary Hit Points|XPHB}.""]}]","[{""name"": ""Bites"", ""entries"": [""{@atkr m} {@hit 3}, reach 5 ft. {@h}6 ({@damage 2d4 + 1}) Poison damage, or 3 ({@damage 1d4 + 1}) Poison damage if the swarm is {@status Bloodied|XPHB}.""]}]",,,,
Swarm of Piranhas,XMM,"[""M""]","{""type"": ""beast"", ""swarmSize"": ""T""}","[""U""]",[13],"{""average"": 28, ""formula"": ""8d8 - 8""}","{""walk"": 5, ""swim"": 40}",13,16,9,1,7,2,,,8,,1,"[{""name"": ""Swarm"", ""entries"": [""The swarm can occupy another creature's space and vice versa, and the swarm can move through any opening large enough for a Tiny piranha. The swarm can't regain {@variantrule Hit Points|XPHB} or gain {@variantrule Temporary Hit Points|XPHB}.""]}, {""name"": ""Water Breathing"", ""entries"": [""The swarm can breathe only underwater.""]}]","[{""name"": ""Bites"", ""entries"": [""{@atkr m} {@hit 5} (with {@variantrule Advantage|XPHB} if the target doesn't have all its {@variantrule Hit Points|XPHB}), reach 5 ft. {@h}8 ({@damage 2d4 + 3}) Piercing damage, or 5 ({@damage 1d4 + 3}) Piercing damage if the swarm is {@status Bloodied|XPHB}.""]}]",,,,
Swarm of Rats,XMM,"[""M""]","{""type"": ""beast"", ""swarmSize"": ""T""}","[""U""]",[10],"{""average"": 14, ""formula"": ""4d8 - 4""}","{""walk"": 30, ""climb"": 30}",9,11,9,2,10,3,,,10,,1/4,"[{""name"": ""Swarm"", ""entries"": [""The swarm can occupy another creature's space and vice versa, and the swarm can move through any opening large enough for a Tiny rat. The swarm can't regain {@variantrule Hit Points|XPHB} or gain {@variantrule Temporary Hit Points|XPHB}.""]}]","[{""name"": ""Bites"", ""entries"": [""{@atkr m} {@hit 2}, reach 5 ft. {@h}5 ({@damage 2d4}) Piercing damage, or 2 ({@damage 1d4}) Piercing damage if the swarm is {@status Bloodied|XPHB}.""]}]",,,,
Swarm of Ravens,XMM,"[""M""]","{""type"": ""beast"", ""swarmSize"": ""T""}","[""U""]",[12],"{""average"": 11, ""formula"": ""2d8 + 2""}","{""walk"": 10, ""fly"": 50}",6,14,12,5,12,6,,"{""perception"": ""+5""}",15,,1/4,"[{""name"": ""Swarm"", ""entries"": [""The swarm can occupy another creature's space and vice versa, and the swarm can move through any opening large enough for a Tiny raven. The swarm can't regain {@variantrule Hit Points|XPHB} or gain {@variantrule Temporary Hit Points|XPHB}.""]}]","[{""name"": ""Beaks"", ""entries"": [""{@atkr m} {@hit 4}, reach 5 ft. {@h}5 ({@damage 1d6 + 2}) Piercing damage, or 2 ({@damage 1d4}) Piercing damage if the swarm is {@status Bloodied|XPHB}.""]}, {""name"": ""Cacophony {@recharge}"", ""entries"": [""{@actSave wis} {@dc 10}, one creature in the swarm's space. {@actSaveFail} The target has the {@condition Deafened|XPHB} condition until the start of the swarm's next turn. While {@condition Deafened|XPHB}, the target also has {@variantrule Disadvantage|XPHB} on ability checks and attack rolls.""]}]",,,,
Swarm of Venomous Snakes,XMM,"[""M""]","{""type"": ""beast"", ""swarmSize"": ""T""}","[""U""]",[14],"{""average"": 36, ""formula"": ""8d8""}","{""walk"": 30, ""swim"": 30}",8,18,11,1,10,3,,,10,,2,"[{""name"": ""Swarm"", ""entries"": [""The swarm can occupy another creature's space and vice versa, and the swarm can move through any opening large enough for a Tiny snake. The swarm can't regain {@variantrule Hit Points|XPHB} or gain {@variantrule Temporary Hit Points|XPHB}.""]}]","[{""name"": ""Bites"", ""entries"": [""{@atkr m} {@hit 6}, reach 5 ft. {@h}8 ({@damage 1d8 + 4}) Piercing damage—or 6 ({@damage 1d4 + 4}) Piercing damage if the swarm is {@status Bloodied|XPHB}—plus 10 ({@damage 3d6}) Poison damage.""]}]",,,,
Tarrasque,XMM,"[""G""]","{""type"": ""monstrosity"", ""tags"": [""titan""]}","[""U""]",[25],"{""average"": 697, ""formula"": ""34d20 + 340""}","{""walk"": 60, ""burrow"": 40, ""climb"": 60}",30,11,30,3,11,11,"{""dex"": ""+9"", ""int"": ""+5"", ""wis"": ""+9"", ""cha"": ""+9""}","{""perception"": ""+9""}",19,,30,"[{""name"": ""Legendary Resistance (6/Day)"", ""entries"": [""If the tarrasque fails a saving throw, it can choose to succeed instead.""]}, {""name"": ""Magic Resistance"", ""entries"": [""The tarrasque has {@variantrule Advantage|XPHB} on saving throws against spells and other magical effects.""]}, {""name"": ""Reflective Carapace"", ""entries"": [""If the tarrasque is targeted by a {@spell Magic Missile|XPHB} spell or a spell that requires a ranged attack roll, roll {@dice 1d6}. On a 1-5, the tarrasque is unaffected. On a 6, the tarrasque is unaffected and reflects the spell, turning the caster into the target.""]}, {""name"": ""Siege Monster"", ""entries"": [""The tarrasque deals double damage to objects and structures.""]}]","[{""name"": ""Multiattack"", ""entries"": [""The tarrasque makes one Bite attack and three other attacks, using Claw or Tail in any combination.""]}, {""name"": ""Bite"", ""entries"": [""{@atkr m} {@hit 19}, reach 15 ft. {@h}36 ({@damage 4d12 + 10}) Piercing damage, and the target has the {@condition Grappled|XPHB} condition (escape {@dc 20}). Until the grapple ends, the target has the {@condition Restrained|XPHB} condition and can't teleport.""]}, {""name"": ""Claw"", ""entries"": [""{@atkr m} {@hit 19}, reach 15 ft. {@h}28 ({@damage 4d8 + 10}) Slashing damage.""]}, {""name"": ""Tail"", ""entries"": [""{@atkr m} {@hit 19}, reach 30 ft. {@h}23 ({@damage 3d8 + 10}) Bludgeoning damage. If the target is a Huge or smaller creature, it has the {@condition Prone|XPHB} condition.""]}, {""name"": ""Thunderous Bellow {@recharge 5}"", ""entries"": [""{@actSave con} {@dc 27}, each creature and each object that isn't being worn or carried in a 150-foot {@variantrule Cone [Area of Effect]|XPHB|Cone}. {@actSaveFail} 78 ({@damage 12d12}) Thunder damage, and the target has the {@condition Deafened|XPHB} and {@condition Frightened|XPHB} conditions until the end of its next turn. {@actSaveSuccess} Half damage only.""]}]","[{""name"": ""Swallow"", ""entries"": [""{@actSave str} {@dc 27}, one Large or smaller creature {@condition Grappled|XPHB} by the tarrasque (it can have up to six creatures swallowed at a time). {@actSaveFail} The target is swallowed, and the {@condition Grappled|XPHB} condition ends. A swallowed creature has the {@condition Blinded|XPHB} and {@condition Restrained|XPHB} conditions and can't teleport, it has {@variantrule Cover|XPHB|Total Cover} against attacks and other effects outside the tarrasque, and it takes 56 ({@damage 16d6}) Acid damage at the start of each of the tarrasque's turns."", ""If the tarrasque takes 60 damage or more on a single turn from a creature inside it, the tarrasque must succeed on a {@dc 20} Constitution saving throw at the end of that turn or regurgitate all swallowed creatures, each of which falls in a space within 10 feet of the tarrasque and has the {@condition Prone|XPHB} condition. If the tarrasque dies, any swallowed creature no longer has the {@condition Restrained|XPHB} condition and can escape from the corpse using 20 feet of movement, exiting {@condition Prone|XPHB}.""]}]",,"[{""name"": ""Onslaught"", ""entries"": [""The tarrasque moves up to half its {@variantrule Speed|XPHB}, and it makes one Claw or Tail attack.""]}, {""name"": ""World-Shaking Movement"", ""entries"": [""The tarrasque moves up to its {@variantrule Speed|XPHB}. At the end of this movement, the tarrasque creates an instantaneous shock wave in a 60-foot {@variantrule Emanation [Area of Effect]|XPHB|Emanation} originating from itself. Creatures in that area lose {@status Concentration|XPHB} and, if Medium or smaller, have the {@condition Prone|XPHB} condition. The tarrasque can't take this action again until the start of its next turn.""]}]",
Tiger,XMM,"[""L""]",beast,"[""U""]",[13],"{""average"": 30, ""formula"": ""4d10 + 8""}","{""walk"": 40}",17,16,14,3,12,8,,"{""perception"": ""+3"", ""stealth"": ""+7""}",13,,1,,"[{""name"": ""Rend"", ""entries"": [""{@atkr m} {@hit 5}, reach 5 ft. {@h}10 ({@damage 2d6 + 3}) Slashing damage. If the target is a Large or smaller creature, it has the {@condition Prone|XPHB} condition.""]}]","[{""name"": ""Nimble Escape"", ""entries"": [""The tiger takes the {@action Disengage|XPHB} or {@action Hide|XPHB} action.""]}]",,,
Tough,XMM,"[""S"", ""M""]",humanoid,"[""N""]",[12],"{""average"": 32, ""formula"": ""5d8 + 10""}","{""walk"": 30}",15,12,14,10,10,11,,,10,"[""Common""]",1/2,"[{""name"": ""Pack Tactics"", ""entries"": [""The tough has {@variantrule Advantage|XPHB} on an attack roll against a creature if at least one of the tough's allies is within 5 feet of the creature and the ally doesn't have the {@condition Incapacitated|XPHB} condition.""]}]","[{""name"": ""Mace"", ""entries"": [""{@atkr m} {@hit 4}, reach 5 ft. {@h}5 ({@damage 1d6 + 2}) Bludgeoning damage.""]}, {""name"": ""Heavy Crossbow"", ""entries"": [""{@atkr r} {@hit 3}, range 100/400 ft. {@h}6 ({@damage 1d10 + 1}) Piercing damage.""]}]",,,,
Tough Boss,XMM,"[""S"", ""M""]",humanoid,"[""N""]",[16],"{""average"": 82, ""formula"": ""11d8 + 33""}","{""walk"": 30}",17,14,16,11,10,11,"{""str"": ""+5"", ""con"": ""+5"", ""cha"": ""+2""}",,10,"[""Common plus one other language""]",4,"[{""name"": ""Pack Tactics"", ""entries"": [""The tough has {@variantrule Advantage|XPHB} on an attack roll against a creature if at least one of the tough's allies is within 5 feet of the creature and the ally doesn't have the {@condition Incapacitated|XPHB} condition.""]}]","[{""name"": ""Multiattack"", ""entries"": [""The tough makes two attacks, using Warhammer or Heavy Crossbow in any combination.""]}, {""name"": ""Warhammer"", ""entries"": [""{@atkr m} {@hit 5}, reach 5 ft. {@h}12 ({@damage 2d8 + 3}) Bludgeoning damage. If the target is a Large or smaller creature, the tough pushes the target up to 10 feet straight away from itself.""]}, {""name"": ""Heavy Crossbow"", ""entries"": [""{@atkr r} {@hit 4}, range 100/400 ft. {@h}13 ({@damage 2d10 + 2}) Piercing damage.""]}]",,,,
Treant,XMM,"[""H""]",plant,"[""C"", ""G""]",[16],"{""average"": 138, ""formula"": ""12d12 + 60""}","{""walk"": 30}",23,8,21,12,16,12,,,13,"[""Common"", ""Druidic"", ""Elvish"", ""Sylvan""]",9,"[{""name"": ""Siege Monster"", ""entries"": [""The treant deals double damage to objects and structures.""]}]","[{""name"": ""Multiattack"", ""entries"": [""The treant makes two Slam attacks.""]}, {""name"": ""Slam"", ""entries"": [""{@atkr m} {@hit 10}, reach 5 ft. {@h}16 ({@damage 3d6 + 6}) Bludgeoning damage.""]}, {""name"": ""Hail of Bark"", ""entries"": [""{@atkr r} {@hit 10}, range 180 ft. {@h}28 ({@damage 4d10 + 6}) Piercing damage.""]}, {""name"": ""Animate Trees (1/Day)"", ""entries"": [""The treant magically animates up to two trees it can see within 60 feet of itself. Each tree uses the Treant stat block, except it has Intelligence and Charisma scores of 1, it can't speak, and it lacks this action. The tree takes its turn immediately after the treant on the same {@variantrule Initiative|XPHB} count, and it obeys the treant. A tree remains animate for 1 day or until it dies, the treant dies, or it is more than 120 feet from the treant. The tree then takes root if possible.""]}]",,,,
Triceratops,XMM,"[""H""]","{""type"": ""beast"", ""tags"": [""dinosaur""]}","[""U""]",[14],"{""average"": 114, ""formula"": ""12d12 + 36""}","{""walk"": 50}",22,9,17,2,11,5,,,10,,5,,"[{""name"": ""Multiattack"", ""entries"": [""The triceratops makes two Gore attacks.""]}, {""name"": ""Gore"", ""entries"": [""{@atkr m} {@hit 9}, reach 5 ft. {@h}19 ({@damage 2d12 + 6}) Piercing damage. If the target is Huge or smaller and the triceratops moved 20+ feet straight toward it immediately before the hit, the target takes an extra 9 ({@damage 2d8}) Piercing damage and has the {@condition Prone|XPHB} condition.""]}]",,,,
Troll,XMM,"[""L""]",giant,"[""C"", ""E""]",[15],"{""average"": 94, ""formula"": ""9d10 + 45""}","{""walk"": 30}",18,13,20,7,9,7,,"{""perception"": ""+5""}",15,"[""Giant""]",5,"[{""name"": ""Loathsome Limbs (4/Day)"", ""entries"": [""If the troll ends any turn {@status Bloodied|XPHB} and took 15+ Slashing damage during that turn, one of the troll's limbs is severed, falls into the troll's space, and becomes a {@creature Troll Limb|XMM}. The limb acts immediately after the troll's turn. The troll has 1 {@condition Exhaustion|XPHB} level for each missing limb, and it grows replacement limbs the next time it regains {@variantrule Hit Points|XPHB}.""]}, {""name"": ""Regeneration"", ""entries"": [""The troll regains 15 {@variantrule Hit Points|XPHB} at the start of each of its turns. If the troll takes Acid or Fire damage, this trait doesn't function on the troll's next turn. The troll dies only if it starts its turn with 0 {@variantrule Hit Points|XPHB} and doesn't regenerate.""]}]","[{""name"": ""Multiattack"", ""entries"": [""The troll makes three Rend attacks.""]}, {""name"": ""Rend"", ""entries"": [""{@atkr m} {@hit 7}, reach 10 ft. {@h}11 ({@damage 2d6 + 4}) Slashing damage.""]}]","[{""name"": ""Charge"", ""entries"": [""The troll moves up to half its {@variantrule Speed|XPHB} straight toward an enemy it can see.""]}]",,,
Troll Limb,XMM,"[""S""]",giant,"[""C"", ""E""]",[13],"{""average"": 14, ""formula"": ""4d6""}","{""walk"": 20}",18,12,10,1,9,1,,,9,,1/2,"[{""name"": ""Regeneration"", ""entries"": [""The limb regains 5 {@variantrule Hit Points|XPHB} at the start of each of its turns. If the limb takes Acid or Fire damage, this trait doesn't function on the limb's next turn. The limb dies only if it starts its turn with 0 {@variantrule Hit Points|XPHB} and doesn't regenerate.""]}, {""name"": ""Troll Spawn"", ""entries"": [""The limb uncannily has the same senses as a whole troll. If the limb isn't destroyed within 24 hours, roll {@dice 1d12}. On a 12, the limb turns into a {@creature Troll|XMM}. Otherwise, the limb withers away.""]}]","[{""name"": ""Rend"", ""entries"": [""{@atkr m} {@hit 6}, reach 5 ft. {@h}9 ({@damage 2d4 + 4}) Slashing damage.""]}]",,,,
Tyrannosaurus Rex,XMM,"[""H""]","{""type"": ""beast"", ""tags"": [""dinosaur""]}","[""U""]",[13],"{""average"": 136, ""formula"": ""13d12 + 52""}","{""walk"": 50}",25,10,19,2,12,9,"{""str"": ""+10"", ""wis"": ""+4""}","{""perception"": ""+4""}",14,,8,,"[{""name"": ""Multiattack"", ""entries"": [""The tyrannosaurus makes one Bite attack and one Tail attack.""]}, {""name"": ""Bite"", ""entries"": [""{@atkr m} {@hit 10}, reach 10 ft. {@h}33 ({@damage 4d12 + 7}) Piercing damage. If the target is a Large or smaller creature, it has the {@condition Grappled|XPHB} condition (escape {@dc 17}). While {@condition Grappled|XPHB}, the target has the {@condition Restrained|XPHB} condition and can't be targeted by the tyrannosaurus's Tail.""]}, {""name"": ""Tail"", ""entries"": [""{@atkr m} {@hit 10}, reach 15 ft. {@h}25 ({@damage 4d8 + 7}) Bludgeoning damage. If the target is a Huge or smaller creature, it has the {@condition Prone|XPHB} condition.""]}]",,,,
Unicorn,XMM,"[""L""]",celestial,"[""L"", ""G""]",[12],"{""average"": 97, ""formula"": ""13d10 + 26""}","{""walk"": 50}",18,14,15,11,17,16,,,13,"[""Celestial"", ""Elvish"", ""Sylvan; telepathy 120 ft.""]",5,"[{""name"": ""Legendary Resistance (3/Day)"", ""entries"": [""If the unicorn fails a saving throw, it can choose to succeed instead.""]}, {""name"": ""Magic Resistance"", ""entries"": [""The unicorn has {@variantrule Advantage|XPHB} on saving throws against spells and other magical effects.""]}]","[{""name"": ""Multiattack"", ""entries"": [""The unicorn makes one Hooves attack and one Radiant Horn attack.""]}, {""name"": ""Hooves"", ""entries"": [""{@atkr m} {@hit 7}, reach 5 ft. {@h}11 ({@damage 2d6 + 4}) Bludgeoning damage.""]}, {""name"": ""Radiant Horn"", ""entries"": [""{@atkr m} {@hit 7}, reach 5 ft. {@h}9 ({@damage 1d10 + 4}) Radiant damage.""]}]",,,"[{""name"": ""Charging Horn"", ""entries"": [""The unicorn moves up to half its {@variantrule Speed|XPHB} without provoking {@action Opportunity Attack|XPHB|Opportunity Attacks}, and it makes one Radiant Horn attack.""]}, {""name"": ""Shimmering Shield"", ""entries"": [""The unicorn targets itself or one creature it can see within 60 feet of itself. The target gains 10 ({@dice 3d6}) {@variantrule Temporary Hit Points|XPHB}, and its AC increases by 2 until the end of the unicorn's next turn. The unicorn can't take this action again until the start of its next turn.""]}]","[{""name"": ""Spellcasting"", ""type"": ""spellcasting"", ""headerEntries"": [""The unicorn casts one of the following spells, requiring no spell components and using Charisma as the spellcasting ability (spell save {@dc 14}):""], ""will"": [""{@spell Detect Evil and Good|XPHB}"", ""{@spell Druidcraft|XPHB}""], ""daily"": {""1e"": [""{@spell Calm Emotions|XPHB}"", ""{@spell Dispel Evil and Good|XPHB}"", ""{@spell Entangle|XPHB}"", ""{@spell Pass without Trace|XPHB}"", ""{@spell Word of Recall|XPHB}""]}, ""ability"": ""cha"", ""displayAs"": ""action""}, {""name"": ""Unicorn's Blessing (3/Day)"", ""type"": ""spellcasting"", ""headerEntries"": [""The unicorn touches another creature with its horn and casts {@spell Cure Wounds|XPHB} or {@spell Lesser Restoration|XPHB} on that creature, using the same spellcasting ability as Spellcasting.""], ""daily"": {""3"": [""{@spell Cure Wounds|XPHB}"", ""{@spell Lesser Restoration|XPHB}""]}, ""ability"": ""cha"", ""displayAs"": ""bonus"", ""hidden"": [""daily""]}]"
Vampire,XMM,"[""S"", ""M""]",undead,"[""L"", ""E""]",[16],"{""average"": 195, ""formula"": ""23d8 + 92""}","{""walk"": 40, ""climb"": 40}",18,18,18,17,15,18,"{""dex"": ""+9"", ""con"": ""+9"", ""wis"": ""+7"", ""cha"": ""+9""}","{""perception"": ""+7"", ""stealth"": ""+9""}",17,"[""Common plus two other languages""]","{""cr"": ""13"", ""xpLair"": 11500}","[{""name"": ""Legendary Resistance (3/Day, or 4/Day in Lair)"", ""entries"": [""If the vampire fails a saving throw, it can choose to succeed instead.""]}, {""name"": ""Misty Escape"", ""entries"": [""If the vampire drops to 0 {@variantrule Hit Points|XPHB} outside its resting place, the vampire uses Shape-Shift to become mist (no action required). If it can't use Shape-Shift, it is destroyed."", ""While it has 0 {@variantrule Hit Points|XPHB} in mist form, it can't return to its vampire form, and it must reach its resting place within 2 hours or be destroyed. Once in its resting place, it returns to its vampire form and has the {@condition Paralyzed|XPHB} condition until it regains any {@variantrule Hit Points|XPHB}, and it regains 1 {@variantrule Hit Points|XPHB|Hit Point} after spending 1 hour there.""]}, {""name"": ""Spider Climb"", ""entries"": [""The vampire can climb difficult surfaces, including along ceilings, without needing to make an ability check.""]}, {""name"": ""Vampire Weakness"", ""entries"": [""The vampire has these weaknesses:"", {""type"": ""list"", ""style"": ""list-hang-notitle"", ""items"": [{""type"": ""item"", ""name"": ""Forbiddance"", ""entries"": [""The vampire can't enter a residence without an invitation from an occupant.""]}, {""type"": ""item"", ""name"": ""Running Water"", ""entries"": [""The vampire takes 20 Acid damage if it ends its turn in running water.""]}, {""type"": ""item"", ""name"": ""Stake to the Heart"", ""entries"": [""If a weapon that deals Piercing damage is driven into the vampire's heart while the vampire has the {@condition Incapacitated|XPHB} condition in its resting place, the vampire has the {@condition Paralyzed|XPHB} condition until the weapon is removed.""]}, {""type"": ""item"", ""name"": ""Sunlight"", ""entries"": [""The vampire takes 20 Radiant damage if it starts its turn in sunlight. While in sunlight, it has {@variantrule Disadvantage|XPHB} on attack rolls and ability checks.""]}]}]}]","[{""name"": ""Multiattack (Vampire Form Only)"", ""entries"": [""The vampire makes two Grave Strike attacks and uses Bite.""]}, {""name"": ""Grave Strike (Vampire Form Only)"", ""entries"": [""{@atkr m} {@hit 9}, reach 5 ft. {@h}8 ({@damage 1d8 + 4}) Bludgeoning damage plus 7 ({@damage 2d6}) Necrotic damage. If the target is a Large or smaller creature, it has the {@condition Grappled|XPHB} condition (escape {@dc 14}) from one of two hands.""]}, {""name"": ""Bite (Bat or Vampire Form Only)"", ""entries"": [""{@actSave con} {@dc 17}, one creature within 5 feet that is willing or that has the {@condition Grappled|XPHB}, {@condition Incapacitated|XPHB}, or {@condition Restrained|XPHB} condition. {@actSaveFail} 6 ({@damage 1d4 + 4}) Piercing damage plus 13 ({@damage 3d8}) Necrotic damage. The target's {@variantrule Hit Points|XPHB|Hit Point} maximum decreases by an amount equal to the Necrotic damage taken, and the vampire regains {@variantrule Hit Points|XPHB} equal to that amount. A Humanoid reduced to 0 {@variantrule Hit Points|XPHB} by this damage and then buried rises the following sunset as a {@creature Vampire Spawn|XMM} under the vampire's control.""]}]","[{""name"": ""Shape-Shift"", ""entries"": [""If the vampire isn't in sunlight or running water, it shape-shifts into a Tiny bat ({@variantrule Speed|XPHB} 5 ft., {@variantrule Fly Speed|XPHB} 30 ft.) or a Medium cloud of mist ({@variantrule Speed|XPHB} 5 ft., {@variantrule Fly Speed|XPHB} 20 ft. [hover]), or it returns to its vampire form. Anything it is wearing transforms with it."", ""While in bat form, the vampire can't speak. Its game statistics, other than its size and {@variantrule Speed|XPHB}, are unchanged."", ""While in mist form, the vampire can't take any actions, speak, or manipulate objects. It is weightless and can enter an enemy's space and stop there. If air can pass through a space, the mist can do so, but it can't pass through liquid. It has {@variantrule Resistance|XPHB} to all damage, except the damage it takes from sunlight.""]}]",,"[{""name"": ""Deathless Strike"", ""entries"": [""The vampire moves up to half its {@variantrule Speed|XPHB}, and it makes one Grave Strike attack.""]}]","[{""name"": ""Charm {@recharge 5}"", ""type"": ""spellcasting"", ""headerEntries"": [""The vampire casts {@spell Charm Person|XPHB}, requiring no spell components and using Charisma as the spellcasting ability (spell save {@dc 17}), and the duration is 24 hours. The Charmed target is a willing recipient of the vampire's Bite, the damage of which doesn't end the spell. When the spell ends, the target is unaware it was Charmed by the vampire.""], ""recharge"": {""5"": [""{@spell Charm Person|XPHB}""]}, ""ability"": ""cha"", ""displayAs"": ""bonus"", ""hidden"": [""recharge""]}, {""name"": ""Beguile"", ""type"": ""spellcasting"", ""headerEntries"": [""The vampire casts {@spell Command|XPHB}, requiring no spell components and using Charisma as the spellcasting ability (spell save {@dc 17}). The vampire can't take this action again until the start of its next turn.""], ""legendary"": {""1"": [""{@spell Command|XPHB}""]}, ""ability"": ""cha"", ""displayAs"": ""legendary"", ""hidden"": [""legendary""]}]"
Vampire Familiar,XMM,"[""S"", ""M""]",humanoid,"[""N"", ""E""]",[15],"{""average"": 65, ""formula"": ""10d8 + 20""}","{""walk"": 30, ""climb"": 30}",17,16,15,10,10,14,"{""dex"": ""+5"", ""wis"": ""+2""}","{""perception"": ""+4"", ""persuasion"": ""+4"", ""stealth"": ""+7""}",14,"[""Common plus one other language""]",3,"[{""name"": ""Vampiric Connection"", ""entries"": [""While the familiar and its vampire master are on the same plane of existence, the vampire can communicate with the familiar telepathically, and the vampire can perceive through the familiar's senses.""]}]","[{""name"": ""Multiattack"", ""entries"": [""The familiar makes two Umbral Dagger attacks.""]}, {""name"": ""Umbral Dagger"", ""entries"": [""{@atkr m,r} {@hit 5}, reach 5 ft. or range 20/60 ft. {@h}5 ({@damage 1d4 + 3}) Piercing damage plus 7 ({@damage 3d4}) Necrotic damage. If the target is reduced to 0 {@variantrule Hit Points|XPHB} by this attack, the target becomes {@variantrule Stable|XPHB} but has the {@condition Poisoned|XPHB} condition for 1 hour. While it has the {@condition Poisoned|XPHB} condition, the target has the {@condition Paralyzed|XPHB} condition.""]}]","[{""name"": ""Deathless Agility"", ""entries"": [""The familiar takes the {@action Dash|XPHB} or {@action Disengage|XPHB} action.""]}]",,,
Vampire Spawn,XMM,"[""S"", ""M""]",undead,"[""N"", ""E""]",[16],"{""average"": 90, ""formula"": ""12d8 + 36""}","{""walk"": 30}",16,16,16,11,10,12,"{""dex"": ""+6"", ""wis"": ""+3""}","{""perception"": ""+3"", ""stealth"": ""+6""}",13,"[""Common plus one other language""]",5,"[{""name"": ""Spider Climb"", ""entries"": [""The vampire can climb difficult surfaces, including along ceilings, without needing to make an ability check.""]}, {""name"": ""Vampire Weakness"", ""entries"": [""The vampire has these weaknesses:"", {""type"": ""list"", ""style"": ""list-hang-notitle"", ""items"": [{""type"": ""item"", ""name"": ""Forbiddance"", ""entries"": [""The vampire can't enter a residence without an invitation from an occupant.""]}, {""type"": ""item"", ""name"": ""Running Water"", ""entries"": [""The vampire takes 20 Acid damage if it ends its turn in running water.""]}, {""type"": ""item"", ""name"": ""Stake to the Heart"", ""entries"": [""The vampire is destroyed if a weapon that deals Piercing damage is driven into the vampire's heart while the vampire has the {@condition Incapacitated|XPHB} condition.""]}, {""type"": ""item"", ""name"": ""Sunlight"", ""entries"": [""The vampire takes 20 Radiant damage if it starts its turn in sunlight. While in sunlight, it has {@variantrule Disadvantage|XPHB} on attack rolls and ability checks.""]}]}]}]","[{""name"": ""Multiattack"", ""entries"": [""The vampire makes two Claw attacks and uses Bite.""]}, {""name"": ""Claw"", ""entries"": [""{@atkr m} {@hit 6}, reach 5 ft. {@h}8 ({@damage 2d4 + 3}) Slashing damage. If the target is a Medium or smaller creature, it has the {@condition Grappled|XPHB} condition (escape {@dc 13}) from one of two claws.""]}, {""name"": ""Bite"", ""entries"": [""{@actSave con} {@dc 14}, one creature within 5 feet that is willing or that has the {@condition Grappled|XPHB}, {@condition Incapacitated|XPHB}, or {@condition Restrained|XPHB} condition. {@actSaveFail} 5 ({@damage 1d4 + 3}) Piercing damage plus 10 ({@damage 3d6}) Necrotic damage. The target's {@variantrule Hit Points|XPHB|Hit Point} maximum decreases by an amount equal to the Necrotic damage taken, and the vampire regains {@variantrule Hit Points|XPHB} equal to that amount.""]}]","[{""name"": ""Deathless Agility"", ""entries"": [""The vampire takes the {@action Dash|XPHB} or {@action Disengage|XPHB} action.""]}]",,,
Venomous Snake,XMM,"[""T""]",beast,"[""U""]",[12],"{""average"": 5, ""formula"": ""2d4""}","{""walk"": 30, ""swim"": 30}",2,15,11,1,10,3,,,10,,1/8,,"[{""name"": ""Bite"", ""entries"": [""{@atkr m} {@hit 4}, reach 5 ft. {@h}4 ({@damage 1d4 + 2}) Piercing damage plus 3 ({@damage 1d6}) Poison damage.""]}]",,,,
Violet Fungus,XMM,"[""M""]",plant,"[""U""]",[5],"{""average"": 18, ""formula"": ""4d8""}","{""walk"": 5}",3,1,10,1,3,1,,,6,,1/4,,"[{""name"": ""Multiattack"", ""entries"": [""The fungus makes two Rotting Touch attacks.""]}, {""name"": ""Rotting Touch"", ""entries"": [""{@atkr m} {@hit 2}, reach 10 ft. {@h}4 ({@damage 1d8}) Necrotic damage.""]}]",,,,
Vrock,XMM,"[""L""]","{""type"": ""fiend"", ""tags"": [""demon""]}","[""C"", ""E""]",[15],"{""average"": 152, ""formula"": ""16d10 + 64""}","{""walk"": 40, ""fly"": 60}",17,15,18,8,13,8,"{""dex"": ""+5"", ""wis"": ""+4"", ""cha"": ""+2""}",,11,"[""Abyssal; telepathy 120 ft.""]",6,"[{""name"": ""Demonic Restoration"", ""entries"": [""If the vrock dies outside the Abyss, its body dissolves into ichor, and it gains a new body instantly, reviving with all its {@variantrule Hit Points|XPHB} somewhere in the Abyss.""]}, {""name"": ""Magic Resistance"", ""entries"": [""The vrock has {@variantrule Advantage|XPHB} on saving throws against spells and other magical effects.""]}]","[{""name"": ""Multiattack"", ""entries"": [""The vrock makes two Shred attacks.""]}, {""name"": ""Shred"", ""entries"": [""{@atkr m} {@hit 6}, reach 5 ft. {@h}10 ({@damage 2d6 + 3}) Piercing damage plus 10 ({@damage 3d6}) Poison damage.""]}, {""name"": ""Spores {@recharge}"", ""entries"": [""{@actSave con} {@dc 15}, each creature in a 20-foot {@variantrule Emanation [Area of Effect]|XPHB|Emanation} originating from the vrock. {@actSaveFail} The target has the {@condition Poisoned|XPHB} condition and repeats the save at the end of each of its turns, ending the effect on itself on a success. While {@condition Poisoned|XPHB}, the target takes 5 ({@damage 1d10}) Poison damage at the start of each of its turns. Emptying a flask of Holy Water on the target ends the effect early.""]}, {""name"": ""Stunning Screech (1/Day)"", ""entries"": [""{@actSave con} {@dc 15}, each creature in a 20-foot {@variantrule Emanation [Area of Effect]|XPHB|Emanation} originating from the vrock (demons succeed automatically). {@actSaveFail} 10 ({@damage 3d6}) Thunder damage, and the target has the {@condition Stunned|XPHB} condition until the end of the vrock's next turn.""]}]",,,,
Vulture,XMM,"[""M""]",beast,"[""U""]",[10],"{""average"": 5, ""formula"": ""1d8 + 1""}","{""walk"": 10, ""fly"": 50}",7,10,13,2,12,4,,"{""perception"": ""+3""}",13,,0,"[{""name"": ""Pack Tactics"", ""entries"": [""The vulture has {@variantrule Advantage|XPHB} on an attack roll against a creature if at least one of the vulture's allies is within 5 feet of the creature and the ally doesn't have the {@condition Incapacitated|XPHB} condition.""]}]","[{""name"": ""Beak"", ""entries"": [""{@atkr m} {@hit 2}, reach 5 ft. {@h}2 ({@damage 1d4}) Piercing damage.""]}]",,,,
Warhorse,XMM,"[""L""]",beast,"[""U""]",[11],"{""average"": 19, ""formula"": ""3d10 + 3""}","{""walk"": 60}",18,12,13,2,12,7,"{""wis"": ""+3""}",,11,,1/2,,"[{""name"": ""Hooves"", ""entries"": [""{@atkr m} {@hit 6}, reach 5 ft. {@h}9 ({@damage 2d4 + 4}) Bludgeoning damage. If the target is a Large or smaller creature and the horse moved 20+ feet straight toward it immediately before the hit, the target takes an extra 5 ({@damage 2d4}) Bludgeoning damage and has the {@condition Prone|XPHB} condition.""]}]",,,,
Warhorse Skeleton,XMM,"[""L""]",undead,"[""L"", ""E""]",[13],"{""average"": 22, ""formula"": ""3d10 + 6""}","{""walk"": 60}",18,12,15,2,8,5,,,9,,1/2,,"[{""name"": ""Hooves"", ""entries"": [""{@atkr m} {@hit 6}, reach 5 ft. {@h}7 ({@damage 1d6 + 4}) Bludgeoning damage. If the target is a Large or smaller creature and the skeleton moved 20+ feet straight toward it immediately before the hit, the target has the {@condition Prone|XPHB} condition.""]}]",,,,
Warrior Infantry,XMM,"[""S"", ""M""]",humanoid,"[""N""]",[13],"{""average"": 9, ""formula"": ""2d8""}","{""walk"": 30}",13,11,11,8,11,8,,,10,"[""Common""]",1/8,"[{""name"": ""Pack Tactics"", ""entries"": [""The warrior has {@variantrule Advantage|XPHB} on an attack roll against a creature if at least one of the warrior's allies is within 5 feet of the creature and the ally doesn't have the {@condition Incapacitated|XPHB} condition.""]}]","[{""name"": ""Spear"", ""entries"": [""{@atkr m,r} {@hit 3}, reach 5 ft. or range 20/60 ft. {@h}4 ({@damage 1d6 + 1}) Piercing damage.""]}]",,,,
Warrior Veteran,XMM,"[""S"", ""M""]",humanoid,"[""N""]",[17],"{""average"": 65, ""formula"": ""10d8 + 20""}","{""walk"": 30}",16,13,14,10,11,10,,"{""athletics"": ""+5"", ""perception"": ""+2""}",12,"[""Common plus one other language""]",3,,"[{""name"": ""Multiattack"", ""entries"": [""The warrior makes two Greatsword or Heavy Crossbow attacks.""]}, {""name"": ""Greatsword"", ""entries"": [""{@atkr m} {@hit 5}, reach 5 ft. {@h}10 ({@damage 2d6 + 3}) Slashing damage.""]}, {""name"": ""Heavy Crossbow"", ""entries"": [""{@atkr r} {@hit 3}, range 100/400 ft. {@h}12 ({@damage 2d10 + 1}) Piercing damage.""]}]",,"[{""name"": ""Parry"", ""entries"": [""{@actTrigger} The warrior is hit by a melee attack roll while holding a weapon. {@actResponse} The warrior adds 2 to its AC against that attack, possibly causing it to miss.""]}]",,
Water Elemental,XMM,"[""L""]",elemental,"[""N""]",[14],"{""average"": 114, ""formula"": ""12d10 + 48""}","{""walk"": 30, ""swim"": 90}",18,14,18,5,10,8,,,10,"[""Primordial (Aquan)""]",5,"[{""name"": ""Freeze"", ""entries"": [""If the elemental takes Cold damage, its {@variantrule Speed|XPHB} decreases by 20 feet until the end of its next turn.""]}, {""name"": ""Water Form"", ""entries"": [""The elemental can enter an enemy's space and stop there. It can move through a space as narrow as 1 inch without expending extra movement to do so.""]}]","[{""name"": ""Multiattack"", ""entries"": [""The elemental makes two Slam attacks.""]}, {""name"": ""Slam"", ""entries"": [""{@atkr m} {@hit 7}, reach 5 ft. {@h}13 ({@damage 2d8 + 4}) Bludgeoning damage. If the target is a Medium or smaller creature, it has the {@condition Prone|XPHB} condition.""]}, {""name"": ""Whelm {@recharge 4}"", ""entries"": [""{@actSave str} {@dc 15}, each creature in the elemental's space. {@actSaveFail} 22 ({@damage 4d8 + 4}) Bludgeoning damage. If the target is a Large or smaller creature, it has the {@condition Grappled|XPHB} condition (escape {@dc 14}). Until the grapple ends, the target has the {@condition Restrained|XPHB} condition, is suffocating unless it can breathe water, and takes 9 ({@damage 2d8}) Bludgeoning damage at the start of each of the elemental's turns. The elemental can grapple one Large creature or up to two Medium or smaller creatures at a time with Whelm. As an action, a creature within 5 feet of the elemental can pull a creature out of it by succeeding on a {@dc 14} Strength ({@skill Athletics|XPHB}) check. {@actSaveSuccess} Half damage only.""]}]",,,,
Weasel,XMM,"[""T""]",beast,"[""U""]",[13],"{""average"": 1, ""formula"": ""1d4 - 1""}","{""walk"": 30, ""climb"": 30}",3,16,8,2,12,3,,"{""acrobatics"": ""+5"", ""perception"": ""+3"", ""stealth"": ""+5""}",13,,0,,"[{""name"": ""Bite"", ""entries"": [""{@atkr m} {@hit 5}, reach 5 ft. {@h}1 Piercing damage.""]}]",,,,
Werebear,XMM,"[""S"", ""M""]","{""type"": ""monstrosity"", ""tags"": [""lycanthrope""]}","[""N"", ""G""]",[15],"{""average"": 135, ""formula"": ""18d8 + 54""}","{""walk"": 30, ""alternate"": {""walk"": [{""number"": 40, ""condition"": ""(bear form only)""}]}, ""climb"": {""number"": 30, ""condition"": ""(bear form only)""}}",19,10,17,11,12,12,,"{""perception"": ""+7""}",17,"[""Common (can't speak in bear form)""]",5,,"[{""name"": ""Multiattack"", ""entries"": [""The werebear makes two attacks, using Handaxe or Rend in any combination. It can replace one attack with a Bite attack.""]}, {""name"": ""Bite (Bear or Hybrid Form Only)"", ""entries"": [""{@atkr m} {@hit 7}, reach 5 ft. {@h}17 ({@damage 2d12 + 4}) Piercing damage. If the target is a Humanoid, it is subjected to the following effect. {@actSave con} {@dc 14}. {@actSaveFail} The target is cursed. If the cursed target drops to 0 {@variantrule Hit Points|XPHB}, it instead becomes a Werebear under the DM's control and has 10 {@variantrule Hit Points|XPHB}. {@actSaveSuccess} The target is immune to this werebear's curse for 24 hours.""]}, {""name"": ""Handaxe (Humanoid or Hybrid Form Only)"", ""entries"": [""{@atkr m,r} {@hit 7}, reach 5 ft or range 20/60 ft. {@h}14 ({@damage 3d6 + 4}) Slashing damage.""]}, {""name"": ""Rend (Bear or Hybrid Form Only)"", ""entries"": [""{@atkr m} {@hit 7}, reach 5 ft. {@h}13 ({@damage 2d8 + 4}) Slashing damage.""]}]","[{""name"": ""Shape-Shift"", ""entries"": [""The werebear shape-shifts into a Large bear-humanoid hybrid form or a Large bear, or it returns to its true humanoid form. Its game statistics, other than its size, are the same in each form. Any equipment it is wearing or carrying isn't transformed.""]}]",,,
Wereboar,XMM,"[""S"", ""M""]","{""type"": ""monstrosity"", ""tags"": [""lycanthrope""]}","[""N"", ""E""]",[15],"{""average"": 97, ""formula"": ""15d8 + 30""}","{""walk"": 30, ""alternate"": {""walk"": [{""number"": 40, ""condition"": ""(boar form only)""}]}}",17,10,15,10,11,8,,"{""perception"": ""+2""}",12,"[""Common (can't speak in boar form)""]",4,,"[{""name"": ""Multiattack"", ""entries"": [""The wereboar makes two attacks, using Javelin or Tusk in any combination. It can replace one attack with a Gore attack.""]}, {""name"": ""Gore (Boar or Hybrid Form Only)"", ""entries"": [""{@atkr m} {@hit 5}, reach 5 ft. {@h}12 ({@damage 2d8 + 3}) Piercing damage. If the target is a Humanoid, it is subjected to the following effect. {@actSave con} {@dc 12}. {@actSaveFail} The target is cursed. If the cursed target drops to 0 {@variantrule Hit Points|XPHB}, it instead becomes a Wereboar under the DM's control and has 10 {@variantrule Hit Points|XPHB}. {@actSaveSuccess} The target is immune to this wereboar's curse for 24 hours.""]}, {""name"": ""Javelin (Humanoid or Hybrid Form Only)"", ""entries"": [""{@atkr m,r} {@hit 5}, reach 5 ft. or range 30/120 ft. {@h}13 ({@damage 3d6 + 3}) Piercing damage.""]}, {""name"": ""Tusk (Boar or Hybrid Form Only)"", ""entries"": [""{@atkr m} {@hit 5}, reach 5 ft. {@h}10 ({@damage 2d6 + 3}) Piercing damage. If the target is a Medium or smaller creature and the wereboar moved 20+ feet straight toward it immediately before the hit, the target takes an extra 7 ({@damage 2d6}) Piercing damage and has the {@condition Prone|XPHB} condition.""]}]","[{""name"": ""Shape-Shift"", ""entries"": [""The wereboar shape-shifts into a Medium boar-humanoid hybrid or a Small boar, or it returns to its true humanoid form. Its game statistics, other than its size, are the same in each form. Any equipment it is wearing or carrying isn't transformed.""]}]",,,
Wererat,XMM,"[""S"", ""M""]","{""type"": ""monstrosity"", ""tags"": [""lycanthrope""]}","[""L"", ""E""]",[13],"{""average"": 60, ""formula"": ""11d8 + 11""}","{""walk"": 30, ""climb"": 30}",10,16,12,11,10,8,,"{""perception"": ""+4"", ""stealth"": ""+5""}",14,"[""Common (can't speak in rat form)""]",2,,"[{""name"": ""Multiattack"", ""entries"": [""The wererat makes two attacks, using Scratch or Hand Crossbow in any combination. It can replace one attack with a Bite attack.""]}, {""name"": ""Bite (Rat or Hybrid Form Only)"", ""entries"": [""{@atkr m} {@hit 5}, reach 5 ft. {@h}8 ({@damage 2d4 + 3}) Piercing damage. If the target is a Humanoid, it is subjected to the following effect. {@actSave con} {@dc 11}. {@actSaveFail} The target is cursed. If the cursed target drops to 0 {@variantrule Hit Points|XPHB}, it instead becomes a Wererat under the DM's control and has 10 {@variantrule Hit Points|XPHB}. {@actSaveSuccess} The target is immune to this wererat's curse for 24 hours.""]}, {""name"": ""Scratch"", ""entries"": [""{@atkr m} {@hit 5}, reach 5 ft. {@h}6 ({@damage 1d6 + 3}) Slashing damage.""]}, {""name"": ""Hand Crossbow (Humanoid or Hybrid Form Only)"", ""entries"": [""{@atkr r} {@hit 5}, range 30/120 ft. {@h}6 ({@damage 1d6 + 3}) Piercing damage.""]}]","[{""name"": ""Shape-Shift"", ""entries"": [""The wererat shape-shifts into a Medium rat-humanoid hybrid or a Small rat, or it returns to its true humanoid form. Its game statistics, other than its size, are the same in each form. Any equipment it is wearing or carrying isn't transformed.""]}]",,,
Weretiger,XMM,"[""S"", ""M""]","{""type"": ""monstrosity"", ""tags"": [""lycanthrope""]}","[""N""]",[12],"{""average"": 120, ""formula"": ""16d8 + 48""}","{""walk"": 30, ""alternate"": {""walk"": [{""number"": 40, ""condition"": ""(tiger form only)""}]}}",17,15,16,10,13,11,,"{""perception"": ""+5"", ""stealth"": ""+4""}",15,"[""Common (can't speak in tiger form)""]",4,,"[{""name"": ""Multiattack"", ""entries"": [""The weretiger makes two attacks, using Scratch or Longbow in any combination. It can replace one attack with a Bite attack.""]}, {""name"": ""Bite (Tiger or Hybrid Form Only)"", ""entries"": [""{@atkr m} {@hit 5}, reach 5 ft. {@h}12 ({@damage 2d8 + 3}) Piercing damage. If the target is a Humanoid, it is subjected to the following effect. {@actSave con} {@dc 13}. {@actSaveFail} The target is cursed. If the cursed target drops to 0 {@variantrule Hit Points|XPHB}, it instead becomes a Weretiger under the DM's control and has 10 {@variantrule Hit Points|XPHB}. {@actSaveSuccess} The target is immune to this weretiger's curse for 24 hours.""]}, {""name"": ""Scratch"", ""entries"": [""{@atkr m} {@hit 5}, reach 5 ft. {@h}10 ({@damage 2d6 + 3}) Slashing damage.""]}, {""name"": ""Longbow (Humanoid or Hybrid Form Only)"", ""entries"": [""{@atkr r} {@hit 4}, range 150/600 ft. {@h}11 ({@damage 2d8 + 2}) Piercing damage.""]}]","[{""name"": ""Prowl (Tiger or Hybrid Form Only)"", ""entries"": [""The weretiger moves up to its {@variantrule Speed|XPHB} without provoking {@action Opportunity Attack|XPHB|Opportunity Attacks}. At the end of this movement, the weretiger can take the {@action Hide|XPHB} action.""]}, {""name"": ""Shape-Shift"", ""entries"": [""The weretiger shape-shifts into a Large tiger-humanoid hybrid or a Large tiger, or it returns to its true humanoid form. Its game statistics, other than its size, are the same in each form. Any equipment it is wearing or carrying isn't transformed.""]}]",,,
Werewolf,XMM,"[""S"", ""M""]","{""type"": ""monstrosity"", ""tags"": [""lycanthrope""]}","[""C"", ""E""]",[15],"{""average"": 71, ""formula"": ""11d8 + 22""}","{""walk"": 30, ""alternate"": {""walk"": [{""number"": 40, ""condition"": ""(wolf form only)""}]}}",16,14,14,10,11,10,,"{""perception"": ""+4"", ""stealth"": ""+4""}",14,"[""Common (can't speak in wolf form)""]",3,"[{""name"": ""Pack Tactics"", ""entries"": [""The werewolf has {@variantrule Advantage|XPHB} on an attack roll against a creature if at least one of the werewolf's allies is within 5 feet of the creature and the ally doesn't have the {@condition Incapacitated|XPHB} condition.""]}]","[{""name"": ""Multiattack"", ""entries"": [""The werewolf makes two attacks, using Scratch or Longbow in any combination. It can replace one attack with a Bite attack.""]}, {""name"": ""Bite (Wolf or Hybrid Form Only)"", ""entries"": [""{@atkr m} {@hit 5}, reach 5 ft. {@h}12 ({@damage 2d8 + 3}) Piercing damage. If the target is a Humanoid, it is subjected to the following effect. {@actSave con} {@dc 12}. {@actSaveFail} The target is cursed. If the cursed target drops to 0 {@variantrule Hit Points|XPHB}, it instead becomes a Werewolf under the DM's control and has 10 {@variantrule Hit Points|XPHB}. {@actSaveSuccess} The target is immune to this werewolf's curse for 24 hours.""]}, {""name"": ""Scratch"", ""entries"": [""{@atkr m} {@hit 5}, reach 5 ft. {@h}10 ({@damage 2d6 + 3}) Slashing damage.""]}, {""name"": ""Longbow (Humanoid or Hybrid Form Only)"", ""entries"": [""{@atkr r} {@hit 4}, range 150/600 ft. {@h}11 ({@damage 2d8 + 2}) Piercing damage.""]}]","[{""name"": ""Shape-Shift"", ""entries"": [""The werewolf shape-shifts into a Large wolf-humanoid hybrid or a Medium wolf, or it returns to its true humanoid form. Its game statistics, other than its size, are the same in each form. Any equipment it is wearing or carrying isn't transformed.""]}]",,,
White Dragon Wyrmling,XMM,"[""M""]","{""type"": ""dragon"", ""tags"": [""chromatic""]}","[""C"", ""E""]",[16],"{""average"": 32, ""formula"": ""5d8 + 10""}","{""walk"": 30, ""burrow"": 15, ""fly"": 60, ""swim"": 30}",14,10,14,5,10,11,"{""dex"": ""+2"", ""wis"": ""+2""}","{""perception"": ""+4"", ""stealth"": ""+2""}",14,"[""Draconic""]",2,"[{""name"": ""Ice Walk"", ""entries"": [""The dragon can move across and climb icy surfaces without needing to make an ability check. Additionally, {@variantrule Difficult Terrain|XPHB} composed of ice or snow doesn't cost it extra movement.""]}]","[{""name"": ""Multiattack"", ""entries"": [""The dragon makes two Rend attacks.""]}, {""name"": ""Rend"", ""entries"": [""{@atkr m} {@hit 4}, reach 5 ft. {@h}6 ({@damage 1d8 + 2}) Slashing damage plus 2 ({@damage 1d4}) Cold damage.""]}, {""name"": ""Cold Breath {@recharge 5}"", ""entries"": [""{@actSave con} {@dc 12}, each creature in a 15-foot {@variantrule Cone [Area of Effect]|XPHB|Cone}. {@actSaveFail} 22 ({@damage 5d8}) Cold damage. {@actSaveSuccess} Half damage.""]}]",,,,
Wight,XMM,"[""M""]",undead,"[""N"", ""E""]",[14],"{""average"": 82, ""formula"": ""11d8 + 33""}","{""walk"": 30}",15,14,16,10,13,15,,"{""perception"": ""+3"", ""stealth"": ""+4""}",13,"[""Common plus one other language""]",3,"[{""name"": ""Sunlight Sensitivity"", ""entries"": [""While in sunlight, the wight has {@variantrule Disadvantage|XPHB} on ability checks and attack rolls.""]}]","[{""name"": ""Multiattack"", ""entries"": [""The wight makes two attacks, using Necrotic Sword or Necrotic Bow in any combination. It can replace one attack with a use of Life Drain.""]}, {""name"": ""Necrotic Sword"", ""entries"": [""{@atkr m} {@hit 4}, reach 5 ft. {@h}6 ({@damage 1d8 + 2}) Slashing damage plus 4 ({@damage 1d8}) Necrotic damage.""]}, {""name"": ""Necrotic Bow"", ""entries"": [""{@atkr r} {@hit 4}, range 150/600 ft. {@h}6 ({@damage 1d8 + 2}) Piercing damage plus 4 ({@damage 1d8}) Necrotic damage.""]}, {""name"": ""Life Drain"", ""entries"": [""{@actSave con} {@dc 13}, one creature within 5 feet. {@actSaveFail} 6 ({@damage 1d8 + 2}) Necrotic damage, and the target's {@variantrule Hit Points|XPHB|Hit Point} maximum decreases by an amount equal to the damage taken."", ""A Humanoid slain by this attack rises 24 hours later as a {@creature Zombie|XMM} under the wight's control, unless the Humanoid is restored to life or its body is destroyed. The wight can have no more than twelve zombies under its control at a time.""]}]",,,,
Will-o'-Wisp,XMM,"[""T""]",undead,"[""C"", ""E""]",[19],"{""average"": 27, ""formula"": ""11d4""}","{""walk"": 5, ""fly"": {""number"": 50, ""condition"": ""(hover)""}, ""canHover"": true}",1,28,10,13,14,11,,,12,"[""Common plus one other language""]",2,"[{""name"": ""Ephemeral"", ""entries"": [""The wisp can't wear or carry anything.""]}, {""name"": ""Illumination"", ""entries"": [""The wisp sheds {@variantrule Bright Light|XPHB} in a 20-foot radius and {@variantrule Dim Light|XPHB} for an additional 20 feet.""]}, {""name"": ""Incorporeal Movement"", ""entries"": [""The wisp can move through other creatures and objects as if they were {@variantrule Difficult Terrain|XPHB}. It takes 5 ({@damage 1d10}) Force damage if it ends its turn inside an object.""]}]","[{""name"": ""Shock"", ""entries"": [""{@atkr m} {@hit 4}, reach 5 ft. {@h}11 ({@damage 2d8 + 2}) Lightning damage.""]}]","[{""name"": ""Consume Life"", ""entries"": [""{@actSave con} {@dc 10}, one living creature the wisp can see within 5 feet that has 0 {@variantrule Hit Points|XPHB}. {@actSaveFail} The target dies, and the wisp regains 10 ({@dice 3d6}) {@variantrule Hit Points|XPHB}.""]}, {""name"": ""Vanish"", ""entries"": [""The wisp and its light have the {@condition Invisible|XPHB} condition until the wisp's {@status Concentration|XPHB} ends on this effect, which ends early immediately after the wisp makes an attack roll or uses Consume Life.""]}]",,,
Winter Wolf,XMM,"[""L""]",monstrosity,"[""N"", ""E""]",[13],"{""average"": 75, ""formula"": ""10d10 + 20""}","{""walk"": 50}",18,13,14,7,12,8,,"{""perception"": ""+5"", ""stealth"": ""+5""}",15,"[""Common"", ""Giant""]",3,"[{""name"": ""Pack Tactics"", ""entries"": [""The wolf has {@variantrule Advantage|XPHB} on an attack roll against a creature if at least one of the wolf's allies is within 5 feet of the creature and the ally doesn't have the {@condition Incapacitated|XPHB} condition.""]}]","[{""name"": ""Bite"", ""entries"": [""{@atkr m} {@hit 6}, reach 5 ft. {@h}11 ({@damage 2d6 + 4}) Piercing damage. If the target is a Large or smaller creature, it has the {@condition Prone|XPHB} condition.""]}, {""name"": ""Cold Breath {@recharge 5}"", ""entries"": [""{@actSave con} {@dc 12}, each creature in a 15-foot {@variantrule Cone [Area of Effect]|XPHB|Cone}. {@actSaveFail} 18 ({@damage 4d8}) Cold damage. {@actSaveSuccess} Half damage.""]}]",,,,
Wolf,XMM,"[""M""]",beast,"[""U""]",[12],"{""average"": 11, ""formula"": ""2d8 + 2""}","{""walk"": 40}",14,15,12,3,12,6,,"{""perception"": ""+5"", ""stealth"": ""+4""}",15,,1/4,"[{""name"": ""Pack Tactics"", ""entries"": [""The wolf has {@variantrule Advantage|XPHB} on attack rolls against a creature if at least one of the wolf's allies is within 5 feet of the creature and the ally doesn't have the {@condition Incapacitated|XPHB} condition.""]}]","[{""name"": ""Bite"", ""entries"": [""{@atkr m} {@hit 4}, reach 5 ft. {@h}5 ({@damage 1d6 + 2}) Piercing damage. If the target is a Medium or smaller creature, it has the {@condition Prone|XPHB} condition.""]}]",,,,
Worg,XMM,"[""L""]",fey,"[""N"", ""E""]",[13],"{""average"": 26, ""formula"": ""4d10 + 4""}","{""walk"": 50}",16,13,13,7,11,8,,"{""perception"": ""+4""}",14,"[""Goblin"", ""Worg""]",1/2,,"[{""name"": ""Bite"", ""entries"": [""{@atkr m} {@hit 5}, reach 5 ft. {@h}7 ({@damage 1d8 + 3}) Piercing damage, and the next attack roll made against the target before the start of the worg's next turn has {@variantrule Advantage|XPHB}.""]}]",,,,
Wraith,XMM,"[""S"", ""M""]",undead,"[""N"", ""E""]",[13],"{""average"": 67, ""formula"": ""9d8 + 27""}","{""walk"": 5, ""fly"": {""number"": 60, ""condition"": ""(hover)""}, ""canHover"": true}",6,16,16,12,14,15,,,12,"[""Common plus two other languages""]",5,"[{""name"": ""Incorporeal Movement"", ""entries"": [""The wraith can move through other creatures and objects as if they were {@variantrule Difficult Terrain|XPHB}. It takes 5 ({@damage 1d10}) Force damage if it ends its turn inside an object.""]}, {""name"": ""Sunlight Sensitivity"", ""entries"": [""While in sunlight, the wraith has {@variantrule Disadvantage|XPHB} on ability checks and attack rolls.""]}]","[{""name"": ""Life Drain"", ""entries"": [""{@atkr m} {@hit 6}, reach 5 ft. {@h}21 ({@damage 4d8 + 3}) Necrotic damage. If the target is a creature, its {@variantrule Hit Points|XPHB|Hit Point} maximum decreases by an amount equal to the damage taken.""]}, {""name"": ""Create Specter"", ""entries"": [""The wraith targets a Humanoid corpse within 10 feet of itself that has been dead for no longer than 1 minute. The target's spirit rises as a {@creature Specter|XMM} in the space of its corpse or in the nearest unoccupied space. The specter is under the wraith's control. The wraith can have no more than seven specters under its control at a time.""]}]",,,,
Wyvern,XMM,"[""L""]",dragon,"[""U""]",[14],"{""average"": 127, ""formula"": ""15d10 + 45""}","{""walk"": 30, ""fly"": 80}",19,10,16,5,12,6,,"{""perception"": ""+4""}",14,,6,,"[{""name"": ""Multiattack"", ""entries"": [""The wyvern makes one Bite attack and one Sting attack.""]}, {""name"": ""Bite"", ""entries"": [""{@atkr m} {@hit 7}, reach 5 ft. {@h}13 ({@damage 2d8 + 4}) Piercing damage.""]}, {""name"": ""Sting"", ""entries"": [""{@atkr m} {@hit 7}, reach 10 ft. {@h}11 ({@damage 2d6 + 4}) Piercing damage plus 24 ({@damage 7d6}) Poison damage, and the target has the {@condition Poisoned|XPHB} condition until the start of the wyvern's next turn.""]}]",,,,
Xorn,XMM,"[""M""]",elemental,"[""N""]",[19],"{""average"": 84, ""formula"": ""8d8 + 48""}","{""walk"": 20, ""burrow"": 20}",17,10,22,11,10,11,,"{""perception"": ""+6"", ""stealth"": ""+6""}",16,"[""Primordial (Terran)""]",5,"[{""name"": ""Earth Glide"", ""entries"": [""The xorn can burrow through nonmagical, unworked earth and stone. While doing so, the xorn doesn't disturb the material it moves through.""]}, {""name"": ""Treasure Sense"", ""entries"": [""The xorn can pinpoint the location of precious metals and stones within 60 feet of itself.""]}]","[{""name"": ""Multiattack"", ""entries"": [""The xorn makes one Bite attack and three Claw attacks.""]}, {""name"": ""Bite"", ""entries"": [""{@atkr m} {@hit 6}, reach 5 ft. {@h}17 ({@damage 4d6 + 3}) Piercing damage.""]}, {""name"": ""Claw"", ""entries"": [""{@atkr m} {@hit 6}, reach 5 ft. {@h}8 ({@damage 1d10 + 3}) Slashing damage.""]}]","[{""name"": ""Charge"", ""entries"": [""The xorn moves up to its {@variantrule Speed|XPHB} or {@variantrule Burrow Speed|XPHB} straight toward an enemy it can sense.""]}]",,,
Young Black Dragon,XMM,"[""L""]","{""type"": ""dragon"", ""tags"": [""chromatic""]}","[""C"", ""E""]",[18],"{""average"": 127, ""formula"": ""15d10 + 45""}","{""walk"": 40, ""fly"": 80, ""swim"": 40}",19,14,17,12,11,15,"{""dex"": ""+5"", ""wis"": ""+3""}","{""perception"": ""+6"", ""stealth"": ""+5""}",16,"[""Common"", ""Draconic""]",7,"[{""name"": ""Amphibious"", ""entries"": [""The dragon can breathe air and water.""]}]","[{""name"": ""Multiattack"", ""entries"": [""The dragon makes three Rend attacks.""]}, {""name"": ""Rend"", ""entries"": [""{@atkr m} {@hit 7}, reach 10 ft. {@h}9 ({@damage 2d4 + 4}) Slashing damage plus 3 ({@damage 1d6}) Acid damage.""]}, {""name"": ""Acid Breath {@recharge 5}"", ""entries"": [""{@actSave dex} {@dc 14}, each creature in a 30-foot-long, 5-foot-wide {@variantrule Line [Area of Effect]|XPHB|Line}. {@actSaveFail} 49 ({@damage 14d6}) Acid damage. {@actSaveSuccess} Half damage.""]}]",,,,
Young Blue Dragon,XMM,"[""L""]","{""type"": ""dragon"", ""tags"": [""chromatic""]}","[""L"", ""E""]",[18],"{""average"": 152, ""formula"": ""16d10 + 64""}","{""walk"": 40, ""burrow"": 20, ""fly"": 80}",21,10,19,14,13,17,"{""dex"": ""+4"", ""wis"": ""+5""}","{""perception"": ""+9"", ""stealth"": ""+4""}",19,"[""Common"", ""Draconic""]",9,,"[{""name"": ""Multiattack"", ""entries"": [""The dragon makes three Rend attacks.""]}, {""name"": ""Rend"", ""entries"": [""{@atkr m} {@hit 9}, reach 10 ft. {@h}12 ({@damage 2d6 + 5}) Slashing damage plus 5 ({@damage 1d10}) Lightning damage.""]}, {""name"": ""Lightning Breath {@recharge 5}"", ""entries"": [""{@actSave dex} {@dc 16}, each creature in a 60-foot-long, 5-foot-wide {@variantrule Line [Area of Effect]|XPHB|Line}. {@actSaveFail} 55 ({@damage 10d10}) Lightning damage. {@actSaveSuccess} Half damage.""]}]",,,,
Young Brass Dragon,XMM,"[""L""]","{""type"": ""dragon"", ""tags"": [""metallic""]}","[""C"", ""G""]",[17],"{""average"": 110, ""formula"": ""13d10 + 39""}","{""walk"": 40, ""burrow"": 20, ""fly"": 80}",19,10,17,12,11,15,"{""dex"": ""+3"", ""wis"": ""+3""}","{""perception"": ""+6"", ""persuasion"": ""+5"", ""stealth"": ""+3""}",16,"[""Common"", ""Draconic""]",6,,"[{""name"": ""Multiattack"", ""entries"": [""The dragon makes three Rend attacks. It can replace two attacks with a use of Sleep Breath.""]}, {""name"": ""Rend"", ""entries"": [""{@atkr m} {@hit 7}, reach 10 ft. {@h}15 ({@damage 2d10 + 4}) Slashing damage.""]}, {""name"": ""Fire Breath {@recharge 5}"", ""entries"": [""{@actSave dex} {@dc 14}, each creature in a 40-foot-long, 5-foot-wide {@variantrule Line [Area of Effect]|XPHB|Line}. {@actSaveFail} 38 ({@damage 11d6}) Fire damage. {@actSaveSuccess} Half damage.""]}, {""name"": ""Sleep Breath"", ""entries"": [""{@actSave con} {@dc 14}, each creature in a 30-foot {@variantrule Cone [Area of Effect]|XPHB|Cone}. {@actSaveFail} The target has the {@condition Incapacitated|XPHB} condition until the end of its next turn, at which point it repeats the save. {@actSaveFail 2} The target has the {@condition Unconscious|XPHB} condition for 1 minute. This effect ends for the target if it takes damage or a creature within 5 feet of it takes an action to wake it.""]}]",,,,
Young Bronze Dragon,XMM,"[""L""]","{""type"": ""dragon"", ""tags"": [""metallic""]}","[""L"", ""G""]",[17],"{""average"": 142, ""formula"": ""15d10 + 60""}","{""walk"": 40, ""fly"": 80, ""swim"": 40}",21,10,19,14,13,17,"{""dex"": ""+3"", ""wis"": ""+4""}","{""insight"": ""+4"", ""perception"": ""+7"", ""stealth"": ""+3""}",17,"[""Common"", ""Draconic""]",8,"[{""name"": ""Amphibious"", ""entries"": [""The dragon can breathe air and water.""]}]","[{""name"": ""Multiattack"", ""entries"": [""The dragon makes three Rend attacks. It can replace one attack with a use of Repulsion Breath.""]}, {""name"": ""Rend"", ""entries"": [""{@atkr m} {@hit 8}, reach 10 ft. {@h}16 ({@damage 2d10 + 5}) Slashing damage.""]}, {""name"": ""Lightning Breath {@recharge 5}"", ""entries"": [""{@actSave dex} {@dc 15}, each creature in a 60-foot-long, 5-foot-wide {@variantrule Line [Area of Effect]|XPHB|Line}. {@actSaveFail} 49 ({@damage 9d10}) Lightning damage. {@actSaveSuccess} Half damage.""]}, {""name"": ""Repulsion Breath"", ""entries"": [""{@actSave str} {@dc 15}, each creature in a 30-foot {@variantrule Cone [Area of Effect]|XPHB|Cone}. {@actSaveFail} The target is pushed up to 40 feet straight away from the dragon and has the {@condition Prone|XPHB} condition.""]}]",,,,
Young Copper Dragon,XMM,"[""L""]","{""type"": ""dragon"", ""tags"": [""metallic""]}","[""C"", ""G""]",[17],"{""average"": 119, ""formula"": ""14d10 + 42""}","{""walk"": 40, ""climb"": 40, ""fly"": 80}",19,12,17,16,13,15,"{""dex"": ""+4"", ""wis"": ""+4""}","{""deception"": ""+5"", ""perception"": ""+7"", ""stealth"": ""+4""}",17,"[""Common"", ""Draconic""]",7,,"[{""name"": ""Multiattack"", ""entries"": [""The dragon makes three Rend attacks. It can replace one attack with a use of Slowing Breath.""]}, {""name"": ""Rend"", ""entries"": [""{@atkr m} {@hit 7}, reach 10 ft. {@h}15 ({@damage 2d10 + 4}) Slashing damage.""]}, {""name"": ""Acid Breath {@recharge 5}"", ""entries"": [""{@actSave dex} {@dc 14}, each creature in a 40-foot-long, 5-foot-wide {@variantrule Line [Area of Effect]|XPHB|Line}. {@actSaveFail} 40 ({@damage 9d8}) Acid damage. {@actSaveSuccess} Half damage.""]}, {""name"": ""Slowing Breath"", ""entries"": [""{@actSave con} {@dc 14}, each creature in a 30-foot {@variantrule Cone [Area of Effect]|XPHB|Cone}. {@actSaveFail} The target can't take Reactions; its {@variantrule Speed|XPHB} is halved; and it can take either an action or a {@variantrule Bonus Action|XPHB} on its turn, not both. This effect lasts until the end of its next turn.""]}]",,,,
Young Gold Dragon,XMM,"[""L""]","{""type"": ""dragon"", ""tags"": [""metallic""]}","[""L"", ""G""]",[18],"{""average"": 178, ""formula"": ""17d10 + 85""}","{""walk"": 40, ""fly"": 80, ""swim"": 40}",23,14,21,16,13,20,"{""dex"": ""+6"", ""wis"": ""+5""}","{""insight"": ""+5"", ""perception"": ""+9"", ""persuasion"": ""+9"", ""stealth"": ""+6""}",19,"[""Common"", ""Draconic""]",10,"[{""name"": ""Amphibious"", ""entries"": [""The dragon can breathe air and water.""]}]","[{""name"": ""Multiattack"", ""entries"": [""The dragon makes three Rend attacks. It can replace one attack with a use of Weakening Breath.""]}, {""name"": ""Rend"", ""entries"": [""{@atkr m} {@hit 10}, reach 10 ft. {@h}17 ({@damage 2d10 + 6}) Slashing damage.""]}, {""name"": ""Fire Breath {@recharge 5}"", ""entries"": [""{@actSave dex} {@dc 17}, each creature in a 30-foot {@variantrule Cone [Area of Effect]|XPHB|Cone}. {@actSaveFail} 55 ({@damage 10d10}) Fire damage. {@actSaveSuccess} Half damage.""]}, {""name"": ""Weakening Breath"", ""entries"": [""{@actSave str} {@dc 17}, each creature that isn't currently affected by this breath in a 30-foot {@variantrule Cone [Area of Effect]|XPHB|Cone}. {@actSaveFail} The target has {@variantrule Disadvantage|XPHB} on Strength-based {@variantrule D20 Test|XPHB|D20 Tests} and subtracts 3 ({@dice 1d6}) from its damage rolls. It repeats the save at the end of each of its turns, ending the effect on itself on a success. After 1 minute, it succeeds automatically.""]}]",,,,
Young Green Dragon,XMM,"[""L""]","{""type"": ""dragon"", ""tags"": [""chromatic""]}","[""L"", ""E""]",[18],"{""average"": 136, ""formula"": ""16d10 + 48""}","{""walk"": 40, ""fly"": 80, ""swim"": 40}",19,12,17,16,13,15,"{""dex"": ""+4"", ""wis"": ""+4""}","{""deception"": ""+5"", ""perception"": ""+7"", ""stealth"": ""+4""}",17,"[""Common"", ""Draconic""]",8,"[{""name"": ""Amphibious"", ""entries"": [""The dragon can breathe air and water.""]}]","[{""name"": ""Multiattack"", ""entries"": [""The dragon makes three Rend attacks.""]}, {""name"": ""Rend"", ""entries"": [""{@atkr m} {@hit 7}, reach 10 ft. {@h}11 ({@damage 2d6 + 4}) Slashing damage plus 7 ({@damage 2d6}) Poison damage.""]}, {""name"": ""Poison Breath {@recharge 5}"", ""entries"": [""{@actSave con} {@dc 14}, each creature in a 30-foot {@variantrule Cone [Area of Effect]|XPHB|Cone}. {@actSaveFail} 42 ({@damage 12d6}) Poison damage. {@actSaveSuccess} Half damage.""]}]",,,,
Young Red Dragon,XMM,"[""L""]","{""type"": ""dragon"", ""tags"": [""chromatic""]}","[""C"", ""E""]",[18],"{""average"": 178, ""formula"": ""17d10 + 85""}","{""walk"": 40, ""climb"": 40, ""fly"": 80}",23,10,21,14,11,19,"{""dex"": ""+4"", ""wis"": ""+4""}","{""perception"": ""+8"", ""stealth"": ""+4""}",18,"[""Common"", ""Draconic""]",10,,"[{""name"": ""Multiattack"", ""entries"": [""The dragon makes three Rend attacks.""]}, {""name"": ""Rend"", ""entries"": [""{@atkr m} {@hit 10}, reach 10 ft. {@h}13 ({@damage 2d6 + 6}) Slashing damage plus 3 ({@damage 1d6}) Fire damage.""]}, {""name"": ""Fire Breath {@recharge 5}"", ""entries"": [""{@actSave dex} {@dc 17}, each creature in a 30-foot {@variantrule Cone [Area of Effect]|XPHB|Cone}. {@actSaveFail} 56 ({@damage 16d6}) Fire damage. {@actSaveSuccess} Half damage.""]}]",,,,
Young Silver Dragon,XMM,"[""L""]","{""type"": ""dragon"", ""tags"": [""metallic""]}","[""L"", ""G""]",[18],"{""average"": 168, ""formula"": ""16d10 + 80""}","{""walk"": 40, ""fly"": 80}",23,10,21,14,11,19,"{""dex"": ""+4"", ""wis"": ""+4""}","{""history"": ""+6"", ""perception"": ""+8"", ""stealth"": ""+4""}",18,"[""Common"", ""Draconic""]",9,,"[{""name"": ""Multiattack"", ""entries"": [""The dragon makes three Rend attacks. It can replace one attack with a use of Paralyzing Breath.""]}, {""name"": ""Rend"", ""entries"": [""{@atkr m} {@hit 10}, reach 10 ft. {@h}15 ({@damage 2d8 + 6}) Slashing damage.""]}, {""name"": ""Cold Breath {@recharge 5}"", ""entries"": [""{@actSave con} {@dc 17}, each creature in a 30-foot {@variantrule Cone [Area of Effect]|XPHB|Cone}. {@actSaveFail} 49 ({@damage 11d8}) Cold damage. {@actSaveSuccess} Half damage.""]}, {""name"": ""Paralyzing Breath"", ""entries"": [""{@actSave con} {@dc 17}, each creature in a 30-foot {@variantrule Cone [Area of Effect]|XPHB|Cone}. {@actSaveFail 1} The target has the {@condition Incapacitated|XPHB} condition until the end of its next turn, when it repeats the save. {@actSaveFail 2} The target has the {@condition Paralyzed|XPHB} condition, and it repeats the save at the end of each of its turns, ending the effect on itself on a success. After 1 minute, it succeeds automatically.""]}]",,,,
Young White Dragon,XMM,"[""L""]","{""type"": ""dragon"", ""tags"": [""chromatic""]}","[""C"", ""E""]",[17],"{""average"": 123, ""formula"": ""13d10 + 52""}","{""walk"": 40, ""burrow"": 20, ""fly"": 80, ""swim"": 40}",18,10,18,6,11,12,"{""dex"": ""+3"", ""wis"": ""+3""}","{""perception"": ""+6"", ""stealth"": ""+3""}",16,"[""Common"", ""Draconic""]",6,"[{""name"": ""Ice Walk"", ""entries"": [""The dragon can move across and climb icy surfaces without needing to make an ability check. Additionally, {@variantrule Difficult Terrain|XPHB} composed of ice or snow doesn't cost it extra movement.""]}]","[{""name"": ""Multiattack"", ""entries"": [""The dragon makes three Rend attacks.""]}, {""name"": ""Rend"", ""entries"": [""{@atkr m} {@hit 7}, reach 10 ft. {@h}9 ({@damage 2d4 + 4}) Slashing damage plus 2 ({@damage 1d4}) Cold damage.""]}, {""name"": ""Cold Breath {@recharge 5}"", ""entries"": [""{@actSave con} {@dc 15}, each creature in a 30-foot {@variantrule Cone [Area of Effect]|XPHB|Cone}. {@actSaveFail} 40 ({@damage 9d8}) Cold damage. {@actSaveSuccess} Half damage.""]}]",,,,
Zombie,XMM,"[""M""]",undead,"[""N"", ""E""]",[8],"{""average"": 15, ""formula"": ""2d8 + 6""}","{""walk"": 20}",13,6,16,3,6,5,"{""wis"": ""+0""}",,8,"[""understands Common plus one other language but can't speak""]",1/4,"[{""name"": ""Undead Fortitude"", ""entries"": [""If damage reduces the zombie to 0 {@variantrule Hit Points|XPHB}, it makes a Constitution saving throw ({@dc 5} plus the damage taken) unless the damage is Radiant or from a {@variantrule Critical Hit|XPHB}. On a successful save, the zombie drops to 1 {@variantrule Hit Points|XPHB|Hit Point} instead.""]}]","[{""name"": ""Slam"", ""entries"": [""{@atkr m} {@hit 3}, reach 5 ft. {@h}5 ({@damage 1d8 + 1}) Bludgeoning damage.""]}]",,,,
Animated Object,XPHB,"[""T"", ""S"", ""M"", ""L"", ""H""]",construct,"[""U""]",[15],"{""special"": ""10 (Medium or smaller), 20 (Large), 40 (Huge)""}","{""walk"": 30}",16,10,10,3,3,1,,,6,"[""understands the languages you know""]",,,"[{""name"": ""Slam"", ""entries"": [""{@atkr m} {@hitYourSpellAttack Bonus equals your spell attack modifier}, reach 5 ft. {@h}Force damage equal to {@damage (summonSpellLevel - 4)d4 + 3|1d4 + 3}, {@damage (summonSpellLevel - 3)d6 + 3|2d6 + 3} + your spellcasting ability modifier (Large), or {@damage (summonSpellLevel - 3)d12 + 3|2d12 + 3} + your spellcasting ability modifier (Huge).""]}]",,,,
Draconic Spirit,XPHB,"[""L""]",dragon,"[""N""]","[{""special"": ""14 + the spell's level""}]","{""special"": ""50 + 10 for each spell level above 5""}","{""walk"": 30, ""fly"": 60, ""swim"": 30}",19,14,17,10,14,14,,,12,"[""Draconic"", ""understands the languages you know""]",,"[{""name"": ""Shared Resistances"", ""entries"": [""When you summon the spirit, choose one of its Resistances. You have Resistance to the chosen damage type until the spell ends.""]}]","[{""name"": ""Multiattack"", ""entries"": [""The spirit makes a number of Rend attacks equal to half the spell's level (round down), and it uses Breath Weapon.""]}, {""name"": ""Rend"", ""entries"": [""{@atk m} {@hitYourSpellAttack Bonus equals your spell attack modifier}, reach 10 feet. {@h}{@damage 1d6 + 4 + summonSpellLevel} Piercing damage.""]}, {""name"": ""Breath Weapon"", ""entries"": [""{@actSave dex} DC equals your spell save DC, each creature in a 30-foot Cone. {@actSaveFail} {@damage 2d6} damage of a type this spirit has Resistance to (your choice when you cast the spell). {@actSaveSuccess} Half damage.""]}]",,,,
Giant Insect,XPHB,"[""L""]",beast,"[""U""]","[{""special"": ""11 + the spell's level""}]","{""special"": ""30 + 10 for each spell level above 4""}","{""walk"": 40, ""climb"": 40, ""fly"": {""number"": 40, ""condition"": ""(Wasp only)""}}",17,13,15,4,14,3,,,12,"[""understands the languages you know""]",,"[{""name"": ""Spider Climb"", ""entries"": [""The insect can climb difficult surfaces, including along ceilings, without needing to make an ability check.""]}]","[{""name"": ""Multiattack"", ""entries"": [""The insect makes a number of attacks equal to half this spell's level (round down).""]}, {""name"": ""Poison Jab"", ""entries"": [""{@atkr m} {@hitYourSpellAttack Bonus equals your spell attack modifier}, reach 10 ft. {@h}{@damage 1d6 + 3 + summonSpellLevel} Piercing damage plus {@damage 1d4} Poison damage.""]}, {""name"": ""Web Bolt (Spider Only)"", ""entries"": [""{@atkr r} {@hitYourSpellAttack Bonus equals your spell attack modifier}, range 60 ft. {@h}{@damage 1d10 + 3 + summonSpellLevel} Bludgeoning damage, and the target's Speed is reduced to 0 until the start of the insect's next turn.""]}]","[{""name"": ""Venomous Spew (Centipede Only)"", ""entries"": [""{@actSave con} Your spell save DC, one creature the insect can see within 10 feet. {@actSaveFail} The target has the {@condition Poisoned|XPHB} condition until the start of the insect's next turn.""]}]",,,
Otherworldly Steed,XPHB,"[""L""]","{""type"": {""choose"": [""celestial"", ""fey"", ""fiend""]}}","[""N""]","[{""special"": ""10 + 1 per spell level""}]","{""special"": ""5 + 10 per spell level (the steed has a number of Hit Dice [d10s] equal to the spell's level)""}","{""walk"": 60, ""fly"": {""number"": 60, ""condition"": ""(requires level 4+ spell)""}}",18,12,14,6,12,8,,,11,"[""telepathy 1 mile (works only with you)""]",,"[{""name"": ""Life Bond"", ""entries"": [""When you regain Hit Points from a level 1+ spell, the steed regains the same number of Hit Points if you're within 5 feet of it.""]}]","[{""name"": ""Otherworldly Slam"", ""entries"": [""{@atkr m} {@hitYourSpellAttack Bonus equals your spell attack modifier}, reach 5 ft. {@h}{@damage 1d8 + summonSpellLevel} of Radiant (Celestial), Psychic (Fey), or Necrotic (Fiend) damage.""]}]","[{""name"": ""Fell Glare (Fiend Only; Recharges after a Long Rest)"", ""entries"": [""{@actSave wis} DC equals your spell save DC, one creature within 60 feet the steed can see. {@actSaveFail} The target has the {@condition Frightened|XPHB} condition until the end of your next turn.""]}, {""name"": ""Fey Step (Fey Only; Recharges after a Long Rest)"", ""entries"": [""The steed teleports, along with its rider, to an unoccupied space of your choice up to 60 feet away from itself.""]}, {""name"": ""Healing Touch (Celestial Only; Recharges after a Long Rest)"", ""entries"": [""One creature within 5 feet of the steed regains a number of Hit Points equal to {@dice 2d8 + summonSpellLevel}.""]}]",,,
