Name,Source,Type,IsBaseItem,Rarity,Weight,Value,RequiresAttunement,Description,Property,Damage,DamageType,ArmorClass
Alchemist's Supplies,PHB,AT,True,none,8,5000,,,,,,
Arrow,PHB,A,True,none,0.05,5,,,,,,
Arrows (20),PHB,A,True,none,1,100,,,,,,
Bagpipes,PHB,INS,True,none,6,3000,,,,,,
Battleaxe,PHB,M,True,none,4,1000,,,"[""V""]",1d8,S,
Blowgun,PHB,R,True,none,1,1000,,,"[""A"", ""LD""]",1,P,
Blowgun Needle,PHB,A,True,none,0.02,2,,,,,,
Blowgun Needles (50),PHB,A,True,none,1,100,,,,,,
Breastplate,PHB,MA,True,none,20,40000,,"[""This armor consists of a fitted metal chest piece worn with supple leather. Although it leaves the legs and arms relatively unprotected, this armor provides good protection for the wearer's vital organs while leaving the wearer relatively unencumbered.""]",,,,14
Brewer's Supplies,PHB,AT,True,none,9,2000,,,,,,
Calligrapher's Supplies,PHB,AT,True,none,5,1000,,,,,,
Carpenter's Tools,PHB,AT,True,none,6,800,,,,,,
Cartographer's Tools,PHB,AT,True,none,6,1500,,,,,,
Chain Mail,PHB,HA,True,none,55,7500,,"[""Made of interlocking metal rings, chain mail includes a layer of quilted fabric worn underneath the mail to prevent chafing and to cushion the impact of blows. The suit includes gauntlets.""]",,,,16
Chain Shirt,PHB,MA,True,none,20,5000,,"[""Made of interlocking metal rings, a chain shirt is worn between layers of clothing or leather. This armor offers modest protection to the wearer's upper body and allows the sound of the rings rubbing against one another to be muffled by outer layers.""]",,,,13
Club,PHB,M,True,none,2,10,,,"[""L""]",1d4,B,
Cobbler's Tools,PHB,AT,True,none,5,500,,,,,,
Cook's Utensils,PHB,AT,True,none,8,100,,,,,,
Crossbow Bolt,PHB,A,True,none,0.075,5,,,,,,
Crossbow Bolts (20),PHB,A,True,none,1.5,100,,,,,,
Crystal,PHB,SCF,True,none,1,1000,,,,,,
Dagger,PHB,M,True,none,1,200,,,"[""F"", ""L"", ""T""]",1d4,P,
Dart,PHB,R,True,none,0.25,5,,,"[""F"", ""T""]",1d4,P,
Drum,PHB,INS,True,none,3,600,,,,,,
Dulcimer,PHB,INS,True,none,10,2500,,,,,,
Flail,PHB,M,True,none,2,1000,,,,1d8,B,
Flute,PHB,INS,True,none,1,200,,,,,,
Glaive,PHB,M,True,none,6,2000,,,"[""H"", ""R"", ""2H""]",1d10,S,
Glassblower's Tools,PHB,AT,True,none,5,3000,,,,,,
Greataxe,PHB,M,True,none,7,3000,,,"[""H"", ""2H""]",1d12,S,
Greatclub,PHB,M,True,none,10,20,,,"[""2H""]",1d8,B,
Greatsword,PHB,M,True,none,6,5000,,,"[""H"", ""2H""]",2d6,S,
Halberd,PHB,M,True,none,6,2000,,,"[""H"", ""R"", ""2H""]",1d10,S,
Half Plate Armor,PHB,MA,True,none,40,75000,,"[""Half plate consists of shaped metal plates that cover most of the wearer's body. It does not include leg protection beyond simple greaves that are attached with leather straps.""]",,,,15
Hand Crossbow,PHB,R,True,none,3,7500,,,"[""A"", ""L"", ""LD""]",1d6,P,
Handaxe,PHB,M,True,none,2,500,,,"[""L"", ""T""]",1d6,S,
Heavy Crossbow,PHB,R,True,none,18,5000,,,"[""A"", ""H"", ""LD"", ""2H""]",1d10,P,
Hide Armor,PHB,MA,True,none,12,1000,,"[""This crude armor consists of thick furs and pelts. It is commonly worn by barbarian tribes, evil humanoids, and other folk who lack access to the tools and materials needed to create better armor.""]",,,,12
Horn,PHB,INS,True,none,2,300,,,,,,
Javelin,PHB,M,True,none,2,50,,,"[""T""]",1d6,P,
Jeweler's Tools,PHB,AT,True,none,2,2500,,,,,,
Lance,PHB,M,True,none,6,1000,,"[{""type"": ""entries"", ""name"": ""Special"", ""entries"": [""You have disadvantage when you use a lance to attack a target within 5 feet of you. Also, a lance requires two hands to wield when you aren't mounted.""]}]","[""R"", ""S""]",1d12,P,
Leather Armor,PHB,LA,True,none,10,1000,,"[""The breastplate and shoulder protectors of this armor are made of leather that has been stiffened by being boiled in oil. The rest of the armor is made of softer and more flexible materials.""]",,,,11
Leatherworker's Tools,PHB,AT,True,none,5,500,,,,,,
Light Crossbow,PHB,R,True,none,5,2500,,,"[""A"", ""LD"", ""2H""]",1d8,P,
Light Hammer,PHB,M,True,none,2,200,,,"[""L"", ""T""]",1d4,B,
Longbow,PHB,R,True,none,2,5000,,,"[""A"", ""H"", ""2H""]",1d8,P,
Longsword,PHB,M,True,none,3,1500,,,"[""V""]",1d8,S,
Lute,PHB,INS,True,none,2,3500,,,,,,
Lyre,PHB,INS,True,none,2,3000,,,,,,
Mace,PHB,M,True,none,4,500,,,,1d6,B,
Mason's Tools,PHB,AT,True,none,8,1000,,,,,,
Maul,PHB,M,True,none,10,1000,,,"[""H"", ""2H""]",2d6,B,
Morningstar,PHB,M,True,none,4,1500,,,,1d8,P,
Net,PHB,R,True,none,3,100,,"[{""type"": ""entries"", ""name"": ""Special"", ""entries"": [""A Large or smaller creature hit by a net is {@condition restrained} until it is freed. A net has no effect on creatures that are formless, or creatures that are Huge or larger. A creature can use its action to make a {@dc 10} Strength check, freeing itself or another creature within its reach on a success. Dealing 5 slashing damage to the net (AC 10) also frees the creature without harming it, ending the effect and destroying the net. When you use an action, bonus action, or reaction to attack with a net, you can make only one attack regardless of the number of attacks you can normally make.""]}]","[""S"", ""T""]",,,
Orb,PHB,SCF,True,none,3,2000,,,,,,
Padded Armor,PHB,LA,True,none,8,500,,"[""Padded armor consists of quilted layers of cloth and batting.""]",,,,11
Painter's Supplies,PHB,AT,True,none,5,1000,,,,,,
Pan Flute,PHB,INS,True,none,2,1200,,,,,,
Pike,PHB,M,True,none,18,500,,,"[""H"", ""R"", ""2H""]",1d10,P,
Plate Armor,PHB,HA,True,none,65,150000,,"[""Plate consists of shaped, interlocking metal plates to cover the entire body. A suit of plate includes gauntlets, heavy leather boots, a visored helmet, and thick layers of padding underneath the armor. Buckles and straps distribute the weight over the body.""]",,,,18
Potter's Tools,PHB,AT,True,none,3,1000,,,,,,
Quarterstaff,PHB,M,True,none,4,20,,,"[""V""]",1d6,B,
Rapier,PHB,M,True,none,2,2500,,,"[""F""]",1d8,P,
Ring Mail,PHB,HA,True,none,40,3000,,"[""This armor is leather armor with heavy rings sewn into it. The rings help reinforce the armor against blows from swords and axes. Ring mail is inferior to chain mail, and it's usually worn only by those who can't afford better armor.""]",,,,14
Rod,PHB,SCF,True,none,2,1000,,,,,,
Scale Mail,PHB,MA,True,none,45,5000,,"[""This armor consists of a coat and leggings (and perhaps a separate skirt) of leather covered with overlapping pieces of metal, much like the scales of a fish. The suit includes gauntlets.""]",,,,14
Scimitar,PHB,M,True,none,3,2500,,,"[""F"", ""L""]",1d6,S,
Shawm,PHB,INS,True,none,1,200,,,,,,
Shield,PHB,S,True,none,6,1000,,"[""A shield is made from wood or metal and is carried in one hand. Wielding a shield increases your Armor Class by 2. You can benefit from only one shield at a time.""]",,,,2
Shortbow,PHB,R,True,none,2,2500,,,"[""A"", ""2H""]",1d6,P,
Shortsword,PHB,M,True,none,2,1000,,,"[""F"", ""L""]",1d6,P,
Sickle,PHB,M,True,none,2,100,,,"[""L""]",1d4,S,
Sling,PHB,R,True,none,,10,,,"[""A""]",1d4,B,
Sling Bullet,PHB,A,True,none,0.075,0.2,,,,,,
Sling Bullets (20),PHB,A,True,none,1.5,4,,,,,,
Smith's Tools,PHB,AT,True,none,8,2000,,,,,,
Spear,PHB,M,True,none,3,100,,,"[""T"", ""V""]",1d6,P,
Splint Armor,PHB,HA,True,none,60,20000,,"[""This armor is made of narrow vertical strips of metal riveted to a backing of leather that is worn over cloth padding. Flexible chain mail protects the joints.""]",,,,17
Staff,PHB,SCF,True,none,4,500,,,"[""V""]",1d6,B,
Studded Leather Armor,PHB,LA,True,none,13,4500,,"[""Made from tough but flexible leather, studded leather is reinforced with close-set rivets or spikes.""]",,,,12
Tinker's Tools,PHB,AT,True,none,10,5000,,,,,,
Trident,PHB,M,True,none,4,500,,,"[""T"", ""V""]",1d6,P,
Viol,PHB,INS,True,none,1,3000,,,,,,
Wand,PHB,SCF,True,none,1,1000,,,,,,
War Pick,PHB,M,True,none,2,500,,,,1d8,P,
Warhammer,PHB,M,True,none,2,1500,,,"[""V""]",1d8,B,
Weaver's Tools,PHB,AT,True,none,5,100,,,,,,
Whip,PHB,M,True,none,3,200,,,"[""F"", ""R""]",1d4,S,
Woodcarver's Tools,PHB,AT,True,none,5,100,,,,,,
Wooden Staff,PHB,SCF,True,none,4,500,,,"[""V""]",1d6,B,
+1 Wand of the War Mage,DMG,WD|DMG,False,uncommon,1,,by a spellcaster,"[""While you are holding this wand, you gain a +1 bonus to spell attack rolls. In addition, you ignore {@quickref Cover||3||half cover} when making a spell attack.""]",,,,
+2 Wand of the War Mage,DMG,WD|DMG,False,rare,1,,by a spellcaster,"[""While you are holding this wand, you gain a +2 bonus to spell attack rolls. In addition, you ignore {@quickref Cover||3||half cover} when making a spell attack.""]",,,,
+3 Wand of the War Mage,DMG,WD|DMG,False,very rare,1,,by a spellcaster,"[""While you are holding this wand, you gain a +3 bonus to spell attack rolls. In addition, you ignore {@quickref Cover||3||half cover} when making a spell attack.""]",,,,
Abacus,PHB,G,False,none,2,200,,,,,,
Acid (vial),PHB,G,False,none,1,2500,,"[""As an action, you can splash the contents of this vial onto a creature within 5 feet of you or throw the vial up to 20 feet, shattering it on impact. In either case, make a ranged attack against a creature or object, treating the acid as an improvised weapon. On a hit, the target takes {@damage 2d6} acid damage.""]",,,,
Alchemist's Fire (flask),PHB,G,False,none,1,5000,,"[""This sticky, adhesive fluid ignites when exposed to air. As an action, you can throw this flask up to 20 feet, shattering it on impact. Make a ranged attack against a creature or object, treating the alchemist's fire as an improvised weapon. On a hit, the target takes {@damage 1d4} fire damage at the start of each of its turns. A creature can end this damage by using its action to make a {@dc 10} Dexterity check to extinguish the flames.""]",,,,
Ale (gallon),PHB,FD,False,none,,20,,,,,,
Ale (mug),PHB,FD,False,none,,4,,,,,,
Amulet,PHB,SCF,False,none,1,500,,,,,,
Amulet of Health,DMG,,False,rare,1,,true,"[""Your Constitution score is 19 while you wear this amulet. It has no effect on you if your Constitution score is already 19 or higher without it.""]",,,,
Amulet of Proof against Detection and Location,DMG,,False,uncommon,1,,true,"[""While wearing this amulet, you are hidden from {@filter divination|spells|school=D} magic. You can't be targeted by such magic or perceived through magical scrying sensors.""]",,,,
Amulet of the Planes,DMG,,False,very rare,1,,true,"[""While wearing this amulet, you can use an action to name a location that you are familiar with on another plane of existence. Then make a {@dc 15} Intelligence check. On a successful check, you cast the {@spell plane shift} spell. On a failure, you and each creature and object within 15 feet of you travel to a random destination. Roll a {@dice d100}. On a 1-60, you travel to a random location on the plane you named. On a 61-100, you travel to a randomly determined plane of existence.""]",,,,
Animated Shield,DMG,S,False,very rare,6,,true,"[""While holding this shield, you can speak its command word as a bonus action to cause it to animate. The shield leaps into the air and hovers in your space to protect you as if you were wielding it, leaving your hands free. The shield remains animated for 1 minute, until you use a bonus action to end this effect, or until you are {@condition incapacitated} or die, at which point the shield falls to the ground or into your hand if you have one free.""]",,,,2
Antitoxin (vial),PHB,G,False,none,,5000,,"[""A creature that drinks this vial of liquid gains advantage on saving throws against poison for 1 hour. It confers no benefit to undead or constructs.""]",,,,
Apparatus of Kwalish,DMG,,False,legendary,500,,,"[""This item first appears to be a Large sealed iron barrel weighing 500 pounds. The barrel has a hidden catch, which can be found with a successful {@dc 20} Intelligence ({@skill Investigation}) check. Releasing the catch unlocks a hatch at one end of the barrel, allowing two Medium or smaller creatures to crawl inside. Ten levers are set in a row at the far end, each in a neutral position, able to move either up or down. When certain levers are used, the apparatus transforms to resemble a giant lobster."", ""The apparatus of Kwalish is a Large object with the following statistics:"", {""type"": ""list"", ""style"": ""list-hang-notitle"", ""items"": [{""type"": ""item"", ""name"": ""Armor Class:"", ""entry"": ""20""}, {""type"": ""item"", ""name"": ""Hit Points:"", ""entry"": ""200""}, {""type"": ""item"", ""name"": ""Speed:"", ""entry"": ""30 ft., swim 30 ft. (or 0 ft. for both if the legs and tail aren't extended)""}, {""type"": ""item"", ""name"": ""Damage Immunities:"", ""entry"": ""poison, psychic""}]}, ""To be used as a vehicle, the apparatus requires one pilot. While the apparatus's hatch is closed, the compartment is airtight and watertight. The compartment holds enough air for 10 hours of breathing, divided by the number of breathing creatures inside."", ""The apparatus floats on water. It can also go underwater to a depth of 900 feet. Below that, the vehicle takes {@damage 2d6} bludgeoning damage per minute from pressure."", ""A creature in the compartment can use an action to move as many as two of the apparatus's levers up or down. After each use, a lever goes back to its neutral position. Each lever, from left to right, functions as shown in the Apparatus of Kwalish Levers table."", {""type"": ""table"", ""caption"": ""Apparatus of Kwalish Levers:"", ""colLabels"": [""Lever"", ""Up"", ""Down""], ""colStyles"": [""col-1 text-center"", ""col-5-5"", ""col-5-5""], ""rows"": [[""1"", ""Legs and tail extend, allowing the apparatus to walk and swim."", ""Legs and tail retract, reducing the apparatus's speed to 0 and making it unable to benefit from bonuses to speed.""], [""2"", ""Forward window shutter opens."", ""Forward window shutter closes.""], [""3"", ""Side window shutters open (two per side)."", ""Side window shutters close (two per side).""], [""4"", ""Two claws extend from the front sides of the apparatus."", ""The claws retract.""], [""5"", ""Each extended claw makes the following melee weapon attack: {@hit 8} to hit, reach 5 ft., one target. {@h} 7 ({@damage 2d6}) bludgeoning damage."", ""Each extended claw makes the following melee weapon attack: {@hit 8} to hit, reach 5 ft., one target. {@h} The target is {@condition grappled} (escape {@dc 15}).""], [""6"", ""The apparatus walks or swims forward."", ""The apparatus walks or swims backward.""], [""7"", ""The apparatus turns 90 degrees left."", ""The apparatus turns 90 degrees right.""], [""8"", ""Eyelike fixtures emit bright light in a 30-foot radius and dim light for an additional 30 feet."", ""The light turns off.""], [""9"", ""The apparatus sinks as much as 20 feet in liquid."", ""The apparatus rises up to 20 feet in liquid.""], [""10"", ""The rear hatch unseals and opens."", ""The rear hatch closes and seals.""]]}]",,,,
Armor of Invulnerability,DMG,HA,False,legendary,65,,true,"[""You have resistance to nonmagical damage while you wear this armor. Additionally, you can use an action to make yourself immune to nonmagical damage for 10 minutes or until you are no longer wearing the armor. Once this special action is used, it can't be used again until the next dawn.""]",,,,18
Armor of Vulnerability (Bludgeoning),DMG,HA,False,rare,65,,true,"[""While wearing this armor, you have resistance to bludgeoning damage."", {""type"": ""entries"", ""name"": ""Curse"", ""entries"": [""This armor is cursed, a fact that is revealed only when an {@spell identify} spell is cast on the armor or you attune to it. Attuning to the armor curses you until you are targeted by the {@spell remove curse} spell or similar magic; removing the armor fails to end the curse. While cursed you have vulnerability to piercing and slashing damage.""]}]",,,,18
Armor of Vulnerability (Piercing),DMG,HA,False,rare,65,,true,"[""While wearing this armor, you have resistance to piercing damage."", {""type"": ""entries"", ""name"": ""Curse"", ""entries"": [""This armor is cursed, a fact that is revealed only when an {@spell identify} spell is cast on the armor or you attune to it. Attuning to the armor curses you until you are targeted by the {@spell remove curse} spell or similar magic; removing the armor fails to end the curse. While cursed you have vulnerability to bludgeoning and slashing damage.""]}]",,,,18
Armor of Vulnerability (Slashing),DMG,HA,False,rare,65,,true,"[""While wearing this armor, you have resistance to slashing damage."", {""type"": ""entries"", ""name"": ""Curse"", ""entries"": [""This armor is cursed, a fact that is revealed only when an {@spell identify} spell is cast on the armor or you attune to it. Attuning to the armor curses you until you are targeted by the {@spell remove curse} spell or similar magic; removing the armor fails to end the curse. While cursed you have vulnerability to bludgeoning and piercing damage.""]}]",,,,18
Arrow-Catching Shield,DMG,S,False,rare,6,,true,"[""You gain a +2 bonus to AC against ranged attacks while you wield this shield. This bonus is in addition to the shield's normal bonus to AC. In addition, whenever an attacker makes a ranged attack against a target within 5 feet of you, you can use your reaction to become the target of the attack instead.""]",,,,2
Assassin's Blood,DMG,G,False,none,,15000,,"[""A creature subjected to this poison must make a {@dc 10} Constitution saving throw. On a failed save, it takes 6 ({@damage 1d12}) poison damage and is {@condition poisoned} for 24 hours. On a successful save, the creature takes half damage and isn't {@condition poisoned}.""]",,,,
Backpack,PHB,G,False,none,5,200,,"[""A backpack can hold one cubic foot or 30 pounds of gear. You can also strap items, such as a bedroll or a coil of rope, to the outside of a backpack.""]",,,,
Bag of Beans,DMG,,False,rare,0.5,,,"[""Inside this heavy cloth bag are {@dice 3d4} dry beans. The bag weighs ½ pound plus ¼ pound for each bean it contains."", ""If you dump the bag's contents out on the ground, they explode in a 10-foot radius, extending from the beans. Each creature in the area, including you, must make a {@dc 15} Dexterity saving throw, taking {@damage 5d4} fire damage on a failed save, or half as much damage on a successful one. The fire ignites flammable objects in the area that aren't being worn or carried."", ""If you remove a bean from the bag, plant it in dirt or sand, and then water it, the bean produces an effect 1 minute later from the ground where it was planted. The DM can choose an effect from the following table, determine it randomly, or create an effect."", {""type"": ""table"", ""colLabels"": [""{@dice d100}"", ""Effect""], ""colStyles"": [""col-1 text-center"", ""col-11""], ""rows"": [[""01"", ""{@dice 5d4} toadstools sprout. If a creature eats a toadstool, roll any die. On an odd roll, the eater must succeed on a {@dc 15} Constitution saving throw or take {@damage 5d6} poison damage and become {@condition poisoned} for 1 hour. On an even roll, the eater gains {@dice 5d6} temporary hit points for 1 hour.""], [""02-10"", ""A geyser erupts and spouts water, beer, berry juice, tea, vinegar, wine, or oil (DM's choice) 30 feet into the air for {@dice 1d12} rounds.""], [""11-20"", ""A {@creature treant} sprouts. There's a {@chance 50} chance that the treant is chaotic evil and attacks.""], [""21-30"", ""An animate, immobile stone statue in your likeness rises. It makes verbal threats against you. If you leave it and others come near, it describes you as the most heinous of villains and directs the newcomers to find and attack you. If you are on the same plane of existence as the statue, it knows where you are. The statue becomes inanimate after 24 hours.""], [""31-40"", ""A campfire with blue flames springs forth and burns for 24 hours (or until it is extinguished).""], [""41-50"", ""{@dice 1d6 + 6} {@creature shrieker||shriekers} sprout.""], [""51-60"", ""{@dice 1d4 + 8} bright pink toads crawl forth. Whenever a toad is touched, it transforms into a Large or smaller monster of the DM's choice. The monster remains for 1 minute, then disappears in a puff of bright pink smoke.""], [""61-70"", ""A hungry {@creature bulette} burrows up and attacks.""], [""71-80"", ""A fruit tree grows. It has {@dice 1d10 + 20} fruit, {@dice 1d8} of which act as randomly determined magic potions, while one acts as an ingested poison of the DM's choice. The tree vanishes after 1 hour. Picked fruit remains, retaining any magic for 30 days.""], [""81-90"", ""A nest of {@dice 1d4 + 3} eggs springs up. Any creature that eats an egg must make a {@dc 20} Constitution saving throw. On a successful save, a creature permanently increases its lowest ability score by 1, randomly choosing among equally low scores. On a failed save, the creature takes {@damage 10d6} force damage from an internal magical explosion.""], [""91-99"", ""A pyramid with a 60-foot-square base bursts upward. Inside is a sarcophagus containing a {@creature mummy lord}. The pyramid is treated as the {@creature mummy lord||mummy lord's} lair, and its sarcophagus contains treasure of the DM's choice.""], [""00"", ""A giant beanstalk sprouts, growing to a height of the DM's choice. The top leads where the DM chooses, such as to a great view, a {@creature cloud giant||cloud giant's} castle, or a different plane of existence.""]]}]",,,,
Bag of Devouring,DMG,,False,very rare,15,,,"[""This bag superficially resembles a {@item bag of holding} but is a feeding orifice for a gigantic extradimensional creature. Turning the bag inside out closes the orifice."", ""The extradimensional creature attached to the bag can sense whatever is placed inside the bag. Animal or vegetable matter placed wholly in the bag is devoured and lost forever. When part of a living creature is placed in the bag, as happens when someone reaches inside it, there is a {@chance 50} chance that the creature is pulled inside the bag. A creature inside the bag can use its action to try to escape with a successful {@dc 15} Strength check. Another creature can use its action to reach into the bag to pull a creature out, doing so with a successful {@dc 20} Strength check (provided it isn't pulled inside the bag first). Any creature that starts its turn inside the bag is devoured, its body destroyed."", ""Inanimate objects can be stored in the bag, which can hold a cubic foot of such material. However, once each day, the bag swallows any objects inside it and spits them out into another plane of existence. The DM determines the time and plane."", ""If the bag is pierced or torn, it is destroyed, and anything contained within it is transported to a random location on the Astral Plane.""]",,,,
Bag of Holding,DMG,,False,uncommon,15,,,"[""This bag has an interior space considerably larger than its outside dimensions, roughly 2 feet in diameter at the mouth and 4 feet deep. The bag can hold up to 500 pounds, not exceeding a volume of 64 cubic feet. The bag weighs 15 pounds, regardless of its contents. Retrieving an item from the bag requires an action."", ""If the bag is overloaded, pierced, or torn, it ruptures and is destroyed, and its contents are scattered in the Astral Plane. If the bag is turned inside out, its contents spill forth, unharmed, but the bag must be put right before it can be used again. Breathing creatures inside the bag can survive up to a number of minutes equal to 10 divided by the number of creatures (minimum 1 minute), after which time they begin to suffocate."", ""Placing a bag of holding inside an extradimensional space created by a {@item Heward's handy haversack}, {@item portable hole}, or similar item instantly destroys both items and opens a gate to the Astral Plane. The gate originates where the one item was placed inside the other. Any creature within 10 feet of the gate is sucked through it to a random location on the Astral Plane. The gate then closes. The gate is one-way only and can't be reopened.""]",,,,
"Bag of Tricks, Gray",DMG,,False,uncommon,0.5,,,"[""This ordinary bag, made from gray cloth, appears empty. Reaching inside the bag, however, reveals the presence of a small, fuzzy object."", ""You can use an action to pull the fuzzy object from the bag and throw it up to 20 feet. When the object lands, it transforms into a creature you determine by rolling a {@dice d8} and consulting the table. The creature vanishes at the next dawn or when it is reduced to 0 hit points."", ""The creature is friendly to you and your companions, and it acts on your turn. You can use a bonus action to command how the creature moves and what action it takes on its next turn, or to give it general orders, such as to attack your enemies. In the absence of such orders, the creature acts in a fashion appropriate to its nature."", ""Once three fuzzy objects have been pulled from the bag, the bag can't be used again until the next dawn."", {""type"": ""table"", ""colLabels"": [""{@dice d8}"", ""Creature""], ""colStyles"": [""col-1 text-center"", ""col-11""], ""rows"": [[""1"", ""{@creature Weasel}""], [""2"", ""{@creature Giant rat}""], [""3"", ""{@creature Badger}""], [""4"", ""{@creature Boar}""], [""5"", ""{@creature Panther}""], [""6"", ""{@creature Giant badger}""], [""7"", ""{@creature Dire wolf}""], [""8"", ""{@creature Giant elk}""]]}]",,,,
"Bag of Tricks, Rust",DMG,,False,uncommon,0.5,,,"[""This ordinary bag, made from rust cloth, appears empty. Reaching inside the bag, however, reveals the presence of a small, fuzzy object."", ""You can use an action to pull the fuzzy object from the bag and throw it up to 20 feet. When the object lands, it transforms into a creature you determine by rolling a {@dice d8} and consulting the table. The creature vanishes at the next dawn or when it is reduced to 0 hit points."", ""The creature is friendly to you and your companions, and it acts on your turn. You can use a bonus action to command how the creature moves and what action it takes on its next turn, or to give it general orders, such as to attack your enemies. In the absence of such orders, the creature acts in a fashion appropriate to its nature."", ""Once three fuzzy objects have been pulled from the bag, the bag can't be used again until the next dawn."", {""type"": ""table"", ""colLabels"": [""{@dice d8}"", ""Creature""], ""colStyles"": [""col-1 text-center"", ""col-11""], ""rows"": [[""1"", ""{@creature Rat}""], [""2"", ""{@creature Owl}""], [""3"", ""{@creature Mastiff}""], [""4"", ""{@creature Goat}""], [""5"", ""{@creature Giant goat}""], [""6"", ""{@creature Giant boar}""], [""7"", ""{@creature Lion}""], [""8"", ""{@creature Brown bear}""]]}]",,,,
"Bag of Tricks, Tan",DMG,,False,uncommon,0.5,,,"[""This ordinary bag, made from tan cloth, appears empty. Reaching inside the bag, however, reveals the presence of a small, fuzzy object."", ""You can use an action to pull the fuzzy object from the bag and throw it up to 20 feet. When the object lands, it transforms into a creature you determine by rolling a {@dice d8} and consulting the table. The creature vanishes at the next dawn or when it is reduced to 0 hit points."", ""The creature is friendly to you and your companions, and it acts on your turn. You can use a bonus action to command how the creature moves and what action it takes on its next turn, or to give it general orders, such as to attack your enemies. In the absence of such orders, the creature acts in a fashion appropriate to its nature."", ""Once three fuzzy objects have been pulled from the bag, the bag can't be used again until the next dawn."", {""type"": ""table"", ""colLabels"": [""{@dice d8}"", ""Creature""], ""colStyles"": [""col-1 text-center"", ""col-11""], ""rows"": [[""1"", ""{@creature Jackal}""], [""2"", ""{@creature Ape}""], [""3"", ""{@creature Baboon}""], [""4"", ""{@creature Axe beak}""], [""5"", ""{@creature Black bear}""], [""6"", ""{@creature Giant weasel}""], [""7"", ""{@creature Giant hyena}""], [""8"", ""{@creature Tiger}""]]}]",,,,
Ball Bearing,PHB,G,False,none,0.002,0.1,,"[""Most commonly found inside a {@item Ball Bearings (Bag of 1,000)|phb|bag of ball bearings}.""]",,,,
"Ball Bearings (bag of 1,000)",PHB,G,False,none,2,100,,"[""As an action, you can spill these tiny metal balls from their pouch to cover a level area 10 feet square. A creature moving across the covered area must succeed on a {@dc 10} Dexterity saving throw or fall {@condition prone}. A creature moving through the area at half speed doesn't need to make the saving throw.""]",,,,
Barrel,PHB,G,False,none,70,200,,"[""A barrel can hold 40 gallons of liquid or 4 cubic feet of solids.""]",,,,
Basic Poison (vial),PHB,G,False,none,,10000,,"[""You can use the poison in this vial to coat one slashing or piercing weapon or up to three pieces of ammunition. Applying the poison takes an action. A creature hit by the poisoned weapon or ammunition must make a {@dc 10} Constitution saving throw or take {@damage 1d4} poison damage. Once applied, the poison retains potency for 1 minute before drying.""]",,,,
Basket,PHB,G,False,none,2,40,,"[""A basket holds 2 cubic feet or 40 pounds of gear.""]",,,,
Bead of Force,DMG,,False,rare,0.0625,,,"[""This small black sphere measures ¾ of an inch in diameter and weighs an ounce. Typically, {@dice 1d4 + 4} {@italic beads of force} are found together."", ""You can use an action to throw the bead up to 60 feet. The bead explodes on impact and is destroyed. Each creature within a 10-foot radius of where the bead landed must succeed on a {@dc 15} Dexterity saving throw or take {@damage 5d4} force damage. A sphere of transparent force then encloses the area for 1 minute. Any creature that failed the save and is completely within the area is trapped inside this sphere. Creatures that succeeded on the save, or are partially within the area, are pushed away from the center of the sphere until they are no longer inside it. Only breathable air can pass through the sphere's wall. No attack or other effect can."", ""An enclosed creature can use its action to push against the sphere's wall, moving the sphere up to half the creature's walking speed. The sphere can be picked up, and its magic causes it to weigh only 1 pound, regardless of the weight of creatures inside.""]",,,,
Bedroll,PHB,G,False,none,7,100,,,,,,
Bell,PHB,G,False,none,,100,,,,,,
Belt of Cloud Giant Strength,DMG,,False,legendary,,,true,"[""While wearing this belt, your Strength score changes to 27. The item has no effect on you if your Strength without the belt is equal to or greater than the belt's score.""]",,,,
Belt of Dwarvenkind,DMG,,False,rare,,,true,"[""While wearing this belt, you gain the following benefits:"", {""type"": ""list"", ""items"": [""Your Constitution score increases by 2, to a maximum of 20."", ""You have advantage on Charisma ({@skill Persuasion}) checks made to interact with dwarves.""]}, ""In addition, while attuned to the belt, you have a {@chance 50} chance each day at dawn of growing a full beard if you're capable of growing one, or a visibly thicker beard if you already have one."", ""If you aren't a dwarf, you gain the following additional benefits while wearing the belt:"", {""type"": ""list"", ""items"": [""You have advantage on saving throws against poison, and you have resistance against poison damage."", ""You have {@sense darkvision} out to a range of 60 feet."", ""You can speak, read, and write Dwarvish.""]}]",,,,
Belt of Fire Giant Strength,DMG,,False,very rare,,,true,"[""While wearing this belt, your Strength score changes to 25. The item has no effect on you if your Strength without the belt is equal to or greater than the belt's score.""]",,,,
Belt of Frost Giant Strength,DMG,,False,very rare,,,true,"[""While wearing this belt, your Strength score changes to 23. The item has no effect on you if your Strength without the belt is equal to or greater than the belt's score.""]",,,,
Belt of Hill Giant Strength,DMG,,False,rare,,,true,"[""While wearing this belt, your Strength score changes to 21. The item has no effect on you if your Strength without the belt is equal to or greater than the belt's score.""]",,,,
Belt of Stone Giant Strength,DMG,,False,very rare,,,true,"[""While wearing this belt, your Strength score changes to 23. The item has no effect on you if your Strength without the belt is equal to or greater than the belt's score.""]",,,,
Belt of Storm Giant Strength,DMG,,False,legendary,,,true,"[""While wearing this belt, your Strength score changes to 29. The item has no effect on you if your Strength without the belt is equal to or greater than the belt's score.""]",,,,
Bit and bridle,PHB,TAH,False,none,1,200,,,,,,
Black Dragon Scale Mail,DMG,MA,False,very rare,45,,true,"[""Dragon scale mail is made of the scales of one kind of dragon. Sometimes dragons collect their cast-off scales and gift them to humanoids. Other times, hunters carefully skin and preserve the hide of a dead dragon. In either case, dragon scale mail is highly valued. While wearing this armor, you gain a +1 bonus to AC, you have advantage on saving throws against the Frightful Presence and breath weapons of dragons, and you have resistance to acid damage."", ""Additionally, you can focus your senses as an action to magically discern the distance and direction to the closest black dragon within 30 miles of you. This special action can't be used again until the next dawn.""]",,,,14
Blanket,PHB,G,False,none,3,50,,,,,,
Block and Tackle,PHB,G,False,none,5,100,,"[""A set of pulleys with a cable threaded through them and a hook to attach to objects, a block and tackle allows you to hoist up to four times the weight you can normally lift.""]",,,,
Blue Dragon Scale Mail,DMG,MA,False,very rare,45,,true,"[""Dragon scale mail is made of the scales of one kind of dragon. Sometimes dragons collect their cast-off scales and gift them to humanoids. Other times, hunters carefully skin and preserve the hide of a dead dragon. In either case, dragon scale mail is highly valued. While wearing this armor, you gain a +1 bonus to AC, you have advantage on saving throws against the Frightful Presence and breath weapons of dragons, and you have resistance to lightning damage."", ""Additionally, you can focus your senses as an action to magically discern the distance and direction to the closest blue dragon within 30 miles of you. This special action can't be used again until the next dawn.""]",,,,14
Book,PHB,G,False,none,5,2500,,"[""A book might contain poetry, historical accounts, information pertaining to a particular field of lore, diagrams and notes on gnomish contraptions, or just about anything else that can be represented using text or pictures. A book of spells is a {@item spellbook|phb}.""]",,,,
Boots of Elvenkind,DMG,,False,uncommon,,,,"[""While you wear these boots, your steps make no sound, regardless of the surface you are moving across. You also have advantage on Dexterity ({@skill Stealth}) checks that rely on moving silently.""]",,,,
Boots of Levitation,DMG,,False,rare,,,true,"[""While you wear these boots, you can use an action to cast the {@spell levitate} spell on yourself at will.""]",,,,
Boots of Speed,DMG,,False,rare,,,true,"[""While you wear these boots, you can use a bonus action and click the boots' heels together. If you do, the boots double your walking speed, and any creature that makes an opportunity attack against you has disadvantage on the attack roll. If you click your heels together again, you end the effect."", ""When the boots' property has been used for a total of 10 minutes, the magic ceases to function until you finish a long rest.""]",,,,
Boots of Striding and Springing,DMG,,False,uncommon,,,true,"[""While you wear these boots, your walking speed becomes 30 feet, unless your walking speed is higher, and your speed isn't reduced if you are encumbered or wearing heavy armor. In addition, you can jump three times the normal distance, though you can't jump farther than your remaining movement would allow.""]",,,,
Boots of the Winterlands,DMG,,False,uncommon,,,true,"[""These furred boots are snug and feel quite warm. While you wear them, you gain the following benefits:"", {""type"": ""list"", ""items"": [""You have resistance to cold damage."", ""You ignore {@quickref difficult terrain||3} created by ice or snow."", ""You can tolerate temperatures as low as -50 degrees Fahrenheit without any additional protection. If you wear heavy clothes, you can tolerate temperatures as low as -100 degrees Fahrenheit.""]}]",,,,
Bowl of Commanding Water Elementals,DMG,,False,rare,3,,,"[""While this bowl is filled with water, you can use an action to speak the bowl's command word and summon a {@creature water elemental}, as if you had cast the {@spell conjure elemental} spell. The bowl can't be used this way again until the next dawn."", ""The bowl is about 1 foot in diameter and half as deep. It weighs 3 pounds and holds about 3 gallons.""]",,,,
Bracers of Archery,DMG,,False,uncommon,,,true,"[""While wearing these bracers, you have proficiency with the {@item longbow|PHB} and {@item shortbow|PHB}, and you gain a +2 bonus to damage rolls on ranged attacks made with such weapons.""]",,,,
Bracers of Defense,DMG,,False,rare,,,true,"[""While wearing these bracers, you gain a +2 bonus to AC if you are wearing no armor and using no {@item shield|PHB}.""]",,,,
Brass Dragon Scale Mail,DMG,MA,False,very rare,45,,true,"[""Dragon scale mail is made of the scales of one kind of dragon. Sometimes dragons collect their cast-off scales and gift them to humanoids. Other times, hunters carefully skin and preserve the hide of a dead dragon. In either case, dragon scale mail is highly valued. While wearing this armor, you gain a +1 bonus to AC, you have advantage on saving throws against the Frightful Presence and breath weapons of dragons, and you have resistance to fire damage."", ""Additionally, you can focus your senses as an action to magically discern the distance and direction to the closest brass dragon within 30 miles of you. This special action can't be used again until the next dawn.""]",,,,14
Brazier of Commanding Fire Elementals,DMG,,False,rare,5,,,"[""While a fire burns in this brass brazier, you can use an action to speak the brazier's command word and summon a {@creature fire elemental}, as if you had cast the {@spell conjure elemental} spell. The brazier can't be used this way again until the next dawn."", ""The brazier weighs 5 pounds.""]",,,,
Bronze Dragon Scale Mail,DMG,MA,False,very rare,45,,true,"[""Dragon scale mail is made of the scales of one kind of dragon. Sometimes dragons collect their cast-off scales and gift them to humanoids. Other times, hunters carefully skin and preserve the hide of a dead dragon. In either case, dragon scale mail is highly valued. While wearing this armor, you gain a +1 bonus to AC, you have advantage on saving throws against the Frightful Presence and breath weapons of dragons, and you have resistance to lightning damage."", ""Additionally, you can focus your senses as an action to magically discern the distance and direction to the closest bronze dragon within 30 miles of you. This special action can't be used again until the next dawn.""]",,,,14
Brooch of Shielding,DMG,,False,uncommon,,,true,"[""While wearing this brooch, you have resistance to force damage, and you have immunity to damage from the {@spell magic missile} spell.""]",,,,
Broom of Flying,DMG,,False,uncommon,3,,,"[""This wooden broom, which weighs 3 pounds, functions like a mundane broom until you stand astride it and speak its command word. It then hovers beneath you and can be ridden in the air. It has a flying speed of 50 feet. It can carry up to 400 pounds, but its flying speed becomes 30 feet while carrying over 200 pounds. The broom stops hovering when you land."", ""You can send the broom to travel alone to a destination within 1 mile of you if you speak the command word, name the location, and are familiar with that place. The broom comes back to you when you speak another command word, provided that the broom is still within 1 mile of you.""]",,,,
Bucket,PHB,G,False,none,2,5,,"[""A bucket holds 3 gallons of liquid or ½ cubic foot of solids.""]",,,,
Bullseye Lantern,PHB,G,False,none,2,1000,,"[""A bullseye lantern casts bright light in a 60-foot cone and dim light for an additional 60 feet. Once lit, it burns for 6 hours on a flask (1 pint) of oil.""]",,,,
Burglar's Pack,PHB,G,False,none,44.5,1600,,"[""Includes:"", {""type"": ""list"", ""items"": [""a {@item backpack|phb}"", ""a {@item Ball Bearings (Bag of 1,000)|phb|bag of 1,000 ball bearings}"", ""10 feet of string"", ""a {@item bell|phb}"", ""5 {@item candle|phb|candles}"", ""a {@item crowbar|phb}"", ""a {@item hammer|phb}"", ""10 {@item piton|phb|pitons}"", ""a {@item hooded lantern|phb}"", ""2 {@item Oil (flask)|phb|flasks of oil}"", ""5 days {@item Rations (1 day)|phb|rations}"", ""a {@item tinderbox|phb}"", ""a {@item waterskin|phb}"", ""{@item Hempen Rope (50 feet)|phb|50 feet of hempen rope}""]}]",,,,
Burnt Othur Fumes,DMG,G,False,none,,50000,,"[""A creature subjected to this poison must succeed on a {@dc 13} Constitution saving throw or take 10 ({@damage 3d6}) poison damage, and must repeat the saving throw at the start of each of its turns. On each successive failed save, the character takes 3 ({@damage 1d6}) poison damage. After three successful saves, the poison ends.""]",,,,
Caltrop,PHB,G,False,none,0.1,5,,"[""As an action, you can spread a single bag of caltrops to cover a 5-foot-square area. Any creature that enters the area must succeed on a {@dc 15} Dexterity saving throw or stop moving and take 1 piercing damage. Until the creature regains at least 1 hit point, its walking speed is reduced by 10 feet. A creature moving through the area at half speed doesn't need to make the saving throw.""]",,,,
Caltrops (bag of 20),PHB,G,False,none,2,100,,"[""As an action, you can spread a single bag of caltrops to cover a 5-foot-square area. Any creature that enters the area must succeed on a {@dc 15} Dexterity saving throw or stop moving and take 1 piercing damage. Until the creature regains at least 1 hit point, its walking speed is reduced by 10 feet. A creature moving through the area at half speed doesn't need to make the saving throw.""]",,,,
Camel,PHB,MNT,False,none,,5000,,,,,,
Candle,PHB,G,False,none,,1,,"[""For 1 hour, a candle sheds bright light in a 5-foot radius and dim light for an additional 5 feet.""]",,,,
Candle of Invocation,DMG,,False,very rare,,,true,"[""This slender taper is dedicated to a deity and shares that deity's alignment. The candle's alignment can be detected with the {@spell detect evil and good} spell. The DM chooses the god and associated alignment or determines the alignment randomly."", {""type"": ""table"", ""colLabels"": [""{@dice d20}"", ""Alignment""], ""colStyles"": [""col-1 text-center"", ""col-11""], ""rows"": [[""1-2"", ""Chaotic evil""], [""3-4"", ""Chaotic neutral""], [""5-7"", ""Chaotic good""], [""8-9"", ""Neutral evil""], [""10-11"", ""Neutral""], [""12-13"", ""Neutral good""], [""14-15"", ""Lawful evil""], [""16-17"", ""Lawful neutral""], [""18-20"", ""Lawful good""]]}, ""The candle's magic is activated when the candle is lit, which requires an action. After burning for 4 hours, the candle is destroyed. You can snuff it out early for use at a later time. Deduct the time it burned in increments of 1 minute from the candle's total burn time."", ""While lit, the candle sheds dim light in a 30-foot radius. Any creature within that light whose alignment matches that of the candle makes attack rolls, saving throws, and ability checks with advantage. In addition, a cleric or druid in the light whose alignment matches the candle's can cast 1st-level spells he or she has prepared without expending spell slots, though the spell's effect is as if cast with a 1st-level slot."", ""Alternatively, when you light the candle for the first time, you can cast the {@spell gate} spell with it. Doing so destroys the candle.""]",,,,
Canvas (1 sq. yd.),PHB,TG,False,none,,10,,,,,,
Cape of the Mountebank,DMG,,False,rare,,,,"[""This cape smells faintly of brimstone. While wearing it, you can use it to cast the {@spell dimension door} spell as an action. This property of the cape can't be used again until the next dawn."", ""When you disappear, you leave behind a cloud of smoke, and you appear in a similar cloud of smoke at your destination. The smoke lightly obscures the space you left and the space you appear in, and it dissipates at the end of your next turn. A light or stronger wind disperses the smoke.""]",,,,
"Carpet of Flying, 3 ft. × 5 ft.",DMG,,False,very rare,,,,"[""You can speak the carpet's command word as an action to make the carpet hover and fly. It moves according to your spoken directions, provided that you are within 30 feet of it."", ""A 3 ft. × 5 ft. carpet can carry up to 200 lb. at a fly speed of 80 feet. A carpet can carry up to twice this weight, but it flies at half speed if it carries more than its normal capacity.""]",,,,
"Carpet of Flying, 4 ft. × 6 ft.",DMG,,False,very rare,,,,"[""You can speak the carpet's command word as an action to make the carpet hover and fly. It moves according to your spoken directions, provided that you are within 30 feet of it."", ""A 4 ft. × 6 ft. carpet can carry up to 400 lb. at a fly speed of 60 feet. A carpet can carry up to twice this weight, but it flies at half speed if it carries more than its normal capacity.""]",,,,
"Carpet of Flying, 5 ft. × 7 ft.",DMG,,False,very rare,,,,"[""You can speak the carpet's command word as an action to make the carpet hover and fly. It moves according to your spoken directions, provided that you are within 30 feet of it."", ""A 5 ft. × 7 ft. carpet can carry up to 600 lb. at a fly speed of 40 feet. A carpet can carry up to twice this weight, but it flies at half speed if it carries more than its normal capacity.""]",,,,
"Carpet of Flying, 6 ft. × 9 ft.",DMG,,False,very rare,,,,"[""You can speak the carpet's command word as an action to make the carpet hover and fly. It moves according to your spoken directions, provided that you are within 30 feet of it."", ""A 6 ft. × 9 ft. carpet can carry up to 800 lb. at a fly speed of 30 feet. A carpet can carry up to twice this weight, but it flies at half speed if it carries more than its normal capacity.""]",,,,
Carriage,PHB,VEH,False,none,600,10000,,,,,,
Carrion Crawler Mucus,DMG,G,False,none,,20000,,"[""This poison must be harvested from a dead or {@condition incapacitated} {@creature carrion crawler}. A creature subjected to this poison must succeed on a {@dc 13} Constitution saving throw or be {@condition poisoned} for 1 minute. The {@condition poisoned} creature is {@condition paralyzed}. The creature can repeat the saving throw at the end of each of its turns, ending the effect on itself on a success.""]",,,,
Cart,PHB,VEH,False,none,200,1500,,,,,,
Censer of Controlling Air Elementals,DMG,,False,rare,1,,,"[""While incense is burning in this censer, you can use an action to speak the censer's command word and summon an {@creature air elemental}, as if you had cast the {@spell conjure elemental} spell. The censer can't be used this way again until the next dawn."", ""This 6-inch-wide, 1-foot-high vessel resembles a chalice with a decorated lid. It weighs 1 pound.""]",,,,
Chain (10 feet),PHB,G,False,none,10,500,,"[""A chain has 10 hit points. It can be burst with a successful {@dc 20} Strength check.""]",,,,
Chalk (1 piece),PHB,G,False,none,,1,,,,,,
Chariot,PHB,VEH,False,none,100,25000,,,,,,
Chest,PHB,G,False,none,25,500,,"[""A chest holds 12 cubic feet or 300 pounds of gear.""]",,,,
Chicken,PHB,TG,False,none,,2,,,,,,
Chime of Opening,DMG,,False,rare,1,,,"[""This hollow metal tube measures about 1 foot long and weighs 1 pound. You can strike it as an action, pointing it at an object within 120 feet of you that can be opened, such as a door, lid, or lock. The chime issues a clear tone, and one lock or latch on the object opens unless the sound can't reach the object. If no locks or latches remain, the object itself opens."", ""The chime can be used ten times. After the tenth time it cracks and becomes useless.""]",,,,
Chunk of Meat,PHB,FD,False,none,,30,,,,,,
Cinnamon,PHB,TG,False,none,1,200,,,,,,
Circlet of Blasting,DMG,,False,uncommon,,,,"[""While wearing this circlet, you can use an action to cast the {@spell scorching ray} spell with it. When you make the spell's attacks, you do so with an attack bonus of {@hit 5}. The circlet can't be used this way again until the next dawn.""]",,,,
Climber's Kit,PHB,G,False,none,12,2500,,"[""A climber's kit includes special pitons, boot tips, gloves, and a harness. You can use the climber's kit as an action to anchor yourself; when you do, you can't fall more than 25 feet from the point where you anchored yourself, and you can't climb more than 25 feet away from that point without undoing the anchor.""]",,,,
Cloak of Arachnida,DMG,,False,very rare,,,true,"[""This fine garment is made of black silk interwoven with faint silvery threads. While wearing it, you gain the following benefits:"", {""type"": ""list"", ""items"": [""You have resistance to poison damage."", ""You have a climbing speed equal to your walking speed."", ""You can move up, down, and across vertical surfaces and upside down along ceilings, while leaving your hands free."", ""You can't be caught in webs of any sort and can move through webs as if they were {@quickref difficult terrain||3}."", ""You can use an action to cast the {@spell web} spell (save {@dc 13}). The web created by the spell fills twice its normal area. Once used, this property of the cloak can't be used again until the next dawn.""]}]",,,,
Cloak of Displacement,DMG,,False,rare,,,true,"[""While you wear this cloak, it projects an illusion that makes you appear to be standing in a place near your actual location, causing any creature to have disadvantage on attack rolls against you. If you take damage, the property ceases to function until the start of your next turn. This property is suppressed while you are {@condition incapacitated}, {@condition restrained}, or otherwise unable to move.""]",,,,
Cloak of Elvenkind,DMG,,False,uncommon,,,true,"[""While you wear this cloak with its hood up, Wisdom ({@skill Perception}) checks made to see you have disadvantage, and you have advantage on Dexterity ({@skill Stealth}) checks made to hide, as the cloak's color shifts to camouflage you. Pulling the hood up or down requires an action.""]",,,,
Cloak of Protection,DMG,,False,uncommon,,,true,"[""You gain a +1 bonus to AC and saving throws while you wear this cloak.""]",,,,
Cloak of the Bat,DMG,,False,rare,,,true,"[""While wearing this cloak, you have advantage on Dexterity ({@skill Stealth}) checks. In an area of dim light or darkness, you can grip the edges of the cloak with both hands and use it to fly at a speed of 40 feet. If you ever fail to grip the cloak's edges while flying in this way, or if you are no longer in dim light or darkness, you lose this flying speed."", ""While wearing the cloak in an area of dim light or darkness, you can use your action to cast {@spell polymorph} on yourself, transforming into a {@creature bat}. While you are in the form of the {@creature bat}, you retain your Intelligence, Wisdom, and Charisma scores. The cloak can't be used this way again until the next dawn.""]",,,,
Cloak of the Manta Ray,DMG,,False,uncommon,,,,"[""While wearing this cloak with its hood up, you can breathe underwater, and you have a swimming speed of 60 feet. Pulling the hood up or down requires an action.""]",,,,
Cloves,PHB,TG,False,none,1,300,,,,,,
Common Clothes,PHB,G,False,none,3,50,,,,,,
Common Wine (pitcher),PHB,FD,False,none,,20,,,,,,
Component Pouch,PHB,G,False,none,2,2500,,"[""A component pouch is a small, watertight leather belt pouch that has compartments to hold all the material components and other special items you need to cast your spells, except for those components that have a specific cost (as indicated in a spell's description).""]",,,,
Copper,PHB,TG,False,none,1,50,,,,,,
Copper Dragon Scale Mail,DMG,MA,False,very rare,45,,true,"[""Dragon scale mail is made of the scales of one kind of dragon. Sometimes dragons collect their cast-off scales and gift them to humanoids. Other times, hunters carefully skin and preserve the hide of a dead dragon. In either case, dragon scale mail is highly valued. While wearing this armor, you gain a +1 bonus to AC, you have advantage on saving throws against the Frightful Presence and breath weapons of dragons, and you have resistance to acid damage."", ""Additionally, you can focus your senses as an action to magically discern the distance and direction to the closest copper dragon within 30 miles of you. This special action can't be used again until the next dawn.""]",,,,14
Costume Clothes,PHB,G,False,none,4,500,,,,,,
Cotton Cloth (1 sq. yd.),PHB,TG,False,none,,50,,,,,,
Cow,PHB,TG,False,none,,1000,,,,,,
Crossbow Bolt Case,PHB,G,False,none,1,100,,"[""This wooden case can hold up to twenty {@item crossbow bolt|phb|crossbow bolts}.""]",,,,
Crowbar,PHB,G,False,none,5,200,,"[""Using a crowbar grants advantage to Strength checks where the crowbar's leverage can be applied.""]",,,,
Crystal Ball,DMG,,False,very rare,3,,true,"[""This crystal ball is about 6 inches in diameter. While touching it, you can cast the {@spell scrying} spell (save {@dc 17}) with it.""]",,,,
Cube of Force,DMG,,False,rare,,,true,"[""This cube is about an inch across. Each face has a distinct marking on it that can be pressed. The cube starts with 36 charges, and it regains {@dice 1d20} expended charges daily at dawn."", ""You can use an action to press one of the cube's faces, expending a number of charges based on the chosen face, as shown in the Cube of Force Faces table. Each face has a different effect. If the cube has insufficient charges remaining, nothing happens. Otherwise, a barrier of {@condition invisible} force springs into existence, forming a cube 15 feet on a side. The barrier is centered on you, moves with you, and lasts for 1 minute, until you use an action to press the cube's sixth face, or the cube runs out of charges. You can change the barrier's effect by pressing a different face of the cube and expending the requisite number of charges, resetting the duration. If your movement causes the barrier to come into contact with a solid object that can't pass through the cube, you can't move any closer to that object as long as the barrier remains."", {""type"": ""table"", ""caption"": ""Cube of Force Faces"", ""colLabels"": [""Face"", ""Charges"", ""Effect""], ""colStyles"": [""col-1 text-center"", ""col-1 text-center"", ""col-10""], ""rows"": [[""1"", ""1"", ""Gases, wind, and fog can't pass through the barrier.""], [""2"", ""2"", ""Nonliving matter can't pass through the barrier. Walls, floors, and ceilings can pass through at your discretion.""], [""3"", ""3"", ""Living matter can't pass through the barrier.""], [""4"", ""4"", ""Spell effects can't pass through the barrier.""], [""5"", ""5"", ""Nothing can pass through the barrier. Walls, floors, and ceilings can pass through at your discretion.""], [""6"", ""0"", ""The barrier deactivates.""]]}, ""The cube loses charges when the barrier is targeted by certain spells or comes into contact with certain spell or magic item effects, as shown in the table below."", {""type"": ""table"", ""colLabels"": [""Spell or item"", ""Charges Lost""], ""colStyles"": [""col-3"", ""col-9""], ""rows"": [[""{@spell Disintegrate}"", ""{@dice 1d12}""], [""{@item Horn of blasting}"", ""{@dice 1d10}""], [""{@spell Passwall}"", ""{@dice 1d6}""], [""{@spell Prismatic spray}"", ""{@dice 1d20}""], [""{@spell Wall of fire}"", ""{@dice 1d4}""]]}]",,,,
Cubic Gate,DMG,,False,legendary,,,,"[""This cube is 3 inches across and radiates palpable magical energy. The six sides of the cube are each keyed to a different plane of existence, one of which is the Material Plane. The other sides are linked to planes determined by the DM."", ""You can use an action to press one side of the cube to cast the {@spell gate} spell with it, opening a portal to the plane keyed to that side. Alternatively, if you use an action to press one side twice, you can cast the {@spell plane shift} spell (save {@dc 17}) with the cube and transport the targets to the plane keyed to that side."", ""The cube has 3 charges. Each use of the cube expends 1 charge. The cube regains {@dice 1d3} expended charges daily at dawn.""]",,,,
Daern's Instant Fortress,DMG,,False,rare,,,,"[""You can use an action to place this 1-inch metal cube on the ground and speak its command word. The cube rapidly grows into a fortress that remains until you use an action to speak the command word that dismisses it, which works only if the fortress is empty."", ""The fortress is a square tower, 20 feet on a side and 30 feet high, with arrow slits on all sides and a battlement atop it. Its interior is divided into two floors. with a ladder running along one wall to connect them. The ladder ends at a trapdoor leading to the roof. When activated, the tower has a small door on the side facing you. The door opens only at your command, which you can speak as a bonus action. It is immune to the {@spell knock} spell and similar magic, such as that of a {@item chime of opening}."", ""Each creature in the area where the fortress appears must make a {@dc 15} Dexterity saving throw, taking {@damage 10d10} bludgeoning damage on a failed save, or half as much damage on a successful one. In either case, the creature is pushed to an unoccupied space outside but next to the fortress. Objects in the area that aren't being worn or carried take this damage and are pushed automatically."", ""The tower is made of adamantine, and its magic prevents it from being tipped over. The roof, the door, and the walls each have 100 hit points, immunity to damage from nonmagical weapons excluding siege weapons, and resistance to all other damage. Only a {@spell wish} spell can repair the fortress (this use of the spell counts as replicating a spell of 8th level or lower). Each casting of {@spell wish} causes the roof, the door, or one wall to regain 50 hit points.""]",,,,
Dagger of Venom,DMG,M,False,rare,1,,,"[""You gain a +1 bonus to attack and damage rolls made with this magic weapon."", ""You can use an action to cause thick, black poison to coat the blade. The poison remains for 1 minute or until an attack using this weapon hits a creature. That creature must succeed on a {@dc 15} Constitution saving throw or take {@damage 2d10} poison damage and become {@condition poisoned} for 1 minute. The dagger can't be used this way again until the next dawn.""]","[""F"", ""L"", ""T""]",1d4,P,
Decanter of Endless Water,DMG,,False,uncommon,2,,,"[""This stoppered flask sloshes when shaken, as if it contains water. The decanter weighs 2 pounds."", ""You can use an action to remove the stopper and speak one of three command words, whereupon an amount of fresh water or salt water (your choice) pours out of the flask. The water stops pouring out at the start of your next turn. Choose from the following options:"", {""type"": ""list"", ""items"": [""\""Stream\"" produces 1 gallon of water."", ""\""Fountain\"" produces 5 gallons of water."", ""\""Geyser\"" produces 30 gallons of water that gushes forth in a geyser 30 feet long and 1 foot wide. As a bonus action while holding the decanter, you can aim the geyser at a creature you can see within 30 feet of you. The target must succeed on a {@dc 13} Strength saving throw or take {@damage 1d4} bludgeoning damage and fall {@condition prone}. Instead of a creature, you can target an object that isn't being worn or carried and that weighs no more than 200 pounds. The object is either knocked over or pushed up to 15 feet away from you.""]}]",,,,
Deck of Illusions,DMG,,False,uncommon,,,,"[""This box contains a set of parchment cards. A full deck has 34 cards. A deck found as treasure is usually missing {@dice 1d20 - 1} cards."", ""The magic of the deck functions only if cards are drawn at random (you can use an altered deck of playing cards to simulate the deck). You can use an action to draw a card at random from the deck and throw it to the ground at a point within 30 feet of you."", ""An illusion of one or more creatures forms over the thrown card and remains until dispelled. An illusory creature appears real, of the appropriate size, and behaves as if it were a real creature, except that it can do no harm. While you are within 120 feet of the illusory creature and can see it, you can use an action to move it magically anywhere within 30 feet of its card. Any physical interaction with the illusory creature reveals it to be an illusion, because objects pass through it. Someone who uses an action to visually inspect the creature identifies it as illusory with a successful {@dc 15} Intelligence ({@skill Investigation}) check. The creature then appears translucent."", ""The illusion lasts until its card is moved or the illusion is dispelled. When the illusion ends, the image on its card disappears, and that card can't be used again."", {""type"": ""table"", ""colLabels"": [""{@dice 1d34|Playing Card}"", ""Illusion""], ""colStyles"": [""col-3"", ""col-9""], ""rows"": [[{""type"": ""cell"", ""roll"": {""exact"": 1}, ""entry"": ""Ace of hearts""}, ""{@creature adult red dragon||Red dragon}""], [{""type"": ""cell"", ""roll"": {""exact"": 2}, ""entry"": ""King of hearts""}, ""{@creature Knight} and four {@creature guard||guards}""], [{""type"": ""cell"", ""roll"": {""exact"": 3}, ""entry"": ""Queen of hearts""}, ""{@creature Succubus||Succubus/Incubus}""], [{""type"": ""cell"", ""roll"": {""exact"": 4}, ""entry"": ""Jack of hearts""}, ""{@creature Druid}""], [{""type"": ""cell"", ""roll"": {""exact"": 5}, ""entry"": ""Ten of hearts""}, ""{@creature Cloud giant}""], [{""type"": ""cell"", ""roll"": {""exact"": 6}, ""entry"": ""Nine of hearts""}, ""{@creature Ettin}""], [{""type"": ""cell"", ""roll"": {""exact"": 7}, ""entry"": ""Eight of hearts""}, ""{@creature Bugbear}""], [{""type"": ""cell"", ""roll"": {""exact"": 8}, ""entry"": ""Two of hearts""}, ""{@creature Goblin}""], [{""type"": ""cell"", ""roll"": {""exact"": 9}, ""entry"": ""Ace of diamonds""}, ""{@creature Beholder}""], [{""type"": ""cell"", ""roll"": {""exact"": 10}, ""entry"": ""King of diamonds""}, ""{@creature Archmage} and {@creature mage} apprentice""], [{""type"": ""cell"", ""roll"": {""exact"": 11}, ""entry"": ""Queen of diamonds""}, ""{@creature Night hag}""], [{""type"": ""cell"", ""roll"": {""exact"": 12}, ""entry"": ""Jack of diamonds""}, ""{@creature Assassin}""], [{""type"": ""cell"", ""roll"": {""exact"": 13}, ""entry"": ""Ten of diamonds""}, ""{@creature Fire giant}""], [{""type"": ""cell"", ""roll"": {""exact"": 14}, ""entry"": ""Nine of diamonds""}, ""{@creature oni||Ogre mage}""], [{""type"": ""cell"", ""roll"": {""exact"": 15}, ""entry"": ""Eight of diamonds""}, ""{@creature Gnoll}""], [{""type"": ""cell"", ""roll"": {""exact"": 16}, ""entry"": ""Two of diamonds""}, ""{@creature Kobold}""], [{""type"": ""cell"", ""roll"": {""exact"": 17}, ""entry"": ""Ace of spades""}, ""{@creature Lich}""], [{""type"": ""cell"", ""roll"": {""exact"": 18}, ""entry"": ""King of spades""}, ""{@creature Priest} and two {@creature acolyte||acolytes}""], [{""type"": ""cell"", ""roll"": {""exact"": 19}, ""entry"": ""Queen of spades""}, ""{@creature Medusa}""], [{""type"": ""cell"", ""roll"": {""exact"": 20}, ""entry"": ""Jack of spades""}, ""{@creature Veteran}""], [{""type"": ""cell"", ""roll"": {""exact"": 21}, ""entry"": ""Ten of spades""}, ""{@creature Frost giant}""], [{""type"": ""cell"", ""roll"": {""exact"": 22}, ""entry"": ""Nine of spades""}, ""{@creature Troll}""], [{""type"": ""cell"", ""roll"": {""exact"": 23}, ""entry"": ""Eight of spades""}, ""{@creature Hobgoblin}""], [{""type"": ""cell"", ""roll"": {""exact"": 24}, ""entry"": ""Two of spades""}, ""{@creature Goblin}""], [{""type"": ""cell"", ""roll"": {""exact"": 25}, ""entry"": ""Ace of clubs""}, ""{@creature Iron golem}""], [{""type"": ""cell"", ""roll"": {""exact"": 26}, ""entry"": ""King of clubs""}, ""{@creature Bandit captain} and three {@creature bandit||bandits}""], [{""type"": ""cell"", ""roll"": {""exact"": 27}, ""entry"": ""Queen of clubs""}, ""{@creature Erinyes}""], [{""type"": ""cell"", ""roll"": {""exact"": 28}, ""entry"": ""Jack of clubs""}, ""{@creature Berserker}""], [{""type"": ""cell"", ""roll"": {""exact"": 29}, ""entry"": ""Ten of clubs""}, ""{@creature Hill giant}""], [{""type"": ""cell"", ""roll"": {""exact"": 30}, ""entry"": ""Nine of clubs""}, ""{@creature Ogre}""], [{""type"": ""cell"", ""roll"": {""exact"": 31}, ""entry"": ""Eight of clubs""}, ""{@creature Orc}""], [{""type"": ""cell"", ""roll"": {""exact"": 32}, ""entry"": ""Two of clubs""}, ""{@creature Kobold}""], [{""type"": ""cell"", ""roll"": {""min"": 33, ""max"": 34}, ""entry"": ""jokers (2)""}, ""You (the deck's owner)""]]}]",,,,
Deck of Many Things,DMG,,False,legendary,,,,"[""Usually found in a box or pouch, this deck contains a number of cards made of ivory or vellum. Most ({@chance 75}) of these decks have only thirteen cards, but the rest have twenty-two."", ""Before you draw a card, you must declare how many cards you intend to draw and then draw them randomly (you can use an altered deck of playing cards to simulate the deck). Any cards drawn in excess of this number have no effect. Otherwise, as soon as you draw a card from the deck, its magic takes effect. You must draw each card no more than 1 hour after the previous draw. If you fail to draw the chosen number, the remaining number of cards fly from the deck on their own and take effect all at once."", ""Once a card is drawn, it fades from existence. Unless the card is the {@card Fool|Deck of Many Things} or the {@card Jester|Deck of Many Things}, the card reappears in the deck, making it possible to draw the same card twice."", {""type"": ""entries"", ""name"": ""A Question of Enmity"", ""entries"": [""Two of the cards in a deck of many things can earn a character the enmity of another being. With the Flames card, the enmity is overt. The character should experience the devil's malevolent efforts on multiple occasions. Seeking out the fiend shouldn't be a simple task, and the adventurer should clash with the devil's allies and followers a few times before being able to confront the devil itself."", ""In the case of the {@card Rogue|Deck of Many Things} card, the enmity is secret and should come from someone thought to be a friend or an ally. As Dungeon Master, you should wait for a dramatically appropriate moment to reveal this enmity, leaving the adventurer guessing who is likely to become a betrayer.""]}, {""type"": ""table"", ""colLabels"": [""{@dice 1d22|Playing Card}"", ""Card""], ""colStyles"": [""col-6 text-center"", ""col-6 text-center""], ""rows"": [[{""type"": ""cell"", ""roll"": {""exact"": 1}, ""entry"": ""Ace of diamonds""}, ""Vizier*""], [{""type"": ""cell"", ""roll"": {""exact"": 2}, ""entry"": ""King of diamonds""}, ""Sun""], [{""type"": ""cell"", ""roll"": {""exact"": 3}, ""entry"": ""Queen of diamonds""}, ""Moon""], [{""type"": ""cell"", ""roll"": {""exact"": 4}, ""entry"": ""Jack of diamonds""}, ""Star""], [{""type"": ""cell"", ""roll"": {""exact"": 5}, ""entry"": ""Two of diamonds""}, ""Comet*""], [{""type"": ""cell"", ""roll"": {""exact"": 6}, ""entry"": ""Ace of hearts""}, ""The Fates*""], [{""type"": ""cell"", ""roll"": {""exact"": 7}, ""entry"": ""King of hearts""}, ""Throne""], [{""type"": ""cell"", ""roll"": {""exact"": 8}, ""entry"": ""Queen of hearts""}, ""Key""], [{""type"": ""cell"", ""roll"": {""exact"": 9}, ""entry"": ""Jack of hearts""}, ""Knight""], [{""type"": ""cell"", ""roll"": {""exact"": 10}, ""entry"": ""Two of hearts""}, ""Gem*""], [{""type"": ""cell"", ""roll"": {""exact"": 11}, ""entry"": ""Ace of clubs""}, ""Talons*""], [{""type"": ""cell"", ""roll"": {""exact"": 12}, ""entry"": ""King of clubs""}, ""The Void""], [{""type"": ""cell"", ""roll"": {""exact"": 13}, ""entry"": ""Queen of clubs""}, ""Flames""], [{""type"": ""cell"", ""roll"": {""exact"": 14}, ""entry"": ""Jack of clubs""}, ""Skull""], [{""type"": ""cell"", ""roll"": {""exact"": 15}, ""entry"": ""Two of clubs""}, ""Idiot*""], [{""type"": ""cell"", ""roll"": {""exact"": 16}, ""entry"": ""Ace of spades""}, ""Donjon*""], [{""type"": ""cell"", ""roll"": {""exact"": 17}, ""entry"": ""King of spades""}, ""Ruin""], [{""type"": ""cell"", ""roll"": {""exact"": 18}, ""entry"": ""Queen of spades""}, ""Euryale""], [{""type"": ""cell"", ""roll"": {""exact"": 19}, ""entry"": ""Jack of spades""}, ""Rogue""], [{""type"": ""cell"", ""roll"": {""exact"": 20}, ""entry"": ""Two of spades""}, ""Balance*""], [{""type"": ""cell"", ""roll"": {""exact"": 21}, ""entry"": ""Joker (with TM)""}, ""Fool*""], [{""type"": ""cell"", ""roll"": {""exact"": 22}, ""entry"": ""Joker (without TM)""}, ""Jester""]], ""footnotes"": [""* Found only in a deck with twenty-two cards""]}, {""type"": ""entries"", ""name"": ""Vizier"", ""entries"": [""At any time you choose within one year of drawing this card, you can ask a question in meditation and mentally receive a truthful answer to that question. Besides information, the answer helps you solve a puzzling problem or other dilemma. In other words, the knowledge comes with wisdom on how to apply it.""]}, {""type"": ""entries"", ""name"": ""Sun"", ""entries"": [""You gain 50,000 XP, and a wondrous item (which the DM determines randomly) appears in your hands.""]}, {""type"": ""entries"", ""name"": ""Moon"", ""entries"": [""You are granted the ability to cast the {@spell wish} spell {@dice 1d3} times.""]}, {""type"": ""entries"", ""name"": ""Star"", ""entries"": [""Increase one of your ability scores by 2. The score can exceed 20 but can't exceed 24.""]}, {""type"": ""entries"", ""name"": ""Comet"", ""entries"": [""If you single-handedly defeat the next hostile monster or group of monsters you encounter, you gain experience points enough to gain one level. Otherwise, this card has no effect.""]}, {""type"": ""entries"", ""name"": ""The Fates"", ""entries"": [""Reality's fabric unravels and spins anew, allowing you to avoid or erase one event as if it never happened. You can use the card's magic as soon as you draw the card or at any other time before you die.""]}, {""type"": ""entries"", ""name"": ""Throne"", ""entries"": [""You gain proficiency in the {@skill Persuasion} skill, and you double your proficiency bonus on checks made with that skill. In addition, you gain rightful ownership of a small keep somewhere in the world. However, the keep is currently in the hands of monsters, which you must clear out before you can claim the keep as yours.""]}, {""type"": ""entries"", ""name"": ""Key"", ""entries"": [""A rare or rarer magic weapon with which you are proficient appears in your hands. The DM chooses the weapon.""]}, {""type"": ""entries"", ""name"": ""Knight"", ""entries"": [""You gain the service of a 4th-level fighter who appears in a space you choose within 30 feet of you. The fighter is of the same race as you and serves you loyally until death, believing the fates have drawn him or her to you. You control this character.""]}, {""type"": ""entries"", ""name"": ""Gem"", ""entries"": [""Twenty-five pieces of jewelry worth 2,000 gp each or fifty gems worth 1,000 gp each appear at your feet.""]}, {""type"": ""entries"", ""name"": ""Talons"", ""entries"": [""Every magic item you wear or carry disintegrates. Artifacts in your possession aren't destroyed but do vanish.""]}, {""type"": ""entries"", ""name"": ""The Void"", ""entries"": [""This black card spells disaster. Your soul is drawn from your body and contained in an object in a place of the DM's choice. One or more powerful beings guard the place. While your soul is trapped in this way, your body is {@condition incapacitated}. A {@spell wish} spell can't restore your soul, but the spell reveals the location of the object that holds it. You draw no more cards.""]}, {""type"": ""entries"", ""name"": ""Flames"", ""entries"": [""A powerful devil becomes your enemy. The devil seeks your ruin and plagues your life, savoring your suffering before attempting to slay you. This enmity lasts until either you or the devil dies.""]}, {""type"": ""entries"", ""name"": ""Skull"", ""entries"": [""You summon an {@creature avatar of death|DMG}—a ghostly humanoid skeleton clad in a tattered black robe and carrying a spectral scythe. It appears in a space of the DM's choice within 10 feet of you and attacks you, warning all others that you must win the battle alone. The avatar fights until you die or it drops to 0 hit points, whereupon it disappears. If anyone tries to help you, the helper summons its own {@creature avatar of death|DMG}. A creature slain by an {@creature avatar of death|DMG} can't be restored to life.""]}, {""type"": ""entries"", ""name"": ""Idiot"", ""entries"": [""Permanently reduce your Intelligence by {@dice 1d4 + 1} (to a minimum score of 1). You can draw one additional card beyond your declared draws.""]}, {""type"": ""entries"", ""name"": ""Donjon"", ""entries"": [""You disappear and become entombed in a state of suspended animation in an extradimensional sphere. Everything you were wearing and carrying stays behind in the space you occupied when you disappeared. You remain imprisoned until you are found and removed from the sphere. You can't be located by any divination magic, but a {@spell wish} spell can reveal the location of your prison. You draw no more cards.""]}, {""type"": ""entries"", ""name"": ""Ruin"", ""entries"": [""All forms of wealth that you carry or own, other than magic items, are lost to you. Portable property vanishes. Businesses, buildings, and land you own are lost in a way that alters reality the least. Any documentation that proves you should own something lost to this card also disappears.""]}, {""type"": ""entries"", ""name"": ""Euryale"", ""entries"": [""The card's {@creature medusa}-like visage curses you. You take a −2 penalty on saving throws while cursed in this way. Only a god or the magic of {@card The Fates|Deck of Many Things} card can end this curse.""]}, {""type"": ""entries"", ""name"": ""Rogue"", ""entries"": [""A nonplayer character of the DM's choice becomes hostile toward you. The identity of your new enemy isn't known until the NPC or someone else reveals it. Nothing less than a {@spell wish} spell or divine intervention can end the NPC's hostility toward you.""]}, {""type"": ""entries"", ""name"": ""Balance"", ""entries"": [""Your mind suffers a wrenching alteration, causing your alignment to change. Lawful becomes chaotic, good becomes evil, and vice versa. If you are true neutral or unaligned, this card has no effect on you.""]}, {""type"": ""entries"", ""name"": ""Fool"", ""entries"": [""You lose 10,000 XP, discard this card, and draw from the deck again, counting both draws as one of your declared draws. If losing that much XP would cause you to lose a level, you instead lose an amount that leaves you with just enough XP to keep your level.""]}, {""type"": ""entries"", ""name"": ""Jester"", ""entries"": [""You gain 10,000 XP, or you can draw two additional cards beyond your declared draws.""]}]",,,,
Demon Armor,DMG,HA,False,very rare,65,,true,"[""While wearing this armor, you gain a +1 bonus to AC, and you can understand and speak Abyssal. In addition, the armor's clawed gauntlets turn unarmed strikes with your hands into magic weapons that deal slashing damage, with a +1 bonus to attack and damage rolls and a damage die of {@dice 1d8}."", {""type"": ""entries"", ""name"": ""Curse"", ""entries"": [""Once you don this cursed armor, you can't doff it unless you are targeted by the {@spell remove curse} spell or similar magic. While wearing the armor, you have disadvantage on attack rolls against demons and on saving throws against their spells and special abilities.""]}]",,,,18
Dice Set,PHB,GS,False,none,,10,,,,,,
Dimensional Shackles,DMG,,False,rare,,,,"[""You can use an action to place these shackles on an {@condition incapacitated} creature. The shackles adjust to fit a creature of Small to Large size. In addition to serving as mundane manacles, the shackles prevent a creature bound by them from using any method of extradimensional movement, including teleportation or travel to a different plane of existence. They don't prevent the creature from passing-through an interdimensional portal."", ""You and any creature you designate when you use the shackles can use an action to remove them. Once every 30 days, the bound creature can make a {@dc 30} Strength ({@skill Athletics}) check. On a success, the creature breaks free and destroys the shackles.""]",,,,
Diplomat's Pack,PHB,G,False,none,36,3900,,"[""Includes:"", {""type"": ""list"", ""items"": [""a {@item chest|phb}"", ""2 {@item Map or Scroll Case|phb|cases for maps and scrolls}"", ""a set of {@item fine clothes|phb}"", ""a {@item Ink (1-ounce bottle)|phb|bottle of ink}"", ""an {@item ink pen|phb}"", ""a {@item lamp|phb}"", ""2 {@item Oil (flask)|phb|flasks of oil}"", ""5 {@item Paper (one sheet)|phb|sheets of paper}"", ""a {@item Perfume (vial)|phb|vial of perfume}"", ""{@item sealing wax|phb}"", ""{@item soap|phb}""]}]",,,,
Disguise Kit,PHB,T,False,none,3,2500,,"[""This pouch of cosmetics, hair dye, and small props lets you create disguises that change your physical appearance. Proficiency with this kit lets you add your proficiency bonus to any ability checks you make to create a visual disguise.""]",,,,
Donkey,PHB,MNT,False,none,,800,,,,,,
Draft Horse,PHB,MNT,False,none,,5000,,,,,,
Drow Poison,DMG,G,False,none,,20000,,"[""This poison is typically made only by the {@creature drow}, and only in a place far removed from sunlight. A creature subjected to this poison must succeed on a {@dc 13} Constitution saving throw or be {@condition poisoned} for 1 hour. If the saving throw fails by 5 or more, the creature is also {@condition unconscious} while {@condition poisoned} in this way. The creature wakes up if it takes damage or if another creature takes an action to shake it awake.""]",,,,
Dungeoneer's Pack,PHB,G,False,none,61.5,1200,,"[""Includes:"", {""type"": ""list"", ""items"": [""a {@item backpack|phb}"", ""a {@item crowbar|phb}"", ""a {@item hammer|phb}"", ""10 {@item piton|phb|pitons}"", ""10 {@item torch|phb|torches}"", ""a {@item tinderbox|phb}"", ""10 days of {@item Rations (1 day)|phb|rations}"", ""a {@item waterskin|phb}"", ""{@item Hempen Rope (50 feet)|phb|50 feet of hempen rope}""]}]",,,,
Dust of Disappearance,DMG,,False,uncommon,,,,"[""Found in a small packet, this powder resembles very fine sand. There is enough of it for one use. When you use an action to throw the dust into the air, you and each creature and object within 10 feet of you become {@condition invisible} for {@dice 2d4} minutes. The duration is the same for all subjects, and the dust is consumed when its magic takes effect. If a creature affected by the dust attacks or casts a spell, the invisibility ends for that creature.""]",,,,
Dust of Dryness,DMG,,False,uncommon,,,,"[""This small packet contains {@dice 1d6 + 4} pinches of dust. You can use an action to sprinkle a pinch of it over water. The dust turns a cube of water 15 feet on a side into one marble-sized pellet, which floats or rests near where the dust was sprinkled. The pellet's weight is negligible."", ""Someone can use an action to smash the pellet against a hard surface, causing the pellet to shatter and release the water the dust absorbed. Doing so ends that pellet's magic."", ""An elemental composed mostly of water that is exposed to a pinch of the dust must make a {@dc 13} Constitution saving throw, taking {@damage 10d6} necrotic damage on a failed save, or half as much damage on a successful one.""]",,,,
Dust of Sneezing and Choking,DMG,,False,uncommon,,,,"[""Found in a small container, this powder resembles very fine sand. It appears to be {@item dust of disappearance}, and an {@spell identify} spell reveals it to be such. There is enough of it for one use."", ""When you use an action to throw a handful of the dust into the air, you and each creature that needs to breathe within 30 feet of you must succeed on a {@dc 15} Constitution saving throw or become unable to breathe while sneezing uncontrollably. A creature affected in this way is {@condition incapacitated} and suffocating. As long as it is conscious, a creature can repeat the saving throw at the end of each of its turns, ending the effect on it on a success. The {@spell lesser restoration} spell can also end the effect on a creature.""]",,,,
Dwarven Plate,DMG,HA,False,very rare,65,,,"[""While wearing this armor, you gain a +2 bonus to AC. In addition, if an effect moves you against your will along the ground, you can use your reaction to reduce the distance you are moved by up to 10 feet.""]",,,,18
Dwarven Thrower,DMG,M,False,very rare,2,,by a dwarf,"[""You gain a +3 bonus to attack and damage rolls made with this magic weapon. It has the thrown property with a normal range of 20 feet and a long range of 60 feet. When you hit with a ranged attack using this weapon, it deals an extra {@damage 1d8} damage or, if the target is a giant, {@damage 2d8} damage. Immediately after the attack, the weapon flies back to your hand.""]","[""T"", ""V""]",1d8,B,
Efreeti Bottle,DMG,,False,very rare,1,,,"[""This painted brass bottle weighs 1 pound. When you use an action to remove the stopper, a cloud of thick smoke flows out of the bottle. At the end of your turn, the smoke disappears with a flash of harmless fire, and an {@creature efreeti} appears in an unoccupied space within 30 feet of you."", ""The first time the bottle is opened, the DM rolls to determine what happens."", {""type"": ""table"", ""colLabels"": [""{@dice d100}"", ""Effect""], ""colStyles"": [""col-1 text-center"", ""col-11""], ""rows"": [[""01-10"", ""The {@creature efreeti} attacks you. After fighting for 5 rounds, the {@creature efreeti} disappears, and the bottle loses its magic.""], [""11-90"", ""The {@creature efreeti} serves you for 1 hour, doing as you command. Then the {@creature efreeti} returns to the bottle, and a new stopper contains it. The stopper can't be removed for 24 hours. The next two times the bottle is opened, the same effect occurs. If the bottle is opened a fourth time, the {@creature efreeti} escapes and disappears, and the bottle loses its magic.""], [""91-00"", ""The {@creature efreeti} can cast the {@spell wish} spell three times for you. It disappears when it grants the final wish or after 1 hour, and the bottle loses its magic.""]]}]",,,,
"Elemental Gem, Blue Sapphire",DMG,,False,uncommon,,,,"[""This gem contains a mote of elemental energy. When you use an action to break the gem, an {@creature air elemental} is summoned as if you had cast the {@spell conjure elemental} spell, and the gem's magic is lost.""]",,,,
"Elemental Gem, Emerald",DMG,,False,uncommon,,,,"[""This gem contains a mote of elemental energy. When you use an action to break the gem, a {@creature water elemental} is summoned as if you had cast the {@spell conjure elemental} spell, and the gem's magic is lost.""]",,,,
"Elemental Gem, Red Corundum",DMG,,False,uncommon,,,,"[""This gem contains a mote of elemental energy. When you use an action to break the gem, a {@creature fire elemental} is summoned as if you had cast the {@spell conjure elemental} spell, and the gem's magic is lost.""]",,,,
"Elemental Gem, Yellow Diamond",DMG,,False,uncommon,,,,"[""This gem contains a mote of elemental energy. When you use an action to break the gem, an {@creature earth elemental} is summoned as if you had cast the {@spell conjure elemental} spell, and the gem's magic is lost.""]",,,,
Elephant,PHB,MNT,False,none,,20000,,,,,,
Elven Chain,DMG,MA,False,rare,20,,,"[""You gain a +1 bonus to AC while you wear this armor. You are considered proficient with this armor even if you lack proficiency with medium armor.""]",,,,13
Emblem,PHB,SCF,False,none,,500,,,,,,
Entertainer's Pack,PHB,G,False,none,38,4000,,"[""Includes:"", {""type"": ""list"", ""items"": [""a {@item backpack|phb}"", ""a {@item bedroll|phb}"", ""2 {@item Costume Clothes|phb|costumes}"", ""5 {@item candle|phb|candles}"", ""5 days of {@item Rations (1 day)|phb|rations}"", ""a {@item waterskin|phb}"", ""a {@item disguise kit|phb}""]}]",,,,
Essence of Ether,DMG,G,False,none,,30000,,"[""A creature subjected to this poison must succeed on a {@dc 15} Constitution saving throw or become {@condition poisoned} for 8 hours. The {@condition poisoned} creature is {@condition unconscious}. The creature wakes up if it takes damage or if another creature takes an action to shake it awake.""]",,,,
Eversmoking Bottle,DMG,,False,uncommon,1,,,"[""Smoke leaks from the lead-stoppered mouth of this brass bottle, which weighs 1 pound. When you use an action to remove the stopper, a cloud of thick smoke pours out in a 60-foot radius from the bottle. The cloud's area is heavily obscured. Each minute the bottle remains open and within the cloud, the radius increases by 10 feet until it reaches its maximum radius of 120 feet."", ""The cloud persists as long as the bottle is open. Closing the bottle requires you to speak its command word as an action. Once the bottle is closed, the cloud disperses after 10 minutes. A moderate wind (11 to 20 miles per hour) can also disperse the smoke after 1 minute, and a strong wind (21 or more miles per hour) can do so after 1 round.""]",,,,
Exotic Saddle,PHB,TAH,False,none,40,6000,,"[""An exotic saddle is required for riding any aquatic or flying mount.""]",,,,
Explorer's Pack,PHB,G,False,none,59,1000,,"[""Includes:"", {""type"": ""list"", ""items"": [""a {@item backpack|phb}"", ""a {@item bedroll|phb}"", ""a {@item mess kit|phb}"", ""a {@item tinderbox|phb}"", ""10 {@item torch|phb|torches}"", ""10 days of {@item Rations (1 day)|phb|rations}"", ""a {@item waterskin|phb}"", ""{@item Hempen Rope (50 feet)|phb|50 feet of hempen rope}""]}]",,,,
Eyes of Charming,DMG,,False,uncommon,,,true,"[""These crystal lenses fit over the eyes. They have 3 charges. While wearing them, you can expend 1 charge as an action to cast the {@spell charm person} spell (save {@dc 13}) on a humanoid within 30 feet of you, provided that you and the target can see each other. The lenses regain all expended charges daily at dawn.""]",,,,
Eyes of Minute Seeing,DMG,,False,uncommon,,,,"[""These crystal lenses fit over the eyes. While wearing them, you can see much better than normal out to a range of 1 foot. You have advantage on Intelligence ({@skill Investigation}) checks that rely on sight while searching an area or studying an object within that range.""]",,,,
Eyes of the Eagle,DMG,,False,uncommon,,,true,"[""These crystal lenses fit over the eyes. While wearing them, you have advantage on Wisdom ({@skill Perception}) checks that rely on sight. In conditions of clear visibility, you can make out details of even extremely distant creatures and objects as small as 2 feet across.""]",,,,
Feed (per day),PHB,TAH,False,none,10,5,,,,,,
"Figurine of Wondrous Power, Bronze Griffon",DMG,,False,rare,,,,"[""A figurine of wondrous power is a statuette of a beast small enough to fit in a pocket. If you use an action to speak the command word and throw the figurine to a point on the ground within 60 feet of you, the figurine becomes a living creature. If the space where the creature would appear is occupied by other creatures or objects, or if there isn't enough space for the creature, the figurine doesn't become a creature."", ""The creature is friendly to you and your companions. It understands your languages and obeys your spoken commands. If you issue no commands, the creature defends itself but takes no other actions."", ""The creature exists for a duration specific to each figurine. At the end of the duration, the creature reverts to its figurine form. It reverts to a figurine early if it drops to 0 hit points or if you use an action to speak the command word again while touching it. When the creature becomes a figurine again, its property can't be used again until a certain amount of time has passed, as specified in the figurine's description."", {""type"": ""entries"", ""name"": ""{@creature griffon||Bronze Griffon}"", ""entries"": [""This bronze statuette is of a {@creature griffon} rampant. It can become a {@creature griffon} for up to 6 hours. Once it has been used, it can't be used again until 5 days have passed.""]}]",,,,
"Figurine of Wondrous Power, Ebony Fly",DMG,,False,rare,,,,"[""A figurine of wondrous power is a statuette of a beast small enough to fit in a pocket. If you use an action to speak the command word and throw the figurine to a point on the ground within 60 feet of you, the figurine becomes a living creature. If the space where the creature would appear is occupied by other creatures or objects, or if there isn't enough space for the creature, the figurine doesn't become a creature."", ""The creature is friendly to you and your companions. It understands your languages and obeys your spoken commands. If you issue no commands, the creature defends itself but takes no other actions."", ""The creature exists for a duration specific to each figurine. At the end of the duration, the creature reverts to its figurine form. It reverts to a figurine early if it drops to 0 hit points or if you use an action to speak the command word again while touching it. When the creature becomes a figurine again, its property can't be used again until a certain amount of time has passed, as specified in the figurine's description."", {""type"": ""entries"", ""name"": ""{@creature giant fly|dmg|Ebony Fly}"", ""entries"": [""This ebony statuette is carved in the likeness of a horsefly. It can become a {@creature giant fly|dmg} for up to 12 hours and can be ridden as a mount. Once it has been used, it can't be used again until 2 days have passed.""]}]",,,,
"Figurine of Wondrous Power, Golden Lions",DMG,,False,rare,,,,"[""A figurine of wondrous power is a statuette of a beast small enough to fit in a pocket. If you use an action to speak the command word and throw the figurine to a point on the ground within 60 feet of you, the figurine becomes a living creature. If the space where the creature would appear is occupied by other creatures or objects, or if there isn't enough space for the creature, the figurine doesn't become a creature."", ""The creature is friendly to you and your companions. It understands your languages and obeys your spoken commands. If you issue no commands, the creature defends itself but takes no other actions."", ""The creature exists for a duration specific to each figurine. At the end of the duration, the creature reverts to its figurine form. It reverts to a figurine early if it drops to 0 hit points or if you use an action to speak the command word again while touching it. When the creature becomes a figurine again, its property can't be used again until a certain amount of time has passed, as specified in the figurine's description."", {""type"": ""entries"", ""name"": ""{@creature lion||Golden Lions}"", ""entries"": [""These gold statuettes of lions are always created in pairs. You can use one figurine or both simultaneously. Each can become a {@creature lion} for up to 1 hour. Once a {@creature lion} has been used, it can't be used again until 7 days have passed.""]}]",,,,
"Figurine of Wondrous Power, Ivory Goats",DMG,,False,rare,,,,"[""A figurine of wondrous power is a statuette of a beast small enough to fit in a pocket. If you use an action to speak the command word and throw the figurine to a point on the ground within 60 feet of you, the figurine becomes a living creature. If the space where the creature would appear is occupied by other creatures or objects, or if there isn't enough space for the creature, the figurine doesn't become a creature."", ""The creature is friendly to you and your companions. It understands your languages and obeys your spoken commands. If you issue no commands, the creature defends itself but takes no other actions."", ""The creature exists for a duration specific to each figurine. At the end of the duration, the creature reverts to its figurine form. It reverts to a figurine early if it drops to 0 hit points or if you use an action to speak the command word again while touching it. When the creature becomes a figurine again, its property can't be used again until a certain amount of time has passed, as specified in the figurine's description."", {""type"": ""entries"", ""name"": ""{@creature riding horse||Ivory Goats}"", ""entries"": [""These ivory statuettes of goats are always created in sets of three. Each goat looks unique and functions differently from the others. Their properties are as follows:"", {""type"": ""list"", ""items"": [""The goat of traveling can become a Large goat with the same statistics as a {@creature riding horse}. It has 24 charges, and each hour or portion thereof it spends in beast form costs 1 charge. While it has charges, you can use it as often as you wish. When it runs out of charges, it reverts to a figurine and can't be used again until 7 days have passed, when it regains all its charges."", ""The goat of travail becomes a {@creature giant goat} for up to 3 hours. Once it has been used, it can't be used again until 30 days have passed."", ""The goat of terror becomes a {@creature giant goat} for up to 3 hours. The goat can't attack, but you can remove its horns and use them as weapons. One horn becomes a +1 lance, and the other becomes a +2 longsword. Removing a horn requires an action, and the weapons disappear and the horns return when the goat reverts to figurine form. In addition, the goat radiates a 30-foot-radius aura of terror while you are riding it. Any creature hostile to you that starts its turn in the aura must succeed on a {@dc 15} Wisdom saving throw or be {@condition frightened} of the goat for 1 minute, or until the goat reverts to figurine form. The {@condition frightened} creature can repeat the saving throw at the end of each of its turns, ending the effect on itself on a success. Once it successfully saves against the effect, a creature is immune to the goat's aura for the next 24 hours. Once the figurine has been used, it can't be used again until 15 days have passed.""]}]}]",,,,
"Figurine of Wondrous Power, Marble Elephant",DMG,,False,rare,,,,"[""A figurine of wondrous power is a statuette of a beast small enough to fit in a pocket. If you use an action to speak the command word and throw the figurine to a point on the ground within 60 feet of you, the figurine becomes a living creature. If the space where the creature would appear is occupied by other creatures or objects, or if there isn't enough space for the creature, the figurine doesn't become a creature."", ""The creature is friendly to you and your companions. It understands your languages and obeys your spoken commands. If you issue no commands, the creature defends itself but takes no other actions."", ""The creature exists for a duration specific to each figurine. At the end of the duration, the creature reverts to its figurine form. It reverts to a figurine early if it drops to 0 hit points or if you use an action to speak the command word again while touching it. When the creature becomes a figurine again, its property can't be used again until a certain amount of time has passed, as specified in the figurine's description."", {""type"": ""entries"", ""name"": ""{@creature elephant||Marble Elephant}"", ""entries"": [""This marble statuette is about 4 inches high and long. It can become an {@creature elephant} for up to 24 hours. Once it has been used, it can't be used again until 7 days have passed.""]}]",,,,
"Figurine of Wondrous Power, Obsidian Steed",DMG,,False,very rare,,,,"[""A figurine of wondrous power is a statuette of a beast small enough to fit in a pocket. If you use an action to speak the command word and throw the figurine to a point on the ground within 60 feet of you, the figurine becomes a living creature. If the space where the creature would appear is occupied by other creatures or objects, or if there isn't enough space for the creature, the figurine doesn't become a creature."", ""The creature is friendly to you and your companions. It understands your languages and obeys your spoken commands. If you issue no commands, the creature defends itself but takes no other actions."", ""The creature exists for a duration specific to each figurine. At the end of the duration, the creature reverts to its figurine form. It reverts to a figurine early if it drops to 0 hit points or if you use an action to speak the command word again while touching it. When the creature becomes a figurine again, its property can't be used again until a certain amount of time has passed, as specified in the figurine's description."", {""type"": ""entries"", ""name"": ""{@creature nightmare||Obsidian Steed}"", ""entries"": [""This polished obsidian horse can become a {@creature nightmare} for up to 24 hours. The {@creature nightmare} fights only to defend itself. Once it has been used, it can't be used again until 5 days have passed."", ""If you have a good alignment, the figurine has a {@chance 10} chance each time you use it to ignore your orders, including a command to revert to figurine form. If you mount the {@creature nightmare} while it is ignoring your orders, you and the {@creature nightmare} are instantly transported to a random location on the plane of Hades, where the {@creature nightmare} reverts to figurine form.""]}]",,,,
"Figurine of Wondrous Power, Onyx Dog",DMG,,False,rare,,,,"[""A figurine of wondrous power is a statuette of a beast small enough to fit in a pocket. If you use an action to speak the command word and throw the figurine to a point on the ground within 60 feet of you, the figurine becomes a living creature. If the space where the creature would appear is occupied by other creatures or objects, or if there isn't enough space for the creature, the figurine doesn't become a creature."", ""The creature is friendly to you and your companions. It understands your languages and obeys your spoken commands. If you issue no commands, the creature defends itself but takes no other actions."", ""The creature exists for a duration specific to each figurine. At the end of the duration, the creature reverts to its figurine form. It reverts to a figurine early if it drops to 0 hit points or if you use an action to speak the command word again while touching it. When the creature becomes a figurine again, its property can't be used again until a certain amount of time has passed, as specified in the figurine's description."", {""type"": ""entries"", ""name"": ""{@creature mastiff||Onyx Dog}"", ""entries"": [""This onyx statuette of a dog can become a {@creature mastiff} for up to 6 hours. The {@creature mastiff} has an Intelligence of 8 and can speak Common. It also has {@sense darkvision} out to a range of 60 feet and can see {@condition invisible} creatures and objects within that range. Once it has been used, it can't be used again until 7 days have passed.""]}]",,,,
"Figurine of Wondrous Power, Serpentine Owl",DMG,,False,rare,,,,"[""A figurine of wondrous power is a statuette of a beast small enough to fit in a pocket. If you use an action to speak the command word and throw the figurine to a point on the ground within 60 feet of you, the figurine becomes a living creature. If the space where the creature would appear is occupied by other creatures or objects, or if there isn't enough space for the creature, the figurine doesn't become a creature."", ""The creature is friendly to you and your companions. It understands your languages and obeys your spoken commands. If you issue no commands, the creature defends itself but takes no other actions."", ""The creature exists for a duration specific to each figurine. At the end of the duration, the creature reverts to its figurine form. It reverts to a figurine early if it drops to 0 hit points or if you use an action to speak the command word again while touching it. When the creature becomes a figurine again, its property can't be used again until a certain amount of time has passed, as specified in the figurine's description."", {""type"": ""entries"", ""name"": ""{@creature giant owl||Serpentine Owl}"", ""entries"": [""This serpentine statuette of an owl can become a {@creature giant owl} for up to 8 hours. Once it has been used, it can't be used again until 2 days have passed. The owl can telepathically communicate with you at any range if you and it are on the same plane of existence.""]}]",,,,
"Figurine of Wondrous Power, Silver Raven",DMG,,False,uncommon,,,,"[""A figurine of wondrous power is a statuette of a beast small enough to fit in a pocket. If you use an action to speak the command word and throw the figurine to a point on the ground within 60 feet of you, the figurine becomes a living creature. If the space where the creature would appear is occupied by other creatures or objects, or if there isn't enough space for the creature, the figurine doesn't become a creature."", ""The creature is friendly to you and your companions. It understands your languages and obeys your spoken commands. If you issue no commands, the creature defends itself but takes no other actions."", ""The creature exists for a duration specific to each figurine. At the end of the duration, the creature reverts to its figurine form. It reverts to a figurine early if it drops to 0 hit points or if you use an action to speak the command word again while touching it. When the creature becomes a figurine again, its property can't be used again until a certain amount of time has passed, as specified in the figurine's description."", {""type"": ""entries"", ""name"": ""{@creature raven||Silver Raven}"", ""entries"": [""This silver statuette of a raven can become a raven for up to 12 hours. Once it has been used, it can't be used again until 2 days have passed. While in raven form, the figurine allows you to cast the {@spell animal messenger} spell on it at will.""]}]",,,,
Fine Clothes,PHB,G,False,none,6,1500,,,,,,
Fine Wine (bottle),PHB,FD,False,none,,1000,,,,,,
Fishing Tackle,PHB,G,False,none,4,100,,"[""This kit includes a wooden rod, silken line, corkwood bobbers, steel hooks, lead sinkers, velvet lures, and narrow netting.""]",,,,
Flask,PHB,G,False,none,1,2,,"[""A flask holds 1 pint of liquid.""]",,,,
Flour,PHB,TG,False,none,1,2,,,,,,
Folding Boat,DMG,,False,rare,4,,,"[""This object appears as a wooden box that measures 12 inches long, 6 inches wide, and 6 inches deep. It weighs 4 pounds and floats. It can be opened to store items inside. This item also has three command words, each requiring you to use an action to speak it."", ""One command word causes the box to unfold into a boat 10 feet long, 4 feet wide, and 2 feet deep. The boat has one pair of oars, an anchor, a mast, and a lateen sail. The boat can hold up to four Medium creatures comfortably."", ""The second command word causes the box to unfold into a ship 24 feet long, 8 feet wide; and 6 feet deep. The ship has a deck, rowing seats, five sets of oars, a steering oar, an anchor, a deck cabin, and a mast with a square sail. The ship can hold fifteen Medium creatures comfortably."", ""When the box becomes a vessel, its weight becomes that of a normal vessel its size, and anything that was stored in the box remains in the boat."", ""The third command word causes the folding boat to fold back into a box, provided that no creatures are aboard. Any objects in the vessel that can't fit inside the box remain outside the box as it folds. Any objects in the vessel that can fit inside the box do so.""]",,,,
Forgery Kit,PHB,T,False,none,5,1500,,"[""This small box contains a variety of papers and parchments, pens and inks, seals and sealing wax, gold and silver leaf, and other supplies necessary to create convincing forgeries of physical documents. Proficiency with this kit lets you add your proficiency bonus to any ability checks you make to create a physical forgery of a document.""]",,,,
Galley,DMG,SHP,False,none,,3000000,,,,,,
Gauntlets of Ogre Power,DMG,,False,uncommon,,,true,"[""Your Strength score is 19 while you wear these gauntlets. They have no effect on you if your Strength is already 19 or higher without them.""]",,,,
Gem of Brightness,DMG,,False,uncommon,1,,,"[""This prism has 50 charges. While you are holding it, you can use an action to speak one of three command words to cause one of the following effects:"", {""type"": ""list"", ""items"": [""The first command word causes the gem to shed bright light in a 30-foot radius and dim light for an additional 30 feet. This effect doesn't expend a charge. It lasts until you use a bonus action to repeat the command word or until you use another function of the gem."", ""The second command word expends 1 charge and causes the gem to fire a brilliant beam of light at one creature you can see within 60 feet of you. The creature must succeed on a {@dc 15} Constitution saving throw or become {@condition blinded} for 1 minute. The creature can repeat the saving throw at the end of each of its turns, ending the effect on itself on a success."", ""The third command word expends 5 charges and causes the gem to flare with blinding light in a 30-foot cone originating from it. Each creature in the cone must make a saving throw as if struck by the beam created with the second command word.""]}, ""When all of the gem's charges are expended, the gem becomes a nonmagical jewel worth 50 gp.""]",,,,
Gem of Seeing,DMG,,False,rare,1,,true,"[""This gem has 3 charges. As an action, you can speak the gem's command word and expend 1 charge. For the next 10 minutes, you have {@sense truesight} out to 120 feet when you peer through the gem."", ""The gem regains {@dice 1d3} expended charges daily at dawn.""]",,,,
Ginger,PHB,TG,False,none,1,100,,,,,,
Glamoured Studded Leather,DMG,LA,False,rare,13,,,"[""While wearing this armor, you gain a +1 bonus to AC. You can also use a bonus action to speak the armor's command word and cause the armor to assume the appearance of a normal set of clothing or some other kind of armor. You decide what it looks like, including color, style, and accessories, but the armor retains its normal bulk and weight. The illusory appearance lasts until you use this property again or remove the armor.""]",,,,12
Glass Bottle,PHB,G,False,none,2,200,,"[""A bottle holds 1½ pints of liquid.""]",,,,
Gloves of Missile Snaring,DMG,,False,uncommon,,,true,"[""These gloves seem to almost meld into your hands when you don them. When a ranged weapon attack hits you while you're wearing them, you can use your reaction to reduce the damage by {@dice 1d10} + your Dexterity modifier, provided that you have a free hand. If you reduce the damage to 0, you can catch the missile if it is small enough for you to hold in that hand.""]",,,,
Gloves of Swimming and Climbing,DMG,,False,uncommon,,,true,"[""While wearing these gloves, climbing and swimming don't cost you extra movement, and you gain a +5 bonus to Strength ({@skill Athletics}) checks made to climb or swim.""]",,,,
Goat,PHB,TG,False,none,,100,,,,,,
Goggles of Night,DMG,,False,uncommon,,,,"[""While wearing these dark lenses, you have {@sense darkvision} out to a range of 60 feet. If you already have {@sense darkvision}, wearing the goggles increases its range by 60 feet.""]",,,,
Gold,PHB,TG,False,none,1,5000,,,,,,
Gold Dragon Scale Mail,DMG,MA,False,very rare,45,,true,"[""Dragon scale mail is made of the scales of one kind of dragon. Sometimes dragons collect their cast-off scales and gift them to humanoids. Other times, hunters carefully skin and preserve the hide of a dead dragon. In either case, dragon scale mail is highly valued. While wearing this armor, you gain a +1 bonus to AC, you have advantage on saving throws against the Frightful Presence and breath weapons of dragons, and you have resistance to fire damage."", ""Additionally, you can focus your senses as an action to magically discern the distance and direction to the closest gold dragon within 30 miles of you. This special action can't be used again until the next dawn.""]",,,,14
Grappling Hook,PHB,G,False,none,4,200,,,,,,
Green Dragon Scale Mail,DMG,MA,False,very rare,45,,true,"[""Dragon scale mail is made of the scales of one kind of dragon. Sometimes dragons collect their cast-off scales and gift them to humanoids. Other times, hunters carefully skin and preserve the hide of a dead dragon. In either case, dragon scale mail is highly valued. While wearing this armor, you gain a +1 bonus to AC, you have advantage on saving throws against the Frightful Presence and breath weapons of dragons, and you have resistance to poison damage."", ""Additionally, you can focus your senses as an action to magically discern the distance and direction to the closest green dragon within 30 miles of you. This special action can't be used again until the next dawn.""]",,,,14
Hammer,PHB,G,False,none,3,100,,,,,,
Hammer of Thunderbolts,DMG,M,False,legendary,10,,,"[""You gain a +1 bonus to attack and damage rolls made with this magic weapon."", {""type"": ""entries"", ""name"": ""Giant's Bane (Requires Attunement)"", ""entries"": [""You must be wearing a {@italic belt of giant strength} (any variety) and {@item gauntlets of ogre power} to attune to this weapon. The attunement ends if you take off either of those items. While you are attuned to this weapon and holding it, your Strength score increases by 4 and can exceed 20, but not 30. When you roll a 20 on an attack roll made with this weapon against a giant, the giant must succeed on a {@dc 17} Constitution saving throw or die.""]}, ""The hammer also has 5 charges. While attuned to it, you can expend 1 charge and make a ranged weapon attack with the hammer, hurling it as if it had the thrown property with a normal range of 20 feet and a long range of 60 feet. If the attack hits, the hammer unleashes a thunderclap audible out to 300 feet. The target and every creature within 30 feet of it must succeed on a {@dc 17} Constitution saving throw or be {@condition stunned} until the end of your next turn. The hammer regains {@dice 1d4 + 1} expended charges daily at dawn.""]","[""H"", ""2H""]",2d6,B,
Hat of Disguise,DMG,,False,uncommon,,,true,"[""While wearing this hat, you can use an action to cast the {@spell disguise self} spell from it at will. The spell ends if the hat is removed.""]",,,,
Headband of Intellect,DMG,,False,uncommon,,,true,"[""Your Intelligence score is 19 while you wear this headband. It has no effect on you if your Intelligence is already 19 or higher without it.""]",,,,
Healer's Kit,PHB,G,False,none,3,500,,"[""This kit is a leather pouch containing bandages, salves, and splints. The kit has ten uses. As an action, you can expend one use of the kit to stabilize a creature that has 0 hit points, without needing to make a Wisdom ({@skill Medicine}) check.""]",,,,
Helm of Brilliance,DMG,,False,very rare,,,true,"[""This dazzling helm is set with {@dice 1d10} diamonds, {@dice 2d10} rubies, {@dice 3d10} fire opals, and {@dice 4d10} opals. Any gem pried from the helm crumbles to dust. When all the gems are removed or destroyed, the helm loses its magic."", ""You gain the following benefits while wearing it:"", {""type"": ""list"", ""items"": [""You can use an action to cast one of the following spells (save {@dc 18}), using one of the helm's gems of the specified type as a component: {@spell daylight} (opal), {@spell fireball} (fire opal), {@spell prismatic spray} (diamond), or {@spell wall of fire} (ruby). The gem is destroyed when the spell is cast and disappears from the helm."", ""As long as it has at least one diamond, the helm emits dim light in a 30-foot radius when at least one undead is within that area. Any undead that starts its turn in that area takes {@damage 1d6} radiant damage."", ""As long as the helm has at least one ruby, you have resistance to fire damage."", ""As long as the helm has at least one fire opal, you can use an action and speak a command word to cause one weapon you are holding to burst into flames. The flames emit bright light in a 10-foot radius and dim light for an additional 10 feet. The flames are harmless to you and the weapon. When you hit with an attack using the blazing weapon, the target takes an extra {@damage 1d6} fire damage. The flames last until you use a bonus action to speak the command word again or until you drop or stow the weapon.""]}, ""Roll a {@dice d20} if you are wearing the helm and take fire damage as a result of failing a saving throw against a spell. On a roll of 1, the helm emits beams of light from its remaining gems. Each creature within 60 feet of the helm other than you must succeed on a {@dc 17} Dexterity saving throw or be struck by a beam, taking radiant damage equal to the number of gems in the helm. The helm and its gems are then destroyed.""]",,,,
Helm of Comprehending Languages,DMG,,False,uncommon,,,,"[""While wearing this helm, you can use an action to cast the {@spell comprehend languages} spell from it at will.""]",,,,
Helm of Telepathy,DMG,,False,uncommon,,,true,"[""While wearing this helm, you can use an action to cast the {@spell detect thoughts} spell (save {@dc 13}) from it. As long as you maintain {@status concentration} on the spell, you can use a bonus action to send a telepathic message to a creature you are focused on. It can reply—using a bonus action to do so—while your focus on it continues."", ""While focusing on a creature with {@spell detect thoughts}, you can use an action to cast the {@spell suggestion} spell (save {@dc 13}) from the helm on that creature. Once used, the suggestion property can't be used again until the next dawn.""]",,,,
Helm of Teleportation,DMG,,False,rare,,,true,"[""This helm has 3 charges. While wearing it, you can use an action and expend 1 charge to cast the {@spell teleport} spell from it. The helm regains {@dice 1d3} expended charges daily at dawn.""]",,,,
Hempen Rope (50 feet),PHB,G,False,none,10,100,,"[""Rope, whether made of hemp or silk, has 2 hit points and can be burst with a {@dc 17} Strength check.""]",,,,
Herbalism Kit,PHB,T,False,none,3,500,,"[""This kit contains a variety of instruments such as clippers, mortar and pestle, and pouches and vials used by herbalists to create remedies and potions. Proficiency with this kit lets you add your proficiency bonus to any ability checks you make to identify or apply herbs. Also, proficiency with this kit is required to create antitoxin and potions of healing.""]",,,,
Heward's Handy Haversack,DMG,,False,rare,5,,,"[""This backpack has a central pouch and two side pouches, each of which is an extradimensional space. Each side pouch can hold up to 20 pounds of material, not exceeding a volume of 2 cubic feet. The large central pouch can hold up to 8 cubic feet or 80 pounds of material. The backpack always weighs 5 pounds, regardless of its contents."", ""Placing an object in the haversack follows the normal rules for interacting with objects. Retrieving an item from the haversack requires you to use an action. When you reach into the haversack for a specific item, the item is always magically on top."", ""The haversack has a few limitations. If it is overloaded, or if a sharp object pierces it or tears it, the haversack ruptures and is destroyed. If the haversack is destroyed, its contents are lost forever, although an artifact always turns up again somewhere. If the haversack is turned inside out, its contents spill forth, unharmed, and the haversack must be put right before it can be used again. If a breathing creature is placed within the haversack, the creature can survive for up to 10 minutes, after which time it begins to suffocate."", ""Placing the haversack inside an extradimensional space created by a {@item bag of holding}, {@item portable hole}, or similar item instantly destroys both items and opens a gate to the Astral Plane. The gate originates where the one item was placed inside the other. Any creature within 10-feet of the gate is sucked through it and deposited in a random location on the Astral Plane. The gate then closes. The gate is one-way only and can't be reopened.""]",,,,
Holy Water (flask),PHB,G,False,none,1,2500,,"[""As an action, you can splash the contents of this flask onto a creature within 5 feet of you or throw it up to 20 feet, shattering it on impact. In either case, make a ranged attack against a target creature, treating the holy water as an improvised weapon. If the target is a fiend or undead, it takes {@damage 2d6} radiant damage."", ""A cleric or paladin may create holy water by performing a special ritual. The ritual takes 1 hour to perform, uses 25 gp worth of powdered silver, and requires the caster to expend a 1st-level spell slot.""]",,,,
Hooded Lantern,PHB,G,False,none,2,500,,"[""A hooded lantern casts bright light in a 30-foot radius and dim light for an additional 30 feet. Once lit, it burns for 6 hours on a flask (1 pint) of oil. As an action, you can lower the hood, reducing the light to dim light in a 5-foot radius.""]",,,,
Horn of Blasting,DMG,INS,False,rare,2,,,"[""You can use an action to speak the horn's command word and then blow the horn, which emits a thunderous blast in a 30-foot cone that is audible 600 feet away. Each creature in the cone must make a {@dc 15} Constitution saving throw. On a failed save, a creature takes {@damage 5d6} thunder damage and is {@condition deafened} for 1 minute. On a successful save, a creature takes half as much damage and isn't {@condition deafened}. Creatures and objects made of glass or crystal have disadvantage on the saving throw and take {@damage 10d6} thunder damage instead of {@damage 5d6}."", ""Each use of the horn's magic has a {@chance 20} chance of causing the horn to explode. The explosion deals {@damage 10d6} fire damage to the blower and destroys the horn.""]",,,,
"Horn of Valhalla, Brass",DMG,INS,False,rare,2,,,"[""You can use an action to blow this horn. In response, warrior spirits from the plane of Ysgard appear within 60 feet of you. These spirits use the {@creature berserker} statistics. They return to Ysgard after 1 hour or when they drop to 0 hit points. Once you use the horn, it can't be used again until 7 days have passed."", ""A brass horn summons {@dice 3d4 + 3} {@creature berserker||berserkers}. To use the brass horn, you must be proficient with all simple weapons."", ""If you blow the horn without meeting its requirement, the summoned {@creature berserker||berserkers} attack you. If you meet the requirement, they are friendly to you and your companions and follow your commands.""]",,,,
"Horn of Valhalla, Bronze",DMG,INS,False,very rare,2,,,"[""You can use an action to blow this horn. In response, warrior spirits from the plane of Ysgard appear within 60 feet of you. These spirits use the {@creature berserker} statistics. They return to Ysgard after 1 hour or when they drop to 0 hit points. Once you use the horn, it can't be used again until 7 days have passed."", ""A bronze horn summons {@dice 4d4 + 4} {@creature berserker||berserkers}. To use the bronze horn, you must be proficient with medium armor."", ""If you blow the horn without meeting its requirement, the summoned {@creature berserker||berserkers} attack you. If you meet the requirement, they are friendly to you and your companions and follow your commands.""]",,,,
"Horn of Valhalla, Iron",DMG,INS,False,legendary,2,,,"[""You can use an action to blow this horn. In response, warrior spirits from the plane of Ysgard appear within 60 feet of you. These spirits use the {@creature berserker} statistics. They return to Ysgard after 1 hour or when they drop to 0 hit points. Once you use the horn, it can't be used again until 7 days have passed."", ""The iron horn summons {@dice 5d4 + 5} {@creature berserker||berserkers}. To use the iron horn, you must be proficient with all martial weapons."", ""If you blow the horn without meeting its requirement, the summoned {@creature berserker||berserkers} attack you. If you meet the requirement, they are friendly to you and your companions and follow your commands.""]",,,,
"Horn of Valhalla, Silver",DMG,INS,False,rare,2,,,"[""You can use an action to blow this horn. In response, warrior spirits from the plane of Ysgard appear within 60 feet of you. These spirits use the {@creature berserker} statistics. They return to Ysgard after 1 hour or when they drop to 0 hit points. Once you use the horn, it can't be used again until 7 days have passed."", ""The silver horn summons {@dice 2d4 + 2} {@creature berserker||berserkers}."", ""The {@creature berserker||berserkers} are friendly to you and your companions and follow your commands.""]",,,,
Horseshoes of a Zephyr,DMG,,False,very rare,,,,"[""These iron horseshoes come in a set of four. While all four shoes are affixed to the hooves of a horse or similar creature, they allow the creature to move normally while floating 4 inches above the ground. This effect means the creature can cross or stand above nonsolid or unstable surfaces, such as water or lava. The creature leaves no tracks and ignores {@quickref difficult terrain||3}. In addition, the creature can move at normal speed for up to 12 hours a day without suffering {@condition exhaustion} from a forced march.""]",,,,
Horseshoes of Speed,DMG,,False,rare,,,,"[""These iron horseshoes come in a set of four. While all four shoes are affixed to the hooves of a horse or similar creature, they increase the creature's walking speed by 30 feet.""]",,,,
Hourglass,PHB,G,False,none,1,2500,,,,,,
Hunk of Cheese,PHB,FD,False,none,,10,,,,,,
Hunting Trap,PHB,G,False,none,25,500,,"[""When you use your action to set it, this trap forms a saw-toothed steel ring that snaps shut when a creature steps on a pressure plate in the center. The trap is affixed by a heavy chain to an immobile object, such as a tree or a spike driven into the ground. A creature that steps on the plate must succeed on a {@dc 13} Dexterity saving throw or take {@damage 1d4} piercing damage and stop moving. Thereafter, until the creature breaks free of the trap, its movement is limited by the length of the chain (typically 3 feet long). A creature can use its action to make a {@dc 13} Strength check, freeing itself or another creature within its reach on a success. Each failed check deals 1 piercing damage to the trapped creature.""]",,,,
Immovable Rod,DMG,RD|DMG,False,uncommon,2,,,"[""This flat iron rod has a button on one end. You can use an action to press the button, which causes the rod to become magically fixed in place. Until you or another creature uses an action to push the button again, the rod doesn't move, even if it is defying gravity. The rod can hold up to 8,000 pounds of weight. More weight causes the rod to deactivate and fall. A creature can use an action to make a {@dc 30} Strength check, moving the fixed rod up to 10 feet on a success.""]",,,,
Ink (1-ounce bottle),PHB,G,False,none,,1000,,,,,,
Ink Pen,PHB,G,False,none,,2,,,,,,
"Ioun Stone, Absorption",DMG,,False,very rare,,,true,"[""An {@italic Ioun stone} is named after Ioun, a god of knowledge and prophecy revered on some worlds. Many types of {@italic Ioun stone} exist, each type a distinct combination of shape and color."", ""When you use an action to toss one of these stones into the air, the stone orbits your head at a distance of {@dice 1d3} feet and confers a benefit to you. Thereafter, another creature must use an action to grasp or net the stone to separate it from you, either by making a successful attack roll against AC 24 or a successful {@dc 24} Dexterity ({@skill Acrobatics}) check. You can use an action to seize and stow the stone, ending its effect."", ""A stone has AC 24, 10 hit points, and resistance to all damage. It is considered to be an object that is being worn while it orbits your head."", ""While this pale lavender ellipsoid orbits your head, you can use your reaction to cancel a spell of 4th level or lower cast by a creature you can see and targeting only you."", ""Once the stone has canceled 20 levels of spells, it burns out and turns dull gray, losing its magic. If you are targeted by a spell whose level is higher than the number of spell levels the stone has left, the stone can't cancel it.""]",,,,
"Ioun Stone, Agility",DMG,,False,very rare,,,true,"[""An {@italic Ioun stone} is named after Ioun, a god of knowledge and prophecy revered on some worlds. Many types of {@italic Ioun stone} exist, each type a distinct combination of shape and color."", ""When you use an action to toss one of these stones into the air, the stone orbits your head at a distance of {@dice 1d3} feet and confers a benefit to you. Thereafter, another creature must use an action to grasp or net the stone to separate it from you, either by making a successful attack roll against AC 24 or a successful {@dc 24} Dexterity ({@skill Acrobatics}) check. You can use an action to seize and stow the stone, ending its effect."", ""A stone has AC 24, 10 hit points, and resistance to all damage. It is considered to be an object that is being worn while it orbits your head."", ""Your Dexterity score increases by 2, to a maximum of 20, while this deep red sphere orbits your head.""]",,,,
"Ioun Stone, Awareness",DMG,,False,rare,,,true,"[""An {@italic Ioun stone} is named after Ioun, a god of knowledge and prophecy revered on some worlds. Many types of {@italic Ioun stone} exist, each type a distinct combination of shape and color."", ""When you use an action to toss one of these stones into the air, the stone orbits your head at a distance of {@dice 1d3} feet and confers a benefit to you. Thereafter, another creature must use an action to grasp or net the stone to separate it from you, either by making a successful attack roll against AC 24 or a successful {@dc 24} Dexterity ({@skill Acrobatics}) check. You can use an action to seize and stow the stone, ending its effect."", ""A stone has AC 24, 10 hit points, and resistance to all damage. It is considered to be an object that is being worn while it orbits your head."", ""You can't be {@status surprised} while this dark blue rhomboid orbits your head.""]",,,,
"Ioun Stone, Fortitude",DMG,,False,very rare,,,true,"[""An {@italic Ioun stone} is named after Ioun, a god of knowledge and prophecy revered on some worlds. Many types of {@italic Ioun stone} exist, each type a distinct combination of shape and color."", ""When you use an action to toss one of these stones into the air, the stone orbits your head at a distance of {@dice 1d3} feet and confers a benefit to you. Thereafter, another creature must use an action to grasp or net the stone to separate it from you, either by making a successful attack roll against AC 24 or a successful {@dc 24} Dexterity ({@skill Acrobatics}) check. You can use an action to seize and stow the stone, ending its effect."", ""A stone has AC 24, 10 hit points, and resistance to all damage. It is considered to be an object that is being worn while it orbits your head."", ""Your Constitution score increases by 2, to a maximum of 20, while this pink rhomboid orbits your head.""]",,,,
"Ioun Stone, Greater Absorption",DMG,,False,legendary,,,true,"[""An {@italic Ioun stone} is named after Ioun, a god of knowledge and prophecy revered on some worlds. Many types of {@italic Ioun stone} exist, each type a distinct combination of shape and color."", ""When you use an action to toss one of these stones into the air, the stone orbits your head at a distance of {@dice 1d3} feet and confers a benefit to you. Thereafter, another creature must use an action to grasp or net the stone to separate it from you, either by making a successful attack roll against AC 24 or a successful {@dc 24} Dexterity ({@skill Acrobatics}) check. You can use an action to seize and stow the stone, ending its effect."", ""A stone has AC 24, 10 hit points, and resistance to all damage. It is considered to be an object that is being worn while it orbits your head."", ""While this marbled lavender and green ellipsoid orbits your head, you can use your reaction to cancel a spell of 8th level or lower cast by a creature you can see and targeting only you. Once the stone has canceled 50 levels of spells, it burns out and turns dull gray, losing its magic. If you are targeted by a spell whose level is higher than the number of spell levels the stone has left, the stone can't cancel it.""]",,,,
"Ioun Stone, Insight",DMG,,False,very rare,,,true,"[""An {@italic Ioun stone} is named after Ioun, a god of knowledge and prophecy revered on some worlds. Many types of {@italic Ioun stone} exist, each type a distinct combination of shape and color."", ""When you use an action to toss one of these stones into the air, the stone orbits your head at a distance of {@dice 1d3} feet and confers a benefit to you. Thereafter, another creature must use an action to grasp or net the stone to separate it from you, either by making a successful attack roll against AC 24 or a successful {@dc 24} Dexterity ({@skill Acrobatics}) check. You can use an action to seize and stow the stone, ending its effect."", ""A stone has AC 24, 10 hit points, and resistance to all damage. It is considered to be an object that is being worn while it orbits your head."", ""Your Wisdom score increases by 2, to a maximum of 20, while this incandescent blue sphere orbits your head.""]",,,,
"Ioun Stone, Intellect",DMG,,False,very rare,,,true,"[""An {@italic Ioun stone} is named after Ioun, a god of knowledge and prophecy revered on some worlds. Many types of {@italic Ioun stone} exist, each type a distinct combination of shape and color."", ""When you use an action to toss one of these stones into the air, the stone orbits your head at a distance of {@dice 1d3} feet and confers a benefit to you. Thereafter, another creature must use an action to grasp or net the stone to separate it from you, either by making a successful attack roll against AC 24 or a successful {@dc 24} Dexterity ({@skill Acrobatics}) check. You can use an action to seize and stow the stone, ending its effect."", ""A stone has AC 24, 10 hit points, and resistance to all damage. It is considered to be an object that is being worn while it orbits your head."", ""Your Intelligence score increases by 2, to a maximum of 20, while this marbled scarlet and blue sphere orbits your head.""]",,,,
"Ioun Stone, Leadership",DMG,,False,very rare,,,true,"[""An {@italic Ioun stone} is named after Ioun, a god of knowledge and prophecy revered on some worlds. Many types of {@italic Ioun stone} exist, each type a distinct combination of shape and color."", ""When you use an action to toss one of these stones into the air, the stone orbits your head at a distance of {@dice 1d3} feet and confers a benefit to you. Thereafter, another creature must use an action to grasp or net the stone to separate it from you, either by making a successful attack roll against AC 24 or a successful {@dc 24} Dexterity ({@skill Acrobatics}) check. You can use an action to seize and stow the stone, ending its effect."", ""A stone has AC 24, 10 hit points, and resistance to all damage. It is considered to be an object that is being worn while it orbits your head."", ""Your Charisma score increases by 2, to a maximum of 20, while this marbled pink and green sphere orbits your head.""]",,,,
"Ioun Stone, Mastery",DMG,,False,legendary,,,true,"[""An {@italic Ioun stone} is named after Ioun, a god of knowledge and prophecy revered on some worlds. Many types of {@italic Ioun stone} exist, each type a distinct combination of shape and color."", ""When you use an action to toss one of these stones into the air, the stone orbits your head at a distance of {@dice 1d3} feet and confers a benefit to you. Thereafter, another creature must use an action to grasp or net the stone to separate it from you, either by making a successful attack roll against AC 24 or a successful {@dc 24} Dexterity ({@skill Acrobatics}) check. You can use an action to seize and stow the stone, ending its effect."", ""A stone has AC 24, 10 hit points, and resistance to all damage. It is considered to be an object that is being worn while it orbits your head."", ""Your proficiency bonus increases by 1 while this pale green prism orbits your head.""]",,,,
"Ioun Stone, Protection",DMG,,False,rare,,,true,"[""An {@italic Ioun stone} is named after Ioun, a god of knowledge and prophecy revered on some worlds. Many types of {@italic Ioun stone} exist, each type a distinct combination of shape and color."", ""When you use an action to toss one of these stones into the air, the stone orbits your head at a distance of {@dice 1d3} feet and confers a benefit to you. Thereafter, another creature must use an action to grasp or net the stone to separate it from you, either by making a successful attack roll against AC 24 or a successful {@dc 24} Dexterity ({@skill Acrobatics}) check. You can use an action to seize and stow the stone, ending its effect."", ""A stone has AC 24, 10 hit points, and resistance to all damage. It is considered to be an object that is being worn while it orbits your head."", ""You gain a +1 bonus to AC while this dusty rose prism orbits your head.""]",,,,
"Ioun Stone, Regeneration",DMG,,False,legendary,,,true,"[""An {@italic Ioun stone} is named after Ioun, a god of knowledge and prophecy revered on some worlds. Many types of {@italic Ioun stone} exist, each type a distinct combination of shape and color."", ""When you use an action to toss one of these stones into the air, the stone orbits your head at a distance of {@dice 1d3} feet and confers a benefit to you. Thereafter, another creature must use an action to grasp or net the stone to separate it from you, either by making a successful attack roll against AC 24 or a successful {@dc 24} Dexterity ({@skill Acrobatics}) check. You can use an action to seize and stow the stone, ending its effect."", ""A stone has AC 24, 10 hit points, and resistance to all damage. It is considered to be an object that is being worn while it orbits your head."", ""You regain 15 hit points at the end of each hour this pearly white spindle orbits your head, provided that you have at least 1 hit point.""]",,,,
"Ioun Stone, Reserve",DMG,,False,rare,,,true,"[""An {@italic Ioun stone} is named after Ioun, a god of knowledge and prophecy revered on some worlds. Many types of {@italic Ioun stone} exist, each type a distinct combination of shape and color."", ""When you use an action to toss one of these stones into the air, the stone orbits your head at a distance of {@dice 1d3} feet and confers a benefit to you. Thereafter, another creature must use an action to grasp or net the stone to separate it from you, either by making a successful attack roll against AC 24 or a successful {@dc 24} Dexterity ({@skill Acrobatics}) check. You can use an action to seize and stow the stone, ending its effect."", ""A stone has AC 24, 10 hit points, and resistance to all damage. It is considered to be an object that is being worn while it orbits your head."", ""This vibrant purple prism stores spells cast into it, holding them until you use them. The stone can store up to 3 levels worth of spells at a time. When found, it contains {@dice 1d4 - 1} levels of stored spells chosen by the DM."", ""Any creature can cast a spell of 1st through 3rd level into the stone by touching it as the spell is cast. The spell has no effect, other than to be stored in the stone. If the stone can't hold the spell, the spell is expended without effect. The level of the slot used to cast the spell determines how much space it uses."", ""While this stone orbits your head, you can cast any spell stored in it. The spell uses the slot level, spell save DC, spell attack bonus, and spellcasting ability of the original caster, but is otherwise treated as if you cast the spell. The spell cast from the stone is no longer stored in it, freeing up space.""]",,,,
"Ioun Stone, Strength",DMG,,False,very rare,,,true,"[""An {@italic Ioun stone} is named after Ioun, a god of knowledge and prophecy revered on some worlds. Many types of {@italic Ioun stone} exist, each type a distinct combination of shape and color."", ""When you use an action to toss one of these stones into the air, the stone orbits your head at a distance of {@dice 1d3} feet and confers a benefit to you. Thereafter, another creature must use an action to grasp or net the stone to separate it from you, either by making a successful attack roll against AC 24 or a successful {@dc 24} Dexterity ({@skill Acrobatics}) check. You can use an action to seize and stow the stone, ending its effect."", ""A stone has AC 24, 10 hit points, and resistance to all damage. It is considered to be an object that is being worn while it orbits your head."", ""Your Strength score increases by 2, to a maximum of 20, while this pale blue rhomboid orbits your head.""]",,,,
"Ioun Stone, Sustenance",DMG,,False,rare,,,true,"[""An {@italic Ioun stone} is named after Ioun, a god of knowledge and prophecy revered on some worlds. Many types of {@italic Ioun stone} exist, each type a distinct combination of shape and color."", ""When you use an action to toss one of these stones into the air, the stone orbits your head at a distance of {@dice 1d3} feet and confers a benefit to you. Thereafter, another creature must use an action to grasp or net the stone to separate it from you, either by making a successful attack roll against AC 24 or a successful {@dc 24} Dexterity ({@skill Acrobatics}) check. You can use an action to seize and stow the stone, ending its effect."", ""A stone has AC 24, 10 hit points, and resistance to all damage. It is considered to be an object that is being worn while it orbits your head."", ""You don't need to eat or drink while this clear spindle orbits your head.""]",,,,
Iron,PHB,TG,False,none,1,10,,,,,,
Iron Bands of Bilarro,DMG,,False,rare,1,,,"[""This rusty iron sphere measures 3 inches in diameter and weighs 1 pound. You can use an action to speak the command word and throw the sphere at a Huge or smaller creature you can see within 60 feet of you. As the sphere moves through the air, it opens into a tangle of metal bands."", ""Make a ranged attack roll with an attack bonus equal to your Dexterity modifier plus your proficiency bonus. On a hit, the target is {@condition restrained} until you take a bonus action to speak the command word again to release it. Doing so, or missing with the attack, causes the bands to contract and become a sphere once more."", ""A creature, including the one {@condition restrained}, can use an action to make a {@dc 20} Strength check to break the iron bands. On a success, the item is destroyed, and the {@condition restrained} creature is freed. If the check fails, any further attempts made by that creature automatically fail until 24 hours have elapsed."", ""Once the bands are used, they can't be used again until the next dawn.""]",,,,
Iron Flask,DMG,,False,legendary,1,,,"[""This iron bottle has a brass stopper. You can use an action to speak the flask's command word, targeting a creature that you can see within 60 feet of you. If the target is native to a plane of existence other than the one you're on, the target must succeed on a {@dc 17} Wisdom saving throw or be trapped in the flask. If the target has been trapped by the flask before, it has advantage on the saving throw. Once trapped, a creature remains in the flask until released. The flask can hold only one creature at a time. A creature trapped in the flask doesn't need to breathe, eat, or drink and doesn't age."", ""You can use an action to remove the flask's stopper and release the creature the flask contains. The creature is friendly to you and your companions for 1 hour and obeys your commands for that duration. If you give no commands or give it a command that is likely to result in its death, it defends itself but otherwise takes no actions. At the end of the duration, the creature acts in accordance with its normal disposition and alignment."", ""An {@spell identify} spell reveals that a creature is inside the flask, but the only way to determine the type of creature is to open the flask. A newly discovered bottle might already contain a creature chosen by the DM or determined randomly."", {""type"": ""table"", ""colLabels"": [""{@dice d100}"", ""Contents""], ""colStyles"": [""col-1 text-center"", ""col-11""], ""rows"": [[""01-50"", ""Empty""], [""51"", ""{@creature Arcanaloth}""], [""52"", ""{@creature Cambion}""], [""53-54"", ""{@creature Dao}""], [""55-57"", ""Demon (type 1): {@creature barlgura}, {@creature shadow demon}, or {@creature vrock}""], [""58-60"", ""Demon (type 2): {@creature chasme} or {@creature hezrou}""], [""61-62"", ""Demon (type 3): {@creature glabrezu} or {@creature yochlol}""], [""63-64"", ""Demon (type 4): {@creature nalfeshnee}""], [""65"", ""Demon (type 5): {@creature marilith}""], [""66"", ""Demon (type 6): {@creature balor} or {@creature goristro}""], [""67"", ""{@creature Deva}""], [""68-69"", ""Devil (greater): {@creature horned devil}, {@creature erinyes}, {@creature ice devil}, or {@creature pit fiend}""], [""70-72"", ""Devil (lesser): {@creature imp}, {@creature spined devil}, {@creature bearded devil}, {@creature barbed devil}, {@creature chain devil}, or {@creature bone devil}""], [""73-74"", ""{@creature Djinni}""], [""75-76"", ""{@creature Efreeti}""], [""77-78"", ""Elemental (any)""], [""79"", ""{@creature Githyanki knight}""], [""80"", ""{@creature Githzerai zerth}""], [""81-82"", ""{@creature Invisible stalker}""], [""83-84"", ""{@creature Marid}""], [""85-86"", ""{@creature Mezzoloth}""], [""87-88"", ""{@creature Night hag}""], [""89-90"", ""{@creature Nycaloth}""], [""91"", ""{@creature Planetar}""], [""92-93"", ""{@creature Salamander}""], [""94-95"", ""Slaad (any)""], [""96"", ""{@creature Solar}""], [""97-98"", ""{@creature succubus||Succubus/Incubus}""], [""99"", ""{@creature Ultroloth}""], [""00"", ""{@creature Xorn}""]]}]",,,,
Iron Pot,PHB,G,False,none,10,200,,"[""An iron pot holds 1 gallon of liquid.""]",,,,
Iron Spike,PHB,G,False,none,0.5,10,,,,,,
Iron Spikes (10),PHB,G,False,none,5,100,,,,,,
Javelin of Lightning,DMG,M,False,uncommon,2,,,"[""This javelin is a magic weapon. When you hurl it and speak its command word, it transforms into a bolt of lightning, forming a line 5 feet wide that extends out from you to a target within 120 feet. Each creature in the line excluding you and the target must make a {@dc 13} Dexterity saving throw, taking {@damage 4d6} lightning damage on a failed save, and half as much damage on a successful one. The lightning bolt turns back into a javelin when it reaches the target. Make a ranged weapon attack against the target. On a hit, the target takes damage from the javelin plus {@damage 4d6} lightning damage."", ""The javelin's property can't be used again until the next dawn. In the meantime, the javelin can still be used as a magic weapon.""]","[""T""]",1d6,P,
Jug,PHB,G,False,none,4,2,,"[""A jug holds 1 gallon of liquid.""]",,,,
Keelboat,DMG,SHP,False,none,,300000,,"[""Keelboats and rowboats are used on lakes and rivers. If going downstream, add the speed of the current (typically 3 miles per hour) to the speed of the vehicle. These vehicles can't be rowed against any significant current, but they can be pulled upstream by draft animals on the shores.""]",,,,
Keoghtom's Ointment,DMG,,False,uncommon,,,,"[""This glass jar, 3 inches in diameter, contains {@dice 1d4 + 1} doses of a thick mixture that smells faintly of aloe. The jar and its contents weigh ½ pound."", ""As an action, one dose of the ointment can be swallowed or applied to the skin. The creature that receives it regains {@dice 2d8 + 2} hit points, ceases to be {@condition poisoned}, and is cured of any disease.""]",,,,
Ladder (10-foot),PHB,G,False,none,25,10,,"[""Ladder (10-foot)""]",,,,
Lamp,PHB,G,False,none,1,50,,"[""A lamp casts bright light in a 15-foot radius and dim light for an additional 30 feet. Once lit, it burns for 6 hours on a flask (1 pint) of oil.""]",,,,
Lantern of Revealing,DMG,,False,uncommon,2,,,"[""While lit, this {@item hooded lantern|phb} burns for 6 hours on 1 pint of oil, shedding bright light in a 30-foot radius and dim light for an additional 30 feet. {@condition Invisible} creatures and objects are visible as long as they are in the lantern's bright light. You can use an action to lower the hood, reducing the light to dim light in a 5-foot radius.""]",,,,
Linen (1 sq. yd.),PHB,TG,False,none,,500,,,,,,
Loaf of Bread,PHB,FD,False,none,,2,,,,,,
Lock,PHB,G,False,none,1,1000,,"[""A key is provided with the lock. Without the key, a creature proficient with {@item thieves' tools|phb} can pick this lock with a successful {@dc 15} Dexterity check. Your DM may decide that better locks are available for higher prices.""]",,,,
Longship,DMG,SHP,False,none,,1000000,,,,,,
Mace of Disruption,DMG,M,False,rare,4,,true,"[""When you hit a fiend or an undead with this magic weapon, that creature takes an extra {@damage 2d6} radiant damage. If the target has 25 hit points or fewer after taking this damage, it must succeed on a {@dc 15} Wisdom saving throw or be destroyed. On a successful save, the creature becomes {@condition frightened} of you until the end of your next turn."", ""While you hold this weapon, it sheds bright light in a 20-foot radius and dim light for an additional 20 feet.""]",,1d6,B,
Mace of Smiting,DMG,M,False,rare,4,,,"[""You gain a +1 bonus to attack and damage rolls made with this magic weapon. The bonus increases to +3 when you use the mace to attack a construct."", ""When you roll a 20 on an attack roll made with this weapon, the target takes an extra 7 bludgeoning damage, or an extra 14 bludgeoning damage if it's a construct. If a construct has 25 hit points or fewer after taking this damage, it is destroyed."", ""{@note Note: According to the SRD, it is an extra {@damage 2d6} and {@damage 4d6} bludgeoning damage, although {@link this is incorrect|https://rpg.stackexchange.com/a/174522/53884}}.""]",,1d6,B,
Mace of Terror,DMG,M,False,rare,4,,true,"[""This magic weapon has 3 charges. While holding it, you can use an action and expend 1 charge to release a wave of terror. Each creature of your choice in a 30-foot radius extending from you must succeed on a {@dc 15} Wisdom saving throw or become {@condition frightened} of you for 1 minute. While it is {@condition frightened} in this way, a creature must spend its turns trying to move as far away from you as it can, and it can't willingly move to a space within 30 feet of you. It also can't take reactions. For its action it can use only the {@action Dash} action or try to escape from an effect that prevents it from moving. If it has nowhere it can move, the creature can use the {@action Dodge} action. At the end of each of its turns, a creature can repeat the saving throw, ending the effect on itself on a success."", ""The mace regains {@dice 1d3} expended charges daily at dawn.""]",,1d6,B,
Magnifying Glass,PHB,G,False,none,,10000,,"[""This lens allows a closer look at small objects. It is also useful as a substitute for flint and steel when starting fires. Lighting a fire with a magnifying glass requires light as bright as sunlight to focus, tinder to ignite, and about 5 minutes for the fire to ignite. A magnifying glass grants advantage on any ability check made to appraise or inspect an item that is small or highly detailed.""]",,,,
Malice,DMG,G,False,none,,25000,,"[""A creature subjected to this poison must succeed on a {@dc 15} Constitution saving throw or become {@condition poisoned} for 1 hour. The {@condition poisoned} creature is {@condition blinded}.""]",,,,
Manacles,PHB,G,False,none,6,200,,"[""These metal restraints can bind a Small or Medium creature. Escaping the manacles requires a successful {@dc 20} Dexterity check. Breaking them requires a successful {@dc 20} Strength check. Each set of manacles comes with one key. Without the key, a creature proficient with {@item thieves' tools|PHB} can pick the manacles' lock with a successful {@dc 15} Dexterity check. Manacles have 15 hit points.""]",,,,
Mantle of Spell Resistance,DMG,,False,rare,,,true,"[""You have advantage on saving throws against spells while you wear this cloak.""]",,,,
Manual of Bodily Health,DMG,,False,very rare,5,,,"[""This book contains health and diet tips, and its words are charged with magic. If you spend 48 hours over a period of 6 days or fewer studying the book's contents and practicing its guidelines, your Constitution score increases by 2, as does your maximum for that score. The manual then loses its magic, but regains it in a century.""]",,,,
Manual of Clay Golems,DMG,,False,very rare,5,,,"[""This tome contains information and incantations necessary to make a particular type of golem. The DM chooses the type or determines it randomly. To decipher and use the manual, you must be a spellcaster with at least two 5th-level spell slots. A creature that can't use a manual of golems and attempts to read it takes {@damage 6d6} psychic damage."", ""To create a {@creature clay golem}, you must spend 30 days, working without interruption with the manual at hand and resting no more than 8 hours per day. You must also pay 65,000 gp to purchase supplies. Once you finish creating the golem, the book is consumed in eldritch flames. The golem becomes animate when the ashes of the manual are sprinkled on it. It is under your control, and it understands and obeys your spoken commands.""]",,,,
Manual of Flesh Golems,DMG,,False,very rare,5,,,"[""This tome contains information and incantations necessary to make a particular type of golem. The DM chooses the type or determines it randomly. To decipher and use the manual, you must be a spellcaster with at least two 5th-level spell slots. A creature that can't use a manual of golems and attempts to read it takes {@damage 6d6} psychic damage."", ""To create a {@creature flesh golem}, you must spend 60 days, working without interruption with the manual at hand and resting no more than 8 hours per day. You must also pay 50,000 gp to purchase supplies. Once you finish creating the golem, the book is consumed in eldritch flames. The golem becomes animate when the ashes of the manual are sprinkled on it. It is under your control, and it understands and obeys your spoken commands.""]",,,,
Manual of Gainful Exercise,DMG,,False,very rare,5,,,"[""This book describes fitness exercises, and its words are charged with magic. If you spend 48 hours over a period of 6 days or fewer studying the book's contents and practicing its guidelines, your Strength score increases by 2, as does your maximum for that score. The manual then loses its magic, but regains it in a century.""]",,,,
Manual of Iron Golems,DMG,,False,very rare,5,,,"[""This tome contains information and incantations necessary to make a particular type of golem. The DM chooses the type or determines it randomly. To decipher and use the manual, you must be a spellcaster with at least two 5th-level spell slots. A creature that can't use a manual of golems and attempts to read it takes {@damage 6d6} psychic damage."", ""To create an {@creature iron golem}, you must spend 120 days, working without interruption with the manual at hand and resting no more than 8 hours per day. You must also pay 100,000 gp to purchase supplies. Once you finish creating the golem, the book is consumed in eldritch flames. The golem becomes animate when the ashes of the manual are sprinkled on it. It is under your control, and it understands and obeys your spoken commands.""]",,,,
Manual of Quickness of Action,DMG,,False,very rare,5,,,"[""This book contains coordination and balance exercises, and its words are charged with magic. If you spend 48 hours over a period of 6 days or fewer studying the book's contents and practicing its guidelines, your Dexterity score increases by 2, as does your maximum for that score. The manual then loses its magic, but regains it in a century.""]",,,,
Manual of Stone Golems,DMG,,False,very rare,5,,,"[""This tome contains information and incantations necessary to make a particular type of golem. The DM chooses the type or determines it randomly. To decipher and use the manual, you must be a spellcaster with at least two 5th-level spell slots. A creature that can't use a manual of golems and attempts to read it takes {@damage 6d6} psychic damage."", ""To create a {@creature stone golem}, you must spend 90 days, working without interruption with the manual at hand and resting no more than 8 hours per day. You must also pay 80,000 gp to purchase supplies. Once you finish creating the golem, the book is consumed in eldritch flames. The golem becomes animate when the ashes of the manual are sprinkled on it. It is under your control, and it understands and obeys your spoken commands.""]",,,,
Map or Scroll Case,PHB,G,False,none,1,100,,"[""This cylindrical leather case can hold up to ten rolled-up {@item paper (one sheet)|phb|sheets of paper} or five rolled-up {@item parchment (one sheet)|phb|sheets of parchment}.""]",,,,
Mastiff,PHB,MNT,False,none,,2500,,,,,,
Medallion of Thoughts,DMG,,False,uncommon,1,,true,"[""The medallion has 3 charges. While wearing it, you can use an action and expend 1 charge to cast the {@spell detect thoughts} spell (save {@dc 13}) from it. The medallion regains {@dice 1d3} expended charges daily at dawn.""]",,,,
Merchant's Scale,PHB,G,False,none,3,500,,"[""A scale includes a small balance, pans, and a suitable assortment of weights up to 2 pounds. With it, you can measure the exact weight of small objects, such as raw precious metals or trade goods, to help determine their worth.""]",,,,
Mess Kit,PHB,G,False,none,1,20,,"[""This tin box contains a cup and simple cutlery. The box clamps together, and one side can be used as a cooking pan and the other as a plate or shallow bowl.""]",,,,
Midnight Tears,DMG,G,False,none,,150000,,"[""A creature that ingests this poison suffers no effect until the stroke of midnight. If the poison has not been neutralized before then, the creature must succeed on a {@dc 17} Constitution saving throw, taking 31 ({@damage 9d6}) poison damage on a failed save, or half as much damage on a successful one.""]",,,,
Military Saddle,PHB,TAH,False,none,30,2000,,"[""A military saddle braces the rider, helping you keep your seat on an active mount in battle. It gives you advantage on any check you make to remain mounted.""]",,,,
Miner's Pick,PHB,G,False,none,10,200,,,,,,
Mirror of Life Trapping,DMG,,False,very rare,50,,,"[""When this 4-foot-tall mirror is viewed indirectly, its surface shows faint images of creatures. The mirror weighs 50 pounds, and it has AC 11, 10 hit points, and vulnerability to bludgeoning damage. It shatters and is destroyed when reduced to 0 hit points."", ""If the mirror is hanging on a vertical surface and you are within 5 feet of it, you can use an action to speak its command word and activate it. It remains activated until you use an action to speak the command word again."", ""Any creature other than you that sees its reflection in the activated mirror while within 30 feet of it must succeed on a {@dc 15} Charisma saving throw or be trapped, along with anything it is wearing or carrying, in one of the mirror's twelve extradimensional cells. This saving throw is made with advantage if the creature knows the mirror's nature, and constructs succeed on the saving throw automatically."", ""An extradimensional cell is an infinite expanse filled with thick fog that reduces visibility to 10 feet. Creatures trapped in the mirror's cells don't age, and they don't need to eat, drink, or sleep. A creature trapped within a cell can escape using magic that permits planar travel. Otherwise, the creature is confined to the cell until freed."", ""If the mirror traps a creature but its twelve extradimensional cells are already occupied, the mirror frees one trapped creature at random to accommodate the new prisoner. A freed creature appears in an unoccupied space within sight of the mirror but facing away from it. If the mirror is shattered, all creatures it contains are freed and appear in unoccupied spaces near it."", ""While within 5 feet of the mirror, you can use an action to speak the name of one creature trapped in it or call out a particular cell by number. The creature named or contained in the named cell appears as an image on the mirror's surface. You and the creature can then communicate normally."", ""In a similar way, you can use an action to speak a second command word and free one creature trapped in the mirror. The freed creature appears, along with its possessions, in the unoccupied space nearest to the mirror and facing away from it.""]",,,,
Mule,PHB,MNT,False,none,,800,,,,,,
Navigator's Tools,PHB,T,False,none,2,2500,,"[""This set of instruments is used for navigation at sea. Proficiency with navigator's tools lets you chart a ship's course and follow navigation charts. In addition, these tools allow you to add your proficiency bonus to any ability check you make to avoid getting lost at sea.""]",,,,
Necklace of Adaptation,DMG,,False,uncommon,1,,true,"[""While wearing this necklace, you can breathe normally in any environment, and you have advantage on saving throws made against harmful gases and vapors (such as {@spell cloudkill} and {@spell stinking cloud} effects, inhaled poisons, and the breath weapons of some dragons).""]",,,,
Necklace of Fireballs,DMG,,False,rare,1,,,"[""This necklace has {@dice 1d6 + 3} beads hanging from it. You can use an action to detach a bead and throw it up to 60 feet away. When it reaches the end of its trajectory, the bead detonates as a 3rd-level {@spell fireball} spell (save {@dc 15})."", ""You can hurl multiple beads, or even the whole necklace, as one action. When you do so, increase the level of the {@spell fireball} by 1 for each bead beyond the first.""]",,,,
Necklace of Prayer Beads,DMG,,False,rare,1,,"by a cleric, druid, or paladin","[""This necklace has {@dice 1d4 + 2} magic beads made from aquamarine, black pearl, or topaz. It also has many nonmagical beads made from stones such as amber, bloodstone, citrine, coral, jade, pearl, or quartz. If a magic bead is removed from the necklace, that bead loses its magic."", ""Six types of magic beads exist. The DM decides the type of each bead on the necklace or determines it randomly. A necklace can have more than one bead of the same type. To use one, you must be wearing the necklace. Each bead contains a spell that you can cast from it as a bonus action (using your spell save DC if a save is necessary). Once a magic bead's spell is cast, that bead can't be used again until the next dawn."", {""type"": ""table"", ""colLabels"": [""{@dice d20}"", ""Bead of..."", ""Spell""], ""colStyles"": [""col-1 text-center"", ""col-2"", ""col-9""], ""rows"": [[""1-6"", ""Blessing"", ""{@spell Bless}""], [""7-12"", ""Curing"", ""{@spell Cure wounds} (2nd level) or {@spell lesser restoration}""], [""13-16"", ""Favor"", ""{@spell Greater restoration}""], [""17-18"", ""Smiting"", ""{@spell Branding smite}""], [""19"", ""Summons"", ""{@spell Planar ally}""], [""20"", ""Wind walking"", ""{@spell Wind walk}""]]}]",,,,
Nolzur's Marvelous Pigments,DMG,,False,very rare,1,,,"[""Typically found in {@dice 1d4} pots inside a fine wooden box with a brush (weighing 1 pound in total), these pigments allow you to create three-dimensional objects by painting them in two dimensions. The paint flows from the brush to form the desired object as you concentrate on its image."", ""Each pot of paint is sufficient to cover 1,000 square feet of a surface, which lets you create inanimate objects or terrain features—such as a door, a pit, flowers, trees, cells, rooms, or weapons—that are up to 10,000 cubic feet. It takes 10 minutes to cover 100 square feet."", ""When you complete the painting, the object or terrain feature depicted becomes a real, nonmagical object. Thus, painting a door on a wall creates an actual door that can be opened to whatever is beyond. Painting a pit on a floor creates a real pit, and its depth counts against the total area of objects you create."", ""Nothing created by the pigments can have a value greater than 25 gp. If you paint an object of greater value (such as a diamond or a pile of gold), the object looks authentic, but close inspection reveals it is made from paste, bone, or some other worthless material."", ""If you paint a form of energy such as fire or lightning, the energy appears but dissipates as soon as you complete the painting, doing no harm to anything.""]",,,,
Oathbow,DMG,R,False,very rare,2,,true,"[""When you nock an arrow on this bow, it whispers in Elvish, \""Swift defeat to my enemies.\"" When you use this weapon to make a ranged attack, you can, as a command phrase, say, \""Swift death to you who have wronged me.\"" The target of your attack becomes your sworn enemy until it dies or until dawn seven days later. You can have only one such sworn enemy at a time. When your sworn enemy dies, you can choose a new one after the next dawn."", ""When you make a ranged attack roll with this weapon against your sworn enemy, you have advantage on the roll. In addition, your target gains no benefit from cover, other than {@quickref Cover||3||total cover}, and you suffer no disadvantage due to long range. If the attack hits, your sworn enemy takes an extra {@damage 3d6} piercing damage."", ""While your sworn enemy lives, you have disadvantage on attack rolls with all other weapons.""]","[""A"", ""H"", ""2H""]",1d8,P,
Oil (flask),PHB,G,False,none,1,10,,"[""Oil usually comes in a clay flask that holds 1 pint. As an action, you can splash the oil in this flask onto a creature within 5 feet of you or throw it up to 20 feet, shattering it on impact. Make a ranged attack against a target creature or object, treating the oil as an improvised weapon. On a hit, the target is covered in oil. If the target takes any fire damage before the oil dries (after 1 minute), the target takes an additional 5 fire damage from the burning oil. You can also pour a flask of oil on the ground to cover a 5-foot-square area, provided that the surface is level. If lit, the oil burns for 2 rounds and deals 5 fire damage to any creature that enters the area or ends its turn in the area. A creature can take this damage only once per turn.""]",,,,
Oil of Etherealness,DMG,P,False,rare,,,,"[""Beads of this cloudy gray oil form on the outside of its container and quickly evaporate. The oil can cover a Medium or smaller creature, along with the equipment it's wearing and carrying (one additional vial is required for each size category above Medium). Applying the oil takes 10 minutes. The affected creature then gains the effect of the {@spell etherealness} spell for 1 hour.""]",,,,
Oil of Sharpness,DMG,P,False,very rare,,,,"[""This clear, gelatinous oil sparkles with tiny, ultrathin silver shards. The oil can coat one slashing or piercing weapon or up to 5 pieces of slashing or piercing ammunition. Applying the oil takes 1 minute. For 1 hour, the coated item is magical and has a +3 bonus to attack and damage rolls.""]",,,,
Oil of Slipperiness,DMG,P,False,uncommon,,,,"[""This sticky black unguent is thick and heavy in the container, but it flows quickly when poured. The oil can cover a Medium or smaller creature, along with the equipment it's wearing and carrying (one additional vial is required for each size category above Medium). Applying the oil takes 10 minutes. The affected creature then gains the effect of a {@spell freedom of movement} spell for 8 hours."", ""Alternatively, the oil can be poured on the ground as an action, where it covers a 10-foot square, duplicating the effect of the {@spell grease} spell in that area for 8 hours.""]",,,,
Oil of Taggit,DMG,G,False,none,,40000,,"[""A creature subjected to this poison must succeed on a {@dc 13} Constitution saving throw or become {@condition poisoned} for 24 hours. The {@condition poisoned} creature is {@condition unconscious}. The creature wakes up if it takes damage.""]",,,,
Orb of Dragonkind,DMG,,False,artifact,3,,true,"[""Ages past, on the world of Krynn, elves and humans waged a terrible war against evil dragons. When the world seemed doomed, the wizards of the Towers of High Sorcery came together and worked their greatest magic, forging five Orbs of Dragonkind (or Dragon Orbs) to help them defeat the dragons. One orb was taken to each of the five towers, and there they were used to speed the war toward a victorious end. The wizards used the orbs to lure dragons to them, then destroyed the dragons with powerful magic."", ""As the Towers of High Sorcery fell in later ages, the orbs were destroyed or faded into legend, and only three are thought to survive. Their magic has been warped and twisted over the centuries, so although their primary purpose of calling dragons still functions, they also allow some measure of control over dragons."", ""Each orb contains the essence of an evil dragon, a presence that resents any attempt to coax magic from it. Those lacking in force of personality might find themselves enslaved to an orb."", ""An orb is an etched crystal globe about 10 inches in diameter. When used, it grows to about 20 inches in diameter, and mist swirls inside it."", ""While attuned to an orb, you can use an action to peer into the orb's depths and speak its command word. You must then make a {@dc 15} Charisma check. On a successful check, you control the orb for as long as you remain attuned to it. On a failed check, you become {@condition charmed} by the orb for as long as you remain attuned to it."", ""While you are {@condition charmed} by the orb, you can't voluntarily end your attunement to it, and the orb casts {@spell suggestion} on you at will (save {@dc 18}), urging you to work toward the evil ends it desires. The dragon essence within the orb might want many things: the annihilation of a particular people, freedom from the orb, to spread suffering in the world, to advance the worship of Takhisis ({@creature Tiamat|RoT|Tiamat's} name on Krynn), or something else the DM decides."", {""type"": ""entries"", ""name"": ""Random Properties"", ""entries"": [""An Orb of Dragonkind has the following random properties:"", {""type"": ""list"", ""items"": [""2 {@table Artifact Properties; Minor Beneficial Properties|dmg|minor beneficial properties}"", ""1 {@table Artifact Properties; Minor Detrimental Properties|dmg|minor detrimental property}"", ""1 {@table Artifact Properties; Major Detrimental Properties|dmg|major detrimental property}""]}]}, {""type"": ""entries"", ""name"": ""Spells"", ""entries"": [""The orb has 7 charges and regains {@dice 1d4 + 3} expended charges daily at dawn. If you control the orb, you can use an action and expend 1 or more charges to cast one of the following spells (save {@dc 18}) from it: {@spell cure wounds} (5th-level version, 3 charges), {@spell daylight} (1 charge), {@spell death ward} (2 charges), or {@spell scrying} (3 charges). You can also use an action to cast the {@spell detect magic} spell from the orb without using any charges.""]}, {""type"": ""entries"", ""name"": ""Call Dragons"", ""entries"": [""While you control the orb, you can use an action to cause the artifact to issue a telepathic call that extends in all directions for 40 miles. Evil dragons in range feel compelled to come to the orb as soon as possible by the most direct route. Dragon deities such as {@creature Tiamat|RoT} are unaffected by this call. Dragons drawn to the orb might be hostile toward you for compelling them against their will. Once you have used this property, it can't be used again for 1 hour.""]}, {""type"": ""entries"", ""name"": ""Destroying an Orb"", ""entries"": [""An Orb of Dragonkind appears fragile but is impervious to most damage, including the attacks and breath weapons of dragons. A {@spell disintegrate} spell or one good hit from a +3 magic weapon is sufficient to destroy an orb, however.""]}]",,,,
Ox,PHB,TG,False,none,,1500,,,,,,
Pack Saddle,PHB,TAH,False,none,15,500,,,,,,
Pale Tincture,DMG,G,False,none,,25000,,"[""A creature subjected to this poison must succeed on a {@dc 16} Constitution saving throw or take 3 ({@damage 1d6}) poison damage and become {@condition poisoned}. The {@condition poisoned} creature must repeat the saving throw every 24 hours, taking 3 ({@damage 1d6}) poison damage on a failed save. Until this poison ends, the damage the poison deals can't be healed by any means. After seven successful saving throws, the effect ends and the creature can heal normally.""]",,,,
Paper (one sheet),PHB,G,False,none,,20,,,,,,
Parchment (one sheet),PHB,G,False,none,,10,,,,,,
Pearl of Power,DMG,,False,uncommon,,,by a spellcaster,"[""While this pearl is on your person, you can use an action to speak its command word and regain one expended spell slot. If the expended slot was of 4th level or higher, the new slot is 3rd level. Once you have used the pearl, it can't be used again until the next dawn.""]",,,,
Pepper,PHB,TG,False,none,1,200,,,,,,
Perfume (vial),PHB,G,False,none,,500,,,,,,
Periapt of Health,DMG,,False,uncommon,1,,,"[""You are immune to contracting any disease while you wear this pendant. If you are already infected with a disease, the effects of the disease are suppressed while you wear the pendant.""]",,,,
Periapt of Proof against Poison,DMG,,False,rare,1,,,"[""This delicate silver chain has a brilliant-cut black gem pendant. While you wear it, poisons have no effect on you. You are immune to the {@condition poisoned} condition and have immunity to poison damage.""]",,,,
Periapt of Wound Closure,DMG,,False,uncommon,1,,true,"[""While you wear this pendant, you stabilize whenever you are dying at the start of your turn. In addition, whenever you roll a Hit Die to regain hit points, double the number of hit points it restores.""]",,,,
Philter of Love,DMG,P,False,uncommon,,,,"[""The next time you see a creature within 10 minutes after drinking this philter, you become {@condition charmed} by that creature for 1 hour. If the creature is of a species and gender you are normally attracted to, you regard it as your true love while you are {@condition charmed}. This potion's rose-hued, effervescent liquid contains one easy-to-miss bubble shaped like a heart.""]",,,,
Pig,PHB,TG,False,none,,300,,,,,,
Pipes of Haunting,DMG,INS,False,uncommon,2,,,"[""You must be proficient with wind instruments to use these pipes. They have 3 charges. You can use an action to play them and expend 1 charge to create an eerie, spellbinding tune. Each creature within 30 feet of you that hears you play must succeed on a {@dc 15} Wisdom saving throw or become {@condition frightened} of you for 1 minute. If you wish, all creatures in the area that aren't hostile toward you automatically succeed on the saving throw. A creature that fails the saving throw can repeat it at the end of each of its turns, ending the effect on itself on a success. A creature that succeeds on its saving throw is immune to the effect of these pipes for 24 hours. The pipes regain {@dice 1d3} expended charges daily at dawn.""]",,,,
Pipes of the Sewers,DMG,INS,False,uncommon,2,,true,"[""You must be proficient with wind instruments to use these pipes. While you are attuned to the pipes, ordinary rats and giant rats are indifferent toward you and will not attack you unless you threaten or harm them."", ""The pipes have 3 charges. If you play the pipes as an action, you can use a bonus action to expend 1 to 3 charges, calling forth one {@creature swarm of rats} with each expended charge, provided that enough rats are within half a mile of you to be called in this fashion (as determined by the DM). If there aren't enough rats to form a swarm, the charge is wasted. Called swarms move toward the music by the shortest available route but aren't under your control otherwise. The pipes regain {@dice 1d3} expended charges daily at dawn."", ""Whenever a {@creature swarm of rats} that isn't under another creature's control comes within 30 feet of you while you are playing the pipes, you can make a Charisma check contested by the swarm's Wisdom check. If you lose the contest, the swarm behaves as it normally would and can't be swayed by the pipes' music for the next 24 hours. If you win the contest, the swarm is swayed by the pipes' music and becomes friendly to you and your companions for as long as you continue to play the pipes each round as an action. A friendly swarm obeys your commands. If you issue no commands to a friendly swarm, it defends itself but otherwise takes no actions. If a friendly swarm starts its turn and can't hear the pipes' music, your control over that swarm ends, and the swarm behaves as it normally would and can't be swayed by the pipes' music for the next 24 hours.""]",,,,
Pitcher,PHB,G,False,none,4,2,,"[""A pitcher holds 1 gallon of liquid.""]",,,,
Piton,PHB,G,False,none,0.25,5,,,,,,
Plate Armor of Etherealness,DMG,HA,False,legendary,65,,true,"[""While you're wearing this armor, you can speak its command word as an action to gain the effect of the {@spell etherealness} spell, which lasts for 10 minutes or until you remove the armor or use an action to speak the command word again. This property of the armor can't be used again until the next dawn.""]",,,,18
Platinum,PHB,TG,False,none,1,50000,,,,,,
Playing Card Set,PHB,GS,False,none,,50,,,,,,
Poisoner's Kit,PHB,T,False,none,2,5000,,"[""A poisoner's kit includes the vials, chemicals, and other equipment necessary for the creation of poisons. Proficiency with this kit lets you add your proficiency bonus to any ability checks you make to craft or use poisons."", ""Additionally, the {@book Crafting and Harvesting Poison|dmg|8|Crafting and Harvesting Poison} rules require the use of a poisoner's kit.""]",,,,
Pole (10-foot),PHB,G,False,none,7,5,,,,,,
Pony,PHB,MNT,False,none,,3000,,,,,,
Portable Hole,DMG,,False,rare,,,,"[""This fine black cloth, soft as silk, is folded up to the dimensions of a handkerchief. It unfolds into a circular sheet 6 feet in diameter."", ""You can use an action to unfold a portable hole and place it on or against a solid surface, whereupon the portable hole creates an extradimensional hole 10 feet deep. The cylindrical space within the hole exists on a different plane, so it can't be used to create open passages. Any creature inside an open portable hole can exit the hole by climbing out of it."", ""You can use an action to close a portable hole by taking hold of the edges of the cloth and folding it up. Folding the cloth closes the hole, and any creatures or objects within remain in the extradimensional space. No matter what's in it, the hole weighs next to nothing."", ""If the hole is folded up, a creature within the hole's extradimensional space can use an action to make a {@dc 10} Strength check. On a successful check, the creature forces its way out and appears within 5 feet of the portable hole or the creature carrying it. A breathing creature within a closed portable hole can survive for up to 10 minutes, after which time it begins to suffocate."", ""Placing a portable hole inside an extradimensional space created by a {@item bag of holding}, {@item Heward's handy haversack}, or similar item instantly destroys both items and opens a gate to the Astral Plane. The gate originates where the one item was placed inside the other. Any creature within 10 feet of the gate is sucked through it and deposited in a random location on the Astral Plane. The gate then closes. The gate is one-way only and can't be reopened.""]",,,,
Portable Ram,PHB,G,False,none,35,400,,"[""You can use a portable ram to break down doors. When doing so, you gain a +4 bonus on the Strength check. One other character can help you use the ram, giving you advantage on this check.""]",,,,
Potion of Acid Resistance,DMG,P,False,uncommon,,,,"[""{#itemEntry Potion of Resistance}""]",,,,
Potion of Animal Friendship,DMG,P,False,uncommon,,,,"[""When you drink this potion, you can cast the {@spell animal friendship} spell (save {@dc 13}) for 1 hour at will. Agitating this muddy liquid brings little bits into view: a fish scale, a hummingbird tongue, a cat claw, or a squirrel hair.""]",,,,
Potion of Clairvoyance,DMG,P,False,rare,,,,"[""When you drink this potion, you gain the effect of the {@spell clairvoyance} spell. An eyeball bobs in this yellowish liquid but vanishes when the potion is opened.""]",,,,
Potion of Climbing,DMG,P,False,common,,,,"[""When you drink this potion, you gain a climbing speed equal to your walking speed for 1 hour. During this time, you have advantage on Strength ({@skill Athletics}) checks you make to climb. The potion is separated into brown, silver, and gray layers resembling bands of stone. Shaking the bottle fails to mix the colors.""]",,,,
Potion of Cloud Giant Strength,DMG,P,False,very rare,,,,"[""When you drink this potion, your Strength score changes to 27 for 1 hour. The potion has no effect on you if your Strength is equal to or greater than that score."", ""This potion's transparent liquid has floating in it a sliver of fingernail from a {@creature cloud giant}.""]",,,,
Potion of Cold Resistance,DMG,P,False,uncommon,,,,"[""{#itemEntry Potion of Resistance}""]",,,,
Potion of Diminution,DMG,P,False,rare,,,,"[""When you drink this potion, you gain the \""reduce\"" effect of the {@spell enlarge/reduce} spell for {@dice 1d4} hours (no {@status concentration} required). The red in the potion's liquid continuously contracts to a tiny bead and then expands to color the clear liquid around it. Shaking the bottle fails to interrupt this process.""]",,,,
Potion of Fire Giant Strength,DMG,P,False,rare,,,,"[""When you drink this potion, your Strength score changes to 25 for 1 hour. The potion has no effect on you if your Strength is equal to or greater than that score."", ""This potion's transparent liquid has floating in it a sliver of fingernail from a {@creature fire giant}.""]",,,,
Potion of Fire Resistance,DMG,P,False,uncommon,,,,"[""{#itemEntry Potion of Resistance}""]",,,,
Potion of Flying,DMG,P,False,very rare,,,,"[""When you drink this potion, you gain a flying speed equal to your walking speed for 1 hour and can hover. If you're in the air when the potion wears off, you fall unless you have some other means of staying aloft. This potion's clear liquid floats at the top of its container and has cloudy white impurities drifting in it.""]",,,,
Potion of Force Resistance,DMG,P,False,uncommon,,,,"[""{#itemEntry Potion of Resistance}""]",,,,
Potion of Frost Giant Strength,DMG,P,False,rare,,,,"[""When you drink this potion, your Strength score changes to 23 for 1 hour. The potion has no effect on you if your Strength is equal to or greater than that score."", ""This potion's transparent liquid has floating in it a sliver of fingernail from a {@creature frost giant}.""]",,,,
Potion of Gaseous Form,DMG,P,False,rare,,,,"[""When you drink this potion, you gain the effect of the {@spell gaseous form} spell for 1 hour (no {@status concentration} required) or until you end the effect as a bonus action. This potion's container seems to hold fog that moves and pours like water.""]",,,,
Potion of Greater Healing,DMG,P,False,uncommon,,,,"[""You regain {@dice 4d4 + 4} hit points when you drink this potion. The potion's red liquid glimmers when agitated.""]",,,,
Potion of Growth,DMG,P,False,uncommon,,,,"[""When you drink this potion, you gain the \""enlarge\"" effect of the {@spell enlarge/reduce} spell for {@dice 1d4} hours (no {@status concentration} required). The red in the potion's liquid continuously expands from a tiny bead to color the clear liquid around it and then contracts. Shaking the bottle fails to interrupt this process.""]",,,,
Potion of Healing,DMG,P,False,common,0.5,5000,,"[""You regain {@dice 2d4 + 2} hit points when you drink this potion. The potion's red liquid glimmers when agitated.""]",,,,
Potion of Heroism,DMG,P,False,rare,,,,"[""For 1 hour after drinking it, you gain 10 temporary hit points that last for 1 hour. For the same duration, you are under the effect of the {@spell bless} spell (no {@status concentration} required). This blue potion bubbles and steams as if boiling.""]",,,,
Potion of Hill Giant Strength,DMG,P,False,uncommon,,,,"[""When you drink this potion, your Strength score changes to 21 for 1 hour. The potion has no effect on you if your Strength is equal to or greater than that score."", ""This potion's transparent liquid has floating in it a sliver of fingernail from a {@creature hill giant}.""]",,,,
Potion of Invisibility,DMG,P,False,very rare,,,,"[""This potion's container looks empty but feels as though it holds liquid. When you drink it, you become {@condition invisible} for 1 hour. Anything you wear or carry is {@condition invisible} with you. The effect ends early if you attack or cast a spell.""]",,,,
Potion of Lightning Resistance,DMG,P,False,uncommon,,,,"[""{#itemEntry Potion of Resistance}""]",,,,
Potion of Mind Reading,DMG,P,False,rare,,,,"[""When you drink this potion, you gain the effect of the {@spell detect thoughts} spell (save {@dc 13}). The potion's dense, purple liquid has an ovoid cloud of pink floating in it.""]",,,,
Potion of Necrotic Resistance,DMG,P,False,uncommon,,,,"[""{#itemEntry Potion of Resistance}""]",,,,
Potion of Poison,DMG,P,False,uncommon,,,,"[""This concoction looks, smells, and tastes like a {@item potion of healing} or other beneficial potion. However, it is actually poison masked by illusion magic. An {@spell identify} spell reveals its true nature."", ""If you drink it, you take {@damage 3d6} poison damage, and you must succeed on a {@dc 13} Constitution saving throw or be {@condition poisoned}. At the start of each of your turns while you are {@condition poisoned} in this way, you take {@damage 3d6} poison damage. At the end of each of your turns, you can repeat the saving throw. On a successful save, the poison damage you take on your subsequent turns decreases by {@dice 1d6}. The poison ends when the damage decreases to 0.""]",,,,
Potion of Poison Resistance,DMG,P,False,uncommon,,,,"[""{#itemEntry Potion of Resistance}""]",,,,
Potion of Psychic Resistance,DMG,P,False,uncommon,,,,"[""{#itemEntry Potion of Resistance}""]",,,,
Potion of Radiant Resistance,DMG,P,False,uncommon,,,,"[""{#itemEntry Potion of Resistance}""]",,,,
Potion of Speed,DMG,P,False,very rare,,,,"[""When you drink this potion, you gain the effect of the {@spell haste} spell for 1 minute (no {@status concentration} required). The potion's yellow fluid is streaked with black and swirls on its own.""]",,,,
Potion of Stone Giant Strength,DMG,P,False,rare,,,,"[""When you drink this potion, your Strength score changes to 23 for 1 hour. The potion has no effect on you if your Strength is equal to or greater than that score."", ""This potion's transparent liquid has floating in it a sliver of fingernail from a {@creature stone giant}.""]",,,,
Potion of Storm Giant Strength,DMG,P,False,legendary,,,,"[""When you drink this potion, your Strength score changes to 29 for 1 hour. The potion has no effect on you if your Strength is equal to or greater than that score."", ""This potion's transparent liquid has floating in it a sliver of fingernail from a {@creature storm giant}.""]",,,,
Potion of Superior Healing,DMG,P,False,rare,,,,"[""You regain {@dice 8d4 + 8} hit points when you drink this potion. The potion's red liquid glimmers when agitated.""]",,,,
Potion of Supreme Healing,DMG,P,False,very rare,,,,"[""You regain {@dice 10d4 + 20} hit points when you drink this potion. The potion's red liquid glimmers when agitated.""]",,,,
Potion of Thunder Resistance,DMG,P,False,uncommon,,,,"[""{#itemEntry Potion of Resistance}""]",,,,
Potion of Water Breathing,DMG,P,False,uncommon,,,,"[""You can breathe underwater for 1 hour after drinking this potion. Its cloudy green fluid smells of the sea and has a jellyfish-like bubble floating in it.""]",,,,
Pouch,PHB,G,False,none,1,50,,"[""A cloth or leather pouch can hold up to 20 {@item sling bullet|phb|sling bullets} or 50 {@item blowgun needle|phb|blowgun needles}, among other things. A compartmentalized pouch for holding spell components is called a {@item component pouch|phb}. A pouch can hold up to ⅕ cubic foot or 6 pounds of gear.""]",,,,
Priest's Pack,PHB,G,False,none,24,1900,,"[""Includes:"", {""type"": ""list"", ""items"": [""a {@item backpack|phb}"", ""a {@item blanket|phb}"", ""10 {@item candle|phb|candles}"", ""a {@item tinderbox|phb}"", ""an alms box"", ""2 blocks of incense"", ""a censer"", ""vestments"", ""2 days of {@item Rations (1 day)|phb|rations}"", ""a {@item waterskin|phb}.""]}]",,,,
Purple Worm Poison,DMG,G,False,none,,200000,,"[""This poison must be harvested from a dead or {@condition incapacitated} {@creature purple worm}. A creature subjected to this poison must make a {@dc 19} Constitution saving throw, taking 42 ({@damage 12d6}) poison damage on a failed save, or half as much damage on a successful one.""]",,,,
"Quaal's Feather Token, Anchor",DMG,,False,rare,,,,"[""This tiny object looks like a feather. Different types of feather tokens exist, each with a different single-use effect."", {""name"": ""Anchor"", ""type"": ""entries"", ""entries"": [""You can use an action to touch the token to a boat or ship. For the next 24 hours, the vessel can't be moved by any means. Touching the token to the vessel again ends the effect. When the effect ends, the token disappears.""]}]",,,,
"Quaal's Feather Token, Bird",DMG,,False,rare,,,,"[""This tiny object looks like a feather. Different types of feather tokens exist, each with a different single-use effect."", {""name"": ""Bird"", ""type"": ""entries"", ""entries"": [""You can use an action to toss the token 5 feet into the air. The token disappears and an enormous, multicolored bird takes its place. The bird has the statistics of a {@creature roc}, but it obeys your simple commands and can't attack. It can carry up to 500 pounds while flying at its maximum speed (16 miles an hour for a maximum of 144 miles per day. with a one-hour rest for every 3 hours of flying), or 1,000 pounds at half that speed. The bird disappears after flying its maximum distance for a day or if it drops to 0 hit points. You can dismiss the bird as an action.""]}]",,,,
"Quaal's Feather Token, Fan",DMG,,False,rare,,,,"[""This tiny object looks like a feather. Different types of feather tokens exist, each with a different single-use effect."", {""name"": ""Fan"", ""type"": ""entries"", ""entries"": [""If you are on a boat or ship, you can use an action to toss the token up to 10 feet in the air. The token disappears, and a giant flapping fan takes its place. The fan floats and creates a wind strong enough to fill the sails of one ship, increasing its speed by 5 miles per hour for 8 hours. You can dismiss the fan as an action.""]}]",,,,
"Quaal's Feather Token, Swan Boat",DMG,,False,rare,,,,"[""This tiny object looks like a feather. Different types of feather tokens exist, each with a different single-use effect."", {""name"": ""Swan Boat"", ""type"": ""entries"", ""entries"": [""You can use an action to touch the token to a body of water at least 60 feet in diameter. The token disappears, and a 50-foot-long, 20-foot-wide boat shaped like a swan takes its place. The boat is self-propelled and moves across water at a speed of 6 miles per hour. You can use an action while on the boat to command it to move or to turn up to 90 degrees. The boat can carry up to thirty-two Medium or smaller creatures. A Large creature counts as four Medium creatures, while a Huge creature counts as nine. The boat remains for 24 hours and then disappears. You can dismiss the boat as an action.""]}]",,,,
"Quaal's Feather Token, Tree",DMG,,False,rare,,,,"[""This tiny object looks like a feather. Different types of feather tokens exist, each with a different single-use effect."", {""name"": ""Tree"", ""type"": ""entries"", ""entries"": [""You must be outdoors to use this token. You can use an action to touch it to an unoccupied space on the ground. The token disappears, and in its place a nonmagical oak tree springs into existence. The tree is 60 feet tall and has a 5-foot-diameter trunk, and its branches at the top spread out in a 20-foot radius.""]}]",,,,
"Quaal's Feather Token, Whip",DMG,,False,rare,,,,"[""This tiny object looks like a feather. Different types of feather tokens exist, each with a different single-use effect."", {""name"": ""Whip"", ""type"": ""entries"", ""entries"": [""You can use an action to throw the token to a point within 10 feet of you. The token disappears, and a floating whip takes its place. You can then use a bonus action to make a melee spell attack against a creature within 10 feet of the whip, with an attack bonus of {@hit 9}. On a hit, the target takes {@damage 1d6 + 5} force damage."", ""As a bonus action on your turn, you can direct the whip to fly up to 20 feet and repeat the attack against a creature within 10 feet of it. The whip disappears after 1 hour, when you use an action to dismiss it, or when you are {@condition incapacitated} or die.""]}]",,,,
Quiver,PHB,G,False,none,1,100,,"[""A quiver can hold up to 20 {@item arrow|phb|arrows}.""]",,,,
Quiver of Ehlonna,DMG,,False,uncommon,2,,,"[""Each of the quiver's three compartments connects to an extradimensional space that allows the quiver to hold numerous items while never weighing more than 2 pounds. The shortest compartment can hold up to sixty {@item arrow|phb|arrows}, {@item crossbow bolt|phb|bolts}, or similar objects. The midsize compartment holds up to eighteen {@item javelin|phb|javelins} or similar objects. The longest compartment holds up to six long objects, such as bows, {@item quarterstaff|phb|quarterstaffs}, or {@item spear|phb|spears}."", ""You can draw any item the quiver contains as if doing so from a regular quiver or scabbard.""]",,,,
Rations (1 day),PHB,G,False,none,2,50,,"[""Rations consist of dry foods suitable for extended travel, including jerky, dried fruit, hardtack, and nuts.""]",,,,
Red Dragon Scale Mail,DMG,MA,False,very rare,45,,true,"[""Dragon scale mail is made of the scales of one kind of dragon. Sometimes dragons collect their cast-off scales and gift them to humanoids. Other times, hunters carefully skin and preserve the hide of a dead dragon. In either case, dragon scale mail is highly valued. While wearing this armor, you gain a +1 bonus to AC, you have advantage on saving throws against the Frightful Presence and breath weapons of dragons, and you have resistance to fire damage."", ""Additionally, you can focus your senses as an action to magically discern the distance and direction to the closest red dragon within 30 miles of you. This special action can't be used again until the next dawn.""]",,,,14
Reliquary,PHB,SCF,False,none,2,500,,,,,,
Riding Horse,PHB,MNT,False,none,,7500,,,,,,
Riding Saddle,PHB,TAH,False,none,25,1000,,,,,,
Ring of Acid Resistance,DMG,RG|DMG,False,rare,,,true,"[""{#itemEntry Ring of Resistance}""]",,,,
Ring of Air Elemental Command,DMG,RG|DMG,False,legendary,,,true,"[""While wearing this ring, you have advantage on attack rolls against elementals from the Elemental Plane of Air, and they have disadvantage on attack rolls against you. In addition, you have access to properties based on the Elemental Plane of Air."", ""The ring has 5 charges. It regains {@dice 1d4 + 1} expended charges daily at dawn. Spells cast from the ring have a save DC of 17."", ""You can expend 2 of the ring's charges to cast {@spell dominate monster} on an {@creature air elemental}. In addition, when you fall, you descend 60 feet per round and take no damage from falling. You can also speak and understand Auran."", ""If you help slay an {@creature air elemental} while attuned to the ring, you gain access to the following additional properties:"", {""type"": ""list"", ""items"": [""You have resistance to lightning damage."", ""You have a flying speed equal to your walking speed and can hover."", ""You can cast the following spells from the ring, expending the necessary number of charges: {@spell chain lightning} (3 charges), {@spell gust of wind} (2 charges), or {@spell wind wall} (1 charge).""]}]",,,,
Ring of Animal Influence,DMG,RG|DMG,False,rare,,,,"[""This ring has 3 charges, and it regains {@dice 1d3} expended charges daily at dawn. While wearing the ring, you can use an action to expend 1 of its charges to cast one of the following spells:"", {""type"": ""list"", ""items"": [""{@spell Animal friendship} (save {@dc 13})"", ""{@spell Fear} (save {@dc 13}), targeting only beasts that have an Intelligence of 3 or lower"", ""{@spell Speak with animals}""]}]",,,,
Ring of Cold Resistance,DMG,RG|DMG,False,rare,,,true,"[""{#itemEntry Ring of Resistance}""]",,,,
Ring of Djinni Summoning,DMG,RG|DMG,False,legendary,,,true,"[""While wearing this ring, you can speak its command word as an action to summon a particular {@creature djinni} from the Elemental Plane of Air. The {@creature djinni} appears in an unoccupied space you choose within 120 feet of you. It remains as long as you concentrate (as if {@status concentration||concentrating} on a spell), to a maximum of 1 hour, or until it drops to 0 hit points. It then returns to its home plane."", ""While summoned, the {@creature djinni} is friendly to you and your companions. It obeys any commands you give it, no matter what language you use. If you fail to command it, the {@creature djinni} defends itself against attackers but takes no other actions."", ""After the {@creature djinni} departs, it can't be summoned again for 24 hours, and the ring becomes nonmagical if the {@creature djinni} dies.""]",,,,
Ring of Earth Elemental Command,DMG,RG|DMG,False,legendary,,,true,"[""While wearing this ring, you have advantage on attack rolls against elementals from the Elemental Plane of Earth and they have disadvantage on attack rolls against you. In addition, you have access to properties based on the Elemental Plane of Earth."", ""The ring has 5 charges. It regains {@dice 1d4 + 1} expended charges daily at dawn. Spells cast from the ring have a save DC of 17."", ""You can expend 2 of the ring's charges to cast {@spell dominate monster} on an {@creature earth elemental}. In addition, you can move in {@quickref difficult terrain||3} that is composed of rubble, rocks, or dirt as if it were normal terrain. You can also speak and understand Terran."", ""If you help slay an {@creature earth elemental} while attuned to the ring, you gain access to the following additional properties:"", {""type"": ""list"", ""items"": [""You have resistance to acid damage."", ""You can move through solid earth or rock as if those areas were {@quickref difficult terrain||3}. If you end your turn there, you are shunted out to the nearest unoccupied space you last occupied."", ""You can cast the following spells from the ring, expending the necessary number of charges: {@spell stone shape} (2 charges), {@spell stoneskin} (3 charges), or {@spell wall of stone} (3 charges).""]}]",,,,
Ring of Evasion,DMG,RG|DMG,False,rare,,,true,"[""This ring has 3 charges, and it regains {@dice 1d3} expended charges daily at dawn. When you fail a Dexterity saving throw while wearing it, you can use your reaction to expend 1 of its charges to succeed on that saving throw instead.""]",,,,
Ring of Feather Falling,DMG,RG|DMG,False,rare,,,true,"[""When you fall while wearing this ring, you descend 60 feet per round and take no damage from falling.""]",,,,
Ring of Fire Elemental Command,DMG,RG|DMG,False,legendary,,,true,"[""While wearing this ring, you have advantage on attack rolls against elementals from the Elemental Plane of Fire and they have disadvantage on attack rolls against you. In addition, you have access to properties based on the Elemental Plane of Fire."", ""The ring has 5 charges. It regains {@dice 1d4 + 1} expended charges daily at dawn. Spells cast from the ring have a save DC of 17."", ""You can expend 2 of the ring's charges to cast {@spell dominate monster} on a {@creature fire elemental}. In addition, you have resistance to fire damage. You can also speak and understand Ignan."", ""If you help slay a {@creature fire elemental} while attuned to the ring, you gain access to the following additional properties:"", {""type"": ""list"", ""items"": [""You are immune to fire damage."", ""You can cast the following spells from the ring, expending the necessary number of charges: {@spell burning hands} (1 charge), {@spell fireball} (2 charges), and {@spell wall of fire} (3 charges).""]}]",,,,
Ring of Fire Resistance,DMG,RG|DMG,False,rare,,,true,"[""{#itemEntry Ring of Resistance}""]",,,,
Ring of Force Resistance,DMG,RG|DMG,False,rare,,,true,"[""{#itemEntry Ring of Resistance}""]",,,,
Ring of Free Action,DMG,RG|DMG,False,rare,,,true,"[""While you wear this ring, {@quickref difficult terrain||3} doesn't cost you extra movement. In addition, magic can neither reduce your speed nor cause you to be {@condition paralyzed} or {@condition restrained}.""]",,,,
Ring of Invisibility,DMG,RG|DMG,False,legendary,,,true,"[""While wearing this ring, you can turn {@condition invisible} as an action. Anything you are wearing or carrying is {@condition invisible} with you. You remain {@condition invisible} until the ring is removed, until you attack or cast a spell, or until you use a bonus action to become visible again.""]",,,,
Ring of Jumping,DMG,RG|DMG,False,uncommon,,,true,"[""While wearing this ring, you can cast the {@spell jump} spell from it as a bonus action at will, but can target only yourself when you do so.""]",,,,
Ring of Lightning Resistance,DMG,RG|DMG,False,rare,,,true,"[""{#itemEntry Ring of Resistance}""]",,,,
Ring of Mind Shielding,DMG,RG|DMG,False,uncommon,,,true,"[""While wearing this ring, you are immune to magic that allows other creatures to read your thoughts, determine whether you are lying, know your alignment, or know your creature type. Creatures can telepathically communicate with you only if you allow it."", ""You can use an action to cause the ring to become {@condition invisible} until you use another action to make it visible, until you remove the ring, or until you die."", ""If you die while wearing the ring, your soul enters it, unless it already houses a soul. You can remain in the ring or depart for the afterlife. As long as your soul is in the ring, you can telepathically communicate with any creature wearing it. A wearer can't prevent this telepathic communication.""]",,,,
Ring of Necrotic Resistance,DMG,RG|DMG,False,rare,,,true,"[""{#itemEntry Ring of Resistance}""]",,,,
Ring of Poison Resistance,DMG,RG|DMG,False,rare,,,true,"[""{#itemEntry Ring of Resistance}""]",,,,
Ring of Protection,DMG,RG|DMG,False,rare,,,true,"[""You gain a +1 bonus to AC and saving throws while wearing this ring.""]",,,,
Ring of Psychic Resistance,DMG,RG|DMG,False,rare,,,true,"[""{#itemEntry Ring of Resistance}""]",,,,
Ring of Radiant Resistance,DMG,RG|DMG,False,rare,,,true,"[""{#itemEntry Ring of Resistance}""]",,,,
Ring of Regeneration,DMG,RG|DMG,False,very rare,,,true,"[""While wearing this ring, you regain {@dice 1d6} hit points every 10 minutes, provided that you have at least 1 hit point. If you lose a body part, the ring causes the missing part to regrow and return to full functionality after {@dice 1d6 + 1} days if you have at least 1 hit point the whole time.""]",,,,
Ring of Shooting Stars,DMG,RG|DMG,False,very rare,,,outdoors at night,"[""While wearing this ring in dim light or darkness, you can cast {@spell dancing lights} and {@spell light} from the ring at will. Casting either spell from the ring requires an action."", ""The ring has 6 charges for the following other properties. The ring regains {@dice 1d6} expended charges daily at dawn."", {""name"": ""Faerie Fire"", ""type"": ""entries"", ""entries"": [""You can expend 1 charge as an action to cast {@spell faerie fire} from the ring.""]}, {""name"": ""Ball Lightning"", ""type"": ""entries"", ""entries"": [""You can expend 2 charges as an action to create one to four 3-foot-diameter spheres of lightning. The more spheres you create, the less powerful each sphere is individually."", ""Each sphere appears in an unoccupied space you can see within 120 feet of you. The spheres last as long as you concentrate (as if {@status concentration||concentrating} on a spell), up to 1 minute. Each sphere sheds dim light in a 30-foot radius."", ""As a bonus action, you can move each sphere up to 30 feet, but no farther than 120 feet away from you. When a creature other than you comes within 5 feet of a sphere, the sphere discharges lightning at that creature and disappears. That creature must make a {@dc 15} Dexterity saving throw. On a failed save, the creature takes lightning damage based on the number of spheres you created. (4 spheres = {@damage 2d4}, 3 spheres = {@damage 2d6}, 2 spheres = {@damage 5d4}, 1 sphere = {@damage 4d12})""]}, {""name"": ""Shooting Stars"", ""type"": ""entries"", ""entries"": [""You can expend 1 to 3 charges as an action. For every charge you expend, you launch a glowing mote of light from the ring at a point you can see within 60 feet of you. Each creature within a 15-foot cube originating from that point is showered in sparks and must make a {@dc 15} Dexterity saving throw, taking {@damage 5d4} fire damage on a failed save, or half as much damage on a successful one.""]}]",,,,
Ring of Spell Storing,DMG,RG|DMG,False,rare,,,true,"[""This ring stores spells cast into it, holding them until the attuned wearer uses them. The ring can store up to 5 levels worth of spells at a time. When found, it contains {@dice 1d6 - 1} levels of stored spells chosen by the DM."", ""Any creature can cast a spell of 1st through 5th level into the ring by touching the ring as the spell is cast. The spell has no effect, other than to be stored in the ring. If the ring can't hold the spell, the spell is expended without effect. The level of the slot used to cast the spell determines how much space it uses."", ""While wearing this ring, you can cast any spell stored in it. The spell uses the slot level, spell save DC, spell attack bonus, and spellcasting ability of the original caster, but is otherwise treated as if you cast the spell. The spell cast from the ring is no longer stored in it, freeing up space.""]",,,,
Ring of Spell Turning,DMG,RG|DMG,False,legendary,,,true,"[""While wearing this ring, you have advantage on saving throws against any spell that targets only you (not in an area of effect). In addition, if you roll a 20 for the save and the spell is 7th level or lower, the spell has no effect on you and instead targets the caster, using the slot level, spell save DC, attack bonus, and spellcasting ability of the caster.""]",,,,
Ring of Swimming,DMG,RG|DMG,False,uncommon,,,,"[""You have a swimming speed of 40 feet while wearing this ring.""]",,,,
Ring of Telekinesis,DMG,RG|DMG,False,very rare,,,true,"[""While wearing this ring, you can cast the {@spell telekinesis} spell at will, but you can target only objects that aren't being worn or carried.""]",,,,
Ring of the Ram,DMG,RG|DMG,False,rare,,,true,"[""This ring has 3 charges, and it regains {@dice 1d3} expended charges daily at dawn. While wearing the ring, you can use an action to expend 1 to 3 of its charges to make a ranged spell attack against one creature you can see within 60 feet of you. The ring produces a spectral ram's head and makes its attack roll with a +7 bonus. On a hit, for each charge you spend, the target takes {@damage 2d10} force damage and is pushed 5 feet away from you."", ""Alternatively, you can expend 1 to 3 of the ring's charges as an action to try to break an object you can see within 60 feet of you that isn't being worn or carried. The ring makes a Strength check with a +5 bonus for each charge you spend.""]",,,,
Ring of Three Wishes,DMG,RG|DMG,False,legendary,,,,"[""While wearing this ring, you can use an action to expend 1 of its 3 charges to cast the {@spell wish} spell from it. The ring becomes nonmagical when you use the last charge.""]",,,,
Ring of Thunder Resistance,DMG,RG|DMG,False,rare,,,true,"[""{#itemEntry Ring of Resistance}""]",,,,
Ring of Warmth,DMG,RG|DMG,False,uncommon,,,true,"[""While wearing this ring, you have resistance to cold damage. In addition, you and everything you wear and carry are unharmed by temperatures as low as -50 degrees Fahrenheit.""]",,,,
Ring of Water Elemental Command,DMG,RG|DMG,False,legendary,,,true,"[""While wearing this ring, you have advantage on attack rolls against elementals from the Elemental Plane of Water and they have disadvantage on attack rolls against you. In addition, you have access to properties based on the Elemental Plane of Water."", ""The ring has 5 charges. It regains {@dice 1d4 + 1} expended charges daily at dawn. Spells cast from the ring have a save DC of 17."", ""You can expend 2 of the ring's charges to cast {@spell dominate monster} on a {@creature water elemental}. In addition, you can stand on and walk across liquid surfaces as if they were solid ground. You can also speak and understand Aquan."", ""If you help slay a {@creature water elemental} while attuned to the ring, you gain access to the following additional properties:"", {""type"": ""list"", ""items"": [""You can breathe underwater and have a swimming speed equal to your walking speed."", ""You can cast the following spells from the ring, expending the necessary number of charges: {@spell create or destroy water} (1 charge), {@spell control water} (3 charges), {@spell ice storm} (2 charges), or {@spell wall of ice} (3 charges).""]}]",,,,
Ring of Water Walking,DMG,RG|DMG,False,uncommon,,,,"[""While wearing this ring, you can stand on and move across any liquid surface as if it were solid ground.""]",,,,
Ring of X-ray Vision,DMG,RG|DMG,False,rare,,,true,"[""While wearing this ring, you can use an action to speak its command word. When you do so, you can see into and through solid matter for 1 minute. This vision has a radius of 30 feet. To you, solid objects within that radius appear transparent and don't prevent light from passing through them. The vision can penetrate 1 foot of stone, 1 inch of common metal, or up to 3 feet of wood or dirt. Thicker substances block the vision, as does a thin sheet of lead."", ""Whenever you use the ring again before taking a long rest, you must succeed on a {@dc 15} Constitution saving throw or gain one level of {@condition exhaustion}.""]",,,,
Robe of Eyes,DMG,,False,rare,,,true,"[""This robe is adorned with eyelike patterns. While you wear the robe, you gain the following benefits:"", {""type"": ""list"", ""items"": [""The robe lets you see in all directions, and you have advantage on Wisdom ({@skill Perception}) checks that rely on sight."", ""You have {@sense darkvision} out to a range of 120 feet."", ""You can see {@condition invisible} creatures and objects, as well as see into the Ethereal Plane, out to a range of 120 feet.""]}, ""The eyes on the robe can't be closed or averted. Although you can close or avert your own eyes, you are never considered to be doing so while wearing this robe."", ""A {@spell light} spell cast on the robe or a {@spell daylight} spell cast within 5 feet of the robe causes you to be {@condition blinded} for 1 minute. At the end of each of your turns, you can make a Constitution saving throw ({@dc 11} for {@spell light} or {@dc 15} for {@spell daylight}), ending the blindness on a success.""]",,,,
Robe of Scintillating Colors,DMG,,False,very rare,,,true,"[""This robe has 3 charges, and it regains {@dice 1d3} expended charges daily at dawn. While you wear it, you can use an action and expend 1 charge to cause the garment to display a shifting pattern of dazzling hues until the end of your next turn. During this time, the robe sheds bright light in a 30-foot radius and dim light for an additional 30 feet. Creatures that can see you have disadvantage on attack rolls against you. In addition, any creature in the bright light that can see you when the robe's power is activated must succeed on a {@dc 15} Wisdom saving throw or become {@condition stunned} until the effect ends.""]",,,,
Robe of Stars,DMG,,False,very rare,,,true,"[""This black or dark blue robe is embroidered with small white or silver stars. You gain a +1 bonus to saving throws while you wear it."", ""Six stars, located on the robe's upper front portion, are particularly large. While wearing this robe, you can use an action to pull off one of the stars and use it to cast {@spell magic missile} as a 5th-level spell. Daily at dusk, {@dice 1d6} removed stars reappear on the robe."", ""While you wear the robe, you can use an action to enter the Astral Plane along with everything you are wearing and carrying. You remain there until you use an action to return to the plane you were on. You reappear in the last space you occupied, or if that space is occupied, the nearest unoccupied space.""]",,,,
Robe of the Archmagi,DMG,,False,legendary,,,"by a sorcerer, warlock, or wizard","[""This elegant garment is made from exquisite cloth of white, gray, or black and adorned with silvery runes. The robe's color corresponds to the alignment for which the item was created. A white robe was made for good, gray for neutral, and black for evil. You can't attune to a robe of the archmagi that doesn't correspond to your alignment."", ""You gain these benefits while wearing the robe:"", {""type"": ""list"", ""items"": [""If you aren't wearing armor, your base Armor Class is 15 + your Dexterity modifier."", ""You have advantage on saving throws against spell and other magical effects."", ""Your spell save DC and spell attack bonus each increase by 2.""]}]",,,,
Robe of Useful Items,DMG,,False,uncommon,,,,"[""This robe has cloth patches of various shapes and colors covering it. While wearing the robe, you can use an action to detach one of the patches, causing it to become the object or creature it represents. Once the last patch is removed, the robe becomes an ordinary garment."", ""The robe has two of each of the following patches:"", {""type"": ""list"", ""items"": [""Dagger"", ""Bullseye lantern (filled and lit)"", ""Steel mirror"", ""10-foot pole"", ""Hempen rope (50 feet, coiled)"", ""Sack""]}, ""In addition, the robe has {@dice 4d4} other patches. The DM chooses the patches or determines them randomly."", {""type"": ""table"", ""colLabels"": [""{@dice d100}"", ""Patch""], ""colStyles"": [""col-1 text-center"", ""col-11""], ""rows"": [[""01-08"", ""Bag of 100 gp""], [""09-15"", ""Silver coffer (1 foot long, 6 inches wide and deep) worth 500 gp""], [""16-22"", ""Iron door (up to 10 feet wide and 10 feet high, barred on one side of your choice), which you can place in an opening you can reach; it conforms to fit the opening, attaching and hinging itself""], [""23-30"", ""10 gems worth 100 gp each""], [""31-44"", ""Wooden ladder (24 feet long)""], [""45-51"", ""A {@creature riding horse} with saddle bags""], [""52-59"", ""Pit (a cube 10 feet on a side), which you can place on the ground within 10 feet of you""], [""60-68"", ""4 {@item potion of healing||potions of healing}""], [""69-75"", ""{@item Rowboat} (12 feet long)""], [""76-83"", ""Spell scroll containing one spell of 1st to 3rd level""], [""84-90"", ""2 {@creature mastiff||mastiffs}""], [""91-96"", ""Window (2 feet by 4 feet, up to 2 feet deep), which you can place on a vertical surface you can reach""], [""97-00"", ""{@item Portable ram|phb}""]]}]",,,,
Robes,PHB,G,False,none,4,100,,,,,,
Rod of Absorption,DMG,RD|DMG,False,very rare,2,,true,"[""While holding this rod, you can use your reaction to absorb a spell that is targeting only you and not with an area of effect. The absorbed spell's effect is canceled, and the spell's energy—not the spell itself—is stored in the rod. The energy has the same level as the spell when it was cast. The rod can absorb and store up to 50 levels of energy over the course of its existence. Once the rod absorbs 50 levels of energy, it can't absorb more. If you are targeted by a spell that the rod can't store, the rod has no effect on that spell."", ""When you become attuned to the rod, you know how many levels of energy the rod has absorbed over the course of its existence, and how many levels of spell energy it currently has stored."", ""If you are a spellcaster holding the rod, you can convert energy stored in it into spell slots to cast spells you have prepared or know. You can create spell slots only of a level equal to or lower than your own spell slots, up to a maximum of 5th level. You use the stored levels in place of your slots, but otherwise cast the spell as normal. For example, you can use 3 levels stored in the rod as a 3rd-level spell slot."", ""A newly found rod has {@dice 1d10} levels of spell energy stored in it already. A rod that can no longer absorb spell energy and has no energy remaining becomes nonmagical.""]",,,,
Rod of Alertness,DMG,RD|DMG,False,very rare,2,,true,"[""This rod has a flanged head and the following properties."", {""name"": ""Alertness"", ""type"": ""entries"", ""entries"": [""While holding the rod, you have advantage on Wisdom ({@skill Perception}) checks and on rolls for initiative.""]}, {""name"": ""Spells"", ""type"": ""entries"", ""entries"": [""While holding the rod, you can use an action to cast one of the following spells from it: {@spell detect evil and good}, {@spell detect magic}, {@spell detect poison and disease}, or {@spell see invisibility}.""]}, {""name"": ""Protective Aura"", ""type"": ""entries"", ""entries"": [""As an action, you can plant the haft end of the rod in the ground, whereupon the rod's head sheds bright light in a 60-foot radius and dim light for an additional 60 feet. While in that bright light, you and any creature that is friendly to you gain a +1 bonus to AC and saving throws and can sense the location of any {@condition invisible} hostile creature that is also in the bright light."", ""The rod's head stops glowing and the effect ends after 10 minutes, or when a creature uses an action to pull the rod from the ground. This property can't be used again until the next dawn.""]}]",,,,
Rod of Lordly Might,DMG,RD|DMG,False,legendary,2,,true,"[""This rod has a flanged head, and it functions as a magic mace that grants a +3 bonus to attack and damage roll made with it. The rod has properties associated with six different buttons that are set in a row along the haft. It has three other properties as well, detailed below."", {""name"": ""Six Buttons"", ""type"": ""entries"", ""entries"": [""You can press one of the rod's six buttons as a bonus action. A button's effect lasts until you push a different button or until you push the same button again, which causes the rod to revert to its normal form."", ""If you press button 1, the rod becomes a {@item flame tongue} as a fiery blade sprouts from the end opposite the rod's flanged head (you choose the type of sword)."", ""If you press button 2, the rod's flanged head folds down and two crescent-shaped blades spring out, transforming the rod into a magic battleaxe that grants a +3 bonus to attack and damage rolls made with it."", ""If you press button 3, the rod's flanged head folds down, a spear point springs from the rod's tip, and the rod's handle lengthens into a 6-foot haft, transforming the rod into a magic spear that grants a +3 bonus to attack and damage rolls made with it."", ""If you press button 4, the rod transforms into a climbing pole up to 50 feet long, as you specify. In surfaces as hard as granite, a spike at the bottom and three hooks at the top anchor the pole. Horizontal bars 3 inches long fold out from the sides, 1 foot apart, forming a ladder. The pole can bear up to 4,000 pounds. More weight or lack of solid anchoring causes the rod to revert to its normal form."", ""If you press button 5, the rod transforms into a handheld battering ram and grants its user a +10 bonus to Strength checks made to break through doors, barricades, and other barriers."", ""If you press button 6, the rod assumes or remains in its normal form and indicates magnetic north. (Nothing happens if this function of the rod is used in a location that has no magnetic north.) The rod also gives you knowledge of your approximate depth beneath the ground or your height above it.""]}, {""name"": ""Drain Life"", ""type"": ""entries"", ""entries"": [""When you hit a creature with a melee attack using the rod, you can force the target to make a {@dc 17} Constitution saving throw. On a failure, the target rakes an extra {@damage 4d6} necrotic damage, and you regain a number of hit points equal to half that necrotic damage. This property can't be used again until the next dawn.""]}, {""name"": ""Paralyze"", ""type"": ""entries"", ""entries"": [""When you hit a creature with a melee attack using the rod, you can force the target to make a {@dc 17} Strength saving throw. On a failure, the target is {@condition paralyzed} for 1 minute. The target can repeat the saving throw at the end of each of its turns, ending the effect on a success. This property can't be used again until the next dawn.""]}, {""name"": ""Terrify"", ""type"": ""entries"", ""entries"": [""While holding the rod, you can use an action to force each creature you can see within 30 feet of you to make a {@dc 17} Wisdom saving throw. On a failure, a target is {@condition frightened} of you for 1 minute. A {@condition frightened} target can repeat the saving throw at the end of each of its turns, ending the effect on itself on a success. This property can't be used again until the next dawn.""]}]",,,,
Rod of Rulership,DMG,RD|DMG,False,rare,2,,true,"[""You can use an action to present the rod and command obedience from each creature of your choice that you can see within 120 feet of you. Each target must succeed on a {@dc 15} Wisdom saving throw or be {@condition charmed} by you for 8 hours. While {@condition charmed} in this way, the creature regards you as its trusted leader. If harmed by you or your companions, or commanded to do something contrary to its nature, a target ceases to be {@condition charmed} in this way. The rod can't be used again until the next dawn.""]",,,,
Rod of Security,DMG,RD|DMG,False,very rare,2,,,"[""While holding this rod, you can use an action to activate it. The rod then instantly transports you and up to 199 other willing creatures you can see to a paradise that exists in an extraplanar space. You choose the form that the paradise takes. It could be a tranquil garden, lovely glade, cheery tavern, immense palace, tropical island, fantastic carnival, or whatever else you can imagine. Regardless of its nature, the paradise contains enough water and food to sustain its visitors. Everything else that can be interacted with inside the extraplanar space can exist only there. For example, a flower picked from a garden in the paradise disappears if it is taken outside the extraplanar space."", ""For each hour spent in the paradise, a visitor regains hit points as if it had spent 1 Hit Die. Also, creatures don't age while in the paradise, although time passes normally. Visitors can remain in the paradise for up to 200 days divided by the number of creatures present (round down)."", ""When the time runs out or you use an action to end it, all visitors reappear in the location they occupied when you activated the rod, or an unoccupied space nearest that location. The rod can't be used again until ten days have passed.""]",,,,
Rope of Climbing,DMG,,False,uncommon,3,,,"[""This 60-foot length of silk rope weighs 3 pounds and can hold up to 3,000 pounds. If you hold one end of the rope and use an action to speak the command word, the rope animates. As a bonus action, you can command the other end to move toward a destination you choose. That end moves 10 feet on your turn when you first command it and 10 feet on each of your turns until reaching its destination, up to its maximum length away, or until you tell it to stop. You can also tell the rope to fasten itself securely to an object or to unfasten itself, to knot or unknot itself, or to coil itself for carrying."", ""If you tell the rope to knot, large knots appear at 1-foot intervals along the rope. While knotted, the rope shortens to a 50-foot length and grants advantage on checks made to climb it."", ""The rope has AC 20 and 20 hit points. It regains 1 hit point every 5 minutes as long as it has at least 1 hit point. If the rope drops to 0 hit points, it is destroyed.""]",,,,
Rope of Entanglement,DMG,,False,rare,3,,,"[""This rope is 30 feet long and weighs 3 pounds. If you hold one end of the rope and use an action to speak its command word, the other end darts forward to entangle a creature you can see within 20 feet of you. The target must succeed on a {@dc 15} Dexterity saving throw or become {@condition restrained}."", ""You can release the creature by using a bonus action to speak a second command word. A target {@condition restrained} by the rope can use an action to make a {@dc 15} Strength or Dexterity check (target's choice). On a success, the creature is no longer {@condition restrained} by the rope."", ""The rope has AC 20 and 20 hit points. It regains 1 hit point every 5 minutes as long as it has at least 1 hit point. If the rope drops to 0 hit points, it is destroyed.""]",,,,
Rowboat,DMG,SHP,False,none,100,5000,,"[""Keelboats and rowboats are used on lakes and rivers, If going downstream, add the speed of the current (typically 3 miles per hour) to the speed of the vehicle. These vehicles can't be rowed against any significant current, but they can be pulled upstream by draft animals on the shores. A rowboat weighs 100 pounds, in case adventurers carry it over land.""]",,,,
Sack,PHB,G,False,none,0.5,1,,"[""A sack can hold up to 1 cubic foot or 30 pounds of gear.""]",,,,
Saddlebags,PHB,TAH,False,none,8,400,,,,,,
Saffron,PHB,TG,False,none,1,1500,,,,,,
Sailing Ship,DMG,SHP,False,none,,1000000,,,,,,
Salt,PHB,TG,False,none,1,5,,,,,,
Scarab of Protection,DMG,,False,legendary,,,true,"[""If you hold this beetle-shaped medallion in your hand for 1 round, an inscription appears on its surface revealing its magical nature. It provides two benefits while it is on your person:"", {""type"": ""list"", ""items"": [""You have advantage on saving throws against spells."", ""The scarab has 12 charges. If you fail a saving throw against a necromancy spell or a harmful effect originating from an undead creature, you can use your reaction to expend 1 charge and turn the failed save into a successful one. The scarab crumbles into powder and is destroyed when its last charge is expended.""]}]",,,,
Scholar's Pack,PHB,G,False,none,10,4000,,"[""Includes:"", {""type"": ""list"", ""items"": [""a {@item backpack|phb}"", ""a {@item book|phb} of lore"", ""a {@item Ink (1-ounce bottle)|phb|bottle of ink}"", ""an {@item ink pen|phb}"", ""10 {@item Parchment (one sheet)|phb|sheets of parchment}"", ""a little bag of sand"", ""a small knife.""]}]",,,,
Scimitar of Speed,DMG,M,False,very rare,3,,true,"[""You gain a +2 bonus to attack and damage rolls made with this magic weapon. In addition, you can make one attack with it as a bonus action on each of your turns.""]","[""F"", ""L""]",1d6,S,
Sealing Wax,PHB,G,False,none,,50,,,,,,
Serpent Venom,DMG,G,False,none,,20000,,"[""This poison must be harvested from a dead or {@condition incapacitated} {@creature giant poisonous snake}. A creature subjected to this poison must succeed on a {@dc 11} Constitution saving throw, taking 10 ({@damage 3d6}) poison damage on a failed save, or half as much damage on a successful one.""]",,,,
Sheep,PHB,TG,False,none,,200,,,,,,
Shield of Missile Attraction,DMG,S,False,rare,6,,true,"[""While holding this shield, you have resistance to damage from ranged weapon attacks."", {""type"": ""entries"", ""name"": ""Curse"", ""entries"": [""This shield is cursed. Attuning to it curses you until you are targeted by the {@spell remove curse} spell or similar magic. Removing the shield fails to end the curse on you. Whenever a ranged weapon attack is made against a target within 10 feet of you, the curse causes you to become the target instead.""]}]",,,,2
Shovel,PHB,G,False,none,5,200,,,,,,
Signal Whistle,PHB,G,False,none,,5,,,,,,
Signet Ring,PHB,G,False,none,,500,,,,,,
Silk (1 sq. yd.),PHB,TG,False,none,,1000,,,,,,
Silk Rope (50 feet),PHB,G,False,none,5,1000,,"[""Rope, whether made of hemp or silk, has 2 hit points and can be burst with a {@dc 17} Strength check.""]",,,,
Silver,PHB,TG,False,none,1,500,,,,,,
Silver Dragon Scale Mail,DMG,MA,False,very rare,45,,true,"[""Dragon scale mail is made of the scales of one kind of dragon. Sometimes dragons collect their cast-off scales and gift them to humanoids. Other times, hunters carefully skin and preserve the hide of a dead dragon. In either case, dragon scale mail is highly valued. While wearing this armor, you gain a +1 bonus to AC, you have advantage on saving throws against the Frightful Presence and breath weapons of dragons, and you have resistance to cold damage."", ""Additionally, you can focus your senses as an action to magically discern the distance and direction to the closest silver dragon within 30 miles of you. This special action can't be used again until the next dawn.""]",,,,14
Sled,PHB,VEH,False,none,300,2000,,,,,,
Sledgehammer,PHB,G,False,none,10,200,,,,,,
Slippers of Spider Climbing,DMG,,False,uncommon,,,true,"[""While you wear these light shoes, you can move up, down, and across vertical surfaces and upside down along ceilings, while leaving your hands free. You have a climbing speed equal to your walking speed. However, the slippers don't allow you to move this way on a slippery surface, such as one covered by ice or oil.""]",,,,
Soap,PHB,G,False,none,,2,,,,,,
Sovereign Glue,DMG,,False,legendary,,,,"[""This viscous, milky-white substance can form a permanent adhesive bond between any two objects. It must be stored in a jar or flask that has been coated inside with {@item oil of slipperiness}. When found, a container contains {@dice 1d6 + 1} ounces."", ""One ounce of the glue can cover a 1-foot square surface. The glue takes 1 minute to set. Once it has done so, the bond it creates can be broken only by the application of {@item universal solvent} or {@item oil of etherealness}, or with a {@spell wish} spell.""]",,,,
Spell Scroll (1st Level),DMG,SC|DMG,False,common,,,,"[""A spell scroll bears the words of a single spell, written as a mystical cipher. If the spell is on your class's spell list, you can read the scroll and cast its spell without providing any material components. Otherwise, the scroll is unintelligible. Casting the spell by reading the scroll requires the spell's normal casting time. Once the spell is cast, the words on the scroll fade, and it crumbles to dust. If the casting is interrupted, the scroll is not lost."", ""If the spell is on your class's spell list but of a higher level than you can normally cast, you must make an ability check using your spellcasting ability to determine whether you cast it successfully. The DC is 11. On a failed check, the spell disappears from the scroll with no other effect."", ""Once the spell is cast, the words on the scroll fade, and the scroll itself crumbles to dust."", ""A spell cast from this scroll has a save DC of 13 and an attack bonus of {@hit 5}."", ""A wizard spell on a spell scroll can be copied just as spells in spellbooks can be copied. When a spell is copied from a spell scroll, the copier must succeed on a {@dc 11} Intelligence ({@skill Arcana}) check. If the check succeeds, the spell is successfully copied. Whether the check succeeds or fails, the spell scroll is destroyed.""]",,,,
Spell Scroll (2nd Level),DMG,SC|DMG,False,uncommon,,,,"[""A spell scroll bears the words of a single spell, written as a mystical cipher. If the spell is on your class's spell list, you can read the scroll and cast its spell without providing any material components. Otherwise, the scroll is unintelligible. Casting the spell by reading the scroll requires the spell's normal casting time. Once the spell is cast, the words on the scroll fade, and it crumbles to dust. If the casting is interrupted, the scroll is not lost."", ""If the spell is on your class's spell list but of a higher level than you can normally cast, you must make an ability check using your spellcasting ability to determine whether you cast it successfully. The DC is 12. On a failed check, the spell disappears from the scroll with no other effect."", ""Once the spell is cast, the words on the scroll fade, and the scroll itself crumbles to dust."", ""A spell cast from this scroll has a save DC of 13 and an attack bonus of {@hit 5}."", ""A wizard spell on a spell scroll can be copied just as spells in spellbooks can be copied. When a spell is copied from a spell scroll, the copier must succeed on a {@dc 12} Intelligence ({@skill Arcana}) check. If the check succeeds, the spell is successfully copied. Whether the check succeeds or fails, the spell scroll is destroyed.""]",,,,
Spell Scroll (3rd Level),DMG,SC|DMG,False,uncommon,,,,"[""A spell scroll bears the words of a single spell, written as a mystical cipher. If the spell is on your class's spell list, you can read the scroll and cast its spell without providing any material components. Otherwise, the scroll is unintelligible. Casting the spell by reading the scroll requires the spell's normal casting time. Once the spell is cast, the words on the scroll fade, and it crumbles to dust. If the casting is interrupted, the scroll is not lost."", ""If the spell is on your class's spell list but of a higher level than you can normally cast, you must make an ability check using your spellcasting ability to determine whether you cast it successfully. The DC is 13. On a failed check, the spell disappears from the scroll with no other effect."", ""Once the spell is cast, the words on the scroll fade, and the scroll itself crumbles to dust."", ""A spell cast from this scroll has a save DC of 15 and an attack bonus of {@hit 7}."", ""A wizard spell on a spell scroll can be copied just as spells in spellbooks can be copied. When a spell is copied from a spell scroll, the copier must succeed on a {@dc 13} Intelligence ({@skill Arcana}) check. If the check succeeds, the spell is successfully copied. Whether the check succeeds or fails, the spell scroll is destroyed.""]",,,,
Spell Scroll (4th Level),DMG,SC|DMG,False,rare,,,,"[""A spell scroll bears the words of a single spell, written as a mystical cipher. If the spell is on your class's spell list, you can read the scroll and cast its spell without providing any material components. Otherwise, the scroll is unintelligible. Casting the spell by reading the scroll requires the spell's normal casting time. Once the spell is cast, the words on the scroll fade, and it crumbles to dust. If the casting is interrupted, the scroll is not lost."", ""If the spell is on your class's spell list but of a higher level than you can normally cast, you must make an ability check using your spellcasting ability to determine whether you cast it successfully. The DC is 14. On a failed check, the spell disappears from the scroll with no other effect."", ""Once the spell is cast, the words on the scroll fade, and the scroll itself crumbles to dust."", ""A spell cast from this scroll has a save DC of 15 and an attack bonus of {@hit 7}."", ""A wizard spell on a spell scroll can be copied just as spells in spellbooks can be copied. When a spell is copied from a spell scroll, the copier must succeed on a {@dc 14} Intelligence ({@skill Arcana}) check. If the check succeeds, the spell is successfully copied. Whether the check succeeds or fails, the spell scroll is destroyed.""]",,,,
Spell Scroll (5th Level),DMG,SC|DMG,False,rare,,,,"[""A spell scroll bears the words of a single spell, written as a mystical cipher. If the spell is on your class's spell list, you can read the scroll and cast its spell without providing any material components. Otherwise, the scroll is unintelligible. Casting the spell by reading the scroll requires the spell's normal casting time. Once the spell is cast, the words on the scroll fade, and it crumbles to dust. If the casting is interrupted, the scroll is not lost."", ""If the spell is on your class's spell list but of a higher level than you can normally cast, you must make an ability check using your spellcasting ability to determine whether you cast it successfully. The DC is 15. On a failed check, the spell disappears from the scroll with no other effect."", ""Once the spell is cast, the words on the scroll fade, and the scroll itself crumbles to dust."", ""A spell cast from this scroll has a save DC of 17 and an attack bonus of {@hit 9}."", ""A wizard spell on a spell scroll can be copied just as spells in spellbooks can be copied. When a spell is copied from a spell scroll, the copier must succeed on a {@dc 15} Intelligence ({@skill Arcana}) check. If the check succeeds, the spell is successfully copied. Whether the check succeeds or fails, the spell scroll is destroyed.""]",,,,
Spell Scroll (6th Level),DMG,SC|DMG,False,very rare,,,,"[""A spell scroll bears the words of a single spell, written as a mystical cipher. If the spell is on your class's spell list, you can read the scroll and cast its spell without providing any material components. Otherwise, the scroll is unintelligible. Casting the spell by reading the scroll requires the spell's normal casting time. Once the spell is cast, the words on the scroll fade, and it crumbles to dust. If the casting is interrupted, the scroll is not lost."", ""If the spell is on your class's spell list but of a higher level than you can normally cast, you must make an ability check using your spellcasting ability to determine whether you cast it successfully. The DC is 16. On a failed check, the spell disappears from the scroll with no other effect."", ""Once the spell is cast, the words on the scroll fade, and the scroll itself crumbles to dust."", ""A spell cast from this scroll has a save DC of 17 and an attack bonus of {@hit 9}."", ""A wizard spell on a spell scroll can be copied just as spells in spellbooks can be copied. When a spell is copied from a spell scroll, the copier must succeed on a {@dc 16} Intelligence ({@skill Arcana}) check. If the check succeeds, the spell is successfully copied. Whether the check succeeds or fails, the spell scroll is destroyed.""]",,,,
Spell Scroll (7th Level),DMG,SC|DMG,False,very rare,,,,"[""A spell scroll bears the words of a single spell, written as a mystical cipher. If the spell is on your class's spell list, you can read the scroll and cast its spell without providing any material components. Otherwise, the scroll is unintelligible. Casting the spell by reading the scroll requires the spell's normal casting time. Once the spell is cast, the words on the scroll fade, and it crumbles to dust. If the casting is interrupted, the scroll is not lost."", ""If the spell is on your class's spell list but of a higher level than you can normally cast, you must make an ability check using your spellcasting ability to determine whether you cast it successfully. The DC is 17. On a failed check, the spell disappears from the scroll with no other effect."", ""Once the spell is cast, the words on the scroll fade, and the scroll itself crumbles to dust."", ""A spell cast from this scroll has a save DC of 18 and an attack bonus of {@hit 10}."", ""A wizard spell on a spell scroll can be copied just as spells in spellbooks can be copied. When a spell is copied from a spell scroll, the copier must succeed on a {@dc 17} Intelligence ({@skill Arcana}) check. If the check succeeds, the spell is successfully copied. Whether the check succeeds or fails, the spell scroll is destroyed.""]",,,,
Spell Scroll (8th Level),DMG,SC|DMG,False,very rare,,,,"[""A spell scroll bears the words of a single spell, written as a mystical cipher. If the spell is on your class's spell list, you can read the scroll and cast its spell without providing any material components. Otherwise, the scroll is unintelligible. Casting the spell by reading the scroll requires the spell's normal casting time. Once the spell is cast, the words on the scroll fade, and it crumbles to dust. If the casting is interrupted, the scroll is not lost."", ""If the spell is on your class's spell list but of a higher level than you can normally cast, you must make an ability check using your spellcasting ability to determine whether you cast it successfully. The DC is 18. On a failed check, the spell disappears from the scroll with no other effect."", ""Once the spell is cast, the words on the scroll fade, and the scroll itself crumbles to dust."", ""A spell cast from this scroll has a save DC of 18 and an attack bonus of {@hit 10}."", ""A wizard spell on a spell scroll can be copied just as spells in spellbooks can be copied. When a spell is copied from a spell scroll, the copier must succeed on a {@dc 18} Intelligence ({@skill Arcana}) check. If the check succeeds, the spell is successfully copied. Whether the check succeeds or fails, the spell scroll is destroyed.""]",,,,
Spell Scroll (9th Level),DMG,SC|DMG,False,legendary,,,,"[""A spell scroll bears the words of a single spell, written as a mystical cipher. If the spell is on your class's spell list, you can read the scroll and cast its spell without providing any material components. Otherwise, the scroll is unintelligible. Casting the spell by reading the scroll requires the spell's normal casting time. Once the spell is cast, the words on the scroll fade, and it crumbles to dust. If the casting is interrupted, the scroll is not lost."", ""If the spell is on your class's spell list but of a higher level than you can normally cast, you must make an ability check using your spellcasting ability to determine whether you cast it successfully. The DC is 19. On a failed check, the spell disappears from the scroll with no other effect."", ""Once the spell is cast, the words on the scroll fade, and the scroll itself crumbles to dust."", ""A spell cast from this scroll has a save DC of 19 and an attack bonus of {@hit 11}."", ""A wizard spell on a spell scroll can be copied just as spells in spellbooks can be copied. When a spell is copied from a spell scroll, the copier must succeed on a {@dc 19} Intelligence ({@skill Arcana}) check. If the check succeeds, the spell is successfully copied. Whether the check succeeds or fails, the spell scroll is destroyed.""]",,,,
Spell Scroll (Cantrip),DMG,SC|DMG,False,common,,,,"[""A spell scroll bears the words of a single spell, written as a mystical cipher. If the spell is on your class's spell list, you can read the scroll and cast its spell without providing any material components. Otherwise, the scroll is unintelligible. Casting the spell by reading the scroll requires the spell's normal casting time. Once the spell is cast, the words on the scroll fade, and it crumbles to dust. If the casting is interrupted, the scroll is not lost."", ""If the spell is on your class's spell list but of a higher level than you can normally cast, you must make an ability check using your spellcasting ability to determine whether you cast it successfully. The DC is 10. On a failed check, the spell disappears from the scroll with no other effect."", ""Once the spell is cast, the words on the scroll fade, and the scroll itself crumbles to dust."", ""A spell cast from this scroll has a save DC of 13 and an attack bonus of {@hit 5}.""]",,,,
Spellbook,PHB,G,False,none,3,5000,,"[""Essential for wizards, a spellbook is a leather-bound tome with 100 blank vellum pages suitable for recording spells.""]",,,,
Spellguard Shield,DMG,S,False,very rare,6,,true,"[""While holding this shield, you have advantage on saving throws against spells and other magical effects, and spell attacks have disadvantage against you.""]",,,,2
Sphere of Annihilation,DMG,,False,legendary,,,,"[""This 2-foot-diameter black sphere is a hole in the multiverse, hovering in space and stabilized by a magical field surrounding it."", ""The sphere obliterates all matter it passes through and all matter that passes through it. Artifacts are the exception. Unless an artifact is susceptible to damage from a sphere of annihilation, it passes through the sphere unscathed. Anything else that touches the sphere but isn't wholly engulfed and obliterated by it takes {@damage 4d10} force damage."", ""The sphere is stationary until someone controls it. If you are within 60 feet of an uncontrolled sphere, you can use an action to make a {@dc 25} Intelligence ({@skill Arcana}) check. On a success, the sphere levitates in one direction of your choice, up to a number of feet equal to 5 × your Intelligence modifier (minimum 5 feet). On a failure, the sphere moves 10 feet toward you. A creature whose space the sphere enters must succeed on a {@dc 13} Dexterity saving throw or be touched by it, taking {@damage 4d10} force damage."", ""If you attempt to control a sphere that is under another creature's control, you make an Intelligence ({@skill Arcana}) check contested by the other creature's Intelligence ({@skill Arcana}) check. The winner of the contest gains control of the sphere and can levitate it as normal."", ""If the sphere comes into contact with a planar portal, such as that created by the {@spell gate} spell, or an extradimensional space, such as that within a {@item portable hole}, the DM determines randomly what happens, using the following table."", {""type"": ""table"", ""colLabels"": [""{@dice d100}"", ""Result""], ""colStyles"": [""col-1 text-center"", ""col-11""], ""rows"": [[""01-50"", ""The sphere is destroyed.""], [""51-85"", ""The sphere moves through the portal or into the extradimensional space.""], [""86-00"", ""A spatial rift sends each creature and object within 180 feet of the sphere, including the sphere, to a random plane of existence.""]]}]",,,,
Sprig of Mistletoe,PHB,SCF,False,none,,100,,,,,,
Spyglass,PHB,G,False,none,1,100000,,"[""Objects viewed through a spyglass are magnified to twice their size.""]",,,,
Stabling (per day),PHB,TAH,False,none,,50,,,,,,
Staff of Charming,DMG,,False,rare,4,,"by a bard, cleric, druid, sorcerer, warlock, or wizard","[""While holding this staff, you can use an action to expend 1 of its 10 charges to cast {@spell charm person}, {@spell command}, or {@spell comprehend languages} from it using your spell save DC. The staff can also be used as a magic quarterstaff."", ""If you are holding the staff and fail a saving throw against an enchantment spell that targets only you, you can turn your failed save into a successful one. You can't use this property of the staff again until the next dawn. If you succeed on a save against an enchantment spell that targets only you, with or without the staff's intervention, you can use your reaction to expend 1 charge from the staff and turn the spell back on its caster as if you had cast the spell."", ""The staff regains {@dice 1d8 + 2} expended charges daily at dawn. If you expend the last charge, roll a {@dice d20}. On a 1, the staff becomes a nonmagical quarterstaff.""]","[""V""]",1d6,B,
Staff of Fire,DMG,,False,very rare,4,,"by a druid, sorcerer, warlock, or wizard","[""You have resistance to fire damage while you hold this staff."", ""The staff has 10 charges. While holding it, you can use an action to expend 1 or more of its charges to cast one of the following spells from it, using your spell save DC: {@spell burning hands} (1 charge), {@spell fireball} (3 charges), or {@spell wall of fire} (4 charges)."", ""The staff regains {@dice 1d6 + 4} expended charges daily at dawn. If you expend the last charge, roll a {@dice d20}. On a 1, the staff blackens, crumbles into cinders, and is destroyed.""]","[""V""]",1d6,B,
Staff of Frost,DMG,,False,very rare,4,,"by a druid, sorcerer, warlock, or wizard","[""You have resistance to cold damage while you hold this staff."", ""The staff has 10 charges. While holding it, you can use an action to expend 1 or more of its charges to cast one of the following spells from it, using your spell save DC: {@spell cone of cold} (5 charges), {@spell fog cloud} (1 charge), {@spell ice storm} (4 charges), or {@spell wall of ice} (4 charges)."", ""The staff regains {@dice 1d6 + 4} expended charges daily at dawn. If you expend the last charge, roll a {@dice d20}. On a 1. the staff turns to water and is destroyed.""]","[""V""]",1d6,B,
Staff of Healing,DMG,,False,rare,4,,"by a bard, cleric, or druid","[""This staff has 10 charges. While holding it, you can use an action to expend 1 or more of its charges to cast one of the following spells from it, using your spell save DC and spellcasting ability modifier: {@spell cure wounds} (1 charge per spell level, up to 4th), {@spell lesser restoration} (2 charges). or {@spell mass cure wounds} (5 charges)."", ""The staff regains {@dice 1d6 + 4} expended charges daily at dawn. If you expend the last charge, roll a {@dice d20}. On a 1. the staff vanishes in a flash of light, lost forever.""]","[""V""]",1d6,B,
Staff of Power,DMG,,False,very rare,4,,"by a sorcerer, warlock, or wizard","[""This staff can be wielded as a magic quarterstaff that grants a +2 bonus to attack and damage rolls made with it. While holding it, you gain a +2 bonus to Armor Class, saving throws, and spell attack rolls."", ""The staff has 20 charges for the following properties. The staff regains {@dice 2d8 + 4} expended charges daily at dawn. If you expend the last charge, roll a {@dice d20}. On a 1, the staff retains its +2 bonus to attack and damage roll but loses all other properties. On a 20, the staff regain {@dice 1d8 + 2} charges."", {""name"": ""Power Strike"", ""type"": ""entries"", ""entries"": [""When you hit with a melee attack using the staff, you can expend 1 charge to deal an extra {@damage 1d6} force damage to the target.""]}, {""type"": ""entries"", ""name"": ""Spells"", ""entries"": [""While holding this staff, you can use an action to expend 1 or more of its charges to cast one of the following spells from it, using your spell save DC and spell attack bonus: {@spell cone of cold} (5 charges), {@spell fireball} (5th-level version, 5 charges), {@spell globe of invulnerability} (6 charges), {@spell hold monster} (5 charges), {@spell levitate} (2 charges), {@spell lightning bolt} (5th-level version, 5 charges), {@spell magic missile} (1 charge), {@spell ray of enfeeblement} (1 charge), or {@spell wall of force} (5 charges).""]}, {""name"": ""Retributive Strike"", ""type"": ""entries"", ""entries"": [""You can use an action to break the staff over your knee or against a solid surface, performing a retributive strike. The staff is destroyed and releases its remaining magic in an explosion that expands to fill a 30-foot-radius sphere centered on it."", ""You have a {@chance 50} chance to instantly travel to a random plane of existence, avoiding the explosion. If you fail to avoid the effect, you take force damage equal to 16 × the number of charges in the staff. Every other creature in the area must make a {@dc 17} Dexterity saving throw. On a failed save, a creature takes an amount of damage based on how far away it is from the point of origin, as shown in the following table. On a successful save, a creature takes half as much damage."", {""type"": ""table"", ""colLabels"": [""Distance from Origin"", ""Effect""], ""colStyles"": [""col-3"", ""col-9""], ""rows"": [[""10 ft. away or closer"", ""8 × the number of charges in the staff""], [""11 to 20 ft. away"", ""6 × the number of charges in the staff""], [""21 to 30 ft. away"", ""4 × the number of charges in the staff""]]}]}]","[""V""]",1d6,B,
Staff of Striking,DMG,,False,very rare,4,,true,"[""This staff can be wielded as a magic quarterstaff that grants a +3 bonus to attack and damage rolls made with it."", ""The staff has 10 charges. When you hit with a melee attack using it, you can expend up to 3 of its charges. For each charge you expend, the target takes an extra {@damage 1d6} force damage. The staff regains {@dice 1d6 + 4} expended charges daily at dawn. If you expend the last charge, roll a {@dice d20}. On a 1, the staff becomes a nonmagical quarterstaff.""]","[""V""]",1d6,B,
Staff of Swarming Insects,DMG,,False,rare,4,,"by a bard, cleric, druid, sorcerer, warlock, or wizard","[""This staff has 10 charges and regains {@dice 1d6 + 4} expended charges daily at dawn. If you expend the last charge, roll a {@dice d20}. On a 1, a {@creature swarm of insects} consumes and destroys the staff, then disperses."", {""name"": ""Spells"", ""type"": ""entries"", ""entries"": [""While holding the staff, you can use an action to expend some of its charges to cast one of the following spells from it, using your spell save DC: {@spell giant insect} (4 charges) or {@spell insect plague} (5 charges).""]}, {""name"": ""Insect Cloud"", ""type"": ""entries"", ""entries"": [""While holding the staff, you can use an action and expend 1 charge to cause a swarm of harmless flying insects to spread out in a 30-foot radius from you. The insects remain for 10 minutes, making the area heavily obscured for creatures other than you. The swarm moves with you, remaining centered on you. A wind of at least 10 miles per hour disperses the swarm and ends the effect.""]}]","[""V""]",1d6,B,
Staff of the Magi,DMG,,False,legendary,4,,"by a sorcerer, warlock, or wizard","[""This staff can be wielded as a magic quarterstaff that grants a +2 bonus to attack and damage rolls made with it. While you hold it, you gain a +2 bonus to spell attack rolls."", ""The staff has 50 charges for the following properties. It regains {@dice 4d6 + 2} expended charges daily at dawn. If you expend the last charge, roll a {@dice d20}. On a 20, the staff regains {@dice 1d12 + 1} charges."", {""name"": ""Spell Absorption"", ""type"": ""entries"", ""entries"": [""While holding the staff, you have advantage on saving throws against spells. In addition, you can use your reaction when another creature casts a spell that targets only you. If you do, the staff absorbs the magic of the spell, canceling its effect and gaining a number of charges equal to the absorbed spell's level. However, if doing so brings the staff's total number of charges above 50, the staff explodes as if you activated its retributive strike (see below).""]}, {""name"": ""Spells"", ""type"": ""entries"", ""entries"": [""While holding the staff, you can use an action to expend some of its charges to cast one of the following spells from it, using your spell save DC and spellcasting ability: {@spell conjure elemental} (7 charges), {@spell dispel magic} (3 charges), {@spell fireball} (7th-level version, 7 charges), {@spell flaming sphere} (2 charges), {@spell ice storm} (4 charges), {@spell invisibility} (2 charges), {@spell knock} (2 charges), {@spell lightning bolt} (7th-level version, 7 charges), {@spell passwall} (5 charges), {@spell plane shift} (7 charges), {@spell telekinesis} (5 charges), {@spell wall of fire} (4 charges), or {@spell web} (2 charges)."", ""You can also use an action to cast one of the following spells from the staff without using any charges: {@spell arcane lock}, {@spell detect magic}, {@spell enlarge/reduce}, {@spell light}, {@spell mage hand}, or {@spell protection from evil and good}.""]}, {""name"": ""Retributive Strike"", ""type"": ""entries"", ""entries"": [""You can use an action to break the staff over your knee or against a solid surface, performing a retributive strike. The staff is destroyed and releases its remaining magic in an explosion that expands to fill a 30-foot-radius sphere centered on it."", ""You have a {@chance 50} chance to instantly travel to a random plane of existence, avoiding the explosion. If you fail to avoid the effect, you take force damage equal to 16 × the number of charges in the staff. Every other creature in the area must make a {@dc 17} Dexterity saving throw. On a failed save, a creature takes an amount of damage based on how far away it is from the point of origin, as shown in the following table. On a successful save, a creature takes half as much damage.""]}, {""type"": ""table"", ""colLabels"": [""Distance from Origin"", ""Damage""], ""colStyles"": [""col-3"", ""col-9""], ""rows"": [[""10 ft. away or closer"", ""8 × the number of charges in the staff""], [""11 to 20 ft. away"", ""6 × the number of charges in the staff""], [""21 to 30 ft. away"", ""4 × the number of charges in the staff""]]}]","[""V""]",1d6,B,
Staff of the Python,DMG,,False,uncommon,4,,"by a cleric, druid, or warlock","[""You can use an action to speak this staff's command word and throw the staff on the ground within 10 feet of you. The staff becomes a {@creature giant constrictor snake} under your control and acts on its own initiative count. By using a bonus action to speak the command word again, you return the staff to its normal form in a space formerly occupied by the snake."", ""On your turn, you can mentally command the snake if it is within 60 feet of you and you aren't {@condition incapacitated}. You decide what action the snake takes and where it moves during its next turn, or you can issue it a general command, such as to attack your enemies or guard a location."", ""If the snake is reduced to 0 hit points, it dies and reverts to its staff form. The staff then shatters and is destroyed. If the snake reverts to staff form before losing all its hit points, it regains all of them.""]","[""V""]",1d6,B,
Staff of the Woodlands,DMG,,False,rare,4,,by a druid,"[""This staff can be wielded as a magic quarterstaff that grants a +2 bonus to attack and damage rolls made with it. While holding it, you have a +2 bonus to spell attack rolls."", ""The staff has 10 charges for the following properties. It regains {@dice 1d6 + 4} expended charges daily at dawn. If you expend the last charge, roll a {@dice d20}. On a 1, the staff loses its properties and becomes a nonmagical quarterstaff."", {""type"": ""entries"", ""name"": ""Spells"", ""entries"": [""You can use an action to expend 1 or more of the staff's charges to cast one of the following spells from it, using your spell save DC: {@spell animal friendship} (1 charge), {@spell awaken} (5 charges), {@spell barkskin} (2 charges), {@spell locate animals or plants} (2 charges), {@spell speak with animals} (1 charge), {@spell speak with plants} (3 charges), or {@spell wall of thorns} (6 charges)."", ""You can also use an action to cast the {@spell pass without trace} spell from the staff without using any charges.""]}, {""type"": ""entries"", ""name"": ""Tree Form"", ""entries"": [""You can use an action to plant one end of the staff in fertile earth and expend 1 charge to transform the staff into a healthy tree. The tree is 60 feet tall and has a 5-foot-diameter trunk, and its branches at the top spread out in a 20-foot radius. The tree appears ordinary but radiates a faint aura of transmutation magic if targeted by {@spell detect magic}. While touching the tree and using another action to speak its command word, you return the staff to its normal form. Any creature in the tree falls when it reverts to a staff.""]}]","[""V""]",1d6,B,
Staff of Thunder and Lightning,DMG,,False,very rare,4,,true,"[""This staff can be wielded as a magic quarterstaff that grants a +2 bonus to attack and damage rolls made with it. It also has the following additional properties. When one of these properties is used, it can't be used again until the next dawn."", {""type"": ""entries"", ""name"": ""Lightning"", ""entries"": [""When you hit with a melee attack using the staff, you can cause the target to take an extra {@damage 2d6} lightning damage.""]}, {""type"": ""entries"", ""name"": ""Thunder"", ""entries"": [""When you hit with a melee attack using the staff, you can cause the staff to emit a crack of thunder, audible out to 300 feet. The target you hit must succeed on a {@dc 17} Constitution saving throw or become {@condition stunned} until the end of your next turn.""]}, {""type"": ""entries"", ""name"": ""Lightning Strike"", ""entries"": [""You can use an action to cause a bolt of lightning to leap from the staff's tip in a line that is 5 feet wide and 120 feet long. Each creature in that line must make a {@dc 17} Dexterity saving throw, taking {@damage 9d6} lightning damage on a failed save, or half as much damage on a successful one.""]}, {""type"": ""entries"", ""name"": ""Thunderclap"", ""entries"": [""You can use an action to cause the staff to issue a deafening thunderclap, audible out to 600 feet. Each creature within 60 feet of you (not including you) must make a {@dc 17} Constitution saving throw. On a failed save, a creature takes {@damage 2d6} thunder damage and becomes {@condition deafened} for 1 minute. On a successful save, a creature takes half damage and isn't {@condition deafened}.""]}, {""type"": ""entries"", ""name"": ""Thunder and Lightning"", ""entries"": [""You can use an action to use the Lightning Strike and Thunderclap properties at the same time. Doing so doesn't expend the daily use of those properties, only the use of this one.""]}]","[""V""]",1d6,B,
Staff of Withering,DMG,,False,rare,4,,"by a cleric, druid, or warlock","[""This staff has 3 charges and regains {@dice 1d3} expended charges daily at dawn."", ""The staff can be wielded as a magic quarterstaff. On a hit, it deals damage as a normal quarterstaff, and you can expend 1 charge to deal an extra {@damage 2d10} necrotic damage to the target. In addition, the target must succeed on a {@dc 15} Constitution saving throw or have disadvantage for 1 hour on any ability check or saving throw that uses Strength or Constitution.""]","[""V""]",1d6,B,
Steel Mirror,PHB,G,False,none,0.5,500,,,,,,
Stone of Controlling Earth Elementals,DMG,,False,rare,5,,,"[""If the stone is touching the ground, you can use an action to speak its command word and summon an {@creature earth elemental}, as if you had cast the {@spell conjure elemental} spell. The stone can't be used this way again until the next dawn. The stone weighs 5 pounds.""]",,,,
Stone of Good Luck,DMG,,False,uncommon,,,true,"[""While this polished agate is on your person, you gain a +1 bonus to ability checks and saving throws.""]",,,,
Sun Blade,DMG,M,False,rare,3,,true,"[""This item appears to be a longsword hilt. While grasping the hilt, you can use a bonus action to cause a blade of pure radiance to spring into existence, or make the blade disappear. While the blade exists, this magic longsword has the finesse property. If you are proficient with {@item shortsword|phb|shortswords} or {@item longsword|phb|longswords}, you are proficient with the sun blade."", ""You gain a +2 bonus to attack and damage rolls made with this weapon, which deals radiant damage instead of slashing damage. When you hit an undead with it, that target takes an extra {@damage 1d8} radiant damage."", ""The sword's luminous blade emits bright light in a 15-foot radius and dim light for an additional 15 feet. The light is sunlight. While the blade persists, you can use an action to expand or reduce its radius of bright and dim light by 5 feet each, to a maximum of 30 feet each or a minimum of 10 feet each.""]","[""F"", ""V""]",1d8,R,
Talisman of Pure Good,DMG,,False,legendary,1,,by a creature of good alignment,"[""This talisman is a mighty symbol of goodness. A creature that is neither good nor evil in alignment takes {@damage 6d6} radiant damage upon touching the talisman. An evil creature takes {@damage 8d6} radiant damage upon touching the talisman. Either sort of creature takes the damage again each time it ends its turn holding or carrying the talisman."", ""If you are a good cleric or paladin, you can use the talisman as a holy symbol, and you gain a +2 bonus to spell attack rolls while you wear or hold it."", ""The talisman has 7 charges. If you are wearing or holding it, you can use an action to expend 1 charge from it and choose one creature you can see on the ground within 120 feet of you. If the target is of evil alignment, a flaming fissure opens under it. The target must succeed on a {@dc 20} Dexterity saving throw or fall into the fissure and be destroyed, leaving no remains. The fissure then closes, leaving no trace of its existence. When you expend the last charge, the talisman disperses into motes of golden light and is destroyed.""]",,,,
Talisman of the Sphere,DMG,,False,legendary,1,,true,"[""When you make an Intelligence ({@skill Arcana}) check to control a {@item sphere of annihilation} while you are holding this talisman, you double your proficiency bonus on the check. In addition, when you start your turn with control over a {@item sphere of annihilation}, you can use an action to levitate it 10 feet plus a number of additional feet equal to 10 × your Intelligence modifier.""]",,,,
Talisman of Ultimate Evil,DMG,,False,legendary,1,,by a creature of evil alignment,"[""This item symbolizes unrepentant evil. A creature that is neither good nor evil in alignment takes {@damage 6d6} necrotic damage upon touching the talisman. A good creature takes {@damage 8d6} necrotic damage upon touching the talisman. Either sort of creature takes the damage again each time it ends its turn holding or carrying the talisman."", ""If you are an evil cleric or paladin, you can use the talisman as a holy symbol, and you gain a +2 bonus to spell attack rolls while you wear or hold it."", ""The talisman has 6 charges. If you are wearing or holding it, you can use an action to expend 1 charge from the talisman and choose one creature you can see on the ground within 120 feet of you. If the target is of good alignment, a flaming fissure opens under it. The target must succeed on a {@dc 20} Dexterity saving throw or fall into the fissure and be destroyed, leaving no remains. The fissure then closes, leaving no trace of its existence. When you expend the last charge, the talisman dissolves into foul-smelling slime and is destroyed.""]",,,,
Tankard,PHB,G,False,none,1,2,,"[""A tankard holds 1 pint of liquid.""]",,,,
Thieves' Tools,PHB,T,False,none,1,2500,,"[""This set of tools includes a small file, a set of lock picks, a small mirror mounted on a metal handle, a set of narrow-bladed scissors, and a pair of pliers. Proficiency with these tools lets you add your proficiency bonus to any ability checks you make to disarm traps or open locks.""]",,,,
Tinderbox,PHB,G,False,none,1,50,,"[""This small container holds flint, fire steel, and tinder (usually dry cloth soaked in light oil) used to kindle a fire. Using it to light a torch—or anything else with abundant, exposed fuel—takes an action. Lighting any other fire takes 1 minute.""]",,,,
Tome of Clear Thought,DMG,,False,very rare,5,,,"[""This book contains memory and logic exercises, and its words are charged with magic. If you spend 48 hours over a period of 6 days or fewer studying the book's contents and practicing its guidelines, your Intelligence score increases by 2, as does your maximum for that score. The manual then loses its magic, but regains it in a century.""]",,,,
Tome of Leadership and Influence,DMG,,False,very rare,5,,,"[""This book contains guidelines for influencing and charming others, and its words are charged with magic. If you spend 48 hours over a period of 6 days or fewer studying the book's contents and practicing its guidelines, your Charisma score increases by 2, as does your maximum for that score. The manual then loses its magic, but regains it in a century.""]",,,,
Tome of Understanding,DMG,,False,very rare,5,,,"[""This book contains intuition and insight exercises, and its words are charged with magic. If you spend 48 hours over a period of 6 days or fewer studying the book's contents and practicing its guidelines, your Wisdom score increases by 2, as does your maximum for that score. The manual then loses its magic, but regains it in a century.""]",,,,
Torch,PHB,G,False,none,1,1,,"[""A torch burns for 1 hour, providing bright light in a 20-foot radius and dim light for an additional 20 feet. If you make a melee attack with a burning torch and hit, it deals 1 fire damage.""]",,,,
Torpor,DMG,G,False,none,,60000,,"[""A creature subjected to this poison must succeed on a {@dc 15} Constitution saving throw or become {@condition poisoned} for {@dice 4d6} hours. The {@condition poisoned} creature is {@condition incapacitated}.""]",,,,
Totem,PHB,SCF,False,none,,100,,,,,,
Traveler's Clothes,PHB,G,False,none,4,200,,,,,,
Trident of Fish Command,DMG,M,False,uncommon,4,,true,"[""This trident is a magic weapon. It has 3 charges. While you carry it, you can use an action and expend 1 charge to cast {@spell dominate beast} (save {@dc 15}) from it on a beast that has an innate swimming speed. The trident regains {@dice 1d3} expended charges daily at dawn.""]","[""T"", ""V""]",1d6,P,
Truth Serum,DMG,G,False,none,,15000,,"[""A creature subjected to this poison must succeed on a {@dc 11} Constitution saving throw or become {@condition poisoned} for 1 hour. The {@condition poisoned} creature can't knowingly speak a lie, as if under the effect of a {@spell zone of truth} spell.""]",,,,
Two-Person Tent,PHB,G,False,none,20,200,,"[""A simple and portable canvas shelter, a tent sleeps two.""]",,,,
Universal Solvent,DMG,,False,legendary,,,,"[""This tube holds milky liquid with a strong alcohol smell. You can use an action to pour the contents of the tube onto a surface within reach. The liquid instantly dissolves up to 1 square foot of adhesive it touches, including {@item sovereign glue}.""]",,,,
Vial,PHB,G,False,none,,100,,"[""A vial can hold up to 4 ounces of liquid.""]",,,,
Wagon,PHB,VEH,False,none,400,3500,,,,,,
Wand of Binding,DMG,WD|DMG,False,rare,1,,by a spellcaster,"[""This wand has 7 charges for the following properties. It regains {@dice 1d6 + 1} expended charges daily at dawn. If you expend the wand's last charge, roll a {@dice d20}. On a 1, the wand crumbles into ashes and is destroyed."", {""name"": ""Spells"", ""type"": ""entries"", ""entries"": [""While holding the wand, you can use an action to expend some of its charges to cast one of the following spells (save {@dc 17}): {@spell hold monster} (5 charges) or {@spell hold person} (2 charges).""]}, {""name"": ""Assisted Escape"", ""type"": ""entries"", ""entries"": [""While holding the wand, you can use your reaction to expend 1 charge and gain advantage on a saving throw you make to avoid being {@condition paralyzed} or {@condition restrained}, or you can expend 1 charge and gain advantage on any check you make to escape a grapple.""]}]",,,,
Wand of Enemy Detection,DMG,WD|DMG,False,rare,1,,true,"[""This wand has 7 charges. While holding it, you can use an action and expend 1 charge to speak its command word. For the next minute, you know the direction of the nearest creature hostile to you within 60 feet, but not its distance from you. The wand can sense the presence of hostile creatures that are ethereal, {@condition invisible}, disguised, or hidden, as well as those in plain sight. The effect ends if you stop holding the wand."", ""The wand regains {@dice 1d6 + 1} expended charges daily at dawn. If you expend the wand's last charge, roll a {@dice d20}. On a 1, the wand crumbles into ashes and is destroyed.""]",,,,
Wand of Fear,DMG,WD|DMG,False,rare,1,,true,"[""This wand has 7 charges for the following properties. It regains {@dice 1d6 + 1} expended charges daily at dawn. If you expend the wand's last charge, roll a {@dice d20}. On a 1, the wand crumbles into ashes and is destroyed."", {""name"": ""Command"", ""type"": ""entries"", ""entries"": [""While holding the wand, you can use an action to expend 1 charge and command another creature to flee or grovel, as with the {@spell command} spell (save {@dc 15}).""]}, {""name"": ""Cone of Fear"", ""type"": ""entries"", ""entries"": [""While holding the wand, you can use an action to expend 2 charges, causing the wand's tip to emit a 60-foot cone of amber light. Each creature in the cone must succeed on a {@dc 15} Wisdom saving throw or become {@condition frightened} of you for 1 minute. While it is {@condition frightened} in this way, a creature must spend its turns trying to move as far away from you as it can, and it can't willingly move to a space within 30 feet of you. It also can't take reactions. For its action, it can use only the {@action Dash} action or try to escape from an effect that prevent it from moving. If it has nowhere it can move, the creature can use the {@action Dodge} action. At the end of each of its turns, a creature can repeat the saving throw, ending the effect on itself on a success.""]}]",,,,
Wand of Fireballs,DMG,WD|DMG,False,rare,1,,by a spellcaster,"[""This wand has 7 charges. While holding it, you can use an action to expend 1 or more of its charges to cast the {@spell fireball} spell (save {@dc 15}) from it. For 1 charge, you cast the 3rd-level version of the spell. You can increase the spell slot level by one for each additional charge you expend."", ""The wand regains {@dice 1d6 + 1} expended charges daily at dawn. If you expend the wand's last charge, roll a {@dice d20}. On a 1, the wand crumbles into ashes and is destroyed.""]",,,,
Wand of Lightning Bolts,DMG,WD|DMG,False,rare,1,,by a spellcaster,"[""This wand has 7 charges. While holding it, you can use an action to expend 1 or more of its charges to cast the {@spell lightning bolt} spell (save {@dc 15}) from it. For 1 charge, you cast the 3rd-level version of the spell. You can increase the spell slot level by one for each additional charge you expend."", ""The wand regains {@dice 1d6 + 1} expended charges daily at dawn. If you expend the wand's last charge, roll a {@dice d20}. On a 1, the wand crumbles into ashes and is destroyed.""]",,,,
Wand of Magic Detection,DMG,WD|DMG,False,uncommon,1,,,"[""This wand has 3 charges. While holding it, you can expend 1 charge as an action to cast the {@spell detect magic} spell from it. The wand regains {@dice 1d3} expended charges daily at dawn.""]",,,,
Wand of Magic Missiles,DMG,WD|DMG,False,uncommon,1,,,"[""This wand has 7 charges. While holding it, you can use an action to expend 1 or more of its charges to cast the {@spell magic missile} spell from it. For 1 charge, you cast the 1st-level version of the spell. You can increase the spell slot level by one for each additional charge you expend."", ""The wand regains {@dice 1d6 + 1} expended charges daily at dawn. If you expend the wand's last charge, roll a {@dice d20}. On a 1, the wand crumbles into ashes and is destroyed.""]",,,,
Wand of Paralysis,DMG,WD|DMG,False,rare,1,,by a spellcaster,"[""This wand has 7 charges. While holding it, you can use an action to expend 1 of its charges to cause a thin blue ray to streak from the tip toward a creature you can see within 60 feet of you. The target must succeed on a {@dc 15} Constitution saving throw or be {@condition paralyzed} for 1 minute. At the end of each of the target's turns, it can repeat the saving throw, ending the effect on itself on a success."", ""The wand regains {@dice 1d6 + 1} expended charges daily at dawn. If you expend the wand's last charge, roll a {@dice d20}. On a 1, the wand crumbles into ashes and is destroyed.""]",,,,
Wand of Polymorph,DMG,WD|DMG,False,very rare,1,,by a spellcaster,"[""This wand has 7 charges. While holding it, you can use an action to expend 1 of its charges to cast the {@spell polymorph} spell (save {@dc 15}) from it."", ""The wand regains {@dice 1d6 + 1} expended charges daily at dawn. If you expend the wand's last charge, roll a {@dice d20}. On a 1, the wand crumbles into ashes and is destroyed.""]",,,,
Wand of Secrets,DMG,WD|DMG,False,uncommon,1,,,"[""The wand has 3 charges. While holding it, you can use an action to expend 1 of its charges, and if a secret door or trap is within 30 feet of you, the wand pulses and points at the one nearest to you. The wand regains {@dice 1d3} expended charges daily at dawn.""]",,,,
Wand of Web,DMG,WD|DMG,False,uncommon,1,,by a spellcaster,"[""This wand has 7 charges. While holding it, you can use an action to expend 1 of its charges to cast the {@spell web} spell (save {@dc 15}) from it."", ""The wand regains {@dice 1d6 + 1} expended charges daily at dawn. If you expend the wand's last charge, roll a {@dice d20}. On a 1, the wand crumbles into ashes and is destroyed.""]",,,,
Wand of Wonder,DMG,WD|DMG,False,rare,1,,by a spellcaster,"[""This wand has 7 charges. While holding it, you can use an action to expend 1 of its charges and choose a target within 120 feet of you. The target can be a creature, an object, or a point in space. Roll {@dice d100} and consult the following table to discover what happens."", ""If the effect causes you to cast a spell from the wand, the spell's save DC is 15. If the spell normally has a range expressed in feet, its range becomes 120 feet if it isn't already."", ""If an effect covers an area, you must center the spell on and include the target. If an effect has multiple possible subjects, the DM randomly determines which ones are affected."", ""The wand regains {@dice 1d6 + 1} expended charges daily at dawn. If you expend the wand's last charge, roll a {@dice d20}. On a 1, the wand crumbles into dust and is destroyed."", {""type"": ""table"", ""colLabels"": [""{@dice d100}"", ""Effect""], ""colStyles"": [""col-1 text-center"", ""col-11""], ""rows"": [[""01-05"", ""You cast {@spell slow}.""], [""06-10"", ""You cast {@spell faerie fire}.""], [""11-15"", ""You are {@condition stunned} until the start of your next turn, believing something awesome just happened.""], [""16-20"", ""You cast {@spell gust of wind}.""], [""21-25"", ""You cast {@spell detect thoughts} on the target you chose. If you didn't target a creature, you instead take {@damage 1d6} psychic damage.""], [""26-30"", ""You cast {@spell stinking cloud}.""], [""31-33"", ""Heavy rain falls in a 60-foot radius centered on the target. The area becomes lightly obscured. The rain falls until the start of your next turn.""], [""34-36"", ""An animal appears in the unoccupied space nearest the target. The animal isn't under your control and acts as it normally would. Roll a {@dice d100} to determine which animal appears. On a 01-25, a {@creature rhinoceros} appears; on a 26-50, an {@creature elephant} appears; and on a 51-100, a {@creature rat} appears.""], [""37-46"", ""You cast {@spell lightning bolt}.""], [""47-49"", ""A cloud of 600 oversized butterflies fills a 30-foot radius centered on the target. The area becomes heavily obscured. The butterflies remain for 10 minutes.""], [""50-53"", ""You enlarge the target as if you had cast {@spell enlarge/reduce}. If the target can't be affected by that spell or if you didn't target a creature, you become the target.""], [""54-58"", ""You cast {@spell darkness}.""], [""59-62"", ""Grass grows on the ground in a 60-foot radius centered on the target. If grass is already there, it grows to ten times its normal size and remains overgrown for 1 minute.""], [""63-65"", ""An object of the DM's choice disappears into the Ethereal Plane. The object must be neither worn nor carried, within 120 feet of the target, and no larger than 10 feet in any dimension.""], [""66-69"", ""You shrink yourself as if you had cast {@spell enlarge/reduce} on yourself.""], [""70-79"", ""You cast {@spell fireball}.""], [""80-84"", ""You cast {@spell invisibility} on yourself.""], [""85-87"", ""Leaves grow from the target. If you chose a point in space as the target, leaves sprout from the creature nearest to that point. Unless they are picked off, the leaves turn brown and fall off after 24 hours.""], [""88-90"", ""A stream of {@dice 1d4 × 10} gems, each worth 1 gp, shoots from the wand's tip in a line 30 feet long and 5 feet wide. Each gem deals 1 bludgeoning damage, and the total damage of the gems is divided equally among all creatures in the line.""], [""91-95"", ""A burst of colorful shimmering light extends from you in a 30-foot radius. You and each creature in the area that can see must succeed on a {@dc 15} Constitution saving throw or become {@condition blinded} for 1 minute. A creature can repeat the saving throw at the end of each of its turns, ending the effect on itself on a success.""], [""96-97"", ""The target's skin turns bright blue for {@dice 1d10} days. If you chose a point in space, the creature nearest to that point is affected.""], [""98-00"", ""If you targeted a creature, it must make a {@dc 15} Constitution saving throw. If you didn't target a creature, you become the target and must make the saving throw. If the saving throw fails by 5 or more, the target is instantly {@condition petrified}. On any other failed save, the target is {@condition restrained} and begins to turn to stone. While {@condition restrained} in this way, the target must repeat the saving throw at the end of its next turn, becoming {@condition petrified} on a failure or ending the effect on a success. The petrification lasts until the target is freed by the {@spell greater restoration} spell or similar magic.""]], ""data"": {""genTables"": {""tableName"": ""Wand of Wonder Effects"", ""tableInclude"": true, ""reprintedAs"": [""Wand of Wonder Effects|XDMG""]}}}]",,,,
Warhorse,PHB,MNT,False,none,,40000,,,,,,
Warship,DMG,SHP,False,none,,2500000,,,,,,
Waterskin,PHB,G,False,none,5,20,,"[""A waterskin can hold up to 4 pints of liquid.""]",,,,
Well of Many Worlds,DMG,,False,legendary,,,,"[""This fine black cloth, soft as silk, is folded up to the dimensions of a handkerchief. It unfolds into a circular sheet 6 feet in diameter."", ""You can use an action to unfold and place the well of many worlds on a solid surface, whereupon it creates a two-way portal to another world or plane of existence. Each time the item opens a portal, the DM decides where it leads. You can use an action to close an open portal by taking hold of the edges of the cloth and folding it up. Once well of many worlds has opened a portal, it can't do so again for {@dice 1d8} hours.""]",,,,
Wheat,PHB,TG,False,none,1,1,,,,,,
Whetstone,PHB,G,False,none,1,1,,,,,,
White Dragon Scale Mail,DMG,MA,False,very rare,45,,true,"[""Dragon scale mail is made of the scales of one kind of dragon. Sometimes dragons collect their cast-off scales and gift them to humanoids. Other times, hunters carefully skin and preserve the hide of a dead dragon. In either case, dragon scale mail is highly valued. While wearing this armor, you gain a +1 bonus to AC, you have advantage on saving throws against the Frightful Presence and breath weapons of dragons, and you have resistance to cold damage."", ""Additionally, you can focus your senses as an action to magically discern the distance and direction to the closest white dragon within 30 miles of you. This special action can't be used again until the next dawn.""]",,,,14
Wind Fan,DMG,,False,uncommon,,,,"[""While holding this fan, you can use an action to cast the {@spell gust of wind} spell (save {@dc 13}) from it. Once used, the fan shouldn't be used again until the next dawn. Each time it is used again before then, it has a cumulative {@chance 20} chance of not working and tearing into useless, nonmagical tatters.""]",,,,
Winged Boots,DMG,,False,uncommon,,,true,"[""While you wear these boots, you have a flying speed equal to your walking speed. You can use the boots to fly for up to 4 hours, all at once or in several shorter flights, each one using a minimum of 1 minute from the duration. If you are flying when the duration expires, you descend at a rate of 30 feet per round until you land."", ""The boots regain 2 hours of flying capability for every 12 hours they aren't in use.""]",,,,
Wings of Flying,DMG,,False,rare,,,true,"[""While wearing this cloak, you can use an action to speak its command word. This turns the cloak into a pair of bat wings or bird wings on your back for 1 hour or until you repeat the command word as an action. The wings give you a flying speed of 60 feet. When they disappear, you can't use them again for {@dice 1d12} hours.""]",,,,
Wyvern Poison,DMG,G,False,none,,120000,,"[""This poison must be harvested from a dead or {@condition incapacitated} {@creature wyvern}. A creature subjected to this poison must make a {@dc 15} Constitution saving throw, taking 24 ({@damage 7d6}) poison damage on a failed save, or half as much damage on a successful one.""]",,,,
Yew Wand,PHB,SCF,False,none,1,1000,,,,,,
