Name,Source,Size,Type,Alignment,AC,HP,Speed,STR,DEX,CON,INT,WIS,CHA,Save,Skill,Passive Perception,Languages,CR,Traits,Actions,Bonus Actions,Reactions,Legendary Actions,Spellcasting
Avatar of Death,DMG,"[""M""]",undead,"[""N"", ""E""]",[20],"{""special"": ""half the hit point maximum of its summoner""}","{""walk"": 60, ""fly"": {""number"": 60, ""condition"": ""(hover)""}, ""canHover"": true}",16,16,16,16,16,16,,,13,"[""all languages known to its summoner""]",,"[{""name"": ""Incorporeal Movement"", ""entries"": [""The avatar can move through other creatures and objects as if they were {@quickref difficult terrain||3}. It takes 5 ({@damage 1d10}) force damage if it ends its turn inside an object.""]}, {""name"": ""Turn Immunity"", ""entries"": [""The avatar is immune to features that turn undead.""]}]","[{""name"": ""Reaping Scythe"", ""entries"": [""The avatar sweeps its spectral scythe through a creature within 5 feet of it, dealing 7 ({@damage 1d8 + 3}) slashing damage plus 4 ({@damage 1d8}) necrotic damage.""]}]",,,,
Aboleth,MM,"[""L""]",aberration,"[""L"", ""E""]","[{""ac"": 17, ""from"": [""natural armor""]}]","{""average"": 135, ""formula"": ""18d10 + 36""}","{""walk"": 10, ""swim"": 40}",21,9,15,18,15,18,"{""con"": ""+6"", ""int"": ""+8"", ""wis"": ""+6""}","{""history"": ""+12"", ""perception"": ""+10""}",20,"[""Deep Speech"", ""telepathy 120 ft.""]",10,"[{""name"": ""Amphibious"", ""entries"": [""The aboleth can breathe air and water.""]}, {""name"": ""Mucous Cloud"", ""entries"": [""While underwater, the aboleth is surrounded by transformative mucus. A creature that touches the aboleth or that hits it with a melee attack while within 5 feet of it must make a {@dc 14} Constitution saving throw. On a failure, the creature is diseased for {@dice 1d4} hours. The diseased creature can breathe only underwater.""]}, {""name"": ""Probing Telepathy"", ""entries"": [""If a creature communicates telepathically with the aboleth, the aboleth learns the creature's greatest desires if the aboleth can see the creature.""]}]","[{""name"": ""Multiattack"", ""entries"": [""The aboleth makes three tentacle attacks.""]}, {""name"": ""Tentacle"", ""entries"": [""{@atk mw} {@hit 9} to hit, reach 10 ft., one target. {@h}12 ({@damage 2d6 + 5}) bludgeoning damage. If the target is a creature, it must succeed on a {@dc 14} Constitution saving throw or become diseased. The disease has no effect for 1 minute and can be removed by any magic that cures disease. After 1 minute, the diseased creature's skin becomes translucent and slimy, the creature can't regain hit points unless it is underwater, and the disease can be removed only by {@spell heal} or another disease-curing spell of 6th level or higher. When the creature is outside a body of water, it takes 6 ({@damage 1d12}) acid damage every 10 minutes unless moisture is applied to the skin before 10 minutes have passed.""]}, {""name"": ""Tail"", ""entries"": [""{@atk mw} {@hit 9} to hit, reach 10 ft., one target. {@h}15 ({@damage 3d6 + 5}) bludgeoning damage.""]}, {""name"": ""Enslave (3/Day)"", ""entries"": [""The aboleth targets one creature it can see within 30 feet of it. The target must succeed on a {@dc 14} Wisdom saving throw or be magically {@condition charmed} by the aboleth until the aboleth dies or until it is on a different plane of existence from the target. The {@condition charmed} target is under the aboleth's control and can't take reactions, and the aboleth and the target can communicate telepathically with each other over any distance."", ""Whenever the {@condition charmed} target takes damage, the target can repeat the saving throw. On a success, the effect ends. No more than once every 24 hours, the target can also repeat the saving throw when it is at least 1 mile away from the aboleth.""]}]",,,"[{""name"": ""Detect"", ""entries"": [""The aboleth makes a Wisdom ({@skill Perception}) check.""]}, {""name"": ""Tail Swipe"", ""entries"": [""The aboleth makes one tail attack.""]}, {""name"": ""Psychic Drain (Costs 2 Actions)"", ""entries"": [""One creature {@condition charmed} by the aboleth takes 10 ({@damage 3d6}) psychic damage, and the aboleth regains hit points equal to the damage the creature takes.""]}]",
Acolyte,MM,"[""M""]","{""type"": ""humanoid"", ""tags"": [""any race""]}","[""A""]",[10],"{""average"": 9, ""formula"": ""2d8""}","{""walk"": 30}",10,10,10,10,14,11,,"{""medicine"": ""+4"", ""religion"": ""+2""}",12,"[""any one language (usually Common)""]",1/4,,"[{""name"": ""Club"", ""entries"": [""{@atk mw} {@hit 2} to hit, reach 5 ft., one target. {@h}2 ({@damage 1d4}) bludgeoning damage.""]}]",,,,"[{""name"": ""Spellcasting"", ""type"": ""spellcasting"", ""headerEntries"": [""The acolyte is a 1st-level spellcaster. Its spellcasting ability is Wisdom (spell save {@dc 12}, {@hit 4} to hit with spell attacks). The acolyte has following cleric spells prepared:""], ""spells"": {""0"": {""spells"": [""{@spell light}"", ""{@spell sacred flame}"", ""{@spell thaumaturgy}""]}, ""1"": {""slots"": 3, ""spells"": [""{@spell bless}"", ""{@spell cure wounds}"", ""{@spell sanctuary}""]}}, ""ability"": ""wis""}]"
Adult Black Dragon,MM,"[""H""]",dragon,"[""C"", ""E""]","[{""ac"": 19, ""from"": [""natural armor""]}]","{""average"": 195, ""formula"": ""17d12 + 85""}","{""walk"": 40, ""fly"": 80, ""swim"": 40}",23,14,21,14,13,17,"{""dex"": ""+7"", ""con"": ""+10"", ""wis"": ""+6"", ""cha"": ""+8""}","{""perception"": ""+11"", ""stealth"": ""+7""}",21,"[""Common"", ""Draconic""]",14,"[{""name"": ""Amphibious"", ""entries"": [""The dragon can breathe air and water.""]}, {""name"": ""Legendary Resistance (3/Day)"", ""entries"": [""If the dragon fails a saving throw, it can choose to succeed instead.""]}]","[{""name"": ""Multiattack"", ""entries"": [""The dragon can use its Frightful Presence. It then makes three attacks: one with its bite and two with its claws.""]}, {""name"": ""Bite"", ""entries"": [""{@atk mw} {@hit 11} to hit, reach 10 ft., one target. {@h}17 ({@damage 2d10 + 6}) piercing damage plus 4 ({@damage 1d8}) acid damage.""]}, {""name"": ""Claw"", ""entries"": [""{@atk mw} {@hit 11} to hit, reach 5 ft., one target. {@h}13 ({@damage 2d6 + 6}) slashing damage.""]}, {""name"": ""Tail"", ""entries"": [""{@atk mw} {@hit 11} to hit, reach 15 ft., one target. {@h}15 ({@damage 2d8 + 6}) bludgeoning damage.""]}, {""name"": ""Frightful Presence"", ""entries"": [""Each creature of the dragon's choice that is within 120 feet of the dragon and aware of it must succeed on a {@dc 16} Wisdom saving throw or become {@condition frightened} for 1 minute. A creature can repeat the saving throw at the end of each of its turns, ending the effect on itself on a success. If a creature's saving throw is successful or the effect ends for it, the creature is immune to the dragon's Frightful Presence for the next 24 hours.""]}, {""name"": ""Acid Breath {@recharge 5}"", ""entries"": [""The dragon exhales acid in a 60-foot line that is 5 feet wide. Each creature in that line must make a {@dc 18} Dexterity saving throw, taking 54 ({@damage 12d8}) acid damage on a failed save, or half as much damage on a successful one.""]}]",,,"[{""name"": ""Detect"", ""entries"": [""The dragon makes a Wisdom ({@skill Perception}) check.""]}, {""name"": ""Tail Attack"", ""entries"": [""The dragon makes a tail attack.""]}, {""name"": ""Wing Attack (Costs 2 Actions)"", ""entries"": [""The dragon beats its wings. Each creature within 10 feet of the dragon must succeed on a {@dc 19} Dexterity saving throw or take 13 ({@damage 2d6 + 6}) bludgeoning damage and be knocked {@condition prone}. The dragon can then fly up to half its flying speed.""]}]",
Adult Blue Dragon,MM,"[""H""]",dragon,"[""L"", ""E""]","[{""ac"": 19, ""from"": [""natural armor""]}]","{""average"": 225, ""formula"": ""18d12 + 108""}","{""walk"": 40, ""burrow"": 30, ""fly"": 80}",25,10,23,16,15,19,"{""dex"": ""+5"", ""con"": ""+11"", ""wis"": ""+7"", ""cha"": ""+9""}","{""perception"": ""+12"", ""stealth"": ""+5""}",22,"[""Common"", ""Draconic""]",16,"[{""name"": ""Legendary Resistance (3/Day)"", ""entries"": [""If the dragon fails a saving throw, it can choose to succeed instead.""]}]","[{""name"": ""Multiattack"", ""entries"": [""The dragon can use its Frightful Presence. It then makes three attacks: one with its bite and two with its claws.""]}, {""name"": ""Bite"", ""entries"": [""{@atk mw} {@hit 12} to hit, reach 10 ft., one target. {@h}18 ({@damage 2d10 + 7}) piercing damage plus 5 ({@damage 1d10}) lightning damage.""]}, {""name"": ""Claw"", ""entries"": [""{@atk mw} {@hit 12} to hit, reach 5 ft., one target. {@h}14 ({@damage 2d6 + 7}) slashing damage.""]}, {""name"": ""Tail"", ""entries"": [""{@atk mw} {@hit 12} to hit, reach 15 ft., one target. {@h}16 ({@damage 2d8 + 7}) bludgeoning damage.""]}, {""name"": ""Frightful Presence"", ""entries"": [""Each creature of the dragon's choice that is within 120 feet of the dragon and aware of it must succeed on a {@dc 17} Wisdom saving throw or become {@condition frightened} for 1 minute. A creature can repeat the saving throw at the end of each of its turns, ending the effect on itself on a success. If a creature's saving throw is successful or the effect ends for it, the creature is immune to the dragon's Frightful Presence for the next 24 hours.""]}, {""name"": ""Lightning Breath {@recharge 5}"", ""entries"": [""The dragon exhales lightning in a 90-foot line that is 5 feet wide. Each creature in that line must make a {@dc 19} Dexterity saving throw, taking 66 ({@damage 12d10}) lightning damage on a failed save, or half as much damage on a successful one.""]}]",,,"[{""name"": ""Detect"", ""entries"": [""The dragon makes a Wisdom ({@skill Perception}) check.""]}, {""name"": ""Tail Attack"", ""entries"": [""The dragon makes a tail attack.""]}, {""name"": ""Wing Attack (Costs 2 Actions)"", ""entries"": [""The dragon beats its wings. Each creature within 10 feet of the dragon must succeed on a {@dc 20} Dexterity saving throw or take 14 ({@damage 2d6 + 7}) bludgeoning damage and be knocked {@condition prone}. The dragon can then fly up to half its flying speed.""]}]",
Adult Brass Dragon,MM,"[""H""]",dragon,"[""C"", ""G""]","[{""ac"": 18, ""from"": [""natural armor""]}]","{""average"": 172, ""formula"": ""15d12 + 75""}","{""walk"": 40, ""burrow"": 40, ""fly"": 80}",23,10,21,14,13,17,"{""dex"": ""+5"", ""con"": ""+10"", ""wis"": ""+6"", ""cha"": ""+8""}","{""history"": ""+7"", ""perception"": ""+11"", ""persuasion"": ""+8"", ""stealth"": ""+5""}",21,"[""Common"", ""Draconic""]",13,"[{""name"": ""Legendary Resistance (3/Day)"", ""entries"": [""If the dragon fails a saving throw, it can choose to succeed instead.""]}]","[{""name"": ""Multiattack"", ""entries"": [""The dragon can use its Frightful Presence. It then makes three attacks: one with its bite and two with its claws.""]}, {""name"": ""Bite"", ""entries"": [""{@atk mw} {@hit 11} to hit, reach 10 ft., one target. {@h}17 ({@damage 2d10 + 6}) piercing damage.""]}, {""name"": ""Claw"", ""entries"": [""{@atk mw} {@hit 11} to hit, reach 5 ft., one target. {@h}13 ({@damage 2d6 + 6}) slashing damage.""]}, {""name"": ""Tail"", ""entries"": [""{@atk mw} {@hit 11} to hit, reach 15 ft., one target. {@h}15 ({@damage 2d8 + 6}) bludgeoning damage.""]}, {""name"": ""Frightful Presence"", ""entries"": [""Each creature of the dragon's choice that is within 120 feet of the dragon and aware of it must succeed on a {@dc 16} Wisdom saving throw or become {@condition frightened} for 1 minute. A creature can repeat the saving throw at the end of each of its turns, ending the effect on itself on a success. If a creature's saving throw is successful or the effect ends for it, the creature is immune to the dragon's Frightful Presence for the next 24 hours.""]}, {""name"": ""Breath Weapons {@recharge 5}"", ""entries"": [""The dragon uses one of the following breath weapons."", {""type"": ""list"", ""style"": ""list-hang-notitle"", ""items"": [{""type"": ""item"", ""name"": ""Fire Breath"", ""entry"": ""The dragon exhales fire in a 60-foot line that is 5 feet wide. Each creature in that line must make a {@dc 18} Dexterity saving throw, taking 45 ({@damage 13d6}) fire damage on a failed save, or half as much damage on a successful one.""}, {""type"": ""item"", ""name"": ""Sleep Breath"", ""entry"": ""The dragon exhales sleep gas in a 60-foot cone. Each creature in that area must succeed on a {@dc 18} Constitution saving throw or fall {@condition unconscious} for 10 minutes. This effect ends for a creature if the creature takes damage or someone uses an action to wake it.""}]}]}]",,,"[{""name"": ""Detect"", ""entries"": [""The dragon makes a Wisdom ({@skill Perception}) check.""]}, {""name"": ""Tail Attack"", ""entries"": [""The dragon makes a tail attack.""]}, {""name"": ""Wing Attack (Costs 2 Actions)"", ""entries"": [""The dragon beats its wings. Each creature within 10 feet of the dragon must succeed on a {@dc 19} Dexterity saving throw or take 13 ({@damage 2d6 + 6}) bludgeoning damage and be knocked {@condition prone}. The dragon can then fly up to half its flying speed.""]}]",
Adult Bronze Dragon,MM,"[""H""]",dragon,"[""L"", ""G""]","[{""ac"": 19, ""from"": [""natural armor""]}]","{""average"": 212, ""formula"": ""17d12 + 102""}","{""walk"": 40, ""fly"": 80, ""swim"": 40}",25,10,23,16,15,19,"{""dex"": ""+5"", ""con"": ""+11"", ""wis"": ""+7"", ""cha"": ""+9""}","{""insight"": ""+7"", ""perception"": ""+12"", ""stealth"": ""+5""}",22,"[""Common"", ""Draconic""]",15,"[{""name"": ""Amphibious"", ""entries"": [""The dragon can breathe air and water.""]}, {""name"": ""Legendary Resistance (3/Day)"", ""entries"": [""If the dragon fails a saving throw, it can choose to succeed instead.""]}]","[{""name"": ""Multiattack"", ""entries"": [""The dragon can use its Frightful Presence. It then makes three attacks: one with its bite and two with its claws.""]}, {""name"": ""Bite"", ""entries"": [""{@atk mw} {@hit 12} to hit, reach 10 ft., one target. {@h}18 ({@damage 2d10 + 7}) piercing damage.""]}, {""name"": ""Claw"", ""entries"": [""{@atk mw} {@hit 12} to hit, reach 5 ft., one target. {@h}14 ({@damage 2d6 + 7}) slashing damage.""]}, {""name"": ""Tail"", ""entries"": [""{@atk mw} {@hit 12} to hit, reach 15 ft., one target. {@h}16 ({@damage 2d8 + 7}) bludgeoning damage.""]}, {""name"": ""Frightful Presence"", ""entries"": [""Each creature of the dragon's choice that is within 120 feet of the dragon and aware of it must succeed on a {@dc 17} Wisdom saving throw or become {@condition frightened} for 1 minute. A creature can repeat the saving throw at the end of each of its turns, ending the effect on itself on a success. If a creature's saving throw is successful or the effect ends for it, the creature is immune to the dragon's Frightful Presence for the next 24 hours.""]}, {""name"": ""Breath Weapons {@recharge 5}"", ""entries"": [""The dragon uses one of the following breath weapons."", {""type"": ""list"", ""style"": ""list-hang-notitle"", ""items"": [{""type"": ""item"", ""name"": ""Lightning Breath"", ""entry"": ""The dragon exhales lightning in a 90-foot line that is 5 feet wide. Each creature in that line must make a {@dc 19} Dexterity saving throw, taking 66 ({@damage 12d10}) lightning damage on a failed save, or half as much damage on a successful one.""}, {""type"": ""item"", ""name"": ""Repulsion Breath"", ""entry"": ""The dragon exhales repulsion energy in a 30-foot cone. Each creature in that area must succeed on a {@dc 19} Strength saving throw. On a failed save, the creature is pushed 60 feet away from the dragon.""}]}]}, {""name"": ""Change Shape"", ""entries"": [""The dragon magically polymorphs into a humanoid or beast that has a challenge rating no higher than its own, or back into its true form. It reverts to its true form if it dies. Any equipment it is wearing or carrying is absorbed or borne by the new form (the dragon's choice)."", ""In a new form, the dragon retains its alignment, hit points, Hit Dice, ability to speak, proficiencies, Legendary Resistance, lair actions, and Intelligence, Wisdom, and Charisma scores, as well as this action. Its statistics and capabilities are otherwise replaced by those of the new form, except any class features or legendary actions of that form.""]}]",,,"[{""name"": ""Detect"", ""entries"": [""The dragon makes a Wisdom ({@skill Perception}) check.""]}, {""name"": ""Tail Attack"", ""entries"": [""The dragon makes a tail attack.""]}, {""name"": ""Wing Attack (Costs 2 Actions)"", ""entries"": [""The dragon beats its wings. Each creature within 10 feet of the dragon must succeed on a {@dc 20} Dexterity saving throw or take 14 ({@damage 2d6 + 7}) bludgeoning damage and be knocked {@condition prone}. The dragon can then fly up to half its flying speed.""]}]",
Adult Copper Dragon,MM,"[""H""]",dragon,"[""C"", ""G""]","[{""ac"": 18, ""from"": [""natural armor""]}]","{""average"": 184, ""formula"": ""16d12 + 80""}","{""walk"": 40, ""climb"": 40, ""fly"": 80}",23,12,21,18,15,17,"{""dex"": ""+6"", ""con"": ""+10"", ""wis"": ""+7"", ""cha"": ""+8""}","{""deception"": ""+8"", ""perception"": ""+12"", ""stealth"": ""+6""}",22,"[""Common"", ""Draconic""]",14,"[{""name"": ""Legendary Resistance (3/Day)"", ""entries"": [""If the dragon fails a saving throw, it can choose to succeed instead.""]}]","[{""name"": ""Multiattack"", ""entries"": [""The dragon can use its Frightful Presence. It then makes three attacks: one with its bite and two with its claws.""]}, {""name"": ""Bite"", ""entries"": [""{@atk mw} {@hit 11} to hit, reach 10 ft., one target. {@h}17 ({@damage 2d10 + 6}) piercing damage.""]}, {""name"": ""Claw"", ""entries"": [""{@atk mw} {@hit 11} to hit, reach 5 ft., one target. {@h}13 ({@damage 2d6 + 6}) slashing damage.""]}, {""name"": ""Tail"", ""entries"": [""{@atk mw} {@hit 11} to hit, reach 15 ft., one target. {@h}15 ({@damage 2d8 + 6}) bludgeoning damage.""]}, {""name"": ""Frightful Presence"", ""entries"": [""Each creature of the dragon's choice that is within 120 feet of the dragon and aware of it must succeed on a {@dc 16} Wisdom saving throw or become {@condition frightened} for 1 minute. A creature can repeat the saving throw at the end of each of its turns, ending the effect on itself on a success. If a creature's saving throw is successful or the effect ends for it, the creature is immune to the dragon's Frightful Presence for the next 24 hours.""]}, {""name"": ""Breath Weapons {@recharge 5}"", ""entries"": [""The dragon uses one of the following breath weapons."", {""type"": ""list"", ""style"": ""list-hang-notitle"", ""items"": [{""type"": ""item"", ""name"": ""Acid Breath"", ""entry"": ""The dragon exhales acid in a 60-foot line that is 5 feet wide. Each creature in that line must make a {@dc 18} Dexterity saving throw, taking 54 ({@damage 12d8}) acid damage on a failed save, or half as much damage on a successful one.""}, {""type"": ""item"", ""name"": ""Slowing Breath"", ""entry"": ""The dragon exhales gas in a 60-foot cone. Each creature in that area must succeed on a {@dc 18} Constitution saving throw. On a failed save, the creature can't use reactions, its speed is halved, and it can't make more than one attack on its turn. In addition, the creature can use either an action or a bonus action on its turn, but not both. These effects last for 1 minute. The creature can repeat the saving throw at the end of each of its turns, ending the effect on itself with a successful save.""}]}]}]",,,"[{""name"": ""Detect"", ""entries"": [""The dragon makes a Wisdom ({@skill Perception}) check.""]}, {""name"": ""Tail Attack"", ""entries"": [""The dragon makes a tail attack.""]}, {""name"": ""Wing Attack (Costs 2 Actions)"", ""entries"": [""The dragon beats its wings. Each creature within 10 feet of the dragon must succeed on a {@dc 19} Dexterity saving throw or take 13 ({@damage 2d6 + 6}) bludgeoning damage and be knocked {@condition prone}. The dragon can then fly up to half its flying speed.""]}]",
Adult Gold Dragon,MM,"[""H""]",dragon,"[""L"", ""G""]","[{""ac"": 19, ""from"": [""natural armor""]}]","{""average"": 256, ""formula"": ""19d12 + 133""}","{""walk"": 40, ""fly"": 80, ""swim"": 40}",27,14,25,16,15,24,"{""dex"": ""+8"", ""con"": ""+13"", ""wis"": ""+8"", ""cha"": ""+13""}","{""insight"": ""+8"", ""perception"": ""+14"", ""persuasion"": ""+13"", ""stealth"": ""+8""}",24,"[""Common"", ""Draconic""]",17,"[{""name"": ""Amphibious"", ""entries"": [""The dragon can breathe air and water.""]}, {""name"": ""Legendary Resistance (3/Day)"", ""entries"": [""If the dragon fails a saving throw, it can choose to succeed instead.""]}]","[{""name"": ""Multiattack"", ""entries"": [""The dragon can use its Frightful Presence. It then makes three attacks: one with its bite and two with its claws.""]}, {""name"": ""Bite"", ""entries"": [""{@atk mw} {@hit 14} to hit, reach 10 ft., one target. {@h}19 ({@damage 2d10 + 8}) piercing damage.""]}, {""name"": ""Claw"", ""entries"": [""{@atk mw} {@hit 14} to hit, reach 5 ft., one target. {@h}15 ({@damage 2d6 + 8}) slashing damage.""]}, {""name"": ""Tail"", ""entries"": [""{@atk mw} {@hit 14} to hit, reach 15 ft., one target. {@h}17 ({@damage 2d8 + 8}) bludgeoning damage.""]}, {""name"": ""Frightful Presence"", ""entries"": [""Each creature of the dragon's choice that is within 120 feet of the dragon and aware of it must succeed on a {@dc 21} Wisdom saving throw or become {@condition frightened} for 1 minute. A creature can repeat the saving throw at the end of each of its turns, ending the effect on itself on a success. If a creature's saving throw is successful or the effect ends for it, the creature is immune to the dragon's Frightful Presence for the next 24 hours.""]}, {""name"": ""Breath Weapons {@recharge 5}"", ""entries"": [""The dragon uses one of the following breath weapons."", {""type"": ""list"", ""style"": ""list-hang-notitle"", ""items"": [{""type"": ""item"", ""name"": ""Fire Breath"", ""entry"": ""The dragon exhales fire in a 60-foot cone. Each creature in that area must make a {@dc 21} Dexterity saving throw, taking 66 ({@damage 12d10}) fire damage on a failed save, or half as much damage on a successful one.""}, {""type"": ""item"", ""name"": ""Weakening Breath"", ""entry"": ""The dragon exhales gas in a 60-foot cone. Each creature in that area must succeed on a {@dc 21} Strength saving throw or have disadvantage on Strength-based attack rolls, Strength checks, and Strength saving throws for 1 minute. A creature can repeat the saving throw at the end of each of its turns, ending the effect on itself on a success.""}]}]}, {""name"": ""Change Shape"", ""entries"": [""The dragon magically polymorphs into a humanoid or beast that has a challenge rating no higher than its own, or back into its true form. It reverts to its true form if it dies. Any equipment it is wearing or carrying is absorbed or borne by the new form (the dragon's choice)."", ""In a new form, the dragon retains its alignment, hit points, Hit Dice, ability to speak, proficiencies, Legendary Resistance, lair actions, and Intelligence, Wisdom, and Charisma scores, as well as this action. Its statistics and capabilities are otherwise replaced by those of the new form, except any class features or legendary actions of that form.""]}]",,,"[{""name"": ""Detect"", ""entries"": [""The dragon makes a Wisdom ({@skill Perception}) check.""]}, {""name"": ""Tail Attack"", ""entries"": [""The dragon makes a tail attack.""]}, {""name"": ""Wing Attack (Costs 2 Actions)"", ""entries"": [""The dragon beats its wings. Each creature within 10 feet of the dragon must succeed on a {@dc 22} Dexterity saving throw or take 15 ({@damage 2d6 + 8}) bludgeoning damage and be knocked {@condition prone}. The dragon can then fly up to half its flying speed.""]}]",
Adult Green Dragon,MM,"[""H""]",dragon,"[""L"", ""E""]","[{""ac"": 19, ""from"": [""natural armor""]}]","{""average"": 207, ""formula"": ""18d12 + 90""}","{""walk"": 40, ""fly"": 80, ""swim"": 40}",23,12,21,18,15,17,"{""dex"": ""+6"", ""con"": ""+10"", ""wis"": ""+7"", ""cha"": ""+8""}","{""deception"": ""+8"", ""insight"": ""+7"", ""perception"": ""+12"", ""persuasion"": ""+8"", ""stealth"": ""+6""}",22,"[""Common"", ""Draconic""]",15,"[{""name"": ""Amphibious"", ""entries"": [""The dragon can breathe air and water.""]}, {""name"": ""Legendary Resistance (3/Day)"", ""entries"": [""If the dragon fails a saving throw, it can choose to succeed instead.""]}]","[{""name"": ""Multiattack"", ""entries"": [""The dragon can use its Frightful Presence. It then makes three attacks: one with its bite and two with its claws.""]}, {""name"": ""Bite"", ""entries"": [""{@atk mw} {@hit 11} to hit, reach 10 ft., one target. {@h}17 ({@damage 2d10 + 6}) piercing damage plus 7 ({@damage 2d6}) poison damage.""]}, {""name"": ""Claw"", ""entries"": [""{@atk mw} {@hit 11} to hit, reach 5 ft., one target. {@h}13 ({@damage 2d6 + 6}) slashing damage.""]}, {""name"": ""Tail"", ""entries"": [""{@atk mw} {@hit 11} to hit, reach 15 ft., one target. {@h}15 ({@damage 2d8 + 6}) bludgeoning damage.""]}, {""name"": ""Frightful Presence"", ""entries"": [""Each creature of the dragon's choice that is within 120 feet of the dragon and aware of it must succeed on a {@dc 16} Wisdom saving throw or become {@condition frightened} for 1 minute. A creature can repeat the saving throw at the end of each of its turns, ending the effect on itself on a success. If a creature's saving throw is successful or the effect ends for it, the creature is immune to the dragon's Frightful Presence for the next 24 hours.""]}, {""name"": ""Poison Breath {@recharge 5}"", ""entries"": [""The dragon exhales poisonous gas in a 60-foot cone. Each creature in that area must make a {@dc 18} Constitution saving throw, taking 56 ({@damage 16d6}) poison damage on a failed save, or half as much damage on a successful one.""]}]",,,"[{""name"": ""Detect"", ""entries"": [""The dragon makes a Wisdom ({@skill Perception}) check.""]}, {""name"": ""Tail Attack"", ""entries"": [""The dragon makes a tail attack.""]}, {""name"": ""Wing Attack (Costs 2 Actions)"", ""entries"": [""The dragon beats its wings. Each creature within 10 feet of the dragon must succeed on a {@dc 19} Dexterity saving throw or take 13 ({@damage 2d6 + 6}) bludgeoning damage and be knocked {@condition prone}. The dragon can then fly up to half its flying speed.""]}]",
Adult Red Dragon,MM,"[""H""]",dragon,"[""C"", ""E""]","[{""ac"": 19, ""from"": [""natural armor""]}]","{""average"": 256, ""formula"": ""19d12 + 133""}","{""walk"": 40, ""climb"": 40, ""fly"": 80}",27,10,25,16,13,21,"{""dex"": ""+6"", ""con"": ""+13"", ""wis"": ""+7"", ""cha"": ""+11""}","{""perception"": ""+13"", ""stealth"": ""+6""}",23,"[""Common"", ""Draconic""]",17,"[{""name"": ""Legendary Resistance (3/Day)"", ""entries"": [""If the dragon fails a saving throw, it can choose to succeed instead.""]}]","[{""name"": ""Multiattack"", ""entries"": [""The dragon can use its Frightful Presence. It then makes three attacks: one with its bite and two with its claws.""]}, {""name"": ""Bite"", ""entries"": [""{@atk mw} {@hit 14} to hit, reach 10 ft., one target. {@h}19 ({@damage 2d10 + 8}) piercing damage plus 7 ({@damage 2d6}) fire damage.""]}, {""name"": ""Claw"", ""entries"": [""{@atk mw} {@hit 14} to hit, reach 5 ft., one target. {@h}15 ({@damage 2d6 + 8}) slashing damage.""]}, {""name"": ""Tail"", ""entries"": [""{@atk mw} {@hit 14} to hit, reach 15 ft., one target. {@h}17 ({@damage 2d8 + 8}) bludgeoning damage.""]}, {""name"": ""Frightful Presence"", ""entries"": [""Each creature of the dragon's choice that is within 120 feet of the dragon and aware of it must succeed on a {@dc 19} Wisdom saving throw or become {@condition frightened} for 1 minute. A creature can repeat the saving throw at the end of each of its turns, ending the effect on itself on a success. If a creature's saving throw is successful or the effect ends for it, the creature is immune to the dragon's Frightful Presence for the next 24 hours.""]}, {""name"": ""Fire Breath {@recharge 5}"", ""entries"": [""The dragon exhales fire in a 60-foot cone. Each creature in that area must make a {@dc 21} Dexterity saving throw, taking 63 ({@damage 18d6}) fire damage on a failed save, or half as much damage on a successful one.""]}]",,,"[{""name"": ""Detect"", ""entries"": [""The dragon makes a Wisdom ({@skill Perception}) check.""]}, {""name"": ""Tail Attack"", ""entries"": [""The dragon makes a tail attack.""]}, {""name"": ""Wing Attack (Costs 2 Actions)"", ""entries"": [""The dragon beats its wings. Each creature within 10 feet of the dragon must succeed on a {@dc 22} Dexterity saving throw or take 15 ({@damage 2d6 + 8}) bludgeoning damage and be knocked {@condition prone}. The dragon can then fly up to half its flying speed.""]}]",
Adult Silver Dragon,MM,"[""H""]",dragon,"[""L"", ""G""]","[{""ac"": 19, ""from"": [""natural armor""]}]","{""average"": 243, ""formula"": ""18d12 + 126""}","{""walk"": 40, ""fly"": 80}",27,10,25,16,13,21,"{""dex"": ""+5"", ""con"": ""+12"", ""wis"": ""+6"", ""cha"": ""+10""}","{""arcana"": ""+8"", ""history"": ""+8"", ""perception"": ""+11"", ""stealth"": ""+5""}",21,"[""Common"", ""Draconic""]",16,"[{""name"": ""Legendary Resistance (3/Day)"", ""entries"": [""If the dragon fails a saving throw, it can choose to succeed instead.""]}]","[{""name"": ""Multiattack"", ""entries"": [""The dragon can use its Frightful Presence. It then makes three attacks: one with its bite and two with its claws.""]}, {""name"": ""Bite"", ""entries"": [""{@atk mw} {@hit 13} to hit, reach 10 ft., one target. {@h}19 ({@damage 2d10 + 8}) piercing damage.""]}, {""name"": ""Claw"", ""entries"": [""{@atk mw} {@hit 13} to hit, reach 5 ft., one target. {@h}15 ({@damage 2d6 + 8}) slashing damage.""]}, {""name"": ""Tail"", ""entries"": [""{@atk mw} {@hit 13} to hit, reach 15 ft., one target. {@h}17 ({@damage 2d8 + 8}) bludgeoning damage.""]}, {""name"": ""Frightful Presence"", ""entries"": [""Each creature of the dragon's choice that is within 120 feet of the dragon and aware of it must succeed on a {@dc 18} Wisdom saving throw or become {@condition frightened} for 1 minute. A creature can repeat the saving throw at the end of each of its turns, ending the effect on itself on a success. If a creature's saving throw is successful or the effect ends for it, the creature is immune to the dragon's Frightful Presence for the next 24 hours.""]}, {""name"": ""Breath Weapons {@recharge 5}"", ""entries"": [""The dragon uses one of the following breath weapons."", {""type"": ""list"", ""style"": ""list-hang-notitle"", ""items"": [{""type"": ""item"", ""name"": ""Cold Breath"", ""entry"": ""The dragon exhales an icy blast in a 60-foot cone. Each creature in that area must make a {@dc 20} Constitution saving throw, taking 58 ({@damage 13d8}) cold damage on a failed save, or half as much damage on a successful one.""}, {""type"": ""item"", ""name"": ""Paralyzing Breath"", ""entry"": ""The dragon exhales paralyzing gas in a 60-foot cone. Each creature in that area must succeed on a {@dc 20} Constitution saving throw or be {@condition paralyzed} for 1 minute. A creature can repeat the saving throw at the end of each of its turns, ending the effect on itself on a success.""}]}]}, {""name"": ""Change Shape"", ""entries"": [""The dragon magically polymorphs into a humanoid or beast that has a challenge rating no higher than its own, or back into its true form. It reverts to its true form if it dies. Any equipment it is wearing or carrying is absorbed or borne by the new form (the dragon's choice)."", ""In a new form, the dragon retains its alignment, hit points, Hit Dice, ability to speak, proficiencies, Legendary Resistance, lair actions, and Intelligence, Wisdom, and Charisma scores, as well as this action. Its statistics and capabilities are otherwise replaced by those of the new form, except any class features or legendary actions of that form.""]}]",,,"[{""name"": ""Detect"", ""entries"": [""The dragon makes a Wisdom ({@skill Perception}) check.""]}, {""name"": ""Tail Attack"", ""entries"": [""The dragon makes a tail attack.""]}, {""name"": ""Wing Attack (Costs 2 Actions)"", ""entries"": [""The dragon beats its wings. Each creature within 10 feet of the dragon must succeed on a {@dc 22} Dexterity saving throw or take 15 ({@damage 2d6 + 8}) bludgeoning damage and be knocked {@condition prone}. The dragon can then fly up to half its flying speed.""]}]",
Adult White Dragon,MM,"[""H""]",dragon,"[""C"", ""E""]","[{""ac"": 18, ""from"": [""natural armor""]}]","{""average"": 200, ""formula"": ""16d12 + 96""}","{""walk"": 40, ""burrow"": 30, ""fly"": 80, ""swim"": 40}",22,10,22,8,12,12,"{""dex"": ""+5"", ""con"": ""+11"", ""wis"": ""+6"", ""cha"": ""+6""}","{""perception"": ""+11"", ""stealth"": ""+5""}",21,"[""Common"", ""Draconic""]",13,"[{""name"": ""Ice Walk"", ""entries"": [""The dragon can move across and climb icy surfaces without needing to make an ability check. Additionally, {@quickref difficult terrain||3} composed of ice or snow doesn't cost it extra movement.""]}, {""name"": ""Legendary Resistance (3/Day)"", ""entries"": [""If the dragon fails a saving throw, it can choose to succeed instead.""]}]","[{""name"": ""Multiattack"", ""entries"": [""The dragon can use its Frightful Presence. It then makes three attacks: one with its bite and two with its claws.""]}, {""name"": ""Bite"", ""entries"": [""{@atk mw} {@hit 11} to hit, reach 10 ft., one target. {@h}17 ({@damage 2d10 + 6}) piercing damage plus 4 ({@damage 1d8}) cold damage.""]}, {""name"": ""Claw"", ""entries"": [""{@atk mw} {@hit 11} to hit, reach 5 ft., one target. {@h}13 ({@damage 2d6 + 6}) slashing damage.""]}, {""name"": ""Tail"", ""entries"": [""{@atk mw} {@hit 11} to hit, reach 15 ft., one target. {@h}15 ({@damage 2d8 + 6}) bludgeoning damage.""]}, {""name"": ""Frightful Presence"", ""entries"": [""Each creature of the dragon's choice that is within 120 feet of the dragon and aware of it must succeed on a {@dc 14} Wisdom saving throw or become {@condition frightened} for 1 minute. A creature can repeat the saving throw at the end of each of its turns, ending the effect on itself on a success. If a creature's saving throw is successful or the effect ends for it, the creature is immune to the dragon's Frightful Presence for the next 24 hours.""]}, {""name"": ""Cold Breath {@recharge 5}"", ""entries"": [""The dragon exhales an icy blast in a 60-foot cone. Each creature in that area must make a {@dc 19} Constitution saving throw, taking 54 ({@damage 12d8}) cold damage on a failed save, or half as much damage on a successful one.""]}]",,,"[{""name"": ""Detect"", ""entries"": [""The dragon makes a Wisdom ({@skill Perception}) check.""]}, {""name"": ""Tail Attack"", ""entries"": [""The dragon makes a tail attack.""]}, {""name"": ""Wing Attack (Costs 2 Actions)"", ""entries"": [""The dragon beats its wings. Each creature within 10 feet of the dragon must succeed on a {@dc 19} Dexterity saving throw or take 13 ({@damage 2d6 + 6}) bludgeoning damage and be knocked {@condition prone}. The dragon can then fly up to half its flying speed.""]}]",
Air Elemental,MM,"[""L""]",elemental,"[""N""]",[15],"{""average"": 90, ""formula"": ""12d10 + 24""}","{""fly"": {""number"": 90, ""condition"": ""(hover)""}, ""canHover"": true}",14,20,14,6,10,6,,,10,"[""Auran""]",5,"[{""name"": ""Air Form"", ""entries"": [""The elemental can enter a hostile creature's space and stop there. It can move through a space as narrow as 1 inch wide without squeezing.""]}]","[{""name"": ""Multiattack"", ""entries"": [""The elemental makes two slam attacks.""]}, {""name"": ""Slam"", ""entries"": [""{@atk mw} {@hit 8} to hit, reach 5 ft., one target. {@h}14 ({@damage 2d8 + 5}) bludgeoning damage.""]}, {""name"": ""Whirlwind {@recharge 4}"", ""entries"": [""Each creature in the elemental's space must make a {@dc 13} Strength saving throw. On a failure, a target takes 15 ({@damage 3d8 + 2}) bludgeoning damage and is flung up 20 feet away from the elemental in a random direction and knocked {@condition prone}. If a thrown target strikes an object, such as a wall or floor, the target takes 3 ({@damage 1d6}) bludgeoning damage for every 10 feet it was thrown. If the target is thrown at another creature, that creature must succeed on a {@dc 13} Dexterity saving throw or take the same damage and be knocked {@condition prone}."", ""If the saving throw is successful, the target takes half the bludgeoning damage and isn't flung away or knocked {@condition prone}.""]}]",,,,
Ancient Black Dragon,MM,"[""G""]",dragon,"[""C"", ""E""]","[{""ac"": 22, ""from"": [""natural armor""]}]","{""average"": 367, ""formula"": ""21d20 + 147""}","{""walk"": 40, ""fly"": 80, ""swim"": 40}",27,14,25,16,15,19,"{""dex"": ""+9"", ""con"": ""+14"", ""wis"": ""+9"", ""cha"": ""+11""}","{""perception"": ""+16"", ""stealth"": ""+9""}",26,"[""Common"", ""Draconic""]",21,"[{""name"": ""Amphibious"", ""entries"": [""The dragon can breathe air and water.""]}, {""name"": ""Legendary Resistance (3/Day)"", ""entries"": [""If the dragon fails a saving throw, it can choose to succeed instead.""]}]","[{""name"": ""Multiattack"", ""entries"": [""The dragon can use its Frightful Presence. It then makes three attacks: one with its bite and two with its claws.""]}, {""name"": ""Bite"", ""entries"": [""{@atk mw} {@hit 15} to hit, reach 15 ft., one target. {@h}19 ({@damage 2d10 + 8}) piercing damage plus 9 ({@damage 2d8}) acid damage.""]}, {""name"": ""Claw"", ""entries"": [""{@atk mw} {@hit 15} to hit, reach 10 ft., one target. {@h}15 ({@damage 2d6 + 8}) slashing damage.""]}, {""name"": ""Tail"", ""entries"": [""{@atk mw} {@hit 15} to hit, reach 20 ft., one target. {@h}17 ({@damage 2d8 + 8}) bludgeoning damage.""]}, {""name"": ""Frightful Presence"", ""entries"": [""Each creature of the dragon's choice that is within 120 feet of the dragon and aware of it must succeed on a {@dc 19} Wisdom saving throw or become {@condition frightened} for 1 minute. A creature can repeat the saving throw at the end of each of its turns, ending the effect on itself on a success. If a creature's saving throw is successful or the effect ends for it, the creature is immune to the dragon's Frightful Presence for the next 24 hours.""]}, {""name"": ""Acid Breath {@recharge 5}"", ""entries"": [""The dragon exhales acid in a 90-foot line that is 10 feet wide. Each creature in that line must make a {@dc 22} Dexterity saving throw, taking 67 ({@damage 15d8}) acid damage on a failed save, or half as much damage on a successful one.""]}]",,,"[{""name"": ""Detect"", ""entries"": [""The dragon makes a Wisdom ({@skill Perception}) check.""]}, {""name"": ""Tail Attack"", ""entries"": [""The dragon makes a tail attack.""]}, {""name"": ""Wing Attack (Costs 2 Actions)"", ""entries"": [""The dragon beats its wings. Each creature within 15 feet of the dragon must succeed on a {@dc 23} Dexterity saving throw or take 15 ({@damage 2d6 + 8}) bludgeoning damage and be knocked {@condition prone}. The dragon can then fly up to half its flying speed.""]}]",
Ancient Blue Dragon,MM,"[""G""]",dragon,"[""L"", ""E""]","[{""ac"": 22, ""from"": [""natural armor""]}]","{""average"": 481, ""formula"": ""26d20 + 208""}","{""walk"": 40, ""burrow"": 40, ""fly"": 80}",29,10,27,18,17,21,"{""dex"": ""+7"", ""con"": ""+15"", ""wis"": ""+10"", ""cha"": ""+12""}","{""perception"": ""+17"", ""stealth"": ""+7""}",27,"[""Common"", ""Draconic""]",23,"[{""name"": ""Legendary Resistance (3/Day)"", ""entries"": [""If the dragon fails a saving throw, it can choose to succeed instead.""]}]","[{""name"": ""Multiattack"", ""entries"": [""The dragon can use its Frightful Presence. It then makes three attacks: one with its bite and two with its claws.""]}, {""name"": ""Bite"", ""entries"": [""{@atk mw} {@hit 16} to hit, reach 15 ft., one target. {@h}20 ({@damage 2d10 + 9}) piercing damage plus 11 ({@damage 2d10}) lightning damage.""]}, {""name"": ""Claw"", ""entries"": [""{@atk mw} {@hit 16} to hit, reach 10 ft., one target. {@h}16 ({@damage 2d6 + 9}) slashing damage.""]}, {""name"": ""Tail"", ""entries"": [""{@atk mw} {@hit 16} to hit, reach 20 ft., one target. {@h}18 ({@damage 2d8 + 9}) bludgeoning damage.""]}, {""name"": ""Frightful Presence"", ""entries"": [""Each creature of the dragon's choice that is within 120 feet of the dragon and aware of it must succeed on a {@dc 20} Wisdom saving throw or become {@condition frightened} for 1 minute. A creature can repeat the saving throw at the end of each of its turns, ending the effect on itself on a success. If a creature's saving throw is successful or the effect ends for it, the creature is immune to the dragon's Frightful Presence for the next 24 hours.""]}, {""name"": ""Lightning Breath {@recharge 5}"", ""entries"": [""The dragon exhales lightning in a 120-foot line that is 10 feet wide. Each creature in that line must make a {@dc 23} Dexterity saving throw, taking 88 ({@damage 16d10}) lightning damage on a failed save, or half as much damage on a successful one.""]}]",,,"[{""name"": ""Detect"", ""entries"": [""The dragon makes a Wisdom ({@skill Perception}) check.""]}, {""name"": ""Tail Attack"", ""entries"": [""The dragon makes a tail attack.""]}, {""name"": ""Wing Attack (Costs 2 Actions)"", ""entries"": [""The dragon beats its wings. Each creature within 15 feet of the dragon must succeed on a {@dc 24} Dexterity saving throw or take 16 ({@damage 2d6 + 9}) bludgeoning damage and be knocked {@condition prone}. The dragon can then fly up to half its flying speed.""]}]",
Ancient Brass Dragon,MM,"[""G""]",dragon,"[""C"", ""G""]","[{""ac"": 20, ""from"": [""natural armor""]}]","{""average"": 297, ""formula"": ""17d20 + 119""}","{""walk"": 40, ""burrow"": 40, ""fly"": 80}",27,10,25,16,15,19,"{""dex"": ""+6"", ""con"": ""+13"", ""wis"": ""+8"", ""cha"": ""+10""}","{""history"": ""+9"", ""perception"": ""+14"", ""persuasion"": ""+10"", ""stealth"": ""+6""}",24,"[""Common"", ""Draconic""]",20,"[{""name"": ""Legendary Resistance (3/Day)"", ""entries"": [""If the dragon fails a saving throw, it can choose to succeed instead.""]}]","[{""name"": ""Multiattack"", ""entries"": [""The dragon can use its Frightful Presence. It then makes three attacks: one with its bite and two with its claws.""]}, {""name"": ""Bite"", ""entries"": [""{@atk mw} {@hit 14} to hit, reach 15 ft., one target. {@h}19 ({@damage 2d10 + 8}) piercing damage.""]}, {""name"": ""Claw"", ""entries"": [""{@atk mw} {@hit 14} to hit, reach 10 ft., one target. {@h}15 ({@damage 2d6 + 8}) slashing damage.""]}, {""name"": ""Tail"", ""entries"": [""{@atk mw} {@hit 14} to hit, reach 20 ft., one target. {@h}17 ({@damage 2d8 + 8}) bludgeoning damage.""]}, {""name"": ""Frightful Presence"", ""entries"": [""Each creature of the dragon's choice that is within 120 feet of the dragon and aware of it must succeed on a {@dc 18} Wisdom saving throw or become {@condition frightened} for 1 minute. A creature can repeat the saving throw at the end of each of its turns, ending the effect on itself on a success. If a creature's saving throw is successful or the effect ends for it, the creature is immune to the dragon's Frightful Presence for the next 24 hours.""]}, {""name"": ""Breath Weapons {@recharge 5}"", ""entries"": [""The dragon uses one of the following breath weapons:"", {""type"": ""list"", ""style"": ""list-hang-notitle"", ""items"": [{""type"": ""item"", ""name"": ""Fire Breath"", ""entry"": ""The dragon exhales fire in a 90-foot line that is 10 feet wide. Each creature in that line must make a {@dc 21} Dexterity saving throw, taking 56 ({@damage 16d6}) fire damage on a failed save, or half as much damage on a successful one.""}, {""type"": ""item"", ""name"": ""Sleep Breath"", ""entry"": ""The dragon exhales sleep gas in a 90-foot cone. Each creature in that area must succeed on a {@dc 21} Constitution saving throw or fall {@condition unconscious} for 10 minutes. This effect ends for a creature if the creature takes damage or someone uses an action to wake it.""}]}]}, {""name"": ""Change Shape"", ""entries"": [""The dragon magically polymorphs into a humanoid or beast that has a challenge rating no higher than its own, or back into its true form. It reverts to its true form if it dies. Any equipment it is wearing or carrying is absorbed or borne by the new form (the dragon's choice)."", ""In a new form, the dragon retains its alignment, hit points, Hit Dice, ability to speak, proficiencies, Legendary Resistance, lair actions, and Intelligence, Wisdom, and Charisma scores, as well as this action. Its statistics and capabilities are otherwise replaced by those of the new form, except any class features or legendary actions of that form.""]}]",,,"[{""name"": ""Detect"", ""entries"": [""The dragon makes a Wisdom ({@skill Perception}) check.""]}, {""name"": ""Tail Attack"", ""entries"": [""The dragon makes a tail attack.""]}, {""name"": ""Wing Attack (Costs 2 Actions)"", ""entries"": [""The dragon beats its wings. Each creature within 15 feet of the dragon must succeed on a {@dc 22} Dexterity saving throw or take 15 ({@damage 2d6 + 8}) bludgeoning damage and be knocked {@condition prone}. The dragon can then fly up to half its flying speed.""]}]",
Ancient Bronze Dragon,MM,"[""G""]",dragon,"[""L"", ""G""]","[{""ac"": 22, ""from"": [""natural armor""]}]","{""average"": 444, ""formula"": ""24d20 + 192""}","{""walk"": 40, ""fly"": 80, ""swim"": 40}",29,10,27,18,17,21,"{""dex"": ""+7"", ""con"": ""+15"", ""wis"": ""+10"", ""cha"": ""+12""}","{""insight"": ""+10"", ""perception"": ""+17"", ""stealth"": ""+7""}",27,"[""Common"", ""Draconic""]",22,"[{""name"": ""Amphibious"", ""entries"": [""The dragon can breathe air and water.""]}, {""name"": ""Legendary Resistance (3/Day)"", ""entries"": [""If the dragon fails a saving throw, it can choose to succeed instead.""]}]","[{""name"": ""Multiattack"", ""entries"": [""The dragon can use its Frightful Presence. It then makes three attacks: one with its bite and two with its claws.""]}, {""name"": ""Bite"", ""entries"": [""{@atk mw} {@hit 16} to hit, reach 15 ft., one target. {@h}20 ({@damage 2d10 + 9}) piercing damage.""]}, {""name"": ""Claw"", ""entries"": [""{@atk mw} {@hit 16} to hit, reach 10 ft., one target. {@h}16 ({@damage 2d6 + 9}) slashing damage.""]}, {""name"": ""Tail"", ""entries"": [""{@atk mw} {@hit 16} to hit, reach 20 ft., one target. {@h}18 ({@damage 2d8 + 9}) bludgeoning damage.""]}, {""name"": ""Frightful Presence"", ""entries"": [""Each creature of the dragon's choice that is within 120 feet of the dragon and aware of it must succeed on a {@dc 20} Wisdom saving throw or become {@condition frightened} for 1 minute. A creature can repeat the saving throw at the end of each of its turns, ending the effect on itself on a success. If a creature's saving throw is successful or the effect ends for it, the creature is immune to the dragon's Frightful Presence for the next 24 hours.""]}, {""name"": ""Breath Weapons {@recharge 5}"", ""entries"": [""The dragon uses one of the following breath weapons."", {""type"": ""list"", ""style"": ""list-hang-notitle"", ""items"": [{""type"": ""item"", ""name"": ""Lightning Breath"", ""entry"": ""The dragon exhales lightning in a 120-foot line that is 10 feet wide. Each creature in that line must make a {@dc 23} Dexterity saving throw, taking 88 ({@damage 16d10}) lightning damage on a failed save, or half as much damage on a successful one.""}, {""type"": ""item"", ""name"": ""Repulsion Breath"", ""entry"": ""The dragon exhales repulsion energy in a 30-foot cone. Each creature in that area must succeed on a {@dc 23} Strength saving throw. On a failed save, the creature is pushed 60 feet away from the dragon.""}]}]}, {""name"": ""Change Shape"", ""entries"": [""The dragon magically polymorphs into a humanoid or beast that has a challenge rating no higher than its own, or back into its true form. It reverts to its true form if it dies. Any equipment it is wearing or carrying is absorbed or borne by the new form (the dragon's choice)."", ""In a new form, the dragon retains its alignment, hit points, Hit Dice, ability to speak, proficiencies, Legendary Resistance, lair actions, and Intelligence, Wisdom, and Charisma scores, as well as this action. Its statistics and capabilities are otherwise replaced by those of the new form, except any class features or legendary actions of that form.""]}]",,,"[{""name"": ""Detect"", ""entries"": [""The dragon makes a Wisdom ({@skill Perception}) check.""]}, {""name"": ""Tail Attack"", ""entries"": [""The dragon makes a tail attack.""]}, {""name"": ""Wing Attack (Costs 2 Actions)"", ""entries"": [""The dragon beats its wings. Each creature within 15 feet of the dragon must succeed on a {@dc 24} Dexterity saving throw or take 16 ({@damage 2d6 + 9}) bludgeoning damage and be knocked {@condition prone}. The dragon can then fly up to half its flying speed.""]}]",
Ancient Copper Dragon,MM,"[""G""]",dragon,"[""C"", ""G""]","[{""ac"": 21, ""from"": [""natural armor""]}]","{""average"": 350, ""formula"": ""20d20 + 140""}","{""walk"": 40, ""climb"": 40, ""fly"": 80}",27,12,25,20,17,19,"{""dex"": ""+8"", ""con"": ""+14"", ""wis"": ""+10"", ""cha"": ""+11""}","{""deception"": ""+11"", ""perception"": ""+17"", ""stealth"": ""+8""}",27,"[""Common"", ""Draconic""]",21,"[{""name"": ""Legendary Resistance (3/Day)"", ""entries"": [""If the dragon fails a saving throw, it can choose to succeed instead.""]}]","[{""name"": ""Multiattack"", ""entries"": [""The dragon can use its Frightful Presence. It then makes three attacks: one with its bite and two with its claws.""]}, {""name"": ""Bite"", ""entries"": [""{@atk mw} {@hit 15} to hit, reach 15 ft., one target. {@h}19 ({@damage 2d10 + 8}) piercing damage.""]}, {""name"": ""Claw"", ""entries"": [""{@atk mw} {@hit 15} to hit, reach 10 ft., one target. {@h}15 ({@damage 2d6 + 8}) slashing damage.""]}, {""name"": ""Tail"", ""entries"": [""{@atk mw} {@hit 15} to hit, reach 20 ft., one target. {@h}17 ({@damage 2d8 + 8}) bludgeoning damage.""]}, {""name"": ""Frightful Presence"", ""entries"": [""Each creature of the dragon's choice that is within 120 feet of the dragon and aware of it must succeed on a {@dc 19} Wisdom saving throw or become {@condition frightened} for 1 minute. A creature can repeat the saving throw at the end of each of its turns, ending the effect on itself on a success. If a creature's saving throw is successful or the effect ends for it, the creature is immune to the dragon's Frightful Presence for the next 24 hours.""]}, {""name"": ""Breath Weapons {@recharge 5}"", ""entries"": [""The dragon uses one of the following breath weapons."", {""type"": ""list"", ""style"": ""list-hang-notitle"", ""items"": [{""type"": ""item"", ""name"": ""Acid Breath"", ""entry"": ""The dragon exhales acid in a 90-foot line that is 10 feet wide. Each creature in that line must make a {@dc 22} Dexterity saving throw, taking 63 ({@damage 14d8}) acid damage on a failed save, or half as much damage on a successful one.""}, {""type"": ""item"", ""name"": ""Slowing Breath"", ""entry"": ""The dragon exhales gas in a 90-foot cone. Each creature in that area must succeed on a {@dc 22} Constitution saving throw. On a failed save, the creature can't use reactions, its speed is halved, and it can't make more than one attack on its turn. In addition, the creature can use either an action or a bonus action on its turn, but not both. These effects last for 1 minute. The creature can repeat the saving throw at the end of each of its turns, ending the effect on itself with a successful save.""}]}]}, {""name"": ""Change Shape"", ""entries"": [""The dragon magically polymorphs into a humanoid or beast that has a challenge rating no higher than its own, or back into its true form. It reverts to its true form if it dies. Any equipment it is wearing or carrying is absorbed or borne by the new form (the dragon's choice)."", ""In a new form, the dragon retains its alignment, hit points, Hit Dice, ability to speak, proficiencies, Legendary Resistance, lair actions, and Intelligence, Wisdom, and Charisma scores, as well as this action. Its statistics and capabilities are otherwise replaced by those of the new form, except any class features or legendary actions of that form.""]}]",,,"[{""name"": ""Detect"", ""entries"": [""The dragon makes a Wisdom ({@skill Perception}) check.""]}, {""name"": ""Tail Attack"", ""entries"": [""The dragon makes a tail attack.""]}, {""name"": ""Wing Attack (Costs 2 Actions)"", ""entries"": [""The dragon beats its wings. Each creature within 15 feet of the dragon must succeed on a {@dc 23} Dexterity saving throw or take 15 ({@damage 2d6 + 8}) bludgeoning damage and be knocked {@condition prone}. The dragon can then fly up to half its flying speed.""]}]",
Ancient Gold Dragon,MM,"[""G""]",dragon,"[""L"", ""G""]","[{""ac"": 22, ""from"": [""natural armor""]}]","{""average"": 546, ""formula"": ""28d20 + 252""}","{""walk"": 40, ""fly"": 80, ""swim"": 40}",30,14,29,18,17,28,"{""dex"": ""+9"", ""con"": ""+16"", ""wis"": ""+10"", ""cha"": ""+16""}","{""insight"": ""+10"", ""perception"": ""+17"", ""persuasion"": ""+16"", ""stealth"": ""+9""}",27,"[""Common"", ""Draconic""]",24,"[{""name"": ""Amphibious"", ""entries"": [""The dragon can breathe air and water.""]}, {""name"": ""Legendary Resistance (3/Day)"", ""entries"": [""If the dragon fails a saving throw, it can choose to succeed instead.""]}]","[{""name"": ""Multiattack"", ""entries"": [""The dragon can use its Frightful Presence. It then makes three attacks: one with its bite and two with its claws.""]}, {""name"": ""Bite"", ""entries"": [""{@atk mw} {@hit 17} to hit, reach 15 ft., one target. {@h}21 ({@damage 2d10 + 10}) piercing damage.""]}, {""name"": ""Claw"", ""entries"": [""{@atk mw} {@hit 17} to hit, reach 10 ft., one target. {@h}17 ({@damage 2d6 + 10}) slashing damage.""]}, {""name"": ""Tail"", ""entries"": [""{@atk mw} {@hit 17} to hit, reach 20 ft., one target. {@h}19 ({@damage 2d8 + 10}) bludgeoning damage.""]}, {""name"": ""Frightful Presence"", ""entries"": [""Each creature of the dragon's choice that is within 120 feet of the dragon and aware of it must succeed on a {@dc 24} Wisdom saving throw or become {@condition frightened} for 1 minute. A creature can repeat the saving throw at the end of each of its turns, ending the effect on itself on a success. If a creature's saving throw is successful or the effect ends for it, the creature is immune to the dragon's Frightful Presence for the next 24 hours.""]}, {""name"": ""Breath Weapons {@recharge 5}"", ""entries"": [""The dragon uses one of the following breath weapons."", {""type"": ""list"", ""style"": ""list-hang-notitle"", ""items"": [{""type"": ""item"", ""name"": ""Fire Breath"", ""entry"": ""The dragon exhales fire in a 90-foot cone. Each creature in that area must make a {@dc 24} Dexterity saving throw, taking 71 ({@damage 13d10}) fire damage on a failed save, or half as much damage on a successful one.""}, {""type"": ""item"", ""name"": ""Weakening Breath"", ""entry"": ""The dragon exhales gas in a 90-foot cone. Each creature in that area must succeed on a {@dc 24} Strength saving throw or have disadvantage on Strength-based attack rolls, Strength checks, and Strength saving throws for 1 minute. A creature can repeat the saving throw at the end of each of its turns, ending the effect on itself on a success.""}]}]}, {""name"": ""Change Shape"", ""entries"": [""The dragon magically polymorphs into a humanoid or beast that has a challenge rating no higher than its own, or back into its true form. It reverts to its true form if it dies. Any equipment it is wearing or carrying is absorbed or borne by the new form (the dragon's choice)."", ""In a new form, the dragon retains its alignment, hit points, Hit Dice, ability to speak, proficiencies, Legendary Resistance, lair actions, and Intelligence, Wisdom, and Charisma scores, as well as this action. Its statistics and capabilities are otherwise replaced by those of the new form, except any class features or legendary actions of that form.""]}]",,,"[{""name"": ""Detect"", ""entries"": [""The dragon makes a Wisdom ({@skill Perception}) check.""]}, {""name"": ""Tail Attack"", ""entries"": [""The dragon makes a tail attack.""]}, {""name"": ""Wing Attack (Costs 2 Actions)"", ""entries"": [""The dragon beats its wings. Each creature within 15 feet of the dragon must succeed on a {@dc 25} Dexterity saving throw or take 17 ({@damage 2d6 + 10}) bludgeoning damage and be knocked {@condition prone}. The dragon can then fly up to half its flying speed.""]}]",
Ancient Green Dragon,MM,"[""G""]",dragon,"[""L"", ""E""]","[{""ac"": 21, ""from"": [""natural armor""]}]","{""average"": 385, ""formula"": ""22d20 + 154""}","{""walk"": 40, ""fly"": 80, ""swim"": 40}",27,12,25,20,17,19,"{""dex"": ""+8"", ""con"": ""+14"", ""wis"": ""+10"", ""cha"": ""+11""}","{""deception"": ""+11"", ""insight"": ""+10"", ""perception"": ""+17"", ""persuasion"": ""+11"", ""stealth"": ""+8""}",27,"[""Common"", ""Draconic""]",22,"[{""name"": ""Amphibious"", ""entries"": [""The dragon can breathe air and water.""]}, {""name"": ""Legendary Resistance (3/Day)"", ""entries"": [""If the dragon fails a saving throw, it can choose to succeed instead.""]}]","[{""name"": ""Multiattack"", ""entries"": [""The dragon can use its Frightful Presence. It then makes three attacks: one with its bite and two with its claws.""]}, {""name"": ""Bite"", ""entries"": [""{@atk mw} {@hit 15} to hit, reach 15 ft., one target. {@h}19 ({@damage 2d10 + 8}) piercing damage plus 10 ({@damage 3d6}) poison damage.""]}, {""name"": ""Claw"", ""entries"": [""{@atk mw} {@hit 15} to hit, reach 10 ft., one target. {@h}22 ({@damage 4d6 + 8}) slashing damage.""]}, {""name"": ""Tail"", ""entries"": [""{@atk mw} {@hit 15} to hit, reach 20 ft., one target. {@h}17 ({@damage 2d8 + 8}) bludgeoning damage.""]}, {""name"": ""Frightful Presence"", ""entries"": [""Each creature of the dragon's choice that is within 120 feet of the dragon and aware of it must succeed on a {@dc 19} Wisdom saving throw or become {@condition frightened} for 1 minute. A creature can repeat the saving throw at the end of each of its turns, ending the effect on itself on a success. If a creature's saving throw is successful or the effect ends for it, the creature is immune to the dragon's Frightful Presence for the next 24 hours.""]}, {""name"": ""Poison Breath {@recharge 5}"", ""entries"": [""The dragon exhales poisonous gas in a 90-foot cone. Each creature in that area must make a {@dc 22} Constitution saving throw, taking 77 ({@damage 22d6}) poison damage on a failed save, or half as much damage on a successful one.""]}]",,,"[{""name"": ""Detect"", ""entries"": [""The dragon makes a Wisdom ({@skill Perception}) check.""]}, {""name"": ""Tail Attack"", ""entries"": [""The dragon makes a tail attack.""]}, {""name"": ""Wing Attack (Costs 2 Actions)"", ""entries"": [""The dragon beats its wings. Each creature within 15 feet of the dragon must succeed on a {@dc 23} Dexterity saving throw or take 15 ({@damage 2d6 + 8}) bludgeoning damage and be knocked {@condition prone}. The dragon can then fly up to half its flying speed.""]}]",
Ancient Red Dragon,MM,"[""G""]",dragon,"[""C"", ""E""]","[{""ac"": 22, ""from"": [""natural armor""]}]","{""average"": 546, ""formula"": ""28d20 + 252""}","{""walk"": 40, ""climb"": 40, ""fly"": 80}",30,10,29,18,15,23,"{""dex"": ""+7"", ""con"": ""+16"", ""wis"": ""+9"", ""cha"": ""+13""}","{""perception"": ""+16"", ""stealth"": ""+7""}",26,"[""Common"", ""Draconic""]",24,"[{""name"": ""Legendary Resistance (3/Day)"", ""entries"": [""If the dragon fails a saving throw, it can choose to succeed instead.""]}]","[{""name"": ""Multiattack"", ""entries"": [""The dragon can use its Frightful Presence. It then makes three attacks: one with its bite and two with its claws.""]}, {""name"": ""Bite"", ""entries"": [""{@atk mw} {@hit 17} to hit, reach 15 ft., one target. {@h}21 ({@damage 2d10 + 10}) piercing damage plus 14 ({@damage 4d6}) fire damage.""]}, {""name"": ""Claw"", ""entries"": [""{@atk mw} {@hit 17} to hit, reach 10 ft., one target. {@h}17 ({@damage 2d6 + 10}) slashing damage.""]}, {""name"": ""Tail"", ""entries"": [""{@atk mw} {@hit 17} to hit, reach 20 ft., one target. {@h}19 ({@damage 2d8 + 10}) bludgeoning damage.""]}, {""name"": ""Frightful Presence"", ""entries"": [""Each creature of the dragon's choice that is within 120 feet of the dragon and aware of it must succeed on a {@dc 21} Wisdom saving throw or become {@condition frightened} for 1 minute. A creature can repeat the saving throw at the end of each of its turns, ending the effect on itself on a success. If a creature's saving throw is successful or the effect ends for it, the creature is immune to the dragon's Frightful Presence for the next 24 hours.""]}, {""name"": ""Fire Breath {@recharge 5}"", ""entries"": [""The dragon exhales fire in a 90-foot cone. Each creature in that area must make a {@dc 24} Dexterity saving throw, taking 91 ({@damage 26d6}) fire damage on a failed save, or half as much damage on a successful one.""]}]",,,"[{""name"": ""Detect"", ""entries"": [""The dragon makes a Wisdom ({@skill Perception}) check.""]}, {""name"": ""Tail Attack"", ""entries"": [""The dragon makes a tail attack.""]}, {""name"": ""Wing Attack (Costs 2 Actions)"", ""entries"": [""The dragon beats its wings. Each creature within 15 feet of the dragon must succeed on a {@dc 25} Dexterity saving throw or take 17 ({@damage 2d6 + 10}) bludgeoning damage and be knocked {@condition prone}. The dragon can then fly up to half its flying speed.""]}]",
Ancient Silver Dragon,MM,"[""G""]",dragon,"[""L"", ""G""]","[{""ac"": 22, ""from"": [""natural armor""]}]","{""average"": 487, ""formula"": ""25d20 + 225""}","{""walk"": 40, ""fly"": 80}",30,10,29,18,15,23,"{""dex"": ""+7"", ""con"": ""+16"", ""wis"": ""+9"", ""cha"": ""+13""}","{""arcana"": ""+11"", ""history"": ""+11"", ""perception"": ""+16"", ""stealth"": ""+7""}",26,"[""Common"", ""Draconic""]",23,"[{""name"": ""Legendary Resistance (3/Day)"", ""entries"": [""If the dragon fails a saving throw, it can choose to succeed instead.""]}]","[{""name"": ""Multiattack"", ""entries"": [""The dragon can use its Frightful Presence. It then makes three attacks: one with its bite and two with its claws.""]}, {""name"": ""Bite"", ""entries"": [""{@atk mw} {@hit 17} to hit, reach 15 ft., one target. {@h}21 ({@damage 2d10 + 10}) piercing damage.""]}, {""name"": ""Claw"", ""entries"": [""{@atk mw} {@hit 17} to hit, reach 10 ft., one target. {@h}17 ({@damage 2d6 + 10}) slashing damage.""]}, {""name"": ""Tail"", ""entries"": [""{@atk mw} {@hit 17} to hit, reach 20 ft., one target. {@h}19 ({@damage 2d8 + 10}) bludgeoning damage.""]}, {""name"": ""Frightful Presence"", ""entries"": [""Each creature of the dragon's choice that is within 120 feet of the dragon and aware of it must succeed on a {@dc 21} Wisdom saving throw or become {@condition frightened} for 1 minute. A creature can repeat the saving throw at the end of each of its turns, ending the effect on itself on a success. If a creature's saving throw is successful or the effect ends for it, the creature is immune to the dragon's Frightful Presence for the next 24 hours.""]}, {""name"": ""Breath Weapons {@recharge 5}"", ""entries"": [""The dragon uses one of the following breath weapons."", {""type"": ""list"", ""style"": ""list-hang-notitle"", ""items"": [{""type"": ""item"", ""name"": ""Cold Breath"", ""entry"": ""The dragon exhales an icy blast in a 90-foot cone. Each creature in that area must make a {@dc 24} Constitution saving throw, taking 67 ({@damage 15d8}) cold damage on a failed save, or half as much damage on a successful one.""}, {""type"": ""item"", ""name"": ""Paralyzing Breath"", ""entry"": ""The dragon exhales paralyzing gas in a 90-foot cone. Each creature in that area must succeed on a {@dc 24} Constitution saving throw or be {@condition paralyzed} for 1 minute. A creature can repeat the saving throw at the end of each of its turns, ending the effect on itself on a success.""}]}]}, {""name"": ""Change Shape"", ""entries"": [""The dragon magically polymorphs into a humanoid or beast that has a challenge rating no higher than its own, or back into its true form. It reverts to its true form if it dies. Any equipment it is wearing or carrying is absorbed or borne by the new form (the dragon's choice)."", ""In a new form, the dragon retains its alignment, hit points, Hit Dice, ability to speak, proficiencies, Legendary Resistance, lair actions, and Intelligence, Wisdom, and Charisma scores, as well as this action. Its statistics and capabilities are otherwise replaced by those of the new form, except any class features or legendary actions of that form.""]}]",,,"[{""name"": ""Detect"", ""entries"": [""The dragon makes a Wisdom ({@skill Perception}) check.""]}, {""name"": ""Tail Attack"", ""entries"": [""The dragon makes a tail attack.""]}, {""name"": ""Wing Attack (Costs 2 Actions)"", ""entries"": [""The dragon beats its wings. Each creature within 15 feet of the dragon must succeed on a {@dc 25} Dexterity saving throw or take 17 ({@damage 2d6 + 10}) bludgeoning damage and be knocked {@condition prone}. The dragon can then fly up to half its flying speed.""]}]",
Ancient White Dragon,MM,"[""G""]",dragon,"[""C"", ""E""]","[{""ac"": 20, ""from"": [""natural armor""]}]","{""average"": 333, ""formula"": ""18d20 + 144""}","{""walk"": 40, ""burrow"": 40, ""fly"": 80, ""swim"": 40}",26,10,26,10,13,14,"{""dex"": ""+6"", ""con"": ""+14"", ""wis"": ""+7"", ""cha"": ""+8""}","{""perception"": ""+13"", ""stealth"": ""+6""}",23,"[""Common"", ""Draconic""]",20,"[{""name"": ""Ice Walk"", ""entries"": [""The dragon can move across and climb icy surfaces without needing to make an ability check. Additionally, {@quickref difficult terrain||3} composed of ice or snow doesn't cost it extra movement.""]}, {""name"": ""Legendary Resistance (3/Day)"", ""entries"": [""If the dragon fails a saving throw, it can choose to succeed instead.""]}]","[{""name"": ""Multiattack"", ""entries"": [""The dragon can use its Frightful Presence. It then makes three attacks: one with its bite and two with its claws.""]}, {""name"": ""Bite"", ""entries"": [""{@atk mw} {@hit 14} to hit, reach 15 ft., one target. {@h}19 ({@damage 2d10 + 8}) piercing damage plus 9 ({@damage 2d8}) cold damage.""]}, {""name"": ""Claw"", ""entries"": [""{@atk mw} {@hit 14} to hit, reach 10 ft., one target. {@h}15 ({@damage 2d6 + 8}) slashing damage.""]}, {""name"": ""Tail"", ""entries"": [""{@atk mw} {@hit 14} to hit, reach 20 ft., one target. {@h}17 ({@damage 2d8 + 8}) bludgeoning damage.""]}, {""name"": ""Frightful Presence"", ""entries"": [""Each creature of the dragon's choice that is within 120 feet of the dragon and aware of it must succeed on a {@dc 16} Wisdom saving throw or become {@condition frightened} for 1 minute. A creature can repeat the saving throw at the end of each of its turns, ending the effect on itself on a success. If a creature's saving throw is successful or the effect ends for it, the creature is immune to the dragon's Frightful Presence for the next 24 hours.""]}, {""name"": ""Cold Breath {@recharge 5}"", ""entries"": [""The dragon exhales an icy blast in a 90-foot cone. Each creature in that area must make a {@dc 22} Constitution saving throw, taking 72 ({@damage 16d8}) cold damage on a failed save, or half as much damage on a successful one.""]}]",,,"[{""name"": ""Detect"", ""entries"": [""The dragon makes a Wisdom ({@skill Perception}) check.""]}, {""name"": ""Tail Attack"", ""entries"": [""The dragon makes a tail attack.""]}, {""name"": ""Wing Attack (Costs 2 Actions)"", ""entries"": [""The dragon beats its wings. Each creature within 15 feet of the dragon must succeed on a {@dc 22} Dexterity saving throw or take 15 ({@damage 2d6 + 8}) bludgeoning damage and be knocked {@condition prone}. The dragon can then fly up to half its flying speed.""]}]",
Androsphinx,MM,"[""L""]",monstrosity,"[""L"", ""N""]","[{""ac"": 17, ""from"": [""natural armor""]}]","{""average"": 199, ""formula"": ""19d10 + 95""}","{""walk"": 40, ""fly"": 60}",22,10,20,16,18,23,"{""dex"": ""+6"", ""con"": ""+11"", ""int"": ""+9"", ""wis"": ""+10""}","{""arcana"": ""+9"", ""perception"": ""+10"", ""religion"": ""+15""}",20,"[""Common"", ""Sphinx""]",17,"[{""name"": ""Inscrutable"", ""entries"": [""The sphinx is immune to any effect that would sense its emotions or read its thoughts, as well as any divination spell that it refuses. Wisdom ({@skill Insight}) checks made to ascertain the sphinx's intentions or sincerity have disadvantage.""]}, {""name"": ""Magic Weapons"", ""entries"": [""The sphinx's weapon attacks are magical.""]}]","[{""name"": ""Multiattack"", ""entries"": [""The sphinx makes two claw attacks.""]}, {""name"": ""Claw"", ""entries"": [""{@atk mw} {@hit 12} to hit, reach 5 ft., one target. {@h}17 ({@damage 2d10 + 6}) slashing damage.""]}, {""name"": ""Roar (3/Day)"", ""entries"": [""The sphinx emits a magical roar. Each time it roars before finishing a long rest, the roar is louder and the effect is different, as detailed below. Each creature within 500 feet of the sphinx and able to hear the roar must make a saving throw."", {""type"": ""list"", ""style"": ""list-hang-notitle"", ""items"": [{""type"": ""item"", ""name"": ""First Roar"", ""entry"": ""Each creature that fails a {@dc 18} Wisdom saving throw is {@condition frightened} for 1 minute. A {@condition frightened} creature can repeat the saving throw at the end of each of its turns, ending the effect on itself on a success.""}, {""type"": ""item"", ""name"": ""Second Roar"", ""entry"": ""Each creature that fails a {@dc 18} Wisdom saving throw is {@condition deafened} and {@condition frightened} for 1 minute. A {@condition frightened} creature is {@condition paralyzed} and can repeat the saving throw at the end of each of its turns, ending the effect on itself on a success.""}, {""type"": ""item"", ""name"": ""Third Roar"", ""entry"": ""Each creature makes a {@dc 18} Constitution saving throw. On a failed save, a creature takes 44 ({@damage 8d10}) thunder damage and is knocked {@condition prone}. On a successful save, the creature takes half as much damage and isn't knocked {@condition prone}.""}]}]}]",,,"[{""name"": ""Claw Attack"", ""entries"": [""The sphinx makes one claw attack.""]}, {""name"": ""Teleport (Costs 2 Actions)"", ""entries"": [""The sphinx magically teleports, along with any equipment it is wearing or carrying, up to 120 feet to an unoccupied space it can see.""]}, {""name"": ""Cast a Spell (Costs 3 Actions)"", ""entries"": [""The sphinx casts a spell from its list of prepared spells, using a spell slot as normal.""]}]","[{""name"": ""Spellcasting"", ""type"": ""spellcasting"", ""headerEntries"": [""The sphinx is a 12th-level spellcaster. Its spellcasting ability is Wisdom (spell save {@dc 18}, {@hit 10} to hit with spell attacks). It requires no material components to cast its spells. The sphinx has the following cleric spells prepared:""], ""spells"": {""0"": {""spells"": [""{@spell sacred flame}"", ""{@spell spare the dying}"", ""{@spell thaumaturgy}""]}, ""1"": {""slots"": 4, ""spells"": [""{@spell command}"", ""{@spell detect evil and good}"", ""{@spell detect magic}""]}, ""2"": {""slots"": 3, ""spells"": [""{@spell lesser restoration}"", ""{@spell zone of truth}""]}, ""3"": {""slots"": 3, ""spells"": [""{@spell dispel magic}"", ""{@spell tongues}""]}, ""4"": {""slots"": 3, ""spells"": [""{@spell banishment}"", ""{@spell freedom of movement}""]}, ""5"": {""slots"": 2, ""spells"": [""{@spell flame strike}"", ""{@spell greater restoration}""]}, ""6"": {""slots"": 1, ""spells"": [""{@spell heroes' feast}""]}}, ""ability"": ""wis""}]"
Animated Armor,MM,"[""M""]",construct,"[""U""]","[{""ac"": 18, ""from"": [""natural armor""]}]","{""average"": 33, ""formula"": ""6d8 + 6""}","{""walk"": 25}",14,11,13,1,3,1,,,6,,1,"[{""name"": ""Antimagic Susceptibility"", ""entries"": [""The armor is {@condition incapacitated} while in the area of an {@spell antimagic field}. If targeted by {@spell dispel magic}, the armor must succeed on a Constitution saving throw against the caster's spell save DC or fall {@condition unconscious} for 1 minute.""]}, {""name"": ""False Appearance"", ""entries"": [""While the armor remains motionless, it is indistinguishable from a normal suit of armor.""]}]","[{""name"": ""Multiattack"", ""entries"": [""The armor makes two melee attacks.""]}, {""name"": ""Slam"", ""entries"": [""{@atk mw} {@hit 4} to hit, reach 5 ft., one target. {@h}5 ({@damage 1d6 + 2}) bludgeoning damage.""]}]",,,,
Ankheg,MM,"[""L""]",monstrosity,"[""U""]","[{""ac"": 14, ""from"": [""natural armor""]}, {""ac"": 11, ""condition"": ""while prone""}]","{""average"": 39, ""formula"": ""6d10 + 6""}","{""walk"": 30, ""burrow"": 10}",17,11,13,1,13,6,,,11,,2,,"[{""name"": ""Bite"", ""entries"": [""{@atk mw} {@hit 5} to hit, reach 5 ft., one target. {@h}10 ({@damage 2d6 + 3}) slashing damage plus 3 ({@damage 1d6}) acid damage. If the target is a Large or smaller creature, it is {@condition grappled} (escape {@dc 13}). Until this grapple ends, the ankheg can bite only the {@condition grappled} creature and has advantage on attack rolls to do so.""]}, {""name"": ""Acid Spray {@recharge}"", ""entries"": [""The ankheg spits acid in a line that is 30 feet long and 5 feet wide, provided that it has no creature {@condition grappled}. Each creature in that line must make a {@dc 13} Dexterity saving throw, taking 10 ({@damage 3d6}) acid damage on a failed save, or half as much damage on a successful one.""]}]",,,,
Ape,MM,"[""M""]",beast,"[""U""]",[12],"{""average"": 19, ""formula"": ""3d8 + 6""}","{""walk"": 30, ""climb"": 30}",16,14,14,6,12,7,,"{""athletics"": ""+5"", ""perception"": ""+3""}",13,,1/2,,"[{""name"": ""Multiattack"", ""entries"": [""The ape makes two fist attacks.""]}, {""name"": ""Fist"", ""entries"": [""{@atk mw} {@hit 5} to hit, reach 5 ft., one target. {@h}6 ({@damage 1d6 + 3}) bludgeoning damage.""]}, {""name"": ""Rock"", ""entries"": [""{@atk rw} {@hit 5} to hit, range 25/50 ft., one target. {@h}6 ({@damage 1d6 + 3}) bludgeoning damage.""]}]",,,,
Archmage,MM,"[""M""]","{""type"": ""humanoid"", ""tags"": [""any race""]}","[""A""]","[12, {""ac"": 15, ""condition"": ""with {@spell mage armor}"", ""braces"": true}]","{""average"": 99, ""formula"": ""18d8 + 18""}","{""walk"": 30}",10,14,12,20,15,16,"{""int"": ""+9"", ""wis"": ""+6""}","{""arcana"": ""+13"", ""history"": ""+13""}",12,"[""any six languages""]",12,"[{""name"": ""Magic Resistance"", ""entries"": [""The archmage has advantage on saving throws against spells and other magical effects.""]}]","[{""name"": ""Dagger"", ""entries"": [""{@atk mw,rw} {@hit 6} to hit, reach 5 ft. or range 20/60 ft., one target. {@h}4 ({@damage 1d4 + 2}) piercing damage.""]}]",,,,"[{""name"": ""Spellcasting"", ""type"": ""spellcasting"", ""headerEntries"": [""The archmage is an 18th-level spellcaster. Its spellcasting ability is Intelligence (spell save {@dc 17}, {@hit 9} to hit with spell attacks). The archmage can cast {@spell disguise self} and {@spell invisibility} at will and has the following wizard spells prepared:""], ""will"": [""{@spell disguise self}"", ""{@spell invisibility}""], ""spells"": {""0"": {""spells"": [""{@spell fire bolt}"", ""{@spell light}"", ""{@spell mage hand}"", ""{@spell prestidigitation}"", ""{@spell shocking grasp}""]}, ""1"": {""slots"": 4, ""spells"": [""{@spell detect magic}"", ""{@spell identify}"", ""{@spell mage armor}*"", ""{@spell magic missile}""]}, ""2"": {""slots"": 3, ""spells"": [""{@spell detect thoughts}"", ""{@spell mirror image}"", ""{@spell misty step}""]}, ""3"": {""slots"": 3, ""spells"": [""{@spell counterspell}"", ""{@spell fly}"", ""{@spell lightning bolt}""]}, ""4"": {""slots"": 3, ""spells"": [""{@spell banishment}"", ""{@spell fire shield}"", ""{@spell stoneskin}*""]}, ""5"": {""slots"": 3, ""spells"": [""{@spell cone of cold}"", ""{@spell scrying}"", ""{@spell wall of force}""]}, ""6"": {""slots"": 1, ""spells"": [""{@spell globe of invulnerability}""]}, ""7"": {""slots"": 1, ""spells"": [""{@spell teleport}""]}, ""8"": {""slots"": 1, ""spells"": [""{@spell mind blank}*""]}, ""9"": {""slots"": 1, ""spells"": [""{@spell time stop}""]}}, ""footerEntries"": [""*The archmage casts these spells on itself before combat.""], ""ability"": ""int"", ""hidden"": [""will""]}]"
Assassin,MM,"[""M""]","{""type"": ""humanoid"", ""tags"": [""any race""]}","[""L"", ""NX"", ""C"", ""NY"", ""E""]","[{""ac"": 15, ""from"": [""{@item studded leather armor|phb|studded leather}""]}]","{""average"": 78, ""formula"": ""12d8 + 24""}","{""walk"": 30}",11,16,14,13,11,10,"{""dex"": ""+6"", ""int"": ""+4""}","{""acrobatics"": ""+6"", ""deception"": ""+3"", ""perception"": ""+3"", ""stealth"": ""+9""}",13,"[""Thieves' cant plus any two languages""]",8,"[{""name"": ""Assassinate"", ""entries"": [""During its first turn, the assassin has advantage on attack rolls against any creature that hasn't taken a turn. Any hit the assassin scores against a {@status surprised} creature is a critical hit.""]}, {""name"": ""Evasion"", ""entries"": [""If the assassin is subjected to an effect that allows it to make a Dexterity saving throw to take only half damage, the assassin instead takes no damage if it succeeds on the saving throw, and only half damage if it fails.""]}, {""name"": ""Sneak Attack (1/Turn)"", ""entries"": [""The assassin deals an extra 14 ({@damage 4d6}) damage when it hits a target with a weapon attack and has advantage on the attack roll, or when the target is within 5 feet of an ally of the assassin that isn't {@condition incapacitated} and the assassin doesn't have disadvantage on the attack roll.""]}]","[{""name"": ""Multiattack"", ""entries"": [""The assassin makes two shortsword attacks.""]}, {""name"": ""Shortsword"", ""entries"": [""{@atk mw} {@hit 6} to hit, reach 5 ft., one target. {@h}6 ({@damage 1d6 + 3}) piercing damage, and the target must make a {@dc 15} Constitution saving throw, taking 24 ({@damage 7d6}) poison damage on a failed save, or half as much damage on a successful one.""]}, {""name"": ""Light Crossbow"", ""entries"": [""{@atk rw} {@hit 6} to hit, range 80/320 ft., one target. {@h}7 ({@damage 1d8 + 3}) piercing damage, and the target must make a {@dc 15} Constitution saving throw, taking 24 ({@damage 7d6}) poison damage on a failed save, or half as much damage on a successful one.""]}]",,,,
Awakened Shrub,MM,"[""S""]",plant,"[""U""]",[9],"{""average"": 10, ""formula"": ""3d6""}","{""walk"": 20}",3,8,11,10,10,6,,,10,"[""one language known by its creator""]",0,"[{""name"": ""False Appearance"", ""entries"": [""While the shrub remains motionless, it is indistinguishable from a normal shrub.""]}]","[{""name"": ""Rake"", ""entries"": [""{@atk mw} {@hit 1} to hit, reach 5 ft., one target. {@h}1 ({@damage 1d4 - 1}) slashing damage.""]}]",,,,
Awakened Tree,MM,"[""H""]",plant,"[""U""]","[{""ac"": 13, ""from"": [""natural armor""]}]","{""average"": 59, ""formula"": ""7d12 + 14""}","{""walk"": 20}",19,6,15,10,10,7,,,10,"[""one language known by its creator""]",2,"[{""name"": ""False Appearance"", ""entries"": [""While the tree remains motionless, it is indistinguishable from a normal tree.""]}]","[{""name"": ""Slam"", ""entries"": [""{@atk mw} {@hit 6} to hit, reach 10 ft., one target. {@h}14 ({@damage 3d6 + 4}) bludgeoning damage.""]}]",,,,
Axe Beak,MM,"[""L""]",beast,"[""U""]",[11],"{""average"": 19, ""formula"": ""3d10 + 3""}","{""walk"": 50}",14,12,12,2,10,5,,,10,,1/4,,"[{""name"": ""Beak"", ""entries"": [""{@atk mw} {@hit 4} to hit, reach 5 ft., one target. {@h}6 ({@damage 1d8 + 2}) slashing damage.""]}]",,,,
Azer,MM,"[""M""]",elemental,"[""L"", ""N""]","[{""ac"": 17, ""from"": [""natural armor"", ""{@item shield|phb}""]}]","{""average"": 39, ""formula"": ""6d8 + 12""}","{""walk"": 30}",17,12,15,12,13,10,"{""con"": ""+4""}",,11,"[""Ignan""]",2,"[{""name"": ""Heated Body"", ""entries"": [""A creature that touches the azer or hits it with a melee attack while within 5 feet of it takes 5 ({@damage 1d10}) fire damage.""]}, {""name"": ""Heated Weapons"", ""entries"": [""When the azer hits with a metal melee weapon, it deals an extra 3 ({@damage 1d6}) fire damage (included in the attack).""]}, {""name"": ""Illumination"", ""entries"": [""The azer sheds bright light in a 10-foot radius and dim light for an additional 10 feet.""]}]","[{""name"": ""Warhammer"", ""entries"": [""{@atk mw} {@hit 5} to hit, reach 5 ft., one target. {@h}7 ({@damage 1d8 + 3}) bludgeoning damage, or 8 ({@damage 1d10 + 3}) bludgeoning damage if used with two hands to make a melee attack, plus 3 ({@damage 1d6}) fire damage.""]}]",,,,
Baboon,MM,"[""S""]",beast,"[""U""]",[12],"{""average"": 3, ""formula"": ""1d6""}","{""walk"": 30, ""climb"": 30}",8,14,11,4,12,6,,,11,,0,"[{""name"": ""Pack Tactics"", ""entries"": [""The baboon has advantage on an attack roll against a creature if at least one of the baboon's allies is within 5 feet of the creature and the ally isn't {@condition incapacitated}.""]}]","[{""name"": ""Bite"", ""entries"": [""{@atk mw} {@hit 1} to hit, reach 5 ft., one target. {@h}1 ({@damage 1d4 - 1}) piercing damage.""]}]",,,,
Badger,MM,"[""T""]",beast,"[""U""]",[10],"{""average"": 3, ""formula"": ""1d4 + 1""}","{""walk"": 20, ""burrow"": 5}",4,11,12,2,12,5,,,11,,0,"[{""name"": ""Keen Smell"", ""entries"": [""The badger has advantage on Wisdom ({@skill Perception}) checks that rely on smell.""]}]","[{""name"": ""Bite"", ""entries"": [""{@atk mw} {@hit 2} to hit, reach 5 ft., one target. {@h}1 piercing damage.""]}]",,,,
Balor,MM,"[""H""]","{""type"": ""fiend"", ""tags"": [""demon""]}","[""C"", ""E""]","[{""ac"": 19, ""from"": [""natural armor""]}]","{""average"": 262, ""formula"": ""21d12 + 126""}","{""walk"": 40, ""fly"": 80}",26,15,22,20,16,22,"{""str"": ""+14"", ""con"": ""+12"", ""wis"": ""+9"", ""cha"": ""+12""}",,13,"[""Abyssal"", ""telepathy 120 ft.""]",19,"[{""name"": ""Death Throes"", ""entries"": [""When the balor dies, it explodes, and each creature within 30 feet of it must make a {@dc 20} Dexterity saving throw, taking 70 ({@damage 20d6}) fire damage on a failed save, or half as much damage on a successful one. The explosion ignites flammable objects in that area that aren't being worn or carried, and it destroys the balor's weapons.""]}, {""name"": ""Fire Aura"", ""entries"": [""At the start of each of the balor's turns, each creature within 5 feet of it takes 10 ({@damage 3d6}) fire damage, and flammable objects in the aura that aren't being worn or carried ignite. A creature that touches the balor or hits it with a melee attack while within 5 feet of it takes 10 ({@damage 3d6}) fire damage.""]}, {""name"": ""Magic Resistance"", ""entries"": [""The balor has advantage on saving throws against spells and other magical effects.""]}, {""name"": ""Magic Weapons"", ""entries"": [""The balor's weapon attacks are magical.""]}]","[{""name"": ""Multiattack"", ""entries"": [""The balor makes two attacks: one with its longsword and one with its whip.""]}, {""name"": ""Longsword"", ""entries"": [""{@atk mw} {@hit 14} to hit, reach 10 ft., one target. {@h}21 ({@damage 3d8 + 8}) slashing damage plus 13 ({@damage 3d8}) lightning damage. If the balor scores a critical hit, it rolls damage dice three times, instead of twice.""]}, {""name"": ""Whip"", ""entries"": [""{@atk mw} {@hit 14} to hit, reach 30 ft., one target. {@h}15 ({@damage 2d6 + 8}) slashing damage plus 10 ({@damage 3d6}) fire damage, and the target must succeed on a {@dc 20} Strength saving throw or be pulled up to 25 feet toward the balor.""]}, {""name"": ""Teleport"", ""entries"": [""The balor magically teleports, along with any equipment it is wearing or carrying, up to 120 feet to an unoccupied space it can see.""]}]",,,,
Bandit,MM,"[""M""]","{""type"": ""humanoid"", ""tags"": [""any race""]}","[""NX"", ""C"", ""G"", ""NY"", ""E""]","[{""ac"": 12, ""from"": [""{@item leather armor|phb}""]}]","{""average"": 11, ""formula"": ""2d8 + 2""}","{""walk"": 30}",11,12,12,10,10,10,,,10,"[""any one language (usually Common)""]",1/8,,"[{""name"": ""Scimitar"", ""entries"": [""{@atk mw} {@hit 3} to hit, reach 5 ft., one target. {@h}4 ({@damage 1d6 + 1}) slashing damage.""]}, {""name"": ""Light Crossbow"", ""entries"": [""{@atk rw} {@hit 3} to hit, range 80/320 ft., one target. {@h}5 ({@damage 1d8 + 1}) piercing damage.""]}]",,,,
Bandit Captain,MM,"[""M""]","{""type"": ""humanoid"", ""tags"": [""any race""]}","[""NX"", ""C"", ""G"", ""NY"", ""E""]","[{""ac"": 15, ""from"": [""{@item studded leather armor|phb|studded leather}""]}]","{""average"": 65, ""formula"": ""10d8 + 20""}","{""walk"": 30}",15,16,14,14,11,14,"{""str"": ""+4"", ""dex"": ""+5"", ""wis"": ""+2""}","{""athletics"": ""+4"", ""deception"": ""+4""}",10,"[""any two languages""]",2,,"[{""name"": ""Multiattack"", ""entries"": [""The captain makes three melee attacks: two with its scimitar and one with its dagger. Or the captain makes two ranged attacks with its daggers.""]}, {""name"": ""Scimitar"", ""entries"": [""{@atk mw} {@hit 5} to hit, reach 5 ft., one target. {@h}6 ({@damage 1d6 + 3}) slashing damage.""]}, {""name"": ""Dagger"", ""entries"": [""{@atk mw,rw} {@hit 5} to hit, reach 5 ft. or range 20/60 ft., one target. {@h}5 ({@damage 1d4 + 3}) piercing damage.""]}]",,"[{""name"": ""Parry"", ""entries"": [""The captain adds 2 to its AC against one melee attack that would hit it. To do so, the captain must see the attacker and be wielding a melee weapon.""]}]",,
Barbed Devil,MM,"[""M""]","{""type"": ""fiend"", ""tags"": [""devil""]}","[""L"", ""E""]","[{""ac"": 15, ""from"": [""natural armor""]}]","{""average"": 110, ""formula"": ""13d8 + 52""}","{""walk"": 30}",16,17,18,12,14,14,"{""str"": ""+6"", ""con"": ""+7"", ""wis"": ""+5"", ""cha"": ""+5""}","{""deception"": ""+5"", ""insight"": ""+5"", ""perception"": ""+8""}",18,"[""Infernal"", ""telepathy 120 ft.""]",5,"[{""name"": ""Barbed Hide"", ""entries"": [""At the start of each of its turns, the barbed devil deals 5 ({@damage 1d10}) piercing damage to any creature grappling it.""]}, {""name"": ""Devil's Sight"", ""entries"": [""Magical darkness doesn't impede the devil's darkvision.""]}, {""name"": ""Magic Resistance"", ""entries"": [""The devil has advantage on saving throws against spells and other magical effects.""]}]","[{""name"": ""Multiattack"", ""entries"": [""The devil makes three melee attacks: one with its tail and two with its claws. Alternatively, it can use Hurl Flame twice.""]}, {""name"": ""Claw"", ""entries"": [""{@atk mw} {@hit 6} to hit, reach 5 ft., one target. {@h}6 ({@damage 1d6 + 3}) piercing damage.""]}, {""name"": ""Tail"", ""entries"": [""{@atk mw} {@hit 6} to hit, reach 5 ft., one target. {@h}10 ({@damage 2d6 + 3}) piercing damage.""]}, {""name"": ""Hurl Flame"", ""entries"": [""{@atk rs} {@hit 5} to hit, range 150 ft., one target. {@h}10 ({@damage 3d6}) fire damage. If the target is a flammable object that isn't being worn or carried, it also catches fire.""]}]",,,,
Basilisk,MM,"[""M""]",monstrosity,"[""U""]","[{""ac"": 15, ""from"": [""natural armor""]}]","{""average"": 52, ""formula"": ""8d8 + 16""}","{""walk"": 20}",16,8,15,2,8,7,,,9,,3,"[{""name"": ""Petrifying Gaze"", ""entries"": [""If a creature starts its turn within 30 feet of the basilisk and the two of them can see each other, the basilisk can force the creature to make a {@dc 12} Constitution saving throw if the basilisk isn't {@condition incapacitated}. On a failed save, the creature magically begins to turn to stone and is {@condition restrained}. It must repeat the saving throw at the end of its next turn. On a success, the effect ends. On a failure, the creature is {@condition petrified} until freed by the  {@spell greater restoration} spell or other magic."", ""A creature that isn't {@status surprised} can avert its eyes to avoid the saving throw at the start of its turn. If it does so, it can't see the basilisk until the start of its next turn, when it can avert its eyes again. If it looks at the basilisk in the meantime, it must immediately make the save."", ""If the basilisk sees its reflection within 30 feet of it in bright light, it mistakes itself for a rival and targets itself with its gaze.""]}]","[{""name"": ""Bite"", ""entries"": [""{@atk mw} {@hit 5} to hit, reach 5 ft., one target. {@h}10 ({@damage 2d6 + 3}) piercing damage plus 7 ({@damage 2d6}) poison damage.""]}]",,,,
Bat,MM,"[""T""]",beast,"[""U""]",[12],"{""average"": 1, ""formula"": ""1d4 - 1""}","{""walk"": 5, ""fly"": 30}",2,15,8,2,12,4,,,11,,0,"[{""name"": ""Echolocation"", ""entries"": [""The bat can't use its blindsight while {@condition deafened}.""]}, {""name"": ""Keen Hearing"", ""entries"": [""The bat has advantage on Wisdom ({@skill Perception}) checks that rely on hearing.""]}]","[{""name"": ""Bite"", ""entries"": [""{@atk mw} {@hit 0} to hit, reach 5 ft., one creature. {@h}1 piercing damage.""]}]",,,,
Bearded Devil,MM,"[""M""]","{""type"": ""fiend"", ""tags"": [""devil""]}","[""L"", ""E""]","[{""ac"": 13, ""from"": [""natural armor""]}]","{""average"": 52, ""formula"": ""8d8 + 16""}","{""walk"": 30}",16,15,15,9,11,11,"{""str"": ""+5"", ""con"": ""+4"", ""wis"": ""+2""}",,10,"[""Infernal"", ""telepathy 120 ft.""]",3,"[{""name"": ""Devil's Sight"", ""entries"": [""Magical darkness doesn't impede the devil's darkvision.""]}, {""name"": ""Magic Resistance"", ""entries"": [""The devil has advantage on saving throws against spells and other magical effects.""]}, {""name"": ""Steadfast"", ""entries"": [""The devil can't be {@condition frightened} while it can see an allied creature within 30 feet of it.""]}]","[{""name"": ""Multiattack"", ""entries"": [""The devil makes two attacks: one with its beard and one with its glaive.""]}, {""name"": ""Beard"", ""entries"": [""{@atk mw} {@hit 5} to hit, reach 5 ft., one creature. {@h}6 ({@damage 1d8 + 2}) piercing damage, and the target must succeed on a {@dc 12} Constitution saving throw or be {@condition poisoned} for 1 minute. While {@condition poisoned} in this way, the target can't regain hit points. The target can repeat the saving throw at the end of each of its turns, ending the effect on itself on a success.""]}, {""name"": ""Glaive"", ""entries"": [""{@atk mw} {@hit 5} to hit, reach 10 ft., one target. {@h}8 ({@damage 1d10 + 3}) slashing damage. If the target is a creature other than an undead or a construct, it must succeed on a {@dc 12} Constitution saving throw or lose 5 ({@dice 1d10}) hit points at the start of each of its turns due to an infernal wound. Each time the devil hits the wounded target with this attack, the damage dealt by the wound increases by 5 ({@damage 1d10}). Any creature can take an action to stanch the wound with a successful {@dc 12} Wisdom ({@skill Medicine}) check. The wound also closes if the target receives magical healing.""]}]",,,,
Behir,MM,"[""H""]",monstrosity,"[""N"", ""E""]","[{""ac"": 17, ""from"": [""natural armor""]}]","{""average"": 168, ""formula"": ""16d12 + 64""}","{""walk"": 50, ""climb"": 40}",23,16,18,7,14,12,,"{""perception"": ""+6"", ""stealth"": ""+7""}",16,"[""Draconic""]",11,,"[{""name"": ""Multiattack"", ""entries"": [""The behir makes two attacks: one with its bite and one to constrict.""]}, {""name"": ""Bite"", ""entries"": [""{@atk mw} {@hit 10} to hit, reach 10 ft., one target. {@h}22 ({@damage 3d10 + 6}) piercing damage.""]}, {""name"": ""Constrict"", ""entries"": [""{@atk mw} {@hit 10} to hit, reach 5 ft., one Large or smaller creature. {@h}17 ({@damage 2d10 + 6}) bludgeoning damage plus 17 ({@damage 2d10 + 6}) slashing damage. The target is {@condition grappled} (escape {@dc 16}) if the behir isn't already constricting a creature, and the target is {@condition restrained} until this grapple ends.""]}, {""name"": ""Lightning Breath {@recharge 5}"", ""entries"": [""The behir exhales a line of lightning that is 20 feet long and 5 feet wide. Each creature in that line must make a {@dc 16} Dexterity saving throw, taking 66 ({@damage 12d10}) lightning damage on a failed save, or half as much damage on a successful one.""]}, {""name"": ""Swallow"", ""entries"": [""The behir makes one bite attack against a Medium or smaller target it is grappling. If the attack hits, the target is also swallowed, and the grapple ends. While swallowed, the target is {@condition blinded} and {@condition restrained}, it has {@quickref Cover||3||total cover} against attacks and other effects outside the behir, and it takes 21 ({@damage 6d6}) acid damage at the start of each of the behir's turns. A behir can have only one creature swallowed at a time."", ""If the behir takes 30 damage or more on a single turn from the swallowed creature, the behir must succeed on a {@dc 14} Constitution saving throw at the end of that turn or regurgitate the creature, which falls {@condition prone} in a space within 10 feet of the behir. If the behir dies, a swallowed creature is no longer {@condition restrained} by it and can escape from the corpse by using 15 feet of movement, exiting {@condition prone}.""]}]",,,,
Berserker,MM,"[""M""]","{""type"": ""humanoid"", ""tags"": [""any race""]}","[""C"", ""G"", ""NY"", ""E""]","[{""ac"": 13, ""from"": [""{@item hide armor|phb}""]}]","{""average"": 67, ""formula"": ""9d8 + 27""}","{""walk"": 30}",16,12,17,9,11,9,,,10,"[""any one language (usually Common)""]",2,"[{""name"": ""Reckless"", ""entries"": [""At the start of its turn, the berserker can gain advantage on all melee weapon attack rolls during that turn, but attack rolls against it have advantage until the start of its next turn.""]}]","[{""name"": ""Greataxe"", ""entries"": [""{@atk mw} {@hit 5} to hit, reach 5 ft., one target. {@h}9 ({@damage 1d12 + 3}) slashing damage.""]}]",,,,
Black Bear,MM,"[""M""]",beast,"[""U""]","[{""ac"": 11, ""from"": [""natural armor""]}]","{""average"": 19, ""formula"": ""3d8 + 6""}","{""walk"": 40, ""climb"": 30}",15,10,14,2,12,7,,"{""perception"": ""+3""}",13,,1/2,"[{""name"": ""Keen Smell"", ""entries"": [""The bear has advantage on Wisdom ({@skill Perception}) checks that rely on smell.""]}]","[{""name"": ""Multiattack"", ""entries"": [""The bear makes two attacks: one with its bite and one with its claws.""]}, {""name"": ""Bite"", ""entries"": [""{@atk mw} {@hit 4} to hit, reach 5 ft., one target. {@h}5 ({@damage 1d6 + 2}) piercing damage.""]}, {""name"": ""Claws"", ""entries"": [""{@atk mw} {@hit 4} to hit, reach 5 ft., one target. {@h}7 ({@damage 2d4 + 2}) slashing damage.""]}]",,,,
Black Dragon Wyrmling,MM,"[""M""]",dragon,"[""C"", ""E""]","[{""ac"": 17, ""from"": [""natural armor""]}]","{""average"": 33, ""formula"": ""6d8 + 6""}","{""walk"": 30, ""fly"": 60, ""swim"": 30}",15,14,13,10,11,13,"{""dex"": ""+4"", ""con"": ""+3"", ""wis"": ""+2"", ""cha"": ""+3""}","{""perception"": ""+4"", ""stealth"": ""+4""}",14,"[""Draconic""]",2,"[{""name"": ""Amphibious"", ""entries"": [""The dragon can breathe air and water.""]}]","[{""name"": ""Bite"", ""entries"": [""{@atk mw} {@hit 4} to hit, reach 5 ft., one target. {@h}7 ({@damage 1d10 + 2}) piercing damage plus 2 ({@damage 1d4}) acid damage.""]}, {""name"": ""Acid Breath {@recharge 5}"", ""entries"": [""The dragon exhales acid in a 15-foot line that is 5 feet wide. Each creature in that line must make a {@dc 11} Dexterity saving throw, taking 22 ({@damage 5d8}) acid damage on a failed save, or half as much damage on a successful one.""]}]",,,,
Black Pudding,MM,"[""L""]",ooze,"[""U""]",[7],"{""average"": 85, ""formula"": ""10d10 + 30""}","{""walk"": 20, ""climb"": 20}",16,5,16,1,6,1,,,8,,4,"[{""name"": ""Amorphous"", ""entries"": [""The pudding can move through a space as narrow as 1 inch wide without squeezing.""]}, {""name"": ""Corrosive Form"", ""entries"": [""A creature that touches the pudding or hits it with a melee attack while within 5 feet of it takes 4 ({@damage 1d8}) acid damage. Any nonmagical weapon made of metal or wood that hits the pudding corrodes. After dealing damage, the weapon takes a permanent and cumulative −1 penalty to damage rolls. If its penalty drops to −5, the weapon is destroyed. Nonmagical ammunition made of metal or wood that hits the pudding is destroyed after dealing damage. The pudding can eat through 2-inch-thick, nonmagical wood or metal in 1 round.""]}, {""name"": ""Spider Climb"", ""entries"": [""The pudding can climb difficult surfaces, including upside down on ceilings, without needing to make an ability check.""]}]","[{""name"": ""Pseudopod"", ""entries"": [""{@atk mw} {@hit 5} to hit, reach 5 ft., one target. {@h}6 ({@damage 1d6 + 3}) bludgeoning damage plus 18 ({@damage 4d8}) acid damage. In addition, nonmagical armor worn by the target is partly dissolved and takes a permanent and cumulative −1 penalty to the AC it offers. The armor is destroyed if the penalty reduces its AC to 10.""]}]",,"[{""name"": ""Split"", ""entries"": [""When a pudding that is Medium or larger is subjected to lightning or slashing damage, it splits into two new puddings if it has at least 10 hit points. Each new pudding has hit points equal to half the original pudding's, rounded down. New puddings are one size smaller than the original pudding.""]}]",,
Blink Dog,MM,"[""M""]",fey,"[""L"", ""G""]",[13],"{""average"": 22, ""formula"": ""4d8 + 4""}","{""walk"": 40}",12,17,12,10,13,11,,"{""perception"": ""+3"", ""stealth"": ""+5""}",13,"[""Blink Dog"", ""understands Sylvan but can't speak it""]",1/4,"[{""name"": ""Keen Hearing and Smell"", ""entries"": [""The dog has advantage on Wisdom ({@skill Perception}) checks that rely on hearing or smell.""]}]","[{""name"": ""Bite"", ""entries"": [""{@atk mw} {@hit 3} to hit, reach 5 ft., one target. {@h}4 ({@damage 1d6 + 1}) piercing damage.""]}, {""name"": ""Teleport {@recharge 4}"", ""entries"": [""The dog magically teleports, along with any equipment it is wearing or carrying, up to 40 feet to an unoccupied space it can see. Before or after teleporting, the dog can make one bite attack.""]}]",,,,
Blood Hawk,MM,"[""S""]",beast,"[""U""]",[12],"{""average"": 7, ""formula"": ""2d6""}","{""walk"": 10, ""fly"": 60}",6,14,10,3,14,5,,"{""perception"": ""+4""}",14,,1/8,"[{""name"": ""Keen Sight"", ""entries"": [""The hawk has advantage on Wisdom ({@skill Perception}) checks that rely on sight.""]}, {""name"": ""Pack Tactics"", ""entries"": [""The hawk has advantage on an attack roll against a creature if at least one of the hawk's allies is within 5 feet of the creature and the ally isn't {@condition incapacitated}.""]}]","[{""name"": ""Beak"", ""entries"": [""{@atk mw} {@hit 4} to hit, reach 5 ft., one target. {@h}4 ({@damage 1d4 + 2}) piercing damage.""]}]",,,,
Blue Dragon Wyrmling,MM,"[""M""]",dragon,"[""L"", ""E""]","[{""ac"": 17, ""from"": [""natural armor""]}]","{""average"": 52, ""formula"": ""8d8 + 16""}","{""walk"": 30, ""burrow"": 15, ""fly"": 60}",17,10,15,12,11,15,"{""dex"": ""+2"", ""con"": ""+4"", ""wis"": ""+2"", ""cha"": ""+4""}","{""perception"": ""+4"", ""stealth"": ""+2""}",14,"[""Draconic""]",3,,"[{""name"": ""Bite"", ""entries"": [""{@atk mw} {@hit 5} to hit, reach 5 ft., one target. {@h}8 ({@damage 1d10 + 3}) piercing damage plus 3 ({@damage 1d6}) lightning damage.""]}, {""name"": ""Lightning Breath {@recharge 5}"", ""entries"": [""The dragon exhales lightning in a 30-foot line that is 5 feet wide. Each creature in that line must make a {@dc 12} Dexterity saving throw, taking 22 ({@damage 4d10}) lightning damage on a failed save, or half as much damage on a successful one.""]}]",,,,
Boar,MM,"[""M""]",beast,"[""U""]","[{""ac"": 11, ""from"": [""natural armor""]}]","{""average"": 11, ""formula"": ""2d8 + 2""}","{""walk"": 40}",13,11,12,2,9,5,,,9,,1/4,"[{""name"": ""Charge"", ""entries"": [""If the boar moves at least 20 feet straight toward a target and then hits it with a tusk attack on the same turn, the target takes an extra 3 ({@damage 1d6}) slashing damage. If the target is a creature, it must succeed on a {@dc 11} Strength saving throw or be knocked {@condition prone}.""]}, {""name"": ""Relentless (Recharges after a Short or Long Rest)"", ""entries"": [""If the boar takes 7 damage or less that would reduce it to 0 hit points, it is reduced to 1 hit point instead.""]}]","[{""name"": ""Tusk"", ""entries"": [""{@atk mw} {@hit 3} to hit, reach 5 ft., one target. {@h}4 ({@damage 1d6 + 1}) slashing damage.""]}]",,,,
Bone Devil,MM,"[""L""]","{""type"": ""fiend"", ""tags"": [""devil""]}","[""L"", ""E""]","[{""ac"": 19, ""from"": [""natural armor""]}]","{""average"": 142, ""formula"": ""15d10 + 60""}","{""walk"": 40, ""fly"": 40}",18,16,18,13,14,16,"{""int"": ""+5"", ""wis"": ""+6"", ""cha"": ""+7""}","{""deception"": ""+7"", ""insight"": ""+6""}",12,"[""Infernal"", ""telepathy 120 ft.""]",9,"[{""name"": ""Devil's Sight"", ""entries"": [""Magical darkness doesn't impede the devil's darkvision.""]}, {""name"": ""Magic Resistance"", ""entries"": [""The devil has advantage on saving throws against spells and other magical effects.""]}]","[{""name"": ""Multiattack"", ""entries"": [""The devil makes three attacks: two with its claws and one with its sting.""]}, {""name"": ""Claw"", ""entries"": [""{@atk mw} {@hit 8} to hit, reach 10 ft., one target. {@h}8 ({@damage 1d8 + 4}) slashing damage.""]}, {""name"": ""Sting"", ""entries"": [""{@atk mw} {@hit 8} to hit, reach 10 ft., one target. {@h}13 ({@damage 2d8 + 4}) piercing damage plus 17 ({@damage 5d6}) poison damage, and the target must succeed on a {@dc 14} Constitution saving throw or become {@condition poisoned} for 1 minute. The target can repeat the saving throw at the end of each of its turns, ending the effect on itself on a success.""]}]",,,,
Brass Dragon Wyrmling,MM,"[""M""]",dragon,"[""C"", ""G""]","[{""ac"": 16, ""from"": [""natural armor""]}]","{""average"": 16, ""formula"": ""3d8 + 3""}","{""walk"": 30, ""burrow"": 15, ""fly"": 60}",15,10,13,10,11,13,"{""dex"": ""+2"", ""con"": ""+3"", ""wis"": ""+2"", ""cha"": ""+3""}","{""perception"": ""+4"", ""stealth"": ""+2""}",14,"[""Draconic""]",1,,"[{""name"": ""Bite"", ""entries"": [""{@atk mw} {@hit 4} to hit, reach 5 ft., one target. {@h}7 ({@damage 1d10 + 2}) piercing damage.""]}, {""name"": ""Breath Weapons {@recharge 5}"", ""entries"": [""The dragon uses one of the following breath weapons."", {""type"": ""list"", ""style"": ""list-hang-notitle"", ""items"": [{""type"": ""item"", ""name"": ""Fire Breath"", ""entry"": ""The dragon exhales fire in a 20-foot line that is 5 feet wide. Each creature in that line must make a {@dc 11} Dexterity saving throw, taking 14 ({@damage 4d6}) fire damage on a failed save, or half as much damage on a successful one.""}, {""type"": ""item"", ""name"": ""Sleep Breath"", ""entry"": ""The dragon exhales sleep gas in a 15-foot cone. Each creature in that area must succeed on a {@dc 11} Constitution saving throw or fall {@condition unconscious} for 1 minute. This effect ends for a creature if the creature takes damage or someone uses an action to wake it.""}]}]}]",,,,
Bronze Dragon Wyrmling,MM,"[""M""]",dragon,"[""L"", ""G""]","[{""ac"": 17, ""from"": [""natural armor""]}]","{""average"": 32, ""formula"": ""5d8 + 10""}","{""walk"": 30, ""fly"": 60, ""swim"": 30}",17,10,15,12,11,15,"{""dex"": ""+2"", ""con"": ""+4"", ""wis"": ""+2"", ""cha"": ""+4""}","{""perception"": ""+4"", ""stealth"": ""+2""}",14,"[""Draconic""]",2,"[{""name"": ""Amphibious"", ""entries"": [""The dragon can breathe air and water.""]}]","[{""name"": ""Bite"", ""entries"": [""{@atk mw} {@hit 5} to hit, reach 5 ft., one target. {@h}8 ({@damage 1d10 + 3}) piercing damage.""]}, {""name"": ""Breath Weapons {@recharge 5}"", ""entries"": [""The dragon uses one of the following breath weapons."", {""type"": ""list"", ""style"": ""list-hang-notitle"", ""items"": [{""type"": ""item"", ""name"": ""Lightning Breath"", ""entry"": ""The dragon exhales lightning in a 40-foot line that is 5 feet wide. Each creature in that line must make a {@dc 12} Dexterity saving throw, taking 16 ({@damage 3d10}) lightning damage on a failed save, or half as much damage on a successful one.""}, {""type"": ""item"", ""name"": ""Repulsion Breath"", ""entry"": ""The dragon exhales repulsion energy in a 30-foot cone. Each creature in that area must succeed on a {@dc 12} Strength saving throw. On a failed save, the creature is pushed 30 feet away from the dragon.""}]}]}]",,,,
Brown Bear,MM,"[""L""]",beast,"[""U""]","[{""ac"": 11, ""from"": [""natural armor""]}]","{""average"": 34, ""formula"": ""4d10 + 12""}","{""walk"": 40, ""climb"": 30}",19,10,16,2,13,7,,"{""perception"": ""+3""}",13,,1,"[{""name"": ""Keen Smell"", ""entries"": [""The bear has advantage on Wisdom ({@skill Perception}) checks that rely on smell.""]}]","[{""name"": ""Multiattack"", ""entries"": [""The bear makes two attacks: one with its bite and one with its claws.""]}, {""name"": ""Bite"", ""entries"": [""{@atk mw} {@hit 6} to hit, reach 5 ft., one target. {@h}8 ({@damage 1d8 + 4}) piercing damage.""]}, {""name"": ""Claws"", ""entries"": [""{@atk mw} {@hit 6} to hit, reach 5 ft., one target. {@h}11 ({@damage 2d6 + 4}) slashing damage.""]}]",,,,
Bugbear,MM,"[""M""]","{""type"": ""humanoid"", ""tags"": [""goblinoid""]}","[""C"", ""E""]","[{""ac"": 16, ""from"": [""{@item hide armor|phb}"", ""{@item shield|phb}""]}]","{""average"": 27, ""formula"": ""5d8 + 5""}","{""walk"": 30}",15,14,13,8,11,9,,"{""stealth"": ""+6"", ""survival"": ""+2""}",10,"[""Common"", ""Goblin""]",1,"[{""name"": ""Brute"", ""entries"": [""A melee weapon deals one extra die of its damage when the bugbear hits with it (included in the attack).""]}, {""name"": ""Surprise Attack"", ""entries"": [""If the bugbear surprises a creature and hits it with an attack during the first round of combat, the target takes an extra 7 ({@damage 2d6}) damage from the attack.""]}]","[{""name"": ""Morningstar"", ""entries"": [""{@atk mw} {@hit 4} to hit, reach 5 ft., one target. {@h}11 ({@damage 2d8 + 2}) piercing damage.""]}, {""name"": ""Javelin"", ""entries"": [""{@atk mw,rw} {@hit 4} to hit, reach 5 ft. or range 30/120 ft., one target. {@h}9 ({@damage 2d6 + 2}) piercing damage in melee or 5 ({@damage 1d6 + 2}) piercing damage at range.""]}]",,,,
Bulette,MM,"[""L""]",monstrosity,"[""U""]","[{""ac"": 17, ""from"": [""natural armor""]}]","{""average"": 94, ""formula"": ""9d10 + 45""}","{""walk"": 40, ""burrow"": 40}",19,11,21,2,10,5,,"{""perception"": ""+6""}",16,,5,"[{""name"": ""Standing Leap"", ""entries"": [""The bulette's long jump is up to 30 feet and its high jump is up to 15 feet, with or without a running start.""]}]","[{""name"": ""Bite"", ""entries"": [""{@atk mw} {@hit 7} to hit, reach 5 ft., one target. {@h}30 ({@damage 4d12 + 4}) piercing damage.""]}, {""name"": ""Deadly Leap"", ""entries"": [""If the bulette jumps at least 15 feet as part of its movement, it can then use this action to land on its feet in a space that contains one or more other creatures. Each of those creatures must succeed on a {@dc 16} Strength or Dexterity saving throw (target's choice) or be knocked {@condition prone} and take 14 ({@damage 3d6 + 4}) bludgeoning damage plus 14 ({@damage 3d6 + 4}) slashing damage. On a successful save, the creature takes only half the damage, isn't knocked {@condition prone}, and is pushed 5 feet out of the bulette's space into an unoccupied space of the creature's choice. If no unoccupied space is within range, the creature instead falls {@condition prone} in the bulette's space.""]}]",,,,
Camel,MM,"[""L""]",beast,"[""U""]",[9],"{""average"": 15, ""formula"": ""2d10 + 4""}","{""walk"": 50}",16,8,14,2,8,5,,,9,,1/8,,"[{""name"": ""Bite"", ""entries"": [""{@atk mw} {@hit 5} to hit, reach 5 ft., one target. {@h}2 ({@damage 1d4}) bludgeoning damage.""]}]",,,,
Cat,MM,"[""T""]",beast,"[""U""]",[12],"{""average"": 2, ""formula"": ""1d4""}","{""walk"": 40, ""climb"": 30}",3,15,10,3,12,7,,"{""perception"": ""+3"", ""stealth"": ""+4""}",13,,0,"[{""name"": ""Keen Smell"", ""entries"": [""The cat has advantage on Wisdom ({@skill Perception}) checks that rely on smell.""]}]","[{""name"": ""Claws"", ""entries"": [""{@atk mw} {@hit 0} to hit, reach 5 ft., one target. {@h}1 slashing damage.""]}]",,,,
Centaur,MM,"[""L""]",monstrosity,"[""N"", ""G""]",[12],"{""average"": 45, ""formula"": ""6d10 + 12""}","{""walk"": 50}",18,14,14,9,13,11,,"{""athletics"": ""+6"", ""perception"": ""+3"", ""survival"": ""+3""}",13,"[""Elvish"", ""Sylvan""]",2,"[{""name"": ""Charge"", ""entries"": [""If the centaur moves at least 30 feet straight toward a target and then hits it with a pike attack on the same turn, the target takes an extra 10 ({@damage 3d6}) piercing damage.""]}]","[{""name"": ""Multiattack"", ""entries"": [""The centaur makes two attacks: one with its pike and one with its hooves or two with its longbow.""]}, {""name"": ""Pike"", ""entries"": [""{@atk mw} {@hit 6} to hit, reach 10 ft., one target. {@h}9 ({@damage 1d10 + 4}) piercing damage.""]}, {""name"": ""Hooves"", ""entries"": [""{@atk mw} {@hit 6} to hit, reach 5 ft., one target. {@h}11 ({@damage 2d6 + 4}) bludgeoning damage.""]}, {""name"": ""Longbow"", ""entries"": [""{@atk rw} {@hit 4} to hit, range 150/600 ft., one target. {@h}6 ({@damage 1d8 + 2}) piercing damage.""]}]",,,,
Chain Devil,MM,"[""M""]","{""type"": ""fiend"", ""tags"": [""devil""]}","[""L"", ""E""]","[{""ac"": 16, ""from"": [""natural armor""]}]","{""average"": 85, ""formula"": ""10d8 + 40""}","{""walk"": 30}",18,15,18,11,12,14,"{""con"": ""+7"", ""wis"": ""+4"", ""cha"": ""+5""}",,11,"[""Infernal"", ""telepathy 120 ft.""]",8,"[{""name"": ""Devil's Sight"", ""entries"": [""Magical darkness doesn't impede the devil's darkvision.""]}, {""name"": ""Magic Resistance"", ""entries"": [""The devil has advantage on saving throws against spells and other magical effects.""]}]","[{""name"": ""Multiattack"", ""entries"": [""The devil makes two attacks with its chains.""]}, {""name"": ""Chain"", ""entries"": [""{@atk mw} {@hit 8} to hit, reach 10 ft., one target. {@h}11 ({@damage 2d6 + 4}) slashing damage. The target is {@condition grappled} (escape {@dc 14}) if the devil isn't already grappling a creature. Until this grapple ends, the target is {@condition restrained} and takes 7 ({@damage 2d6}) piercing damage at the start of each of its turns.""]}, {""name"": ""Animate Chains (Recharges after a Short or Long Rest)"", ""entries"": [""Up to four chains the devil can see within 60 feet of it magically sprout razor-edged barbs and animate under the devil's control, provided that the chains aren't being worn or carried."", ""Each animated chain is an object with AC 20, 20 hit points, resistance to piercing damage, and immunity to psychic and thunder damage. When the devil uses Multiattack on its turn, it can use each animated chain to make one additional chain attack. An animated chain can grapple one creature of its own but can't make attacks while grappling. An animated chain reverts to its inanimate state if reduced to 0 hit points or if the devil is {@condition incapacitated} or dies.""]}]",,"[{""name"": ""Unnerving Mask"", ""entries"": [""When a creature the devil can see starts its turn within 30 feet of the devil, the devil can create the illusion that it looks like one of the creature's departed loved ones or bitter enemies. If the creature can see the devil, it must succeed on a {@dc 14} Wisdom saving throw or be {@condition frightened} until the end of its turn.""]}]",,
Chimera,MM,"[""L""]",monstrosity,"[""C"", ""E""]","[{""ac"": 14, ""from"": [""natural armor""]}]","{""average"": 114, ""formula"": ""12d10 + 48""}","{""walk"": 30, ""fly"": 60}",19,11,19,3,14,10,,"{""perception"": ""+8""}",18,"[""understands Draconic but can't speak""]",6,,"[{""name"": ""Multiattack"", ""entries"": [""The chimera makes three attacks: one with its bite, one with its horns, and one with its claws. When its fire breath is available, it can use the breath in place of its bite or horns.""]}, {""name"": ""Bite"", ""entries"": [""{@atk mw} {@hit 7} to hit, reach 5 ft., one target. {@h}11 ({@damage 2d6 + 4}) piercing damage.""]}, {""name"": ""Horns"", ""entries"": [""{@atk mw} {@hit 7} to hit, reach 5 ft., one target. {@h}10 ({@damage 1d12 + 4}) bludgeoning damage.""]}, {""name"": ""Claws"", ""entries"": [""{@atk mw} {@hit 7} to hit, reach 5 ft., one target. {@h}11 ({@damage 2d6 + 4}) slashing damage.""]}, {""name"": ""Fire Breath {@recharge 5}"", ""entries"": [""The dragon head exhales fire in a 15-foot cone. Each creature in that area must make a {@dc 15} Dexterity saving throw, taking 31 ({@damage 7d8}) fire damage on a failed save, or half as much damage on a successful one.""]}]",,,,
Chuul,MM,"[""L""]",aberration,"[""C"", ""E""]","[{""ac"": 16, ""from"": [""natural armor""]}]","{""average"": 93, ""formula"": ""11d10 + 33""}","{""walk"": 30, ""swim"": 30}",19,10,16,5,11,5,,"{""perception"": ""+4""}",14,"[""understands Deep Speech but can't speak""]",4,"[{""name"": ""Amphibious"", ""entries"": [""The chuul can breathe air and water.""]}, {""name"": ""Sense Magic"", ""entries"": [""The chuul senses magic within 120 feet of it at will. This trait otherwise works like the {@spell detect magic} spell but isn't itself magical.""]}]","[{""name"": ""Multiattack"", ""entries"": [""The chuul makes two pincer attacks. If the chuul is grappling a creature, the chuul can also use its tentacles once.""]}, {""name"": ""Pincer"", ""entries"": [""{@atk mw} {@hit 6} to hit, reach 10 ft., one target. {@h}11 ({@damage 2d6 + 4}) bludgeoning damage. The target is {@condition grappled} (escape {@dc 14}) if it is a Large or smaller creature and the chuul doesn't have two other creatures {@condition grappled}.""]}, {""name"": ""Tentacles"", ""entries"": [""One creature {@condition grappled} by the chuul must succeed on a {@dc 13} Constitution saving throw or be {@condition poisoned} for 1 minute. Until this poison ends, the target is {@condition paralyzed}. The target can repeat the saving throw at the end of each of its turns, ending the effect on itself on a success.""]}]",,,,
Clay Golem,MM,"[""L""]",construct,"[""U""]","[{""ac"": 14, ""from"": [""natural armor""]}]","{""average"": 133, ""formula"": ""14d10 + 56""}","{""walk"": 20}",20,9,18,3,8,1,,,9,"[""understands the languages of its creator but can't speak""]",9,"[{""name"": ""Acid Absorption"", ""entries"": [""Whenever the golem is subjected to acid damage, it takes no damage and instead regains a number of hit points equal to the acid damage dealt.""]}, {""name"": ""Berserk"", ""entries"": [""Whenever the golem starts its turn with 60 hit points or fewer, roll a {@dice d6}. On a 6, the golem goes berserk. On each of its turns while berserk, the golem attacks the nearest creature it can see. If no creature is near enough to move to and attack, the golem attacks an object, with preference for an object smaller than itself. Once the golem goes berserk, it continues to do so until it is destroyed or regains all its hit points.""]}, {""name"": ""Immutable Form"", ""entries"": [""The golem is immune to any spell or effect that would alter its form.""]}, {""name"": ""Magic Resistance"", ""entries"": [""The golem has advantage on saving throws against spells and other magical effects.""]}, {""name"": ""Magic Weapons"", ""entries"": [""The golem's weapon attacks are magical.""]}]","[{""name"": ""Multiattack"", ""entries"": [""The golem makes two slam attacks.""]}, {""name"": ""Slam"", ""entries"": [""{@atk mw} {@hit 8} to hit, reach 5 ft., one target. {@h}16 ({@damage 2d10 + 5}) bludgeoning damage. If the target is a creature, it must succeed on a {@dc 15} Constitution saving throw or have its hit point maximum reduced by an amount equal to the damage taken. The target dies if this attack reduces its hit point maximum to 0. The reduction lasts until removed by the  {@spell greater restoration} spell or other magic.""]}, {""name"": ""Haste {@recharge 5}"", ""entries"": [""Until the end of its next turn, the golem magically gains a +2 bonus to its AC, has advantage on Dexterity saving throws, and can use its slam attack as a bonus action.""]}]",,,,
Cloaker,MM,"[""L""]",aberration,"[""C"", ""N""]","[{""ac"": 14, ""from"": [""natural armor""]}]","{""average"": 78, ""formula"": ""12d10 + 12""}","{""walk"": 10, ""fly"": 40}",17,15,12,13,12,14,,"{""stealth"": ""+5""}",11,"[""Deep Speech"", ""Undercommon""]",8,"[{""name"": ""Damage Transfer"", ""entries"": [""While attached to a creature, the cloaker takes only half the damage dealt to it (rounded down). and that creature takes the other half.""]}, {""name"": ""False Appearance"", ""entries"": [""While the cloaker remains motionless without its underside exposed, it is indistinguishable from a dark leather cloak.""]}, {""name"": ""Light Sensitivity"", ""entries"": [""While in bright light, the cloaker has disadvantage on attack rolls and Wisdom ({@skill Perception}) checks that rely on sight.""]}]","[{""name"": ""Multiattack"", ""entries"": [""The cloaker makes two attacks: one with its bite and one with its tail.""]}, {""name"": ""Bite"", ""entries"": [""{@atk mw} {@hit 6} to hit, reach 5 ft., one creature. {@h}10 ({@damage 2d6 + 3}) piercing damage, and if the target is Large or smaller, the cloaker attaches to it. If the cloaker has advantage against the target, the cloaker attaches to the target's head, and the target is {@condition blinded} and unable to breathe while the cloaker is attached. While attached, the cloaker can make this attack only against the target and has advantage on the attack roll. The cloaker can detach itself by spending 5 feet of its movement. A creature, including the target, can take its action to detach the cloaker by succeeding on a {@dc 16} Strength check.""]}, {""name"": ""Tail"", ""entries"": [""{@atk mw} {@hit 6} to hit, reach 10 ft., one creature. {@h}7 ({@damage 1d8 + 3}) slashing damage.""]}, {""name"": ""Moan"", ""entries"": [""Each creature within 60 feet of the cloaker that can hear its moan and that isn't an aberration must succeed on a {@dc 13} Wisdom saving throw or become {@condition frightened} until the end of the cloaker's next turn. If a creature's saving throw is successful, the creature is immune to the cloaker's moan for the next 24 hours.""]}, {""name"": ""Phantasms (Recharges after a Short or Long Rest)"", ""entries"": [""The cloaker magically creates three illusory duplicates of itself if it isn't in bright light. The duplicates move with it and mimic its actions, shifting position so as to make it impossible to track which cloaker is the real one. If the cloaker is ever in an area of bright light, the duplicates disappear."", ""Whenever any creature targets the cloaker with an attack or a harmful spell while a duplicate remains, that creature rolls randomly to determine whether it targets the cloaker or one of the duplicates. A creature is unaffected by this magical effect if it can't see or if it relies on senses other than sight."", ""A duplicate has the cloaker's AC and uses its saving throws. If an attack hits a duplicate, or if a duplicate fails a saving throw against an effect that deals damage, the duplicate disappears.""]}]",,,,
Cloud Giant,MM,"[""H""]",giant,"[{""alignment"": [""N"", ""G""], ""chance"": 50}, {""alignment"": [""N"", ""E""], ""chance"": 50}]","[{""ac"": 14, ""from"": [""natural armor""]}]","{""average"": 200, ""formula"": ""16d12 + 96""}","{""walk"": 40}",27,10,22,12,16,16,"{""con"": ""+10"", ""wis"": ""+7"", ""cha"": ""+7""}","{""insight"": ""+7"", ""perception"": ""+7""}",17,"[""Common"", ""Giant""]",9,"[{""name"": ""Keen Smell"", ""entries"": [""The giant has advantage on Wisdom ({@skill Perception}) checks that rely on smell.""]}]","[{""name"": ""Multiattack"", ""entries"": [""The giant makes two morningstar attacks.""]}, {""name"": ""Morningstar"", ""entries"": [""{@atk mw} {@hit 12} to hit, reach 10 ft., one target. {@h}21 ({@damage 3d8 + 8}) piercing damage.""]}, {""name"": ""Rock"", ""entries"": [""{@atk rw} {@hit 12} to hit, range 60/240 ft., one target. {@h}30 ({@damage 4d10 + 8}) bludgeoning damage.""]}]",,,,"[{""name"": ""Innate Spellcasting"", ""type"": ""spellcasting"", ""headerEntries"": [""The giant's innate spellcasting ability is Charisma. It can innately cast the following spells, requiring no material components:""], ""will"": [""{@spell detect magic}"", ""{@spell fog cloud}"", ""{@spell light}""], ""daily"": {""3e"": [""{@spell feather fall}"", ""{@spell fly}"", ""{@spell misty step}"", ""{@spell telekinesis}""], ""1e"": [""{@spell control weather}"", ""{@spell gaseous form}""]}, ""ability"": ""cha""}]"
Cockatrice,MM,"[""S""]",monstrosity,"[""U""]",[11],"{""average"": 27, ""formula"": ""6d6 + 6""}","{""walk"": 20, ""fly"": 40}",6,12,12,2,13,5,,,11,,1/2,,"[{""name"": ""Bite"", ""entries"": [""{@atk mw} {@hit 3} to hit, reach 5 ft., one creature. {@h}3 ({@damage 1d4 + 1}) piercing damage, and the target must succeed on a {@dc 11} Constitution saving throw against being magically {@condition petrified}. On a failed save, the creature begins to turn to stone and is {@condition restrained}. It must repeat the saving throw at the end of its next turn. On a success, the effect ends. On a failure, the creature is {@condition petrified} for 24 hours.""]}]",,,,
Commoner,MM,"[""M""]","{""type"": ""humanoid"", ""tags"": [""any race""]}","[""A""]",[10],"{""average"": 4, ""formula"": ""1d8""}","{""walk"": 30}",10,10,10,10,10,10,,,10,"[""any one language (usually Common)""]",0,,"[{""name"": ""Club"", ""entries"": [""{@atk mw} {@hit 2} to hit, reach 5 ft., one target. {@h}2 ({@damage 1d4}) bludgeoning damage.""]}]",,,,
Constrictor Snake,MM,"[""L""]",beast,"[""U""]",[12],"{""average"": 13, ""formula"": ""2d10 + 2""}","{""walk"": 30, ""swim"": 30}",15,14,12,1,10,3,,,10,,1/4,,"[{""name"": ""Bite"", ""entries"": [""{@atk mw} {@hit 4} to hit, reach 5 ft., one creature. {@h}5 ({@damage 1d6 + 2}) piercing damage.""]}, {""name"": ""Constrict"", ""entries"": [""{@atk mw} {@hit 4} to hit, reach 5 ft., one creature. {@h}6 ({@damage 1d8 + 2}) bludgeoning damage, and the target is {@condition grappled} (escape {@dc 14}). Until this grapple ends, the creature is {@condition restrained}, and the snake can't constrict another target.""]}]",,,,
Copper Dragon Wyrmling,MM,"[""M""]",dragon,"[""C"", ""G""]","[{""ac"": 16, ""from"": [""natural armor""]}]","{""average"": 22, ""formula"": ""4d8 + 4""}","{""walk"": 30, ""climb"": 30, ""fly"": 60}",15,12,13,14,11,13,"{""dex"": ""+3"", ""con"": ""+3"", ""wis"": ""+2"", ""cha"": ""+3""}","{""perception"": ""+4"", ""stealth"": ""+3""}",14,"[""Draconic""]",1,,"[{""name"": ""Bite"", ""entries"": [""{@atk mw} {@hit 4} to hit, reach 5 ft., one target. {@h}7 ({@damage 1d10 + 2}) piercing damage.""]}, {""name"": ""Breath Weapons {@recharge 5}"", ""entries"": [""The dragon uses one of the following breath weapons."", {""type"": ""list"", ""style"": ""list-hang-notitle"", ""items"": [{""type"": ""item"", ""name"": ""Acid Breath"", ""entry"": ""The dragon exhales acid in a 20-foot line that is 5 feet wide. Each creature in that line must make a {@dc 11} Dexterity saving throw, taking 18 ({@damage 4d8}) acid damage on a failed save, or half as much damage on a successful one.""}, {""type"": ""item"", ""name"": ""Slowing Breath"", ""entry"": ""The dragon exhales gas in a 15-foot cone. Each creature in that area must succeed on a {@dc 11} Constitution saving throw. On a failed save, the creature can't use reactions, its speed is halved, and it can't make more than one attack on its turn. In addition, the creature can use either an action or a bonus action on its turn, but not both. These effects last for 1 minute. The creature can repeat the saving throw at the end of each of its turns, ending the effect on itself with a successful save.""}]}]}]",,,,
Couatl,MM,"[""M""]",celestial,"[""L"", ""G""]","[{""ac"": 19, ""from"": [""natural armor""]}]","{""average"": 97, ""formula"": ""13d8 + 39""}","{""walk"": 30, ""fly"": 90}",16,20,17,18,20,18,"{""con"": ""+5"", ""wis"": ""+7"", ""cha"": ""+6""}",,15,"[""all"", ""telepathy 120 ft.""]",4,"[{""name"": ""Magic Weapons"", ""entries"": [""The couatl's weapon attacks are magical.""]}, {""name"": ""Shielded Mind"", ""entries"": [""The couatl is immune to scrying and to any effect that would sense its emotions, read its thoughts, or detect its location.""]}]","[{""name"": ""Bite"", ""entries"": [""{@atk mw} {@hit 8} to hit, reach 5 ft., one creature. {@h}8 ({@damage 1d6 + 5}) piercing damage, and the target must succeed on a {@dc 13} Constitution saving throw or be {@condition poisoned} for 24 hours. Until this poison ends, the target is {@condition unconscious}. Another creature can use an action to shake the target awake.""]}, {""name"": ""Constrict"", ""entries"": [""{@atk mw} {@hit 6} to hit, reach 10 ft., one Medium or smaller creature. {@h}10 ({@damage 2d6 + 3}) bludgeoning damage, and the target is {@condition grappled} (escape {@dc 15}). Until this grapple ends, the target is {@condition restrained}, and the couatl can't constrict another target.""]}, {""name"": ""Change Shape"", ""entries"": [""The couatl magically polymorphs into a humanoid or beast that has a challenge rating equal to or less than its own, or back into its true form. It reverts to its true form if it dies. Any equipment it is wearing or carrying is absorbed or borne by the new form (the couatl's choice)."", ""In a new form, the couatl retains its game statistics and ability to speak, but its AC, movement modes, Strength, Dexterity, and other actions are replaced by those of the new form, and it gains any statistics and capabilities (except class features, legendary actions, and lair actions) that the new form has but that it lacks. If the new form has a bite attack, the couatl can use its bite in that form.""]}]",,,,"[{""name"": ""Innate Spellcasting"", ""type"": ""spellcasting"", ""headerEntries"": [""The couatl's spellcasting ability is Charisma (spell save {@dc 14}). It can innately cast the following spells, requiring only verbal components:""], ""will"": [""{@spell detect evil and good}"", ""{@spell detect magic}"", ""{@spell detect thoughts}""], ""daily"": {""3e"": [""{@spell bless}"", ""{@spell create food and water}"", ""{@spell cure wounds}"", ""{@spell lesser restoration}"", ""{@spell protection from poison}"", ""{@spell sanctuary}"", ""{@spell shield}""], ""1e"": [""{@spell dream}"", ""{@spell greater restoration}"", ""{@spell scrying}""]}, ""ability"": ""cha""}]"
Crab,MM,"[""T""]",beast,"[""U""]","[{""ac"": 11, ""from"": [""natural armor""]}]","{""average"": 2, ""formula"": ""1d4""}","{""walk"": 20, ""swim"": 20}",2,11,10,1,8,2,,"{""stealth"": ""+2""}",9,,0,"[{""name"": ""Amphibious"", ""entries"": [""The crab can breathe air and water.""]}]","[{""name"": ""Claw"", ""entries"": [""{@atk mw} {@hit 0} to hit, reach 5 ft., one target. {@h}1 bludgeoning damage.""]}]",,,,
Crocodile,MM,"[""L""]",beast,"[""U""]","[{""ac"": 12, ""from"": [""natural armor""]}]","{""average"": 19, ""formula"": ""3d10 + 3""}","{""walk"": 20, ""swim"": 30}",15,10,13,2,10,5,,"{""stealth"": ""+2""}",10,,1/2,"[{""name"": ""Hold Breath"", ""entries"": [""The crocodile can hold its breath for 15 minutes.""]}]","[{""name"": ""Bite"", ""entries"": [""{@atk mw} {@hit 4} to hit, reach 5 ft., one creature. {@h}7 ({@damage 1d10 + 2}) piercing damage, and the target is {@condition grappled} (escape {@dc 12}). Until this grapple ends, the target is {@condition restrained}, and the crocodile can't bite another target""]}]",,,,
Cult Fanatic,MM,"[""M""]","{""type"": ""humanoid"", ""tags"": [""any race""]}","[""L"", ""NX"", ""C"", ""NY"", ""E""]","[{""ac"": 13, ""from"": [""{@item leather armor|phb}""]}]","{""average"": 33, ""formula"": ""6d8 + 6""}","{""walk"": 30}",11,14,12,10,13,14,,"{""deception"": ""+4"", ""persuasion"": ""+4"", ""religion"": ""+2""}",11,"[""any one language (usually Common)""]",2,"[{""name"": ""Dark Devotion"", ""entries"": [""The fanatic has advantage on saving throws against being {@condition charmed} or {@condition frightened}.""]}]","[{""name"": ""Multiattack"", ""entries"": [""The fanatic makes two melee attacks.""]}, {""name"": ""Dagger"", ""entries"": [""{@atk mw,rw} {@hit 4} to hit, reach 5 ft. or range 20/60 ft., one creature. {@h}4 ({@damage 1d4 + 2}) piercing damage.""]}]",,,,"[{""name"": ""Spellcasting"", ""type"": ""spellcasting"", ""headerEntries"": [""The fanatic is a 4th-level spellcaster. Its spellcasting ability is Wisdom (spell save {@dc 11}, {@hit 3} to hit with spell attacks). The fanatic has the following cleric spells prepared:""], ""spells"": {""0"": {""spells"": [""{@spell light}"", ""{@spell sacred flame}"", ""{@spell thaumaturgy}""]}, ""1"": {""slots"": 4, ""spells"": [""{@spell command}"", ""{@spell inflict wounds}"", ""{@spell shield of faith}""]}, ""2"": {""slots"": 3, ""spells"": [""{@spell hold person}"", ""{@spell spiritual weapon}""]}}, ""ability"": ""wis""}]"
Cultist,MM,"[""M""]","{""type"": ""humanoid"", ""tags"": [""any race""]}","[""L"", ""NX"", ""C"", ""NY"", ""E""]","[{""ac"": 12, ""from"": [""{@item leather armor|phb}""]}]","{""average"": 9, ""formula"": ""2d8""}","{""walk"": 30}",11,12,10,10,11,10,,"{""deception"": ""+2"", ""religion"": ""+2""}",10,"[""any one language (usually Common)""]",1/8,"[{""name"": ""Dark Devotion"", ""entries"": [""The cultist has advantage on saving throws against being {@condition charmed} or {@condition frightened}.""]}]","[{""name"": ""Scimitar"", ""entries"": [""{@atk mw} {@hit 3} to hit, reach 5 ft., one creature. {@h}4 ({@damage 1d6 + 1}) slashing damage.""]}]",,,,
Darkmantle,MM,"[""S""]",monstrosity,"[""U""]",[11],"{""average"": 22, ""formula"": ""5d6 + 5""}","{""walk"": 10, ""fly"": 30}",16,12,13,2,10,5,,"{""stealth"": ""+3""}",10,,1/2,"[{""name"": ""Echolocation"", ""entries"": [""The darkmantle can't use its blindsight while {@condition deafened}.""]}, {""name"": ""False Appearance"", ""entries"": [""While the darkmantle remains motionless, it is indistinguishable from a cave formation such as a stalactite or stalagmite.""]}]","[{""name"": ""Crush"", ""entries"": [""{@atk mw} {@hit 5} to hit, reach 5 ft., one creature. {@h}6 ({@damage 1d6 + 3}) bludgeoning damage, and the darkmantle attaches to the target. If the target is Medium or smaller and the darkmantle has advantage on the attack roll, it attaches by engulfing the target's head, and the target is also {@condition blinded} and unable to breathe while the darkmantle is attached in this way."", ""While attached to the target, the darkmantle can attack no other creature except the target but has advantage on its attack rolls. The darkmantle's speed also becomes 0, it can't benefit from any bonus to its speed, and it moves with the target."", ""A creature can detach the darkmantle by making a successful {@dc 13} Strength check as an action. On its turn, the darkmantle can detach itself from the target by using 5 feet of movement.""]}, {""name"": ""Darkness Aura (1/Day)"", ""entries"": [""A 15-foot radius of magical darkness extends out from the darkmantle, moves with it, and spreads around corners. The darkness lasts as long as the darkmantle maintains {@status concentration}, up to 10 minutes (as if {@status concentration||concentrating} on a spell). Darkvision can't penetrate this darkness, and no natural light can illuminate it. If any of the darkness overlaps with an area of light created by a spell of 2nd level or lower, the spell creating the light is dispelled.""]}]",,,,
Death Dog,MM,"[""M""]",monstrosity,"[""N"", ""E""]",[12],"{""average"": 39, ""formula"": ""6d8 + 12""}","{""walk"": 40}",15,14,14,3,13,6,,"{""perception"": ""+5"", ""stealth"": ""+4""}",15,,1,"[{""name"": ""Two-Headed"", ""entries"": [""The dog has advantage on Wisdom ({@skill Perception}) checks and on saving throws against being {@condition blinded}, {@condition charmed}, {@condition deafened}, {@condition frightened}, {@condition stunned}, or knocked {@condition unconscious}.""]}]","[{""name"": ""Multiattack"", ""entries"": [""The dog makes two bite attacks.""]}, {""name"": ""Bite"", ""entries"": [""{@atk mw} {@hit 4} to hit, reach 5 ft., one target. {@h}5 ({@damage 1d6 + 2}) piercing damage. If the target is a creature, it must succeed on a {@dc 12} Constitution saving throw against disease or become {@condition poisoned} until the disease is cured. Every 24 hours that elapse, the creature must repeat the saving throw, reducing its hit point maximum by 5 ({@dice 1d10}) on a failure. This reduction lasts until the disease is cured. The creature dies if the disease reduces its hit point maximum to 0.""]}]",,,,
Deep Gnome (Svirfneblin),MM,"[""S""]","{""type"": ""humanoid"", ""tags"": [""gnome""]}","[""N"", ""G""]","[{""ac"": 15, ""from"": [""{@item chain shirt|phb}""]}]","{""average"": 16, ""formula"": ""3d6 + 6""}","{""walk"": 20}",15,14,14,12,10,9,,"{""investigation"": ""+3"", ""perception"": ""+2"", ""stealth"": ""+4""}",12,"[""Gnomish"", ""Terran"", ""Undercommon""]",1/2,"[{""name"": ""Stone Camouflage"", ""entries"": [""The gnome has advantage on Dexterity ({@skill Stealth}) checks made to hide in rocky terrain.""]}, {""name"": ""Gnome Cunning"", ""entries"": [""The gnome has advantage on Intelligence, Wisdom, and Charisma saving throws against magic.""]}]","[{""name"": ""War Pick"", ""entries"": [""{@atk mw} {@hit 4} to hit, reach 5 ft., one target. {@h}6 ({@damage 1d8 + 2}) piercing damage.""]}, {""name"": ""Poisoned Dart"", ""entries"": [""{@atk rw} {@hit 4} to hit, range 30/120 ft., one creature. {@h}4 ({@damage 1d4 + 2}) piercing damage, and the target must succeed on a {@dc 12} Constitution saving throw or be {@condition poisoned} for 1 minute. The target can repeat the saving throw at the end of each of its turns, ending the effect on itself on a success""]}]",,,,"[{""name"": ""Innate Spellcasting"", ""type"": ""spellcasting"", ""headerEntries"": [""The gnome's innate spellcasting ability is Intelligence (spell save {@dc 11}). It can innately cast the following spells, requiring no material components:""], ""will"": [""{@spell nondetection} (self only)""], ""daily"": {""1e"": [""{@spell blindness/deafness}"", ""{@spell blur}"", ""{@spell disguise self}""]}, ""ability"": ""int""}]"
Deer,MM,"[""M""]",beast,"[""U""]",[13],"{""average"": 4, ""formula"": ""1d8""}","{""walk"": 50}",11,16,11,2,14,5,,,12,,0,,"[{""name"": ""Bite"", ""entries"": [""{@atk mw} {@hit 2} to hit, reach 5 ft., one target. {@h}2 ({@damage 1d4}) piercing damage.""]}]",,,,
Deva,MM,"[""M""]",celestial,"[""L"", ""G""]","[{""ac"": 17, ""from"": [""natural armor""]}]","{""average"": 136, ""formula"": ""16d8 + 64""}","{""walk"": 30, ""fly"": 90}",18,18,18,17,20,20,"{""wis"": ""+9"", ""cha"": ""+9""}","{""insight"": ""+9"", ""perception"": ""+9""}",19,"[""all"", ""telepathy 120 ft.""]",10,"[{""name"": ""Angelic Weapons"", ""entries"": [""The deva's weapon attacks are magical. When the deva hits with any weapon, the weapon deals an extra {@damage 4d8} radiant damage (included in the attack).""]}, {""name"": ""Magic Resistance"", ""entries"": [""The deva has advantage on saving throws against spells and other magical effects.""]}]","[{""name"": ""Multiattack"", ""entries"": [""The deva makes two melee attacks.""]}, {""name"": ""Mace"", ""entries"": [""{@atk mw} {@hit 8} to hit, reach 5 ft., one target. {@h}7 ({@damage 1d6 + 4}) bludgeoning damage plus 18 ({@damage 4d8}) radiant damage.""]}, {""name"": ""Healing Touch (3/Day)"", ""entries"": [""The deva touches another creature. The target magically regains 20 ({@dice 4d8 + 2}) hit points and is freed from any curse, disease, poison, blindness, or deafness.""]}, {""name"": ""Change Shape"", ""entries"": [""The deva magically polymorphs into a humanoid or beast that has a challenge rating equal to or less than its own, or back into its true form. It reverts to its true form if it dies. Any equipment it is wearing or carrying is absorbed or borne by the new form (the deva's choice)."", ""In a new form, the deva retains its game statistics and ability to speak, but its AC, movement modes, Strength, Dexterity, and special senses are replaced by those of the new form, and it gains any statistics and capabilities (except class features, legendary actions, and lair actions) that the new form has but that it lacks.""]}]",,,,"[{""name"": ""Innate Spellcasting"", ""type"": ""spellcasting"", ""headerEntries"": [""The deva's spellcasting ability is Charisma (spell save {@dc 17}). The deva can innately cast the following spells, requiring only verbal components:""], ""will"": [""{@spell detect evil and good}""], ""daily"": {""1e"": [""{@spell commune}"", ""{@spell raise dead}""]}, ""ability"": ""cha""}]"
Dire Wolf,MM,"[""L""]",beast,"[""U""]","[{""ac"": 14, ""from"": [""natural armor""]}]","{""average"": 37, ""formula"": ""5d10 + 10""}","{""walk"": 50}",17,15,15,3,12,7,,"{""perception"": ""+3"", ""stealth"": ""+4""}",13,,1,"[{""name"": ""Keen Hearing and Smell"", ""entries"": [""The wolf has advantage on Wisdom ({@skill Perception}) checks that rely on hearing or smell.""]}, {""name"": ""Pack Tactics"", ""entries"": [""The wolf has advantage on an attack roll against a creature if at least one of the wolf's allies is within 5 feet of the creature and the ally isn't {@condition incapacitated}.""]}]","[{""name"": ""Bite"", ""entries"": [""{@atk mw} {@hit 5} to hit, reach 5 ft., one target. {@h}10 ({@damage 2d6 + 3}) piercing damage. If the target is a creature, it must succeed on a {@dc 13} Strength saving throw or be knocked {@condition prone}.""]}]",,,,
Djinni,MM,"[""L""]",elemental,"[""C"", ""G""]","[{""ac"": 17, ""from"": [""natural armor""]}]","{""average"": 161, ""formula"": ""14d10 + 84""}","{""walk"": 30, ""fly"": 90}",21,15,22,15,16,20,"{""dex"": ""+6"", ""wis"": ""+7"", ""cha"": ""+9""}",,13,"[""Auran""]",11,"[{""name"": ""Elemental Demise"", ""entries"": [""If the djinni dies, its body disintegrates into a warm breeze, leaving behind only equipment the djinni was wearing or carrying.""]}]","[{""name"": ""Multiattack"", ""entries"": [""The djinni makes three scimitar attacks.""]}, {""name"": ""Scimitar"", ""entries"": [""{@atk mw} {@hit 9} to hit, reach 5 ft., one target. {@h}12 ({@damage 2d6 + 5}) slashing damage plus 3 ({@damage 1d6}) lightning or thunder damage (djinni's choice).""]}, {""name"": ""Create Whirlwind"", ""entries"": [""A 5-foot-radius, 30-foot-tall cylinder of swirling air magically forms on a point the djinni can see within 120 feet of it. The whirlwind lasts as long as the djinni maintains {@status concentration} (as if {@status concentration||concentrating} on a spell). Any creature but the djinni that enters the whirlwind must succeed on a {@dc 18} Strength saving throw or be {@condition restrained} by it. The djinni can move the whirlwind up to 60 feet as an action, and creatures {@condition restrained} by the whirlwind move with it. The whirlwind ends if the djinni loses sight of it."", ""A creature can use its action to free a creature {@condition restrained} by the whirlwind, including itself, by succeeding on a {@dc 18} Strength check. If the check succeeds, the creature is no longer {@condition restrained} and moves to the nearest space outside the whirlwind.""]}]",,,,"[{""name"": ""Innate Spellcasting"", ""type"": ""spellcasting"", ""headerEntries"": [""The djinni's innate spellcasting ability is Charisma (spell save {@dc 17}, {@hit 9} to hit with spell attacks). It can innately cast the following spells, requiring no material components:""], ""will"": [""{@spell detect evil and good}"", ""{@spell detect magic}"", ""{@spell thunderwave}""], ""daily"": {""3e"": [""{@spell create food and water} (can create wine instead of water)"", ""{@spell tongues}"", ""{@spell wind walk}""], ""1e"": [""{@spell conjure elemental} ({@creature air elemental} only)"", ""{@spell creation}"", ""{@spell gaseous form}"", ""{@spell invisibility}"", ""{@spell major image}"", ""{@spell plane shift}""]}, ""ability"": ""cha""}]"
Doppelganger,MM,"[""M""]","{""type"": ""monstrosity"", ""tags"": [""shapechanger""]}","[""N""]",[14],"{""average"": 52, ""formula"": ""8d8 + 16""}","{""walk"": 30}",11,18,14,11,12,14,,"{""deception"": ""+6"", ""insight"": ""+3""}",11,"[""Common""]",3,"[{""name"": ""Shapechanger"", ""entries"": [""The doppelganger can use its action to polymorph into a Small or Medium humanoid it has seen, or back into its true form. Its statistics, other than its size, are the same in each form. Any equipment it is wearing or carrying isn't transformed. It reverts to its true form if it dies.""]}, {""name"": ""Ambusher"", ""entries"": [""In the first round of a combat, the doppelganger has advantage on attack rolls against any creature it {@status surprised}.""]}, {""name"": ""Surprise Attack"", ""entries"": [""If the doppelganger surprises a creature and hits it with an attack during the first round of combat, the target takes an extra 10 ({@damage 3d6}) damage from the attack.""]}]","[{""name"": ""Multiattack"", ""entries"": [""The doppelganger makes two melee attacks.""]}, {""name"": ""Slam"", ""entries"": [""{@atk mw} {@hit 6} to hit, reach 5 ft., one target. {@h}7 ({@damage 1d6 + 4}) bludgeoning damage.""]}, {""name"": ""Read Thoughts"", ""entries"": [""The doppelganger magically reads the surface thoughts of one creature within 60 feet of it. The effect can penetrate barriers, but 3 feet of wood or dirt, 2 feet of stone, 2 inches of metal, or a thin sheet of lead blocks it. While the target is in range, the doppelganger can continue reading its thoughts, as long as the doppelganger's {@status concentration} isn't broken (as if {@status concentration||concentrating} on a spell). While reading the target's mind, the doppelganger has advantage on Wisdom ({@skill Insight}) and Charisma ({@skill Deception}, {@skill Intimidation}, and {@skill Persuasion}) checks against the target.""]}]",,,,
Draft Horse,MM,"[""L""]",beast,"[""U""]",[10],"{""average"": 19, ""formula"": ""3d10 + 3""}","{""walk"": 40}",18,10,12,2,11,7,,,10,,1/4,,"[{""name"": ""Hooves"", ""entries"": [""{@atk mw} {@hit 6} to hit, reach 5 ft., one target. {@h}9 ({@damage 2d4 + 4}) bludgeoning damage.""]}]",,,,
Dragon Turtle,MM,"[""G""]",dragon,"[""N""]","[{""ac"": 20, ""from"": [""natural armor""]}]","{""average"": 341, ""formula"": ""22d20 + 110""}","{""walk"": 20, ""swim"": 40}",25,10,20,10,12,12,"{""dex"": ""+6"", ""con"": ""+11"", ""wis"": ""+7""}",,11,"[""Aquan"", ""Draconic""]",17,"[{""name"": ""Amphibious"", ""entries"": [""The dragon turtle can breathe air and water.""]}]","[{""name"": ""Multiattack"", ""entries"": [""The dragon turtle makes three attacks: one with its bite and two with its claws. It can make one tail attack in place of its two claw attacks.""]}, {""name"": ""Bite"", ""entries"": [""{@atk mw} {@hit 13} to hit, reach 15 ft., one target. {@h}26 ({@damage 3d12 + 7}) piercing damage.""]}, {""name"": ""Claw"", ""entries"": [""{@atk mw} {@hit 13} to hit, reach 10 ft., one target. {@h}16 ({@damage 2d8 + 7}) slashing damage.""]}, {""name"": ""Tail"", ""entries"": [""{@atk mw} {@hit 13} to hit, reach 15 ft., one target. {@h}26 ({@damage 3d12 + 7}) bludgeoning damage. If the target is a creature, it must succeed on a {@dc 20} Strength saving throw or be pushed up to 10 feet away from the dragon turtle and knocked {@condition prone}.""]}, {""name"": ""Steam Breath {@recharge 5}"", ""entries"": [""The dragon turtle exhales scalding steam in a 60-foot cone. Each creature in that area must make a {@dc 18} Constitution saving throw, taking 52 ({@damage 15d6}) fire damage on a failed save, or half as much damage on a successful one. Being underwater doesn't grant resistance against this damage.""]}]",,,,
Dretch,MM,"[""S""]","{""type"": ""fiend"", ""tags"": [""demon""]}","[""C"", ""E""]","[{""ac"": 11, ""from"": [""natural armor""]}]","{""average"": 18, ""formula"": ""4d6 + 4""}","{""walk"": 20}",11,11,12,5,8,3,,,9,"[""Abyssal"", ""telepathy 60 ft. (works only with creatures that understand Abyssal)""]",1/4,,"[{""name"": ""Multiattack"", ""entries"": [""The dretch makes two attacks: one with its bite and one with its claws.""]}, {""name"": ""Bite"", ""entries"": [""{@atk mw} {@hit 2} to hit, reach 5 ft., one target. {@h}3 ({@damage 1d6}) piercing damage.""]}, {""name"": ""Claws"", ""entries"": [""{@atk mw} {@hit 2} to hit, reach 5 ft., one target. {@h}5 ({@damage 2d4}) slashing damage.""]}, {""name"": ""Fetid Cloud (1/Day)"", ""entries"": [""A 10-foot radius of disgusting green gas extends out from the dretch. The gas spreads around corners, and its area is lightly obscured. It lasts for 1 minute or until a strong wind disperses it. Any creature that starts its turn in that area must succeed on a {@dc 11} Constitution saving throw or be {@condition poisoned} until the start of its next turn. While {@condition poisoned} in this way, the target can take either an action or a bonus action on its turn, not both, and can't take reactions.""]}]",,,,
Drider,MM,"[""L""]",monstrosity,"[""C"", ""E""]","[{""ac"": 19, ""from"": [""natural armor""]}]","{""average"": 123, ""formula"": ""13d10 + 52""}","{""walk"": 30, ""climb"": 30}",16,16,18,13,14,12,,"{""perception"": ""+5"", ""stealth"": ""+9""}",15,"[""Elvish"", ""Undercommon""]",6,"[{""name"": ""Fey Ancestry"", ""entries"": [""The drider has advantage on saving throws against being {@condition charmed}, and magic can't put the drider to sleep.""]}, {""name"": ""Spider Climb"", ""entries"": [""The drider can climb difficult surfaces, including upside down on ceilings, without needing to make an ability check.""]}, {""name"": ""Sunlight Sensitivity"", ""entries"": [""While in sunlight, the drider has disadvantage on attack rolls, as well as on Wisdom ({@skill Perception}) checks that rely on sight.""]}, {""name"": ""Web Walker"", ""entries"": [""The drider ignores movement restrictions caused by webbing.""]}]","[{""name"": ""Multiattack"", ""entries"": [""The drider makes three attacks, either with its longsword or its longbow. It can replace one of those attacks with a bite attack.""]}, {""name"": ""Bite"", ""entries"": [""{@atk mw} {@hit 6} to hit, reach 5 ft., one creature. {@h}2 ({@damage 1d4}) piercing damage plus 9 ({@damage 2d8}) poison damage.""]}, {""name"": ""Longsword"", ""entries"": [""{@atk mw} {@hit 6} to hit, reach 5 ft., one target. {@h}7 ({@damage 1d8 + 3}) slashing damage, or 8 ({@damage 1d10 + 3}) slashing damage if used with two hands.""]}, {""name"": ""Longbow"", ""entries"": [""{@atk rw} {@hit 6} to hit, range 150/600 ft., one target. {@h}7 ({@damage 1d8 + 3}) piercing damage plus 4 ({@damage 1d8}) poison damage.""]}]",,,,"[{""name"": ""Innate Spellcasting"", ""type"": ""spellcasting"", ""headerEntries"": [""The drider's innate spellcasting ability is Wisdom (spell save {@dc 13}). The drider can innately cast the following spells, requiring no material components:""], ""will"": [""{@spell dancing lights}""], ""daily"": {""1e"": [""{@spell darkness}"", ""{@spell faerie fire}""]}, ""ability"": ""wis""}]"
Drow,MM,"[""M""]","{""type"": ""humanoid"", ""tags"": [{""tag"": ""elf"", ""prefix"": ""Drow"", ""prefixHidden"": true}]}","[""N"", ""E""]","[{""ac"": 15, ""from"": [""{@item chain shirt|phb}""]}]","{""average"": 13, ""formula"": ""3d8""}","{""walk"": 30}",10,14,10,11,11,12,,"{""perception"": ""+2"", ""stealth"": ""+4""}",12,"[""Elvish"", ""Undercommon""]",1/4,"[{""name"": ""Fey Ancestry"", ""entries"": [""The drow has advantage on saving throws against being {@condition charmed}, and magic can't put the drow to sleep.""]}, {""name"": ""Sunlight Sensitivity"", ""entries"": [""While in sunlight, the drow has disadvantage on attack rolls, as well as on Wisdom ({@skill Perception}) checks that rely on sight.""]}]","[{""name"": ""Shortsword"", ""entries"": [""{@atk mw} {@hit 4} to hit, reach 5 ft., one target. {@h}5 ({@damage 1d6 + 2}) piercing damage.""]}, {""name"": ""Hand Crossbow"", ""entries"": [""{@atk rw} {@hit 4} to hit, range 30/120 ft., one target. {@h}5 ({@damage 1d6 + 2}) piercing damage, and the target must succeed on a {@dc 13} Constitution saving throw or be {@condition poisoned} for 1 hour. If the saving throw fails by 5 or more, the target is also {@condition unconscious} while {@condition poisoned} in this way. The target wakes up if it takes damage or if another creature takes an action to shake it awake.""]}]",,,,"[{""name"": ""Innate Spellcasting"", ""type"": ""spellcasting"", ""headerEntries"": [""The drow's spellcasting ability is Charisma (spell save {@dc 11}). It can innately cast the following spells, requiring no material components:""], ""will"": [""{@spell dancing lights}""], ""daily"": {""1e"": [""{@spell darkness}"", ""{@spell faerie fire}""]}, ""ability"": ""cha""}]"
Druid,MM,"[""M""]","{""type"": ""humanoid"", ""tags"": [""any race""]}","[""A""]","[11, {""ac"": 16, ""condition"": ""with {@spell barkskin}"", ""braces"": true}]","{""average"": 27, ""formula"": ""5d8 + 5""}","{""walk"": 30}",10,12,13,12,15,11,,"{""medicine"": ""+4"", ""nature"": ""+3"", ""perception"": ""+4""}",14,"[""Druidic plus any two languages""]",2,,"[{""name"": ""Quarterstaff"", ""entries"": [""{@atk mw} {@hit 2} to hit ({@hit 4} to hit with shillelagh), reach 5 ft., one target. {@h}3 ({@damage 1d6}) bludgeoning damage, 4 ({@damage 1d8}) bludgeoning damage if wielded with two hands, or 6 ({@damage 1d8 + 2}) bludgeoning damage with {@spell shillelagh}.""]}]",,,,"[{""name"": ""Spellcasting"", ""type"": ""spellcasting"", ""headerEntries"": [""The druid is a 4th-level spellcaster. Its spellcasting ability is Wisdom (spell save {@dc 12}, {@hit 4} to hit with spell attacks). It has the following druid spells prepared:""], ""spells"": {""0"": {""spells"": [""{@spell druidcraft}"", ""{@spell produce flame}"", ""{@spell shillelagh}""]}, ""1"": {""slots"": 4, ""spells"": [""{@spell entangle}"", ""{@spell longstrider}"", ""{@spell speak with animals}"", ""{@spell thunderwave}""]}, ""2"": {""slots"": 3, ""spells"": [""{@spell animal messenger}"", ""{@spell barkskin}""]}}, ""ability"": ""wis""}]"
Dryad,MM,"[""M""]",fey,"[""N""]","[11, {""ac"": 16, ""condition"": ""with {@spell barkskin}"", ""braces"": true}]","{""average"": 22, ""formula"": ""5d8""}","{""walk"": 30}",10,12,11,14,15,18,,"{""perception"": ""+4"", ""stealth"": ""+5""}",14,"[""Elvish"", ""Sylvan""]",1,"[{""name"": ""Magic Resistance"", ""entries"": [""The dryad has advantage on saving throws against spells and other magical effects.""]}, {""name"": ""Speak with Beasts and Plants"", ""entries"": [""The dryad can communicate with beasts and plants as if they shared a language.""]}, {""name"": ""Tree Stride"", ""entries"": [""Once on her turn, the dryad can use 10 feet of her movement to step magically into one living tree within her reach and emerge from a second living tree within 60 feet of the first tree, appearing in an unoccupied space within 5 feet of the second tree. Both trees must be large or bigger.""]}]","[{""name"": ""Club"", ""entries"": [""{@atk mw} {@hit 2} to hit ({@hit 6} to hit with shillelagh), reach 5 ft., one target. {@h}2 ({@damage 1d4}) bludgeoning damage, or 8 ({@damage 1d8 + 4}) bludgeoning damage with shillelagh.""]}, {""name"": ""Fey Charm"", ""entries"": [""The dryad targets one humanoid or beast that she can see within 30 feet of her. If the target can see the dryad, it must succeed on a {@dc 14} Wisdom saving throw or be magically {@condition charmed}. The {@condition charmed} creature regards the dryad as a trusted friend to be heeded and protected. Although the target isn't under the dryad's control, it takes the dryad's requests or actions in the most favorable way it can."", ""Each time the dryad or its allies do anything harmful to the target, it can repeat the saving throw, ending the effect on itself on a success. Otherwise, the effect lasts 24 hours or until the dryad dies, is on a different plane of existence from the target, or ends the effect as a bonus action. If a target's saving throw is successful, the target is immune to the dryad's Fey Charm for the next 24 hours."", ""The dryad can have no more than one humanoid and up to three beasts {@condition charmed} at a time.""]}]",,,,"[{""name"": ""Innate Spellcasting"", ""type"": ""spellcasting"", ""headerEntries"": [""The dryad's innate spellcasting ability is Charisma (spell save {@dc 14}). The dryad can innately cast the following spells, requiring no material components:""], ""will"": [""{@spell druidcraft}""], ""daily"": {""3e"": [""{@spell entangle}"", ""{@spell goodberry}""], ""1e"": [""{@spell barkskin}"", ""{@spell pass without trace}"", ""{@spell shillelagh}""]}, ""ability"": ""cha""}]"
Duergar,MM,"[""M""]","{""type"": ""humanoid"", ""tags"": [""dwarf""]}","[""L"", ""E""]","[{""ac"": 16, ""from"": [""{@item scale mail|phb}"", ""{@item shield|phb}""]}]","{""average"": 26, ""formula"": ""4d8 + 4""}","{""walk"": 25}",14,11,14,11,10,9,,,10,"[""Dwarvish"", ""Undercommon""]",1,"[{""name"": ""Duergar Resilience"", ""entries"": [""The duergar has advantage on saving throws against poison, spells, and illusions, as well as to resist being {@condition charmed} or {@condition paralyzed}.""]}, {""name"": ""Sunlight Sensitivity"", ""entries"": [""While in sunlight, the duergar has disadvantage on attack rolls, as well as on Wisdom ({@skill Perception}) checks that rely on sight.""]}]","[{""name"": ""Enlarge (Recharges after a Short or Long Rest)"", ""entries"": [""For 1 minute, the duergar magically increases in size, along with anything it is wearing or carrying. While enlarged, the duergar is Large, doubles its damage dice on Strength-based weapon attacks (included in the attacks), and makes Strength checks and Strength saving throws with advantage. If the duergar lacks the room to become Large, it attains the maximum size possible in the space available.""]}, {""name"": ""War Pick"", ""entries"": [""{@atk mw} {@hit 4} to hit, reach 5 ft., one target. {@h}6 ({@damage 1d8 + 2}) piercing damage, or 11 ({@damage 2d8 + 2}) piercing damage while enlarged.""]}, {""name"": ""Javelin"", ""entries"": [""{@atk mw,rw} {@hit 4} to hit, reach 5 ft. or range 30/120 ft., one target. {@h}5 ({@damage 1d6 + 2}) piercing damage, or 9 ({@damage 2d6 + 2}) piercing damage while enlarged.""]}, {""name"": ""Invisibility (Recharges after a Short or Long Rest)"", ""entries"": [""The duergar magically turns {@condition invisible} until it attacks, casts a spell, or uses its Enlarge, or until its {@status concentration} is broken, up to 1 hour (as if {@status concentration||concentrating} on a spell). Any equipment the duergar wears or carries is {@condition invisible} with it.""]}]",,,,
Dust Mephit,MM,"[""S""]",elemental,"[""N"", ""E""]",[12],"{""average"": 17, ""formula"": ""5d6""}","{""walk"": 30, ""fly"": 30}",5,14,10,9,11,10,,"{""perception"": ""+2"", ""stealth"": ""+4""}",12,"[""Auran"", ""Terran""]",1/2,"[{""name"": ""Death Burst"", ""entries"": [""When the mephit dies, it explodes in a burst of dust. Each creature within 5 feet of it must then succeed on a {@dc 10} Constitution saving throw or be {@condition blinded} for 1 minute. A {@condition blinded} creature can repeat the saving throw on each of its turns, ending the effect on itself on a success.""]}]","[{""name"": ""Claws"", ""entries"": [""{@atk mw} {@hit 4} to hit, reach 5 ft., one creature. {@h}4 ({@damage 1d4 + 2}) slashing damage.""]}, {""name"": ""Blinding Breath {@recharge}"", ""entries"": [""The mephit exhales a 15-foot cone of blinding dust. Each creature in that area must succeed on a {@dc 10} Dexterity saving throw or be {@condition blinded} for 1 minute. A creature can repeat the saving throw at the end of each of its turns, ending the effect on itself on a success.""]}]",,,,"[{""name"": ""Innate Spellcasting (1/Day)"", ""type"": ""spellcasting"", ""headerEntries"": [""The mephit can innately cast {@spell sleep}, requiring no material components. Its innate spellcasting ability is Charisma.""], ""will"": [""{@spell sleep}""], ""ability"": ""cha"", ""hidden"": [""will""]}]"
Eagle,MM,"[""S""]",beast,"[""U""]",[12],"{""average"": 3, ""formula"": ""1d6""}","{""walk"": 10, ""fly"": 60}",6,15,10,2,14,7,,"{""perception"": ""+4""}",14,,0,"[{""name"": ""Keen Sight"", ""entries"": [""The eagle has advantage on Wisdom ({@skill Perception}) checks that rely on sight.""]}]","[{""name"": ""Talons"", ""entries"": [""{@atk mw} {@hit 4} to hit, reach 5 ft., one target. {@h}4 ({@damage 1d4 + 2}) slashing damage.""]}]",,,,
Earth Elemental,MM,"[""L""]",elemental,"[""N""]","[{""ac"": 17, ""from"": [""natural armor""]}]","{""average"": 126, ""formula"": ""12d10 + 60""}","{""walk"": 30, ""burrow"": 30}",20,8,20,5,10,5,,,10,"[""Terran""]",5,"[{""name"": ""Earth Glide"", ""entries"": [""The elemental can burrow through nonmagical, unworked earth and stone. While doing so, the elemental doesn't disturb the material it moves through.""]}, {""name"": ""Siege Monster"", ""entries"": [""The elemental deals double damage to objects and structures.""]}]","[{""name"": ""Multiattack"", ""entries"": [""The elemental makes two slam attacks.""]}, {""name"": ""Slam"", ""entries"": [""{@atk mw} {@hit 8} to hit, reach 10 ft., one target. {@h}14 ({@damage 2d8 + 5}) bludgeoning damage.""]}]",,,,
Efreeti,MM,"[""L""]",elemental,"[""L"", ""E""]","[{""ac"": 17, ""from"": [""natural armor""]}]","{""average"": 200, ""formula"": ""16d10 + 112""}","{""walk"": 40, ""fly"": 60}",22,12,24,16,15,16,"{""int"": ""+7"", ""wis"": ""+6"", ""cha"": ""+7""}",,12,"[""Ignan""]",11,"[{""name"": ""Elemental Demise"", ""entries"": [""If the efreeti dies, its body disintegrates in a flash of fire and puff of smoke, leaving behind only equipment the efreeti was wearing or carrying.""]}]","[{""name"": ""Multiattack"", ""entries"": [""The efreeti makes two scimitar attacks or uses its Hurl Flame twice.""]}, {""name"": ""Scimitar"", ""entries"": [""{@atk mw} {@hit 10} to hit, reach 5 ft., one target. {@h}13 ({@damage 2d6 + 6}) slashing damage plus 7 ({@damage 2d6}) fire damage.""]}, {""name"": ""Hurl Flame"", ""entries"": [""{@atk rs} {@hit 7} to hit, range 120 ft., one target. {@h}17 ({@damage 5d6}) fire damage.""]}]",,,,"[{""name"": ""Innate Spellcasting"", ""type"": ""spellcasting"", ""headerEntries"": [""The efreeti's innate spellcasting ability is Charisma (spell save {@dc 15}, {@hit 7} to hit with spell attacks). It can innately cast the following spells, requiring no material components:""], ""will"": [""{@spell detect magic}""], ""daily"": {""3e"": [""{@spell enlarge/reduce}"", ""{@spell tongues}""], ""1e"": [""{@spell conjure elemental} ({@creature fire elemental} only)"", ""{@spell gaseous form}"", ""{@spell invisibility}"", ""{@spell major image}"", ""{@spell plane shift}"", ""{@spell wall of fire}""]}, ""ability"": ""cha""}]"
Elephant,MM,"[""H""]",beast,"[""U""]","[{""ac"": 12, ""from"": [""natural armor""]}]","{""average"": 76, ""formula"": ""8d12 + 24""}","{""walk"": 40}",22,9,17,3,11,6,,,10,,4,"[{""name"": ""Trampling Charge"", ""entries"": [""If the elephant moves at least 20 feet straight toward a creature and then hits it with a gore attack on the same turn, that target must succeed on a {@dc 12} Strength saving throw or be knocked {@condition prone}. If the target is {@condition prone}, the elephant can make one stomp attack against it as a bonus action.""]}]","[{""name"": ""Gore"", ""entries"": [""{@atk mw} {@hit 8} to hit, reach 5 ft., one target. {@h}19 ({@damage 3d8 + 6}) piercing damage.""]}, {""name"": ""Stomp"", ""entries"": [""{@atk mw} {@hit 8} to hit, reach 5 ft., one {@condition prone} creature. {@h}22 ({@damage 3d10 + 6}) bludgeoning damage.""]}]",,,,
Elk,MM,"[""L""]",beast,"[""U""]",[10],"{""average"": 13, ""formula"": ""2d10 + 2""}","{""walk"": 50}",16,10,12,2,10,6,,,10,,1/4,"[{""name"": ""Charge"", ""entries"": [""If the elk moves at least 20 feet straight toward a target and then hits it with a ram attack on the same turn, the target takes an extra 7 ({@damage 2d6}) damage. If the target is a creature, it must succeed on a {@dc 13} Strength saving throw or be knocked {@condition prone}.""]}]","[{""name"": ""Ram"", ""entries"": [""{@atk mw} {@hit 5} to hit, reach 5 ft., one target. {@h}6 ({@damage 1d6 + 3}) bludgeoning damage.""]}, {""name"": ""Hooves"", ""entries"": [""{@atk mw} {@hit 5} to hit, reach 5 ft., one {@condition prone} creature. {@h}8 ({@damage 2d4 + 3}) bludgeoning damage.""]}]",,,,
Erinyes,MM,"[""M""]","{""type"": ""fiend"", ""tags"": [""devil""]}","[""L"", ""E""]","[{""ac"": 18, ""from"": [""{@item plate armor|phb}""]}]","{""average"": 153, ""formula"": ""18d8 + 72""}","{""walk"": 30, ""fly"": 60}",18,16,18,14,14,18,"{""dex"": ""+7"", ""con"": ""+8"", ""wis"": ""+6"", ""cha"": ""+8""}",,12,"[""Infernal"", ""telepathy 120 ft.""]",12,"[{""name"": ""Hellish Weapons"", ""entries"": [""The erinyes's weapon attacks are magical and deal an extra 13 ({@damage 3d8}) poison damage on a hit (included in the attacks).""]}, {""name"": ""Magic Resistance"", ""entries"": [""The erinyes has advantage on saving throws against spells and other magical effects.""]}]","[{""name"": ""Multiattack"", ""entries"": [""The erinyes makes three attacks.""]}, {""name"": ""Longsword"", ""entries"": [""{@atk mw} {@hit 8} to hit, reach 5 ft., one target. {@h}8 ({@damage 1d8 + 4}) slashing damage, or 9 ({@damage 1d10 + 4}) slashing damage if used with two hands, plus 13 ({@damage 3d8}) poison damage.""]}, {""name"": ""Longbow"", ""entries"": [""{@atk rw} {@hit 7} to hit, range 150/600 ft., one target. {@h}7 ({@damage 1d8 + 3}) piercing damage plus 13 ({@damage 3d8}) poison damage, and the target must succeed on a {@dc 14} Constitution saving throw or be {@condition poisoned}. The poison lasts until it is removed by the {@spell lesser restoration} spell or similar magic.""]}]",,"[{""name"": ""Parry"", ""entries"": [""The erinyes adds 4 to its AC against one melee attack that would hit it. To do so, the erinyes must see the attacker and be wielding a melee weapon.""]}]",,
Ettercap,MM,"[""M""]",monstrosity,"[""N"", ""E""]","[{""ac"": 13, ""from"": [""natural armor""]}]","{""average"": 44, ""formula"": ""8d8 + 8""}","{""walk"": 30, ""climb"": 30}",14,15,13,7,12,8,,"{""perception"": ""+3"", ""stealth"": ""+4"", ""survival"": ""+3""}",13,,2,"[{""name"": ""Spider Climb"", ""entries"": [""The ettercap can climb difficult surfaces, including upside down on ceilings, without needing to make an ability check.""]}, {""name"": ""Web Sense"", ""entries"": [""While in contact with a web, the ettercap knows the exact location of any other creature in contact with the same web.""]}, {""name"": ""Web Walker"", ""entries"": [""The ettercap ignores movement restrictions caused by webbing.""]}]","[{""name"": ""Multiattack"", ""entries"": [""The ettercap makes two attacks: one with its bite and one with its claws.""]}, {""name"": ""Bite"", ""entries"": [""{@atk mw} {@hit 4} to hit, reach 5 ft., one creature. {@h}6 ({@damage 1d8 + 2}) piercing damage plus 4 ({@damage 1d8}) poison damage. The target must succeed on a {@dc 11} Constitution saving throw or be {@condition poisoned} for 1 minute. The creature can repeat the saving throw at the end of each of its turns, ending the effect on itself on a success.""]}, {""name"": ""Claws"", ""entries"": [""{@atk mw} {@hit 4} to hit, reach 5 ft., one target. {@h}7 ({@damage 2d4 + 2}) slashing damage.""]}, {""name"": ""Web {@recharge 5}"", ""entries"": [""{@atk rw} {@hit 4} to hit, range 30/60 ft., one Large or smaller creature. {@h}The creature is {@condition restrained} by webbing. As an action, the {@condition restrained} creature can make a {@dc 11} Strength check, escaping from the webbing on a success. The effect ends if the webbing is destroyed. The webbing has AC 10, 5 hit points, is vulnerable to fire damage and immune to bludgeoning, poison and psychic damage.""]}]",,,,
Ettin,MM,"[""L""]",giant,"[""C"", ""E""]","[{""ac"": 12, ""from"": [""natural armor""]}]","{""average"": 85, ""formula"": ""10d10 + 30""}","{""walk"": 40}",21,8,17,6,10,8,,"{""perception"": ""+4""}",14,"[""Giant"", ""Orc""]",4,"[{""name"": ""Two Heads"", ""entries"": [""The ettin has advantage on Wisdom ({@skill Perception}) checks and on saving throws against being {@condition blinded}, {@condition charmed}, {@condition deafened}, {@condition frightened}, {@condition stunned}, and knocked {@condition unconscious}.""]}, {""name"": ""Wakeful"", ""entries"": [""When one of the ettin's heads is asleep, its other head is awake.""]}]","[{""name"": ""Multiattack"", ""entries"": [""The ettin makes two attacks: one with its battleaxe and one with its morningstar.""]}, {""name"": ""Battleaxe"", ""entries"": [""{@atk mw} {@hit 7} to hit, reach 5 ft., one target. {@h}14 ({@damage 2d8 + 5}) slashing damage.""]}, {""name"": ""Morningstar"", ""entries"": [""{@atk mw} {@hit 7} to hit, reach 5 ft., one target. {@h}14 ({@damage 2d8 + 5}) piercing damage.""]}]",,,,
Fire Elemental,MM,"[""L""]",elemental,"[""N""]",[13],"{""average"": 102, ""formula"": ""12d10 + 36""}","{""walk"": 50}",10,17,16,6,10,7,,,10,"[""Ignan""]",5,"[{""name"": ""Fire Form"", ""entries"": [""The elemental can move through a space as narrow as 1 inch wide without squeezing. A creature that touches the elemental or hits it with a melee attack while within 5 feet of it takes 5 ({@damage 1d10}) fire damage. In addition, the elemental can enter a hostile creature's space and stop there. The first time it enters a creature's space on a turn, that creature takes 5 ({@damage 1d10}) fire damage and catches fire; until someone takes an action to douse the fire, the creature takes 5 ({@damage 1d10}) fire damage at the start of each of its turns.""]}, {""name"": ""Illumination"", ""entries"": [""The elemental sheds bright light in a 30-foot radius and dim light in an additional 30 feet.""]}, {""name"": ""Water Susceptibility"", ""entries"": [""For every 5 feet the elemental moves in water, or for every gallon of water splashed on it, it takes 1 cold damage.""]}]","[{""name"": ""Multiattack"", ""entries"": [""The elemental makes two touch attacks.""]}, {""name"": ""Touch"", ""entries"": [""{@atk mw} {@hit 6} to hit, reach 5 ft., one target. {@h}10 ({@damage 2d6 + 3}) fire damage. If the target is a creature or a flammable object, it ignites. Until a creature takes an action to douse the fire, the target takes 5 ({@damage 1d10}) fire damage at the start of each of its turns.""]}]",,,,
Fire Giant,MM,"[""H""]",giant,"[""L"", ""E""]","[{""ac"": 18, ""from"": [""{@item plate armor|phb}""]}]","{""average"": 162, ""formula"": ""13d12 + 78""}","{""walk"": 30}",25,9,23,10,14,13,"{""dex"": ""+3"", ""con"": ""+10"", ""cha"": ""+5""}","{""athletics"": ""+11"", ""perception"": ""+6""}",16,"[""Giant""]",9,,"[{""name"": ""Multiattack"", ""entries"": [""The giant makes two greatsword attacks.""]}, {""name"": ""Greatsword"", ""entries"": [""{@atk mw} {@hit 11} to hit, reach 10 ft., one target. {@h}28 ({@damage 6d6 + 7}) slashing damage.""]}, {""name"": ""Rock"", ""entries"": [""{@atk rw} {@hit 11} to hit, range 60/240 ft., one target. {@h}29 ({@damage 4d10 + 7}) bludgeoning damage.""]}]",,,,
Flesh Golem,MM,"[""M""]",construct,"[""N""]",[9],"{""average"": 93, ""formula"": ""11d8 + 44""}","{""walk"": 30}",19,9,18,6,10,5,,,10,"[""understands the languages of its creator but can't speak""]",5,"[{""name"": ""Berserk"", ""entries"": [""Whenever the golem starts its turn with 40 hit points or fewer, roll a {@dice d6}. On a 6, the golem goes berserk. On each of its turns while berserk, the golem attacks the nearest creature it can see. If no creature is near enough to move to and attack, the golem attacks an object, with preference for an object smaller than itself. Once the golem goes berserk, it continues to do so until it is destroyed or regains all its hit points."", ""The golem's creator, if within 60 feet of the berserk golem, can try to calm it by speaking firmly and persuasively. The golem must be able to hear its creator, who must take an action to make a {@dc 15} Charisma ({@skill Persuasion}) check. If the check succeeds, the golem ceases being berserk. If it takes damage while still at 40 hit points or fewer, the golem might go berserk again.""]}, {""name"": ""Aversion of Fire"", ""entries"": [""If the golem takes fire damage, it has disadvantage on attack rolls and ability checks until the end of its next turn.""]}, {""name"": ""Immutable Form"", ""entries"": [""The golem is immune to any spell or effect that would alter its form.""]}, {""name"": ""Lightning Absorption"", ""entries"": [""Whenever the golem is subjected to lightning damage, it takes no damage and instead regains a number of hit points equal to the lightning damage dealt.""]}, {""name"": ""Magic Resistance"", ""entries"": [""The golem has advantage on saving throws against spells and other magical effects.""]}, {""name"": ""Magic Weapons"", ""entries"": [""The golem's weapon attacks are magical.""]}]","[{""name"": ""Multiattack"", ""entries"": [""The golem makes two slam attacks.""]}, {""name"": ""Slam"", ""entries"": [""{@atk mw} {@hit 7} to hit, reach 5 ft., one target. {@h}13 ({@damage 2d8 + 4}) bludgeoning damage.""]}]",,,,
Flying Snake,MM,"[""T""]",beast,"[""U""]",[14],"{""average"": 5, ""formula"": ""2d4""}","{""walk"": 30, ""fly"": 60, ""swim"": 30}",4,18,11,2,12,5,,,11,,1/8,"[{""name"": ""Flyby"", ""entries"": [""The snake doesn't provoke opportunity attacks when it flies out of an enemy's reach.""]}]","[{""name"": ""Bite"", ""entries"": [""{@atk mw} {@hit 6} to hit, reach 5 ft., one target. {@h}1 piercing damage plus 7 ({@damage 3d4}) poison damage.""]}]",,,,
Flying Sword,MM,"[""S""]",construct,"[""U""]","[{""ac"": 17, ""from"": [""natural armor""]}]","{""average"": 17, ""formula"": ""5d6""}","{""walk"": 0, ""fly"": {""number"": 50, ""condition"": ""(hover)""}, ""canHover"": true}",12,15,11,1,5,1,"{""dex"": ""+4""}",,7,,1/4,"[{""name"": ""Antimagic Susceptibility"", ""entries"": [""The sword is {@condition incapacitated} while in the area of an {@spell antimagic field}. If targeted by {@spell dispel magic}, the sword must succeed on a Constitution saving throw against the caster's spell save DC or fall {@condition unconscious} for 1 minute.""]}, {""name"": ""False Appearance"", ""entries"": [""While the sword remains motionless and isn't flying, it is indistinguishable from a normal sword.""]}]","[{""name"": ""Longsword"", ""entries"": [""{@atk mw} {@hit 3} to hit, reach 5 ft., one target. {@h}5 ({@damage 1d8 + 1}) slashing damage.""]}]",,,,
Frog,MM,"[""T""]",beast,"[""U""]",[11],"{""average"": 1, ""formula"": ""1d4 - 1""}","{""walk"": 20, ""swim"": 20}",1,13,8,1,8,3,,"{""perception"": ""+1"", ""stealth"": ""+3""}",11,,"{""cr"": ""0"", ""xp"": 0}","[{""name"": ""Amphibious"", ""entries"": [""The frog can breathe air and water.""]}, {""name"": ""Standing Leap"", ""entries"": [""The frog's long jump is up to 10 feet and its high jump is up to 5 feet, with or without a running start.""]}]",,,,,
Frost Giant,MM,"[""H""]",giant,"[""N"", ""E""]","[{""ac"": 15, ""from"": [""patchwork armor""]}]","{""average"": 138, ""formula"": ""12d12 + 60""}","{""walk"": 40}",23,9,21,9,10,12,"{""con"": ""+8"", ""wis"": ""+3"", ""cha"": ""+4""}","{""athletics"": ""+9"", ""perception"": ""+3""}",13,"[""Giant""]",8,,"[{""name"": ""Multiattack"", ""entries"": [""The giant makes two greataxe attacks.""]}, {""name"": ""Greataxe"", ""entries"": [""{@atk mw} {@hit 9} to hit, reach 10 ft., one target. {@h}25 ({@damage 3d12 + 6}) slashing damage.""]}, {""name"": ""Rock"", ""entries"": [""{@atk rw} {@hit 9} to hit, range 60/240 ft., one target. {@h}28 ({@damage 4d10 + 6}) bludgeoning damage.""]}]",,,,
Gargoyle,MM,"[""M""]",elemental,"[""C"", ""E""]","[{""ac"": 15, ""from"": [""natural armor""]}]","{""average"": 52, ""formula"": ""7d8 + 21""}","{""walk"": 30, ""fly"": 60}",15,11,16,6,11,7,,,10,"[""Terran""]",2,"[{""name"": ""False Appearance"", ""entries"": [""While the gargoyle remains motionless, it is indistinguishable from an inanimate statue.""]}]","[{""name"": ""Multiattack"", ""entries"": [""The gargoyle makes two attacks: one with its bite and one with its claws.""]}, {""name"": ""Bite"", ""entries"": [""{@atk mw} {@hit 4} to hit, reach 5 ft., one target. {@h}5 ({@damage 1d6 + 2}) piercing damage.""]}, {""name"": ""Claws"", ""entries"": [""{@atk mw} {@hit 4} to hit, reach 5 ft., one target. {@h}5 ({@damage 1d6 + 2}) slashing damage.""]}]",,,,
Gelatinous Cube,MM,"[""L""]",ooze,"[""U""]",[6],"{""average"": 84, ""formula"": ""8d10 + 40""}","{""walk"": 15}",14,3,20,1,6,1,,,8,,2,"[{""name"": ""Ooze Cube"", ""entries"": [""The cube takes up its entire space. Other creatures can enter the space, but a creature that does so is subjected to the cube's Engulf and has disadvantage on the saving throw."", ""Creatures inside the cube can be seen but have {@quickref Cover||3||total cover}."", ""A creature within 5 feet of the cube can take an action to pull a creature or object out of the cube. Doing so requires a successful {@dc 12} Strength check, and the creature making the attempt takes 10 ({@damage 3d6}) acid damage."", ""The cube can hold only one Large creature or up to four Medium or smaller creatures inside it at a time.""]}, {""name"": ""Transparent"", ""entries"": [""Even when the cube is in plain sight, it takes a successful {@dc 15} Wisdom ({@skill Perception}) check to spot a cube that has neither moved nor attacked. A creature that tries to enter the cube's space while unaware of the cube is {@status surprised} by the cube.""]}]","[{""name"": ""Pseudopod"", ""entries"": [""{@atk mw} {@hit 4} to hit, reach 5 ft., one creature. {@h}10 ({@damage 3d6}) acid damage.""]}, {""name"": ""Engulf"", ""entries"": [""The cube moves up to its speed. While doing so, it can enter Large or smaller creatures' spaces. Whenever the cube enters a creature's space, the creature must make a {@dc 12} Dexterity saving throw."", ""On a successful save, the creature can choose to be pushed 5 feet back or to the side of the cube. A creature that chooses not to be pushed suffers the consequences of a failed saving throw."", ""On a failed save, the cube enters the creature's space, and the creature takes 10 ({@damage 3d6}) acid damage and is engulfed. The engulfed creature can't breathe, is {@condition restrained}, and takes 21 ({@damage 6d6}) acid damage at the start of each of the cube's turns. When the cube moves, the engulfed creature moves with it."", ""An engulfed creature can try to escape by taking an action to make a {@dc 12} Strength check. On a success, the creature escapes and enters a space of its choice within 5 feet of the cube.""]}]",,,,
Ghast,MM,"[""M""]",undead,"[""C"", ""E""]",[13],"{""average"": 36, ""formula"": ""8d8""}","{""walk"": 30}",16,17,10,11,10,8,,,10,"[""Common""]",2,"[{""name"": ""Stench"", ""entries"": [""Any creature that starts its turn within 5 feet of the ghast must succeed on a {@dc 10} Constitution saving throw or be {@condition poisoned} until the start of its next turn. On a successful saving throw, the creature is immune to the ghast's Stench for 24 hours.""]}, {""name"": ""Turn Defiance"", ""entries"": [""The ghast and any ghouls within 30 feet of it have advantage on saving throws against effects that turn undead.""]}]","[{""name"": ""Bite"", ""entries"": [""{@atk mw} {@hit 3} to hit, reach 5 ft., one creature. {@h}12 ({@damage 2d8 + 3}) piercing damage.""]}, {""name"": ""Claws"", ""entries"": [""{@atk mw} {@hit 5} to hit, reach 5 ft., one target. {@h}10 ({@damage 2d6 + 3}) slashing damage. If the target is a creature other than an undead, it must succeed on a {@dc 10} Constitution saving throw or be {@condition paralyzed} for 1 minute. The target can repeat the saving throw at the end of each of its turns, ending the effect on itself on a success.""]}]",,,,
Ghost,MM,"[""M""]",undead,"[""A""]",[11],"{""average"": 45, ""formula"": ""10d8""}","{""walk"": 0, ""fly"": {""number"": 40, ""condition"": ""(hover)""}, ""canHover"": true}",7,13,10,10,12,17,,,11,"[""any languages it knew in life""]",4,"[{""name"": ""Ethereal Sight"", ""entries"": [""The ghost can see 60 feet into the Ethereal Plane when it is on the Material Plane, and vice versa.""]}, {""name"": ""Incorporeal Movement"", ""entries"": [""The ghost can move through other creatures and objects as if they were {@quickref difficult terrain||3}. It takes 5 ({@damage 1d10}) force damage if it ends its turn inside an object.""]}]","[{""name"": ""Withering Touch"", ""entries"": [""{@atk mw} {@hit 5} to hit, reach 5 ft., one target. {@h}17 ({@damage 4d6 + 3}) necrotic damage.""]}, {""name"": ""Etherealness"", ""entries"": [""The ghost enters the Ethereal Plane from the Material Plane, or vice versa. It is visible on the Material Plane while it is in the Border Ethereal, and vice versa, yet it can't affect or be affected by anything on the other plane.""]}, {""name"": ""Horrifying Visage"", ""entries"": [""Each non-undead creature within 60 feet of the ghost that can see it must succeed on a {@dc 13} Wisdom saving throw or be {@condition frightened} for 1 minute. If the save fails by 5 or more, the target also ages {@dice 1d4 × 10} years. A {@condition frightened} target can repeat the saving throw at the end of each of its turns, ending the {@condition frightened} condition on itself on a success. If a target's saving throw is successful or the effect ends for it, the target is immune to this ghost's Horrifying Visage for the next 24 hours. The aging effect can be reversed with a  {@spell greater restoration} spell, but only within 24 hours of it occurring.""]}, {""name"": ""Possession {@recharge}"", ""entries"": [""One humanoid that the ghost can see within 5 feet of it must succeed on a {@dc 13} Charisma saving throw or be possessed by the ghost; the ghost then disappears, and the target is {@condition incapacitated} and loses control of its body. The ghost now controls the body but doesn't deprive the target of awareness. The ghost can't be targeted by any attack, spell, or other effect, except ones that turn undead, and it retains its alignment, Intelligence, Wisdom, Charisma, and immunity to being {@condition charmed} and {@condition frightened}. It otherwise uses the possessed target's statistics, but doesn't gain access to the target's knowledge, class features, or proficiencies."", ""The possession lasts until the body drops to 0 hit points, the ghost ends it as a bonus action, or the ghost is turned or forced out by an effect like the {@spell dispel evil and good} spell. When the possession ends, the ghost reappears in an unoccupied space within 5 feet of the body. The target is immune to this ghost's Possession for 24 hours after succeeding on the saving throw or after the possession ends.""]}]",,,,
Ghoul,MM,"[""M""]",undead,"[""C"", ""E""]",[12],"{""average"": 22, ""formula"": ""5d8""}","{""walk"": 30}",13,15,10,7,10,6,,,10,"[""Common""]",1,,"[{""name"": ""Bite"", ""entries"": [""{@atk mw} {@hit 2} to hit, reach 5 ft., one creature. {@h}9 ({@damage 2d6 + 2}) piercing damage.""]}, {""name"": ""Claws"", ""entries"": [""{@atk mw} {@hit 4} to hit, reach 5 ft., one target. {@h}7 ({@damage 2d4 + 2}) slashing damage. If the target is a creature other than an elf or undead, it must succeed on a {@dc 10} Constitution saving throw or be {@condition paralyzed} for 1 minute. The target can repeat the saving throw at the end of each of its turns, ending the effect on itself on a success.""]}]",,,,
Giant Ape,MM,"[""H""]",beast,"[""U""]",[12],"{""average"": 157, ""formula"": ""15d12 + 60""}","{""walk"": 40, ""climb"": 40}",23,14,18,7,12,7,,"{""athletics"": ""+9"", ""perception"": ""+4""}",14,,7,,"[{""name"": ""Multiattack"", ""entries"": [""The ape makes two fist attacks.""]}, {""name"": ""Fist"", ""entries"": [""{@atk mw} {@hit 9} to hit, reach 10 ft., one target. {@h}22 ({@damage 3d10 + 6}) bludgeoning damage.""]}, {""name"": ""Rock"", ""entries"": [""{@atk rw} {@hit 9} to hit, range 50/100 ft., one target. {@h}30 ({@damage 7d6 + 6}) bludgeoning damage.""]}]",,,,
Giant Badger,MM,"[""M""]",beast,"[""U""]",[10],"{""average"": 13, ""formula"": ""2d8 + 4""}","{""walk"": 30, ""burrow"": 10}",13,10,15,2,12,5,,,11,,1/4,"[{""name"": ""Keen Smell"", ""entries"": [""The badger has advantage on Wisdom ({@skill Perception}) checks that rely on smell.""]}]","[{""name"": ""Multiattack"", ""entries"": [""The badger makes two attacks: one with its bite and one with its claws.""]}, {""name"": ""Bite"", ""entries"": [""{@atk mw} {@hit 3} to hit, reach 5 ft., one target. {@h}4 ({@damage 1d6 + 1}) piercing damage.""]}, {""name"": ""Claws"", ""entries"": [""{@atk mw} {@hit 3} to hit, reach 5 ft., one target. {@h}6 ({@damage 2d4 + 1}) slashing damage.""]}]",,,,
Giant Bat,MM,"[""L""]",beast,"[""U""]",[13],"{""average"": 22, ""formula"": ""4d10""}","{""walk"": 10, ""fly"": 60}",15,16,11,2,12,6,,,11,,1/4,"[{""name"": ""Echolocation"", ""entries"": [""The bat can't use its blindsight while {@condition deafened}.""]}, {""name"": ""Keen Hearing"", ""entries"": [""The bat has advantage on Wisdom ({@skill Perception}) checks that rely on hearing.""]}]","[{""name"": ""Bite"", ""entries"": [""{@atk mw} {@hit 4} to hit, reach 5 ft., one creature. {@h}5 ({@damage 1d6 + 2}) piercing damage.""]}]",,,,
Giant Boar,MM,"[""L""]",beast,"[""U""]","[{""ac"": 12, ""from"": [""natural armor""]}]","{""average"": 42, ""formula"": ""5d10 + 15""}","{""walk"": 40}",17,10,16,2,7,5,,,8,,2,"[{""name"": ""Charge"", ""entries"": [""If the boar moves at least 20 feet straight toward a target and then hits it with a tusk attack on the same turn, the target takes an extra 7 ({@damage 2d6}) slashing damage. If the target is a creature, it must succeed on a {@dc 13} Strength saving throw or be knocked {@condition prone}.""]}, {""name"": ""Relentless (Recharges after a Short or Long Rest)"", ""entries"": [""If the boar takes 10 damage or less that would reduce it to 0 hit points, it is reduced to 1 hit point instead.""]}]","[{""name"": ""Tusk"", ""entries"": [""{@atk mw} {@hit 5} to hit, reach 5 ft., one target. {@h}10 ({@damage 2d6 + 3}) slashing damage.""]}]",,,,
Giant Centipede,MM,"[""S""]",beast,"[""U""]","[{""ac"": 13, ""from"": [""natural armor""]}]","{""average"": 4, ""formula"": ""1d6 + 1""}","{""walk"": 30, ""climb"": 30}",5,14,12,1,7,3,,,8,,1/4,,"[{""name"": ""Bite"", ""entries"": [""{@atk mw} {@hit 4} to hit, reach 5 ft., one creature. {@h}4 ({@damage 1d4 + 2}) piercing damage, and the target must succeed on a {@dc 11} Constitution saving throw or take 10 ({@damage 3d6}) poison damage. If the poison damage reduces the target to 0 hit points, the target is stable but {@condition poisoned} for 1 hour, even after regaining hit points, and is {@condition paralyzed} while {@condition poisoned} in this way.""]}]",,,,
Giant Constrictor Snake,MM,"[""H""]",beast,"[""U""]",[12],"{""average"": 60, ""formula"": ""8d12 + 8""}","{""walk"": 30, ""swim"": 30}",19,14,12,1,10,3,,"{""perception"": ""+2""}",12,,2,,"[{""name"": ""Bite"", ""entries"": [""{@atk mw} {@hit 6} to hit, reach 10 ft., one creature. {@h}11 ({@damage 2d6 + 4}) piercing damage.""]}, {""name"": ""Constrict"", ""entries"": [""{@atk mw} {@hit 6} to hit, reach 5 ft., one creature. {@h}13 ({@damage 2d8 + 4}) bludgeoning damage, and the target is {@condition grappled} (escape {@dc 16}). Until this grapple ends, the creature is {@condition restrained}, and the snake can't constrict another target.""]}]",,,,
Giant Crab,MM,"[""M""]",beast,"[""U""]","[{""ac"": 15, ""from"": [""natural armor""]}]","{""average"": 13, ""formula"": ""3d8""}","{""walk"": 30, ""swim"": 30}",13,15,11,1,9,3,,"{""stealth"": ""+4""}",9,,1/8,"[{""name"": ""Amphibious"", ""entries"": [""The crab can breathe air and water.""]}]","[{""name"": ""Claw"", ""entries"": [""{@atk mw} {@hit 3} to hit, reach 5 ft., one target. {@h}4 ({@damage 1d6 + 1}) bludgeoning damage, and the target is {@condition grappled} (escape {@dc 11}). The crab has two claws, each of which can grapple only one target.""]}]",,,,
Giant Crocodile,MM,"[""H""]",beast,"[""U""]","[{""ac"": 14, ""from"": [""natural armor""]}]","{""average"": 85, ""formula"": ""9d12 + 27""}","{""walk"": 30, ""swim"": 50}",21,9,17,2,10,7,,"{""stealth"": ""+5""}",10,,5,"[{""name"": ""Hold Breath"", ""entries"": [""The crocodile can hold its breath for 30 minutes.""]}]","[{""name"": ""Multiattack"", ""entries"": [""The crocodile makes two attacks: one with its bite and one with its tail.""]}, {""name"": ""Bite"", ""entries"": [""{@atk mw} {@hit 8} to hit, reach 5 ft., one target. {@h}21 ({@damage 3d10 + 5}) piercing damage, and the target is {@condition grappled} (escape {@dc 16}). Until this grapple ends, the target is {@condition restrained}, and the crocodile can't bite another target.""]}, {""name"": ""Tail"", ""entries"": [""{@atk mw} {@hit 8} to hit, reach 10 ft., one target not {@condition grappled} by the crocodile. {@h}14 ({@damage 2d8 + 5}) bludgeoning damage. If the target is a creature, it must succeed on a {@dc 16} Strength saving throw or be knocked {@condition prone}.""]}]",,,,
Giant Eagle,MM,"[""L""]",beast,"[""N"", ""G""]",[13],"{""average"": 26, ""formula"": ""4d10 + 4""}","{""walk"": 10, ""fly"": 80}",16,17,13,8,14,10,,"{""perception"": ""+4""}",14,"[""Giant Eagle"", ""understands Common and Auran but can't speak them""]",1,"[{""name"": ""Keen Sight"", ""entries"": [""The eagle has advantage on Wisdom ({@skill Perception}) checks that rely on sight.""]}]","[{""name"": ""Multiattack"", ""entries"": [""The eagle makes two attacks: one with its beak and one with its talons.""]}, {""name"": ""Beak"", ""entries"": [""{@atk mw} {@hit 5} to hit, reach 5 ft., one target. {@h}6 ({@damage 1d6 + 3}) piercing damage.""]}, {""name"": ""Talons"", ""entries"": [""{@atk mw} {@hit 5} to hit, reach 5 ft., one target. {@h}10 ({@damage 2d6 + 3}) slashing damage.""]}]",,,,
Giant Elk,MM,"[""H""]",beast,"[""U""]","[{""ac"": 14, ""from"": [""natural armor""]}]","{""average"": 42, ""formula"": ""5d12 + 10""}","{""walk"": 60}",19,16,14,7,14,10,,"{""perception"": ""+4""}",14,"[""Giant Elk"", ""understands Common, Elvish, Sylvan but can't speak them""]",2,"[{""name"": ""Charge"", ""entries"": [""If the elk moves at least 20 feet straight toward a target and then hits it with a ram attack on the same turn, the target takes an extra 7 ({@damage 2d6}) damage. If the target is a creature, it must succeed on a {@dc 14} Strength saving throw or be knocked {@condition prone}.""]}]","[{""name"": ""Ram"", ""entries"": [""{@atk mw} {@hit 6} to hit, reach 10 ft., one target. {@h}11 ({@damage 2d6 + 4}) bludgeoning damage.""]}, {""name"": ""Hooves"", ""entries"": [""{@atk mw} {@hit 6} to hit, reach 5 ft., one {@condition prone} creature. {@h}22 ({@damage 4d8 + 4}) bludgeoning damage.""]}]",,,,
Giant Fire Beetle,MM,"[""S""]",beast,"[""U""]","[{""ac"": 13, ""from"": [""natural armor""]}]","{""average"": 4, ""formula"": ""1d6 + 1""}","{""walk"": 30}",8,10,12,1,7,3,,,8,,0,"[{""name"": ""Illumination"", ""entries"": [""The beetle sheds bright light in a 10-foot radius and dim light for an additional 10 ft..""]}]","[{""name"": ""Bite"", ""entries"": [""{@atk mw} {@hit 1} to hit, reach 5 ft., one target. {@h}2 ({@damage 1d6 - 1}) slashing damage.""]}]",,,,
Giant Frog,MM,"[""M""]",beast,"[""U""]",[11],"{""average"": 18, ""formula"": ""4d8""}","{""walk"": 30, ""swim"": 30}",12,13,11,2,10,3,,"{""perception"": ""+2"", ""stealth"": ""+3""}",12,,1/4,"[{""name"": ""Amphibious"", ""entries"": [""The frog can breathe air and water.""]}, {""name"": ""Standing Leap"", ""entries"": [""The frog's long jump is up to 20 feet and its high jump is up to 10 feet, with or without a running start.""]}]","[{""name"": ""Bite"", ""entries"": [""{@atk mw} {@hit 3} to hit, reach 5 ft., one target. {@h}4 ({@damage 1d6 + 1}) piercing damage, and the target is {@condition grappled} (escape {@dc 11}). Until this grapple ends, the target is {@condition restrained}, and the frog can't bite another target.""]}, {""name"": ""Swallow"", ""entries"": [""The frog makes one bite attack against a Small or smaller target it is grappling. If the attack hits, the target is swallowed, and the grapple ends. The swallowed target is {@condition blinded} and {@condition restrained}, it has {@quickref Cover||3||total cover} against attacks and other effects outside the frog, and it takes 5 ({@damage 2d4}) acid damage at the start of each of the frog's turns. The frog can have only one target swallowed at a time. If the frog dies, a swallowed creature is no longer {@condition restrained} by it and can escape from the corpse using 5 feet of movement, exiting {@condition prone}.""]}]",,,,
Giant Goat,MM,"[""L""]",beast,"[""U""]","[{""ac"": 11, ""from"": [""natural armor""]}]","{""average"": 19, ""formula"": ""3d10 + 3""}","{""walk"": 40}",17,11,12,3,12,6,,,11,,1/2,"[{""name"": ""Charge"", ""entries"": [""If the goat moves at least 20 feet straight toward a target and then hits it with a ram attack on the same turn, the target takes an extra 5 ({@damage 2d4}) bludgeoning damage. If the target is a creature, it must succeed on a {@dc 13} Strength saving throw or be knocked {@condition prone}.""]}, {""name"": ""Sure-Footed"", ""entries"": [""The goat has advantage on Strength and Dexterity saving throws made against effects that would knock it {@condition prone}.""]}]","[{""name"": ""Ram"", ""entries"": [""{@atk mw} {@hit 5} to hit, reach 5 ft., one target. {@h}8 ({@damage 2d4 + 3}) bludgeoning damage.""]}]",,,,
Giant Hyena,MM,"[""L""]",beast,"[""U""]",[12],"{""average"": 45, ""formula"": ""6d10 + 12""}","{""walk"": 50}",16,14,14,2,12,7,,"{""perception"": ""+3""}",13,,1,"[{""name"": ""Rampage"", ""entries"": [""When the hyena reduces a creature to 0 hit points with a melee attack on its turn, the hyena can take a bonus action to move up to half its speed and make a bite attack.""]}]","[{""name"": ""Bite"", ""entries"": [""{@atk mw} {@hit 5} to hit, reach 5 ft., one target. {@h}10 ({@damage 2d6 + 3}) piercing damage.""]}]",,,,
Giant Lizard,MM,"[""L""]",beast,"[""U""]","[{""ac"": 12, ""from"": [""natural armor""]}]","{""average"": 19, ""formula"": ""3d10 + 3""}","{""walk"": 30, ""climb"": 30}",15,12,13,2,10,5,,,10,,1/4,,"[{""name"": ""Bite"", ""entries"": [""{@atk mw} {@hit 4} to hit, reach 5 ft., one target. {@h}6 ({@damage 1d8 + 2}) piercing damage.""]}]",,,,
Giant Octopus,MM,"[""L""]",beast,"[""U""]",[11],"{""average"": 52, ""formula"": ""8d10 + 8""}","{""walk"": 10, ""swim"": 60}",17,13,13,4,10,4,,"{""perception"": ""+4"", ""stealth"": ""+5""}",14,,1,"[{""name"": ""Hold Breath"", ""entries"": [""While out of water, the octopus can hold its breath for 1 hour.""]}, {""name"": ""Underwater Camouflage"", ""entries"": [""The octopus has advantage on Dexterity ({@skill Stealth}) checks made while underwater.""]}, {""name"": ""Water Breathing"", ""entries"": [""The octopus can breathe only underwater.""]}]","[{""name"": ""Tentacles"", ""entries"": [""{@atk mw} {@hit 5} to hit, reach 15 ft., one target. {@h}10 ({@damage 2d6 + 3}) bludgeoning damage. If the target is a creature, it is {@condition grappled} (escape {@dc 16}). Until this grapple ends, the target is {@condition restrained}, and the octopus can't use its tentacles on another target.""]}, {""name"": ""Ink Cloud (Recharges after a Short or Long Rest)"", ""entries"": [""A 20-foot-radius cloud of ink extends all around the octopus if it is underwater. The area is heavily obscured for 1 minute, although a significant current can disperse the ink. After releasing the ink, the octopus can use the {@action Dash} action as a bonus action.""]}]",,,,
Giant Owl,MM,"[""L""]",beast,"[""N""]",[12],"{""average"": 19, ""formula"": ""3d10 + 3""}","{""walk"": 5, ""fly"": 60}",13,15,12,8,13,10,,"{""perception"": ""+5"", ""stealth"": ""+4""}",15,"[""Giant Owl"", ""understands Common, Elvish, and Sylvan but can't speak them""]",1/4,"[{""name"": ""Flyby"", ""entries"": [""The owl doesn't provoke opportunity attacks when it flies out of an enemy's reach.""]}, {""name"": ""Keen Hearing and Sight"", ""entries"": [""The owl has advantage on Wisdom ({@skill Perception}) checks that rely on hearing or sight.""]}]","[{""name"": ""Talons"", ""entries"": [""{@atk mw} {@hit 3} to hit, reach 5 ft., one target. {@h}8 ({@damage 2d6 + 1}) slashing damage.""]}]",,,,
Giant Poisonous Snake,MM,"[""M""]",beast,"[""U""]",[14],"{""average"": 11, ""formula"": ""2d8 + 2""}","{""walk"": 30, ""swim"": 30}",10,18,13,2,10,3,,"{""perception"": ""+2""}",12,,1/4,,"[{""name"": ""Bite"", ""entries"": [""{@atk mw} {@hit 6} to hit, reach 10 ft., one target. {@h}6 ({@damage 1d4 + 4}) piercing damage, and the target must make a {@dc 11} Constitution saving throw, taking 10 ({@damage 3d6}) poison damage on a failed save, or half as much damage on a successful one.""]}]",,,,
Giant Rat,MM,"[""S""]",beast,"[""U""]",[12],"{""average"": 7, ""formula"": ""2d6""}","{""walk"": 30}",7,15,11,2,10,4,,,10,,1/8,"[{""name"": ""Keen Smell"", ""entries"": [""The rat has advantage on Wisdom ({@skill Perception}) checks that rely on smell.""]}, {""name"": ""Pack Tactics"", ""entries"": [""The rat has advantage on an attack roll against a creature if at least one of the rat's allies is within 5 feet of the creature and the ally isn't {@condition incapacitated}.""]}]","[{""name"": ""Bite"", ""entries"": [""{@atk mw} {@hit 4} to hit, reach 5 ft., one target. {@h}4 ({@damage 1d4 + 2}) piercing damage.""]}]",,,,
Giant Scorpion,MM,"[""L""]",beast,"[""U""]","[{""ac"": 15, ""from"": [""natural armor""]}]","{""average"": 52, ""formula"": ""7d10 + 14""}","{""walk"": 40}",15,13,15,1,9,3,,,9,,3,,"[{""name"": ""Multiattack"", ""entries"": [""The scorpion makes three attacks: two with its claws and one with its sting.""]}, {""name"": ""Claw"", ""entries"": [""{@atk mw} {@hit 4} to hit, reach 5 ft., one target. {@h}6 ({@damage 1d8 + 2}) bludgeoning damage, and the target is {@condition grappled} (escape {@dc 12}). The scorpion has two claws, each of which can grapple only one target.""]}, {""name"": ""Sting"", ""entries"": [""{@atk mw} {@hit 4} to hit, reach 5 ft., one creature. {@h}7 ({@damage 1d10 + 2}) piercing damage, and the target must make a {@dc 12} Constitution saving throw, taking 22 ({@damage 4d10}) poison damage on a failed save, or half as much damage on a successful one.""]}]",,,,
Giant Sea Horse,MM,"[""L""]",beast,"[""U""]","[{""ac"": 13, ""from"": [""natural armor""]}]","{""average"": 16, ""formula"": ""3d10""}","{""walk"": 0, ""swim"": 40}",12,15,11,2,12,5,,,11,,1/2,"[{""name"": ""Charge"", ""entries"": [""If the sea horse moves at least 20 feet straight toward a target and then hits it with a ram attack on the same turn, the target takes an extra 7 ({@damage 2d6}) bludgeoning damage. If the target is a creature, it must succeed on a {@dc 11} Strength saving throw or be knocked {@condition prone}.""]}, {""name"": ""Water Breathing"", ""entries"": [""The sea horse can breathe only underwater.""]}]","[{""name"": ""Ram"", ""entries"": [""{@atk mw} {@hit 3} to hit, reach 5 ft., one target. {@h}4 ({@damage 1d6 + 1}) bludgeoning damage.""]}]",,,,
Giant Shark,MM,"[""H""]",beast,"[""U""]","[{""ac"": 13, ""from"": [""natural armor""]}]","{""average"": 126, ""formula"": ""11d12 + 55""}","{""swim"": 50}",23,11,21,1,10,5,,"{""perception"": ""+3""}",13,,5,"[{""name"": ""Blood Frenzy"", ""entries"": [""The shark has advantage on melee attack rolls against any creature that doesn't have all its hit points.""]}, {""name"": ""Water Breathing"", ""entries"": [""The shark can breathe only underwater.""]}]","[{""name"": ""Bite"", ""entries"": [""{@atk mw} {@hit 9} to hit, reach 5 ft., one target. {@h}22 ({@damage 3d10 + 6}) piercing damage.""]}]",,,,
Giant Spider,MM,"[""L""]",beast,"[""U""]","[{""ac"": 14, ""from"": [""natural armor""]}]","{""average"": 26, ""formula"": ""4d10 + 4""}","{""walk"": 30, ""climb"": 30}",14,16,12,2,11,4,,"{""stealth"": ""+7""}",10,,1,"[{""name"": ""Spider Climb"", ""entries"": [""The spider can climb difficult surfaces, including upside down on ceilings, without needing to make an ability check.""]}, {""name"": ""Web Sense"", ""entries"": [""While in contact with a web, the spider knows the exact location of any other creature in contact with the same web.""]}, {""name"": ""Web Walker"", ""entries"": [""The spider ignores movement restrictions caused by webbing.""]}]","[{""name"": ""Bite"", ""entries"": [""{@atk mw} {@hit 5} to hit, reach 5 ft., one creature. {@h}7 ({@damage 1d8 + 3}) piercing damage, and the target must make a {@dc 11} Constitution saving throw, taking 9 ({@damage 2d8}) poison damage on a failed save, or half as much damage on a successful one. If the poison damage reduces the target to 0 hit points, the target is stable but {@condition poisoned} for 1 hour, even after regaining hit points, and is {@condition paralyzed} while {@condition poisoned} in this way.""]}, {""name"": ""Web {@recharge 5}"", ""entries"": [""{@atk rw} {@hit 5} to hit, range 30/60 ft., one creature. {@h}The target is {@condition restrained} by webbing. As an action, the {@condition restrained} target can make a {@dc 12} Strength check, bursting the webbing on a success. The webbing can also be attacked and destroyed (AC 10; hp 5; vulnerability to fire damage; immunity to bludgeoning, poison, and psychic damage).""]}]",,,,
Giant Toad,MM,"[""L""]",beast,"[""U""]",[11],"{""average"": 39, ""formula"": ""6d10 + 6""}","{""walk"": 20, ""swim"": 40}",15,13,13,2,10,3,,,10,,1,"[{""name"": ""Amphibious"", ""entries"": [""The toad can breathe air and water.""]}, {""name"": ""Standing Leap"", ""entries"": [""The toad's long jump is up to 20 feet and its high jump is up to 10 feet, with or without a running start.""]}]","[{""name"": ""Bite"", ""entries"": [""{@atk mw} {@hit 4} to hit, reach 5 ft., one target. {@h}7 ({@damage 1d10 + 2}) piercing damage plus 5 ({@damage 1d10}) poison damage, and the target is {@condition grappled} (escape {@dc 13}). Until this grapple ends, the target is {@condition restrained}, and the toad can't bite another target.""]}, {""name"": ""Swallow"", ""entries"": [""The toad makes one bite attack against a Medium or smaller target it is grappling. If the attack hits, the target is swallowed, and the grapple ends. The swallowed target is {@condition blinded} and {@condition restrained}, it has {@quickref Cover||3||total cover} against attacks and other effects outside the toad, and it takes 10 ({@damage 3d6}) acid damage at the start of each of the toad's turns. The toad can have only one target swallowed at a time."", ""If the toad dies, a swallowed creature is no longer {@condition restrained} by it and can escape from the corpse using 5 feet of movement, exiting {@condition prone}.""]}]",,,,
Giant Vulture,MM,"[""L""]",beast,"[""N"", ""E""]",[10],"{""average"": 22, ""formula"": ""3d10 + 6""}","{""walk"": 10, ""fly"": 60}",15,10,15,6,12,7,,"{""perception"": ""+3""}",13,"[""understands Common but can't speak""]",1,"[{""name"": ""Keen Sight and Smell"", ""entries"": [""The vulture has advantage on Wisdom ({@skill Perception}) checks that rely on sight or smell.""]}, {""name"": ""Pack Tactics"", ""entries"": [""The vulture has advantage on an attack roll against a creature if at least one of the vulture's allies is within 5 feet of the creature and the ally isn't {@condition incapacitated}.""]}]","[{""name"": ""Multiattack"", ""entries"": [""The vulture makes two attacks: one with its beak and one with its talons.""]}, {""name"": ""Beak"", ""entries"": [""{@atk mw} {@hit 4} to hit, reach 5 ft., one target. {@h}7 ({@damage 2d4 + 2}) piercing damage.""]}, {""name"": ""Talons"", ""entries"": [""{@atk mw} {@hit 4} to hit, reach 5 ft., one target. {@h}9 ({@damage 2d6 + 2}) slashing damage.""]}]",,,,
Giant Wasp,MM,"[""M""]",beast,"[""U""]",[12],"{""average"": 13, ""formula"": ""3d8""}","{""walk"": 10, ""fly"": 50}",10,14,10,1,10,3,,,10,,1/2,,"[{""name"": ""Sting"", ""entries"": [""{@atk mw} {@hit 4} to hit, reach 5 ft., one creature. {@h}5 ({@damage 1d6 + 2}) piercing damage, and the target must make a {@dc 11} Constitution saving throw, taking 10 ({@damage 3d6}) poison damage on a failed save, or half as much damage on a successful one. If the poison damage reduces the target to 0 hit points, the target is stable but {@condition poisoned} for 1 hour, even after regaining hit points, and is {@condition paralyzed} while {@condition poisoned} in this way.""]}]",,,,
Giant Weasel,MM,"[""M""]",beast,"[""U""]",[13],"{""average"": 9, ""formula"": ""2d8""}","{""walk"": 40}",11,16,10,4,12,5,,"{""perception"": ""+3"", ""stealth"": ""+5""}",13,,1/8,"[{""name"": ""Keen Hearing and Smell"", ""entries"": [""The weasel has advantage on Wisdom ({@skill Perception}) checks that rely on hearing or smell.""]}]","[{""name"": ""Bite"", ""entries"": [""{@atk mw} {@hit 5} to hit, reach 5 ft., one target. {@h}5 ({@damage 1d4 + 3}) piercing damage.""]}]",,,,
Giant Wolf Spider,MM,"[""M""]",beast,"[""U""]",[13],"{""average"": 11, ""formula"": ""2d8 + 2""}","{""walk"": 40, ""climb"": 40}",12,16,13,3,12,4,,"{""perception"": ""+3"", ""stealth"": ""+7""}",13,,1/4,"[{""name"": ""Spider Climb"", ""entries"": [""The spider can climb difficult surfaces, including upside down on ceilings, without needing to make an ability check.""]}, {""name"": ""Web Sense"", ""entries"": [""While in contact with a web, the spider knows the exact location of any other creature in contact with the same web.""]}, {""name"": ""Web Walker"", ""entries"": [""The spider ignores movement restrictions caused by webbing.""]}]","[{""name"": ""Bite"", ""entries"": [""{@atk mw} {@hit 3} to hit, reach 5 ft., one creature. {@h}4 ({@damage 1d6 + 1}) piercing damage, and the target must make a {@dc 11} Constitution saving throw, taking 7 ({@damage 2d6}) poison damage on a failed save, or half as much damage on a successful one. If the poison damage reduces the target to 0 hit points, the target is stable but {@condition poisoned} for 1 hour, even after regaining hit points, and is {@condition paralyzed} while {@condition poisoned} in this way.""]}]",,,,
Gibbering Mouther,MM,"[""M""]",aberration,"[""N""]",[9],"{""average"": 67, ""formula"": ""9d8 + 27""}","{""walk"": 10, ""swim"": 10}",10,8,16,3,10,6,,,10,,2,"[{""name"": ""Aberrant Ground"", ""entries"": [""The ground in a 10-foot radius around the mouther is doughlike {@quickref difficult terrain||3}. Each creature that starts its turn in that area must succeed on a {@dc 10} Strength saving throw or have its speed reduced to 0 until the start of its next turn.""]}, {""name"": ""Gibbering"", ""entries"": [""The mouther babbles incoherently while it can see any creature and isn't {@condition incapacitated}. Each creature that starts its turn within 20 feet of the mouther and can hear the gibbering must succeed on a {@dc 10} Wisdom saving throw. On a failure, the creature can't take reactions until the start of its next turn and rolls a {@dice d8} to determine what it does during its turn. On a 1 to 4, the creature does nothing. On a 5 or 6, the creature takes no action or bonus action and uses all its movement to move in a randomly determined direction. On a 7 or 8, the creature makes a melee attack against a randomly determined creature within its reach or does nothing if it can't make such an attack.""]}]","[{""name"": ""Multiattack"", ""entries"": [""The gibbering mouther makes one bite attack and, if it can, uses its Blinding Spittle.""]}, {""name"": ""Bites"", ""entries"": [""{@atk mw} {@hit 2} to hit, reach 5 ft., one creature. {@h}17 ({@damage 5d6}) piercing damage. If the target is Medium or smaller, it must succeed on a {@dc 10} Strength saving throw or be knocked {@condition prone}. If the target is killed by this damage, it is absorbed into the mouther.""]}, {""name"": ""Blinding Spittle {@recharge 5}"", ""entries"": [""The mouther spits a chemical glob at a point it can see within 15 feet of it. The glob explodes in a blinding flash of light on impact. Each creature within 5 feet of the flash must succeed on a {@dc 13} Dexterity saving throw or be {@condition blinded} until the end of the mouther's next turn.""]}]",,,,
Glabrezu,MM,"[""L""]","{""type"": ""fiend"", ""tags"": [""demon""]}","[""C"", ""E""]","[{""ac"": 17, ""from"": [""natural armor""]}]","{""average"": 157, ""formula"": ""15d10 + 75""}","{""walk"": 40}",20,15,21,19,17,16,"{""str"": ""+9"", ""con"": ""+9"", ""wis"": ""+7"", ""cha"": ""+7""}",,13,"[""Abyssal"", ""telepathy 120 ft.""]",9,"[{""name"": ""Magic Resistance"", ""entries"": [""The glabrezu has advantage on saving throws against spells and other magical effects.""]}]","[{""name"": ""Multiattack"", ""entries"": [""The glabrezu makes four attacks: two with its pincers and two with its fists. Alternatively, it makes two attacks with its pincers and casts one spell.""]}, {""name"": ""Pincer"", ""entries"": [""{@atk mw} {@hit 9} to hit, reach 10 ft., one target. {@h}16 ({@damage 2d10 + 5}) bludgeoning damage. If the target is a Medium or smaller creature, it is {@condition grappled} (escape {@dc 15}). The glabrezu has two pincers, each of which can grapple only one target.""]}, {""name"": ""Fist"", ""entries"": [""{@atk mw} {@hit 9} to hit, reach 5 ft., one target. {@h}7 ({@damage 2d4 + 2}) bludgeoning damage.""]}]",,,,"[{""name"": ""Innate Spellcasting"", ""type"": ""spellcasting"", ""headerEntries"": [""The glabrezu's spellcasting ability is Intelligence (spell save {@dc 16}). The glabrezu can innately cast the following spells, requiring no material components:""], ""will"": [""{@spell darkness}"", ""{@spell detect magic}"", ""{@spell dispel magic}""], ""daily"": {""1e"": [""{@spell confusion}"", ""{@spell fly}"", ""{@spell power word stun}""]}, ""ability"": ""int""}]"
Gladiator,MM,"[""M""]","{""type"": ""humanoid"", ""tags"": [""any race""]}","[""A""]","[{""ac"": 16, ""from"": [""{@item studded leather armor|phb|studded leather}"", ""{@item shield|phb}""]}]","{""average"": 112, ""formula"": ""15d8 + 45""}","{""walk"": 30}",18,15,16,10,12,15,"{""str"": ""+7"", ""dex"": ""+5"", ""con"": ""+6""}","{""athletics"": ""+10"", ""intimidation"": ""+5""}",11,"[""any one language (usually Common)""]",5,"[{""name"": ""Brave"", ""entries"": [""The gladiator has advantage on saving throws against being {@condition frightened}.""]}, {""name"": ""Brute"", ""entries"": [""A melee weapon deals one extra die of its damage when the gladiator hits with it (included in the attack).""]}]","[{""name"": ""Multiattack"", ""entries"": [""The gladiator makes three melee attacks or two ranged attacks.""]}, {""name"": ""Spear"", ""entries"": [""{@atk mw,rw} {@hit 7} to hit, reach 5 ft. and range 20/60 ft., one target. {@h}11 ({@damage 2d6 + 4}) piercing damage, or 13 ({@damage 2d8 + 4}) piercing damage if used with two hands to make a melee attack.""]}, {""name"": ""Shield Bash"", ""entries"": [""{@atk mw} {@hit 7} to hit, reach 5 ft., one creature. {@h}9 ({@damage 2d4 + 4}) bludgeoning damage. If the target is a Medium or smaller creature, it must succeed on a {@dc 15} Strength saving throw or be knocked {@condition prone}.""]}]",,"[{""name"": ""Parry"", ""entries"": [""The gladiator adds 3 to its AC against one melee attack that would hit it. To do so, the gladiator must see the attacker and be wielding a melee weapon.""]}]",,
Gnoll,MM,"[""M""]","{""type"": ""humanoid"", ""tags"": [""gnoll""]}","[""C"", ""E""]","[{""ac"": 15, ""from"": [""{@item hide armor|phb}"", ""{@item shield|phb}""]}]","{""average"": 22, ""formula"": ""5d8""}","{""walk"": 30}",14,12,11,6,10,7,,,10,"[""Gnoll""]",1/2,"[{""name"": ""Rampage"", ""entries"": [""When the gnoll reduces a creature to 0 hit points with a melee attack on its turn, the gnoll can take a bonus action to move up to half its speed and make a bite attack.""]}]","[{""name"": ""Bite"", ""entries"": [""{@atk mw} {@hit 4} to hit, reach 5 ft., one creature. {@h}4 ({@damage 1d4 + 2}) piercing damage.""]}, {""name"": ""Spear"", ""entries"": [""{@atk mw,rw} {@hit 4} to hit, reach 5 ft. or range 20/60 ft., one target. {@h}5 ({@damage 1d6 + 2}) piercing damage, or 6 ({@damage 1d8 + 2}) piercing damage if used with two hands to make a melee attack.""]}, {""name"": ""Longbow"", ""entries"": [""{@atk rw} {@hit 3} to hit, range 150/600 ft., one target. {@h}5 ({@damage 1d8 + 1}) piercing damage.""]}]",,,,
Goat,MM,"[""M""]",beast,"[""U""]",[10],"{""average"": 4, ""formula"": ""1d8""}","{""walk"": 40}",12,10,11,2,10,5,,,10,,0,"[{""name"": ""Charge"", ""entries"": [""If the goat moves at least 20 feet straight toward a target and then hits it with a ram attack on the same turn, the target takes an extra 2 ({@damage 1d4}) bludgeoning damage. If the target is a creature, it must succeed on a {@dc 10} Strength saving throw or be knocked {@condition prone}.""]}, {""name"": ""Sure-Footed"", ""entries"": [""The goat has advantage on Strength and Dexterity saving throws made against effects that would knock it {@condition prone}.""]}]","[{""name"": ""Ram"", ""entries"": [""{@atk mw} {@hit 3} to hit, reach 5 ft., one target. {@h}3 ({@damage 1d4 + 1}) bludgeoning damage.""]}]",,,,
Goblin,MM,"[""S""]","{""type"": ""humanoid"", ""tags"": [""goblinoid""]}","[""N"", ""E""]","[{""ac"": 15, ""from"": [""{@item leather armor|phb}"", ""{@item shield|phb}""]}]","{""average"": 7, ""formula"": ""2d6""}","{""walk"": 30}",8,14,10,10,8,8,,"{""stealth"": ""+6""}",9,"[""Common"", ""Goblin""]",1/4,"[{""name"": ""Nimble Escape"", ""entries"": [""The goblin can take the {@action Disengage} or {@action Hide} action as a bonus action on each of its turns.""]}]","[{""name"": ""Scimitar"", ""entries"": [""{@atk mw} {@hit 4} to hit, reach 5 ft., one target. {@h}5 ({@damage 1d6 + 2}) slashing damage.""]}, {""name"": ""Shortbow"", ""entries"": [""{@atk rw} {@hit 4} to hit, range 80/320 ft., one target. {@h}5 ({@damage 1d6 + 2}) piercing damage.""]}]",,,,
Gold Dragon Wyrmling,MM,"[""M""]",dragon,"[""L"", ""G""]","[{""ac"": 17, ""from"": [""natural armor""]}]","{""average"": 60, ""formula"": ""8d8 + 24""}","{""walk"": 30, ""fly"": 60, ""swim"": 30}",19,14,17,14,11,16,"{""dex"": ""+4"", ""con"": ""+5"", ""wis"": ""+2"", ""cha"": ""+5""}","{""perception"": ""+4"", ""stealth"": ""+4""}",14,"[""Draconic""]",3,"[{""name"": ""Amphibious"", ""entries"": [""The dragon can breathe air and water.""]}]","[{""name"": ""Bite"", ""entries"": [""{@atk mw} {@hit 6} to hit, reach 5 ft., one target. {@h}9 ({@damage 1d10 + 4}) piercing damage.""]}, {""name"": ""Breath Weapons {@recharge 5}"", ""entries"": [""The dragon uses one of the following breath weapons."", {""type"": ""list"", ""style"": ""list-hang-notitle"", ""items"": [{""type"": ""item"", ""name"": ""Fire Breath"", ""entry"": ""The dragon exhales fire in a 15-foot cone. Each creature in that area must make a {@dc 13} Dexterity saving throw, taking 22 ({@damage 4d10}) fire damage on a failed save, or half as much damage on a successful one.""}, {""type"": ""item"", ""name"": ""Weakening Breath"", ""entry"": ""The dragon exhales gas in a 15-foot cone. Each creature in that area must succeed on a {@dc 13} Strength saving throw or have disadvantage on Strength-based attack rolls, Strength checks, and Strength saving throws for 1 minute. A creature can repeat the saving throw at the end of each of its turns, ending the effect on itself on a success.""}]}]}]",,,,
Gorgon,MM,"[""L""]",monstrosity,"[""U""]","[{""ac"": 19, ""from"": [""natural armor""]}]","{""average"": 114, ""formula"": ""12d10 + 48""}","{""walk"": 40}",20,11,18,2,12,7,,"{""perception"": ""+4""}",14,,5,"[{""name"": ""Trampling Charge"", ""entries"": [""If the gorgon moves at least 20 feet straight toward a creature and then hits it with a gore attack on the same turn, that target must succeed on a {@dc 16} Strength saving throw or be knocked {@condition prone}. If the target is {@condition prone}, the gorgon can make one attack with its hooves against it as a bonus action.""]}]","[{""name"": ""Gore"", ""entries"": [""{@atk mw} {@hit 8} to hit, reach 5 ft., one target. {@h}18 ({@damage 2d12 + 5}) piercing damage.""]}, {""name"": ""Hooves"", ""entries"": [""{@atk mw} {@hit 8} to hit, reach 5 ft., one target. {@h}16 ({@damage 2d10 + 5}) bludgeoning damage.""]}, {""name"": ""Petrifying Breath {@recharge 5}"", ""entries"": [""The gorgon exhales petrifying gas in a 30-foot cone. Each creature in that area must succeed on a {@dc 13} Constitution saving throw. On a failed save, a target begins to turn to stone and is {@condition restrained}. The {@condition restrained} target must repeat the saving throw at the end of its next turn. On a success, the effect ends on the target. On a failure, the target is {@condition petrified} until freed by the  {@spell greater restoration} spell or other magic.""]}]",,,,
Gray Ooze,MM,"[""M""]",ooze,"[""U""]",[8],"{""average"": 22, ""formula"": ""3d8 + 9""}","{""walk"": 10, ""climb"": 10}",12,6,16,1,6,2,,"{""stealth"": ""+2""}",8,,1/2,"[{""name"": ""Amorphous"", ""entries"": [""The ooze can move through a space as narrow as 1 inch wide without squeezing.""]}, {""name"": ""Corrode Metal"", ""entries"": [""Any nonmagical weapon made of metal that hits the ooze corrodes. After dealing damage, the weapon takes a permanent and cumulative −1 penalty to damage rolls. If its penalty drops to −5, the weapon is destroyed. Nonmagical ammunition made of metal that hits the ooze is destroyed after dealing damage."", ""The ooze can eat through 2-inch-thick, nonmagical metal in 1 round.""]}, {""name"": ""False Appearance"", ""entries"": [""While the ooze remains motionless, it is indistinguishable from an oily pool or wet rock.""]}]","[{""name"": ""Pseudopod"", ""entries"": [""{@atk mw} {@hit 3} to hit, reach 5 ft., one target. {@h}4 ({@damage 1d6 + 1}) bludgeoning damage plus 7 ({@damage 2d6}) acid damage, and if the target is wearing nonmagical metal armor, its armor is partly corroded and takes a permanent and cumulative −1 penalty to the AC it offers. The armor is destroyed if the penalty reduces its AC to 10.""]}]",,,,
Green Dragon Wyrmling,MM,"[""M""]",dragon,"[""L"", ""E""]","[{""ac"": 17, ""from"": [""natural armor""]}]","{""average"": 38, ""formula"": ""7d8 + 7""}","{""walk"": 30, ""fly"": 60, ""swim"": 30}",15,12,13,14,11,13,"{""dex"": ""+3"", ""con"": ""+3"", ""wis"": ""+2"", ""cha"": ""+3""}","{""perception"": ""+4"", ""stealth"": ""+3""}",14,"[""Draconic""]",2,"[{""name"": ""Amphibious"", ""entries"": [""The dragon can breathe air and water.""]}]","[{""name"": ""Bite"", ""entries"": [""{@atk mw} {@hit 4} to hit, reach 5 ft., one target. {@h}7 ({@damage 1d10 + 2}) piercing damage plus 3 ({@damage 1d6}) poison damage.""]}, {""name"": ""Poison Breath {@recharge 5}"", ""entries"": [""The dragon exhales poisonous gas in a 15-foot cone. Each creature in that area must make a {@dc 11} Constitution saving throw, taking 21 ({@damage 6d6}) poison damage on a failed save, or half as much damage on a successful one.""]}]",,,,
Green Hag,MM,"[""M""]",fey,"[""N"", ""E""]","[{""ac"": 17, ""from"": [""natural armor""]}]","{""average"": 82, ""formula"": ""11d8 + 33""}","{""walk"": 30}",18,12,16,13,14,14,,"{""arcana"": ""+3"", ""deception"": ""+4"", ""perception"": ""+4"", ""stealth"": ""+3""}",14,"[""Common"", ""Draconic"", ""Sylvan""]","{""cr"": ""3"", ""coven"": ""5""}","[{""name"": ""Amphibious"", ""entries"": [""The hag can breathe air and water.""]}, {""name"": ""Mimicry"", ""entries"": [""The hag can mimic animal sounds and humanoid voices. A creature that hears the sounds can tell they are imitations with a successful {@dc 14} Wisdom ({@skill Insight}) check.""]}]","[{""name"": ""Claws"", ""entries"": [""{@atk mw} {@hit 6} to hit, reach 5 ft., one target. {@h}13 ({@damage 2d8 + 4}) slashing damage.""]}, {""name"": ""Illusory Appearance"", ""entries"": [""The hag covers herself and anything she is wearing or carrying with a magical illusion that makes her look like another creature of her general size and humanoid shape. The illusion ends if the hag takes a bonus action to end it or if she dies."", ""The changes wrought by this effect fail to hold up to physical inspection. For example, the hag could appear to have smooth skin, but someone touching her would feel her rough flesh. Otherwise, a creature must take an action to visually inspect the illusion and succeed on a {@dc 20} Intelligence ({@skill Investigation}) check to discern that the hag is disguised.""]}, {""name"": ""Invisible Passage"", ""entries"": [""The hag magically turns {@condition invisible} until she attacks or casts a spell, or until her {@status concentration} ends (as if {@status concentration||concentrating} on a spell). While {@condition invisible}, she leaves no physical evidence of her passage, so she can be tracked only by magic. Any equipment she wears or carries is {@condition invisible} with her.""]}]",,,,"[{""name"": ""Innate Spellcasting"", ""type"": ""spellcasting"", ""headerEntries"": [""The hag's innate spellcasting ability is Charisma (spell save {@dc 12}). She can innately cast the following spells, requiring no material components:""], ""will"": [""{@spell dancing lights}"", ""{@spell minor illusion}"", ""{@spell vicious mockery}""], ""ability"": ""cha""}]"
Grick,MM,"[""M""]",monstrosity,"[""N""]","[{""ac"": 14, ""from"": [""natural armor""]}]","{""average"": 27, ""formula"": ""6d8""}","{""walk"": 30, ""climb"": 30}",14,14,11,3,14,5,,,12,,2,"[{""name"": ""Stone Camouflage"", ""entries"": [""The grick has advantage on Dexterity ({@skill Stealth}) checks made to hide in rocky terrain.""]}]","[{""name"": ""Multiattack"", ""entries"": [""The grick makes one attack with its tentacles. If that attack hits, the grick can make one beak attack against the same target.""]}, {""name"": ""Tentacles"", ""entries"": [""{@atk mw} {@hit 4} to hit, reach 5 ft., one target. {@h}9 ({@damage 2d6 + 2}) slashing damage.""]}, {""name"": ""Beak"", ""entries"": [""{@atk mw} {@hit 4} to hit, reach 5 ft., one target. {@h}5 ({@damage 1d6 + 2}) piercing damage.""]}]",,,,
Griffon,MM,"[""L""]",monstrosity,"[""U""]",[12],"{""average"": 59, ""formula"": ""7d10 + 21""}","{""walk"": 30, ""fly"": 80}",18,15,16,2,13,8,,"{""perception"": ""+5""}",15,,2,"[{""name"": ""Keen Sight"", ""entries"": [""The griffon has advantage on Wisdom ({@skill Perception}) checks that rely on sight.""]}]","[{""name"": ""Multiattack"", ""entries"": [""The griffon makes two attacks: one with its beak and one with its claws.""]}, {""name"": ""Beak"", ""entries"": [""{@atk mw} {@hit 6} to hit, reach 5 ft., one target. {@h}8 ({@damage 1d8 + 4}) piercing damage.""]}, {""name"": ""Claws"", ""entries"": [""{@atk mw} {@hit 6} to hit, reach 5 ft., one target. {@h}11 ({@damage 2d6 + 4}) slashing damage.""]}]",,,,
Grimlock,MM,"[""M""]","{""type"": ""humanoid"", ""tags"": [""grimlock""]}","[""N"", ""E""]",[11],"{""average"": 11, ""formula"": ""2d8 + 2""}","{""walk"": 30}",16,12,12,9,8,6,,"{""athletics"": ""+5"", ""perception"": ""+3"", ""stealth"": ""+3""}",13,"[""Undercommon""]",1/4,"[{""name"": ""Blind Senses"", ""entries"": [""The grimlock can't use its blindsight while {@condition deafened} and unable to smell.""]}, {""name"": ""Keen Hearing and Smell"", ""entries"": [""The grimlock has advantage on Wisdom ({@skill Perception}) checks that rely on hearing or smell.""]}, {""name"": ""Stone Camouflage"", ""entries"": [""The grimlock has advantage on Dexterity ({@skill Stealth}) checks made to hide in rocky terrain.""]}]","[{""name"": ""Spiked Bone Club"", ""entries"": [""{@atk mw} {@hit 5} to hit, reach 5 ft., one target. {@h}5 ({@damage 1d4 + 3}) bludgeoning damage plus 2 ({@damage 1d4}) piercing damage.""]}]",,,,
Guard,MM,"[""M""]","{""type"": ""humanoid"", ""tags"": [""any race""]}","[""A""]","[{""ac"": 16, ""from"": [""{@item chain shirt|phb}"", ""{@item shield|phb}""]}]","{""average"": 11, ""formula"": ""2d8 + 2""}","{""walk"": 30}",13,12,12,10,11,10,,"{""perception"": ""+2""}",12,"[""any one language (usually Common)""]",1/8,,"[{""name"": ""Spear"", ""entries"": [""{@atk mw,rw} {@hit 3} to hit, reach 5 ft. or range 20/60 ft., one target. {@h}4 ({@damage 1d6 + 1}) piercing damage, or 5 ({@damage 1d8 + 1}) piercing damage if used with two hands to make a melee attack.""]}]",,,,
Guardian Naga,MM,"[""L""]",monstrosity,"[""L"", ""G""]","[{""ac"": 18, ""from"": [""natural armor""]}]","{""average"": 127, ""formula"": ""15d10 + 45""}","{""walk"": 40}",19,18,16,16,19,18,"{""dex"": ""+8"", ""con"": ""+7"", ""int"": ""+7"", ""wis"": ""+8"", ""cha"": ""+8""}",,14,"[""Celestial"", ""Common""]",10,"[{""name"": ""Rejuvenation"", ""entries"": [""If it dies, the naga returns to life in {@dice 1d6} days and regains all its hit points. Only a {@spell wish} spell can prevent this trait from functioning.""]}]","[{""name"": ""Bite"", ""entries"": [""{@atk mw} {@hit 8} to hit, reach 10 ft., one creature. {@h}8 ({@damage 1d8 + 4}) piercing damage, and the target must make a {@dc 15} Constitution saving throw, taking 45 ({@damage 10d8}) poison damage on a failed save, or half as much damage on a successful one.""]}, {""name"": ""Spit Poison"", ""entries"": [""{@atk rw} {@hit 8} to hit, range 15/30 ft., one creature. {@h}The target must make a {@dc 15} Constitution saving throw, taking 45 ({@damage 10d8}) poison damage on a failed save, or half as much damage on a successful one.""]}]",,,,"[{""name"": ""Spellcasting"", ""type"": ""spellcasting"", ""headerEntries"": [""The naga is an 11th-level spellcaster. Its spellcasting ability is Wisdom (spell save {@dc 16}, {@hit 8} to hit with spell attacks), and it needs only verbal components to cast its spells. It has the following cleric spells prepared:""], ""spells"": {""0"": {""spells"": [""{@spell mending}"", ""{@spell sacred flame}"", ""{@spell thaumaturgy}""]}, ""1"": {""slots"": 4, ""spells"": [""{@spell command}"", ""{@spell cure wounds}"", ""{@spell shield of faith}""]}, ""2"": {""slots"": 3, ""spells"": [""{@spell calm emotions}"", ""{@spell hold person}""]}, ""3"": {""slots"": 3, ""spells"": [""{@spell bestow curse}"", ""{@spell clairvoyance}""]}, ""4"": {""slots"": 3, ""spells"": [""{@spell banishment}"", ""{@spell freedom of movement}""]}, ""5"": {""slots"": 2, ""spells"": [""{@spell flame strike}"", ""{@spell geas}""]}, ""6"": {""slots"": 1, ""spells"": [""{@spell true seeing}""]}}, ""ability"": ""wis""}]"
Gynosphinx,MM,"[""L""]",monstrosity,"[""L"", ""N""]","[{""ac"": 17, ""from"": [""natural armor""]}]","{""average"": 136, ""formula"": ""16d10 + 48""}","{""walk"": 40, ""fly"": 60}",18,15,16,18,18,18,,"{""arcana"": ""+12"", ""history"": ""+12"", ""perception"": ""+8"", ""religion"": ""+8""}",18,"[""Common"", ""Sphinx""]",11,"[{""name"": ""Inscrutable"", ""entries"": [""The sphinx is immune to any effect that would sense its emotions or read its thoughts, as well as any divination spell that it refuses. Wisdom ({@skill Insight}) checks made to ascertain the sphinx's intentions or sincerity have disadvantage.""]}, {""name"": ""Magic Weapons"", ""entries"": [""The sphinx's weapon attacks are magical.""]}]","[{""name"": ""Multiattack"", ""entries"": [""The sphinx makes two claw attacks.""]}, {""name"": ""Claw"", ""entries"": [""{@atk mw} {@hit 8} to hit, reach 5 ft., one target. {@h}13 ({@damage 2d8 + 4}) slashing damage.""]}]",,,"[{""name"": ""Claw Attack"", ""entries"": [""The sphinx makes one claw attack.""]}, {""name"": ""Teleport (Costs 2 Actions)"", ""entries"": [""The sphinx magically teleports, along with any equipment it is wearing or carrying, up to 120 feet to an unoccupied space it can see.""]}, {""name"": ""Cast a Spell (Costs 3 Actions)"", ""entries"": [""The sphinx casts a spell from its list of prepared spells, using a spell slot as normal.""]}]","[{""name"": ""Spellcasting"", ""type"": ""spellcasting"", ""headerEntries"": [""The sphinx is a 9th-level spellcaster. Its spellcasting ability is Intelligence (spell save {@dc 16}, {@hit 8} to hit with spell attacks). It requires no material components to cast its spells. The sphinx has the following wizard spells prepared:""], ""spells"": {""0"": {""spells"": [""{@spell mage hand}"", ""{@spell minor illusion}"", ""{@spell prestidigitation}""]}, ""1"": {""slots"": 4, ""spells"": [""{@spell detect magic}"", ""{@spell identify}"", ""{@spell shield}""]}, ""2"": {""slots"": 3, ""spells"": [""{@spell darkness}"", ""{@spell locate object}"", ""{@spell suggestion}""]}, ""3"": {""slots"": 3, ""spells"": [""{@spell dispel magic}"", ""{@spell remove curse}"", ""{@spell tongues}""]}, ""4"": {""slots"": 3, ""spells"": [""{@spell banishment}"", ""{@spell greater invisibility}""]}, ""5"": {""slots"": 1, ""spells"": [""{@spell legend lore}""]}}, ""ability"": ""int""}]"
Half-Red Dragon Veteran,MM,"[""M""]","{""type"": ""humanoid"", ""tags"": [""human""]}","[""A""]","[{""ac"": 18, ""from"": [""{@item plate armor|phb}""]}]","{""average"": 65, ""formula"": ""10d8 + 20""}","{""walk"": 30}",16,13,14,10,11,10,,"{""athletics"": ""+6"", ""perception"": ""+3""}",12,"[""Common"", ""Draconic""]",5,,"[{""name"": ""Multiattack"", ""entries"": [""The veteran makes two longsword attacks. If it has a shortsword drawn, it can also make a shortsword attack.""]}, {""name"": ""Longsword"", ""entries"": [""{@atk mw} {@hit 5} to hit, reach 5 ft., one target. {@h}7 ({@damage 1d8 + 3}) slashing damage, or 8 ({@damage 1d10 + 3}) slashing damage if used with two hands.""]}, {""name"": ""Shortsword"", ""entries"": [""{@atk mw} {@hit 5} to hit, reach 5 ft., one target. {@h}6 ({@damage 1d6 + 3}) piercing damage.""]}, {""name"": ""Heavy Crossbow"", ""entries"": [""{@atk rw} {@hit 3} to hit, range 100/400 ft., one target. {@h}6 ({@damage 1d10 + 1}) piercing damage.""]}, {""name"": ""Fire Breath {@recharge 5}"", ""entries"": [""The veteran exhales fire in a 15-foot cone. Each creature in that area must make a {@dc 15} Dexterity saving throw, taking 24 ({@damage 7d6}) fire damage on a failed save, or half as much damage on a successful one.""]}]",,,,
Harpy,MM,"[""M""]",monstrosity,"[""C"", ""E""]",[11],"{""average"": 38, ""formula"": ""7d8 + 7""}","{""walk"": 20, ""fly"": 40}",12,13,12,7,10,13,,,10,"[""Common""]",1,,"[{""name"": ""Multiattack"", ""entries"": [""The harpy makes two attacks: one with its claws and one with its club.""]}, {""name"": ""Claws"", ""entries"": [""{@atk mw} {@hit 3} to hit, reach 5 ft., one target. {@h}6 ({@damage 2d4 + 1}) slashing damage.""]}, {""name"": ""Club"", ""entries"": [""{@atk mw} {@hit 3} to hit, reach 5 ft., one target. {@h}3 ({@damage 1d4 + 1}) bludgeoning damage.""]}, {""name"": ""Luring Song"", ""entries"": [""The harpy sings a magical melody. Every humanoid and giant within 300 feet of the harpy that can hear the song must succeed on a {@dc 11} Wisdom saving throw or be {@condition charmed} until the song ends. The harpy must take a bonus action on its subsequent turns to continue singing. It can stop singing at any time. The song ends if the harpy is {@condition incapacitated}."", ""While {@condition charmed} by the harpy, a target is {@condition incapacitated} and ignores the songs of other harpies. If the {@condition charmed} target is more than 5 feet away from the harpy, the target must move on its turn toward the harpy by the most direct route. It doesn't avoid opportunity attacks, but before moving into damaging terrain, such as lava or a pit, and whenever it takes damage from a source other than the harpy, a target can repeat the saving throw. A creature can also repeat the saving throw at the end of each of its turns. If a creature's saving throw is successful, the effect ends on it."", ""A target that successfully saves is immune to this harpy's song for the next 24 hours.""]}]",,,,
Hawk,MM,"[""T""]",beast,"[""U""]",[13],"{""average"": 1, ""formula"": ""1d4 - 1""}","{""walk"": 10, ""fly"": 60}",5,16,8,2,14,6,,"{""perception"": ""+4""}",14,,0,"[{""name"": ""Keen Sight"", ""entries"": [""The hawk has advantage on Wisdom ({@skill Perception}) checks that rely on sight.""]}]","[{""name"": ""Talons"", ""entries"": [""{@atk mw} {@hit 5} to hit, reach 5 ft., one target. {@h}1 slashing damage.""]}]",,,,
Hell Hound,MM,"[""M""]",fiend,"[""L"", ""E""]","[{""ac"": 15, ""from"": [""natural armor""]}]","{""average"": 45, ""formula"": ""7d8 + 14""}","{""walk"": 50}",17,12,14,6,13,6,,"{""perception"": ""+5""}",15,"[""understands Infernal but can't speak it""]",3,"[{""name"": ""Keen Hearing and Smell"", ""entries"": [""The hound has advantage on Wisdom ({@skill Perception}) checks that rely on hearing or smell.""]}, {""name"": ""Pack Tactics"", ""entries"": [""The hound has advantage on an attack roll against a creature if at least one of the hound's allies is within 5 feet of the creature and the ally isn't {@condition incapacitated}.""]}]","[{""name"": ""Bite"", ""entries"": [""{@atk mw} {@hit 5} to hit, reach 5 ft., one target. {@h}7 ({@damage 1d8 + 3}) piercing damage plus 7 ({@damage 2d6}) fire damage.""]}, {""name"": ""Fire Breath {@recharge 5}"", ""entries"": [""The hound exhales fire in a 15-foot cone. Each creature in that area must make a {@dc 12} Dexterity saving throw, taking 21 ({@damage 6d6}) fire damage on a failed save, or half as much damage on a successful one.""]}]",,,,
Hezrou,MM,"[""L""]","{""type"": ""fiend"", ""tags"": [""demon""]}","[""C"", ""E""]","[{""ac"": 16, ""from"": [""natural armor""]}]","{""average"": 136, ""formula"": ""13d10 + 65""}","{""walk"": 30}",19,17,20,5,12,13,"{""str"": ""+7"", ""con"": ""+8"", ""wis"": ""+4""}",,11,"[""Abyssal"", ""telepathy 120 ft.""]",8,"[{""name"": ""Magic Resistance"", ""entries"": [""The hezrou has advantage on saving throws against spells and other magical effects.""]}, {""name"": ""Stench"", ""entries"": [""Any creature that starts its turn within 10 feet of the hezrou must succeed on a {@dc 14} Constitution saving throw or be {@condition poisoned} until the start of its next turn. On a successful saving throw, the creature is immune to the hezrou's stench for 24 hours.""]}]","[{""name"": ""Multiattack"", ""entries"": [""The hezrou makes three attacks: one with its bite and two with its claws.""]}, {""name"": ""Bite"", ""entries"": [""{@atk mw} {@hit 7} to hit, reach 5 ft., one target. {@h}15 ({@damage 2d10 + 4}) piercing damage.""]}, {""name"": ""Claws"", ""entries"": [""{@atk mw} {@hit 7} to hit, reach 5 ft., one target. {@h}11 ({@damage 2d6 + 4}) slashing damage.""]}]",,,,
Hill Giant,MM,"[""H""]",giant,"[""C"", ""E""]","[{""ac"": 13, ""from"": [""natural armor""]}]","{""average"": 105, ""formula"": ""10d12 + 40""}","{""walk"": 40}",21,8,19,5,9,6,,"{""perception"": ""+2""}",12,"[""Giant""]",5,,"[{""name"": ""Multiattack"", ""entries"": [""The giant makes two greatclub attacks.""]}, {""name"": ""Greatclub"", ""entries"": [""{@atk mw} {@hit 8} to hit, reach 10 ft., one target. {@h}18 ({@damage 3d8 + 5}) bludgeoning damage.""]}, {""name"": ""Rock"", ""entries"": [""{@atk rw} {@hit 8} to hit, range 60/240 ft., one target. {@h}21 ({@damage 3d10 + 5}) bludgeoning damage.""]}]",,,,
Hippogriff,MM,"[""L""]",monstrosity,"[""U""]",[11],"{""average"": 19, ""formula"": ""3d10 + 3""}","{""walk"": 40, ""fly"": 60}",17,13,13,2,12,8,,"{""perception"": ""+5""}",15,,1,"[{""name"": ""Keen Sight"", ""entries"": [""The hippogriff has advantage on Wisdom ({@skill Perception}) checks that rely on sight.""]}]","[{""name"": ""Multiattack"", ""entries"": [""The hippogriff makes two attacks: one with its beak and one with its claws.""]}, {""name"": ""Beak"", ""entries"": [""{@atk mw} {@hit 5} to hit, reach 5 ft., one target. {@h}8 ({@damage 1d10 + 3}) piercing damage.""]}, {""name"": ""Claws"", ""entries"": [""{@atk mw} {@hit 5} to hit, reach 5 ft., one target. {@h}10 ({@damage 2d6 + 3}) slashing damage.""]}]",,,,
Hobgoblin,MM,"[""M""]","{""type"": ""humanoid"", ""tags"": [""goblinoid""]}","[""L"", ""E""]","[{""ac"": 18, ""from"": [""{@item chain mail|phb}"", ""{@item shield|phb}""]}]","{""average"": 11, ""formula"": ""2d8 + 2""}","{""walk"": 30}",13,12,12,10,10,9,,,10,"[""Common"", ""Goblin""]",1/2,"[{""name"": ""Martial Advantage"", ""entries"": [""Once per turn, the hobgoblin can deal an extra 7 ({@damage 2d6}) damage to a creature it hits with a weapon attack if that creature is within 5 feet of an ally of the hobgoblin that isn't {@condition incapacitated}.""]}]","[{""name"": ""Longsword"", ""entries"": [""{@atk mw} {@hit 3} to hit, reach 5 ft., one target. {@h}5 ({@damage 1d8 + 1}) slashing damage, or 6 ({@damage 1d10 + 1}) slashing damage if used with two hands.""]}, {""name"": ""Longbow"", ""entries"": [""{@atk rw} {@hit 3} to hit, range 150/600 ft., one target. {@h}5 ({@damage 1d8 + 1}) piercing damage.""]}]",,,,
Homunculus,MM,"[""T""]",construct,"[""N""]","[{""ac"": 13, ""from"": [""natural armor""]}]","{""average"": 5, ""formula"": ""2d4""}","{""walk"": 20, ""fly"": 40}",4,15,11,10,10,7,,,10,"[""understands the languages of its creator but can't speak""]",0,"[{""name"": ""Telepathic Bond"", ""entries"": [""While the homunculus is on the same plane of existence as its master, it can magically convey what it senses to its master, and the two can communicate telepathically.""]}]","[{""name"": ""Bite"", ""entries"": [""{@atk mw} {@hit 4} to hit, reach 5 ft., one creature. {@h}1 piercing damage, and the target must succeed on a {@dc 10} Constitution saving throw or be {@condition poisoned} for 1 minute. If the saving throw fails by 5 or more, the target is instead {@condition poisoned} for 5 ({@dice 1d10}) minutes and {@condition unconscious} while {@condition poisoned} in this way.""]}]",,,,
Horned Devil,MM,"[""L""]","{""type"": ""fiend"", ""tags"": [""devil""]}","[""L"", ""E""]","[{""ac"": 18, ""from"": [""natural armor""]}]","{""average"": 178, ""formula"": ""17d10 + 85""}","{""walk"": 20, ""fly"": 60}",22,17,21,12,16,17,"{""str"": ""+10"", ""dex"": ""+7"", ""wis"": ""+7"", ""cha"": ""+7""}",,13,"[""Infernal"", ""telepathy 120 ft.""]",11,"[{""name"": ""Devil's Sight"", ""entries"": [""Magical darkness doesn't impede the devil's darkvision.""]}, {""name"": ""Magic Resistance"", ""entries"": [""The devil has advantage on saving throws against spells and other magical effects.""]}]","[{""name"": ""Multiattack"", ""entries"": [""The devil makes three melee attacks: two with its fork and one with its tail. It can use Hurl Flame in place of any melee attack.""]}, {""name"": ""Fork"", ""entries"": [""{@atk mw} {@hit 10} to hit, reach 10 ft., one target. {@h}15 ({@damage 2d8 + 6}) piercing damage.""]}, {""name"": ""Tail"", ""entries"": [""{@atk mw} {@hit 10} to hit, reach 10 ft., one target. {@h}10 ({@damage 1d8 + 6}) piercing damage. If the target is a creature other than an undead or a construct, it must succeed on a {@dc 17} Constitution saving throw or lose 10 ({@dice 3d6}) hit points at the start of each of its turns due to an infernal wound. Each time the devil hits the wounded target with this attack, the damage dealt by the wound increases by 10 ({@damage 3d6}). Any creature can take an action to stanch the wound with a successful {@dc 12} Wisdom ({@skill Medicine}) check. The wound also closes if the target receives magical healing.""]}, {""name"": ""Hurl Flame"", ""entries"": [""{@atk rs} {@hit 7} to hit, range 150 ft., one target. {@h}14 ({@damage 4d6}) fire damage. If the target is a flammable object that isn't being worn or carried, it also catches fire.""]}]",,,,
Hunter Shark,MM,"[""L""]",beast,"[""U""]","[{""ac"": 12, ""from"": [""natural armor""]}]","{""average"": 45, ""formula"": ""6d10 + 12""}","{""swim"": 40}",18,13,15,1,10,4,,"{""perception"": ""+2""}",12,,2,"[{""name"": ""Blood Frenzy"", ""entries"": [""The shark has advantage on melee attack rolls against any creature that doesn't have all its hit points.""]}, {""name"": ""Water Breathing"", ""entries"": [""The shark can breathe only underwater.""]}]","[{""name"": ""Bite"", ""entries"": [""{@atk mw} {@hit 6} to hit, reach 5 ft., one target. {@h}13 ({@damage 2d8 + 4}) piercing damage.""]}]",,,,
Hydra,MM,"[""H""]",monstrosity,"[""U""]","[{""ac"": 15, ""from"": [""natural armor""]}]","{""average"": 172, ""formula"": ""15d12 + 75""}","{""walk"": 30, ""swim"": 30}",20,12,20,2,10,7,,"{""perception"": ""+6""}",16,,8,"[{""name"": ""Hold Breath"", ""entries"": [""The hydra can hold its breath for 1 hour.""]}, {""name"": ""Multiple Heads"", ""entries"": [""The hydra has five heads. While it has more than one head, the hydra has advantage on saving throws against being {@condition blinded}, {@condition charmed}, {@condition deafened}, {@condition frightened}, {@condition stunned}, and knocked {@condition unconscious}."", ""Whenever the hydra takes 25 or more damage in a single turn, one of its heads dies. If all its heads die, the hydra dies."", ""At the end of its turn, it grows two heads for each of its heads that died since its last turn, unless it has taken fire damage since its last turn. The hydra regains 10 hit points for each head regrown in this way.""]}, {""name"": ""Reactive Heads"", ""entries"": [""For each head the hydra has beyond one, it gets an extra reaction that can be used only for opportunity attacks.""]}, {""name"": ""Wakeful"", ""entries"": [""While the hydra sleeps, at least one of its heads is awake.""]}]","[{""name"": ""Multiattack"", ""entries"": [""The hydra makes as many bite attacks as it has heads.""]}, {""name"": ""Bite"", ""entries"": [""{@atk mw} {@hit 8} to hit, reach 10 ft., one target. {@h}10 ({@damage 1d10 + 5}) piercing damage.""]}]",,,,
Hyena,MM,"[""M""]",beast,"[""U""]",[11],"{""average"": 5, ""formula"": ""1d8 + 1""}","{""walk"": 50}",11,13,12,2,12,5,,"{""perception"": ""+3""}",13,,0,"[{""name"": ""Pack Tactics"", ""entries"": [""The hyena has advantage on an attack roll against a creature if at least one of the hyena's allies is within 5 feet of the creature and the ally isn't {@condition incapacitated}.""]}]","[{""name"": ""Bite"", ""entries"": [""{@atk mw} {@hit 2} to hit, reach 5 ft., one target. {@h}3 ({@damage 1d6}) piercing damage.""]}]",,,,
Ice Devil,MM,"[""L""]","{""type"": ""fiend"", ""tags"": [""devil""]}","[""L"", ""E""]","[{""ac"": 18, ""from"": [""natural armor""]}]","{""average"": 180, ""formula"": ""19d10 + 76""}","{""walk"": 40}",21,14,18,18,15,18,"{""dex"": ""+7"", ""con"": ""+9"", ""wis"": ""+7"", ""cha"": ""+9""}",,12,"[""Infernal"", ""telepathy 120 ft.""]",14,"[{""name"": ""Devil's Sight"", ""entries"": [""Magical darkness doesn't impede the devil's darkvision.""]}, {""name"": ""Magic Resistance"", ""entries"": [""The devil has advantage on saving throws against spells and other magical effects.""]}]","[{""name"": ""Multiattack"", ""entries"": [""The devil makes three attacks: one with its bite, one with its claws, and one with its tail.""]}, {""name"": ""Bite"", ""entries"": [""{@atk mw} {@hit 10} to hit, reach 5 ft., one target. {@h}12 ({@damage 2d6 + 5}) piercing damage plus 10 ({@damage 3d6}) cold damage.""]}, {""name"": ""Claws"", ""entries"": [""{@atk mw} {@hit 10} to hit, reach 5 ft., one target. {@h}10 ({@damage 2d4 + 5}) slashing damage plus 10 ({@damage 3d6}) cold damage.""]}, {""name"": ""Tail"", ""entries"": [""{@atk mw} {@hit 10} to hit, reach 10 ft., one target. {@h}12 ({@damage 2d6 + 5}) bludgeoning damage plus 10 ({@damage 3d6}) cold damage.""]}, {""name"": ""Wall of Ice {@recharge}"", ""entries"": [""The devil magically forms an opaque wall of ice on a solid surface it can see within 60 feet of it. The wall is 1 foot thick and up to 30 feet long and 10 feet high, or it's a hemispherical dome up to 20 feet in diameter."", ""When the wall appears, each creature in its space is pushed out of it by the shortest route. The creature chooses which side of the wall to end up on, unless the creature is {@condition incapacitated}. The creature then makes a {@dc 17} Dexterity saving throw, taking 35 ({@damage 10d6}) cold damage on a failed save, or half as much damage on a successful one."", ""The wall lasts for 1 minute or until the devil is {@condition incapacitated} or dies. The wall can be damaged and breached; each 10-foot section has AC 5, 30 hit points, vulnerability to fire damage, and immunity to acid, cold, necrotic, poison, and psychic damage. If a section is destroyed, it leaves behind a sheet of frigid air in the space the wall occupied. Whenever a creature finishes moving through the frigid air on a turn, willingly or otherwise, the creature must make a {@dc 17} Constitution saving throw, taking 17 ({@damage 5d6}) cold damage on a failed save, or half as much damage on a successful one. The frigid air dissipates when the rest of the wall vanishes.""]}]",,,,
Ice Mephit,MM,"[""S""]",elemental,"[""N"", ""E""]",[11],"{""average"": 21, ""formula"": ""6d6""}","{""walk"": 30, ""fly"": 30}",7,13,10,9,11,12,,"{""perception"": ""+2"", ""stealth"": ""+3""}",12,"[""Aquan"", ""Auran""]",1/2,"[{""name"": ""Death Burst"", ""entries"": [""When the mephit dies, it explodes in a burst of jagged ice. Each creature within 5 feet of it must make a {@dc 10} Dexterity saving throw, taking 4 ({@damage 1d8}) slashing damage on a failed save, or half as much damage on a successful one.""]}, {""name"": ""False Appearance"", ""entries"": [""While the mephit remains motionless, it is indistinguishable from an ordinary shard of ice.""]}]","[{""name"": ""Claws"", ""entries"": [""{@atk mw} {@hit 3} to hit, reach 5 ft., one creature. {@h}3 ({@damage 1d4 + 1}) slashing damage plus 2 ({@damage 1d4}) cold damage.""]}, {""name"": ""Frost Breath {@recharge}"", ""entries"": [""The mephit exhales a 15-foot cone of cold air. Each creature in that area must succeed on a {@dc 10} Dexterity saving throw, taking 5 ({@damage 2d4}) cold damage on a failed save, or half as much damage on a successful one.""]}]",,,,"[{""name"": ""Innate Spellcasting (1/Day)"", ""type"": ""spellcasting"", ""headerEntries"": [""The mephit can innately cast {@spell fog cloud}, requiring no material components. Its innate spellcasting ability is Charisma.""], ""will"": [""{@spell fog cloud}""], ""ability"": ""cha"", ""hidden"": [""will""]}]"
Imp,MM,"[""T""]","{""type"": ""fiend"", ""tags"": [""devil""]}","[""L"", ""E""]",[13],"{""average"": 10, ""formula"": ""3d4 + 3""}","{""walk"": 20, ""fly"": 40}",6,17,13,11,12,14,,"{""deception"": ""+4"", ""insight"": ""+3"", ""persuasion"": ""+4"", ""stealth"": ""+5""}",11,"[""Infernal"", ""Common""]",1,"[{""name"": ""Shapechanger"", ""entries"": [""The imp can use its action to polymorph into a beast form that resembles a rat (speed 20 ft.), a raven (20 ft., fly 60 ft.), or a spider (20 ft., climb 20 ft.), or back into its true form. Its statistics are the same in each form, except for the speed changes noted. Any equipment it is wearing or carrying isn't transformed. It reverts to its true form if it dies.""]}, {""name"": ""Devil's Sight"", ""entries"": [""Magical darkness doesn't impede the imp's darkvision.""]}, {""name"": ""Magic Resistance"", ""entries"": [""The imp has advantage on saving throws against spells and other magical effects.""]}]","[{""name"": ""Sting (Bite in Beast Form)"", ""entries"": [""{@atk mw} {@hit 5} to hit, reach 5 ft., one target. {@h}5 ({@damage 1d4 + 3}) piercing damage, and the target must make a {@dc 11} Constitution saving throw, taking 10 ({@damage 3d6}) poison damage on a failed save, or half as much damage on a successful one.""]}, {""name"": ""Invisibility"", ""entries"": [""The imp magically turns {@condition invisible} until it attacks, or until its {@status concentration} ends (as if {@status concentration||concentrating} on a spell). Any equipment the imp wears or carries is {@condition invisible} with it.""]}]",,,,
Incubus,MM,"[""M""]","{""type"": ""fiend"", ""tags"": [""shapechanger""]}","[""N"", ""E""]","[{""ac"": 15, ""from"": [""natural armor""]}]","{""average"": 66, ""formula"": ""12d8 + 12""}","{""walk"": 30, ""fly"": 60}",8,17,13,15,12,20,,"{""deception"": ""+9"", ""insight"": ""+5"", ""perception"": ""+5"", ""persuasion"": ""+9"", ""stealth"": ""+7""}",15,"[""Abyssal"", ""Common"", ""Infernal"", ""telepathy 60 ft.""]",4,"[{""name"": ""Telepathic Bond"", ""entries"": [""The fiend ignores the range restriction on its telepathy when communicating with a creature it has {@condition charmed}. The two don't even need to be on the same plane of existence.""]}, {""name"": ""Shapechanger"", ""entries"": [""The fiend can use its action to polymorph into a Small or Medium humanoid, or back into its true form. Without wings, the fiend loses its flying speed. Other than its size and speed, its statistics are the same in each form. Any equipment it is wearing or carrying isn't transformed. It reverts to its true form if it dies.""]}]","[{""name"": ""Claw (Fiend Form Only)"", ""entries"": [""{@atk mw} {@hit 5} to hit, reach 5 ft., one target. {@h}6 ({@damage 1d6 + 3}) slashing damage.""]}, {""name"": ""Charm"", ""entries"": [""One humanoid the fiend can see within 30 feet of it must succeed on a {@dc 15} Wisdom saving throw or be magically {@condition charmed} for 1 day. The {@condition charmed} target obeys the fiend's verbal or telepathic commands. If the target suffers any harm or receives a suicidal command, it can repeat the saving throw, ending the effect on a success. If the target successfully saves against the effect, or if the effect on it ends, the target is immune to this fiend's Charm for the next 24 hours."", ""The fiend can have only one target {@condition charmed} at a time. If it charms another, the effect on the previous target ends.""]}, {""name"": ""Draining Kiss"", ""entries"": [""The fiend kisses a creature {@condition charmed} by it or a willing creature. The target must make a {@dc 15} Constitution saving throw against this magic, taking 32 ({@damage 5d10 + 5}) psychic damage on a failed save, or half as much damage on a successful one. The target's hit point maximum is reduced by an amount equal to the damage taken. This reduction lasts until the target finishes a long rest. The target dies if this effect reduces its hit point maximum to 0.""]}, {""name"": ""Etherealness"", ""entries"": [""The fiend magically enters the Ethereal Plane from the Material Plane, or vice versa.""]}]",,,,
Invisible Stalker,MM,"[""M""]",elemental,"[""N""]",[14],"{""average"": 104, ""formula"": ""16d8 + 32""}","{""walk"": 50, ""fly"": {""number"": 50, ""condition"": ""(hover)""}, ""canHover"": true}",16,19,14,10,15,11,,"{""perception"": ""+8"", ""stealth"": ""+10""}",18,"[""Auran"", ""understands Common but doesn't speak it""]",6,"[{""name"": ""Invisibility"", ""entries"": [""The stalker is {@condition invisible}.""]}, {""name"": ""Faultless Tracker"", ""entries"": [""The stalker is given a quarry by its summoner. The stalker knows the direction and distance to its quarry as long as the two of them are on the same plane of existence. The stalker also knows the location of its summoner.""]}]","[{""name"": ""Multiattack"", ""entries"": [""The stalker makes two slam attacks.""]}, {""name"": ""Slam"", ""entries"": [""{@atk mw} {@hit 6} to hit, reach 5 ft., one target. {@h}10 ({@damage 2d6 + 3}) bludgeoning damage.""]}]",,,,
Iron Golem,MM,"[""L""]",construct,"[""U""]","[{""ac"": 20, ""from"": [""natural armor""]}]","{""average"": 210, ""formula"": ""20d10 + 100""}","{""walk"": 30}",24,9,20,3,11,1,,,10,"[""understands the languages of its creator but can't speak""]",16,"[{""name"": ""Fire Absorption"", ""entries"": [""Whenever the golem is subjected to fire damage, it takes no damage and instead regains a number of hit points equal to the fire damage dealt.""]}, {""name"": ""Immutable Form"", ""entries"": [""The golem is immune to any spell or effect that would alter its form.""]}, {""name"": ""Magic Resistance"", ""entries"": [""The golem has advantage on saving throws against spells and other magical effects.""]}, {""name"": ""Magic Weapons"", ""entries"": [""The golem's weapon attacks are magical.""]}]","[{""name"": ""Multiattack"", ""entries"": [""The golem makes two melee attacks.""]}, {""name"": ""Slam"", ""entries"": [""{@atk mw} {@hit 13} to hit, reach 5 ft., one target. {@h}20 ({@damage 3d8 + 7}) bludgeoning damage.""]}, {""name"": ""Sword"", ""entries"": [""{@atk mw} {@hit 13} to hit, reach 10 ft., one target. {@h}23 ({@damage 3d10 + 7}) slashing damage.""]}, {""name"": ""Poison Breath {@recharge 5}"", ""entries"": [""The golem exhales poisonous gas in a 15-foot cone. Each creature in that area must make a {@dc 19} Constitution saving throw, taking 45 ({@damage 10d8}) poison damage on a failed save, or half as much damage on a successful one.""]}]",,,,
Jackal,MM,"[""S""]",beast,"[""U""]",[12],"{""average"": 3, ""formula"": ""1d6""}","{""walk"": 40}",8,15,11,3,12,6,,"{""perception"": ""+3""}",13,,0,"[{""name"": ""Keen Hearing and Smell"", ""entries"": [""The jackal has advantage on Wisdom ({@skill Perception}) checks that rely on hearing or smell.""]}, {""name"": ""Pack Tactics"", ""entries"": [""The jackal has advantage on an attack roll against a creature if at least one of the jackal's allies is within 5 feet of the creature and the ally isn't {@condition incapacitated}.""]}]","[{""name"": ""Bite"", ""entries"": [""{@atk mw} {@hit 1} to hit, reach 5 ft., one target. {@h}1 ({@damage 1d4 - 1}) piercing damage.""]}]",,,,
Killer Whale,MM,"[""H""]",beast,"[""U""]","[{""ac"": 12, ""from"": [""natural armor""]}]","{""average"": 90, ""formula"": ""12d12 + 12""}","{""swim"": 60}",19,10,13,3,12,7,,"{""perception"": ""+3""}",13,,3,"[{""name"": ""Echolocation"", ""entries"": [""The whale can't use its blindsight while {@condition deafened}.""]}, {""name"": ""Hold Breath"", ""entries"": [""The whale can hold its breath for 30 minutes.""]}, {""name"": ""Keen Hearing"", ""entries"": [""The whale has advantage on Wisdom ({@skill Perception}) checks that rely on hearing.""]}]","[{""name"": ""Bite"", ""entries"": [""{@atk mw} {@hit 6} to hit, reach 5 ft., one target. {@h}21 ({@damage 5d6 + 4}) piercing damage.""]}]",,,,
Knight,MM,"[""M""]","{""type"": ""humanoid"", ""tags"": [""any race""]}","[""A""]","[{""ac"": 18, ""from"": [""{@item plate armor|phb}""]}]","{""average"": 52, ""formula"": ""8d8 + 16""}","{""walk"": 30}",16,11,14,11,11,15,"{""con"": ""+4"", ""wis"": ""+2""}",,10,"[""any one language (usually Common)""]",3,"[{""name"": ""Brave"", ""entries"": [""The knight has advantage on saving throws against being {@condition frightened}.""]}]","[{""name"": ""Multiattack"", ""entries"": [""The knight makes two melee attacks.""]}, {""name"": ""Greatsword"", ""entries"": [""{@atk mw} {@hit 5} to hit, reach 5 ft., one target. {@h}10 ({@damage 2d6 + 3}) slashing damage.""]}, {""name"": ""Heavy Crossbow"", ""entries"": [""{@atk rw} {@hit 2} to hit, range 100/400 ft., one target. {@h}5 ({@damage 1d10}) piercing damage.""]}, {""name"": ""Leadership (Recharges after a Short or Long Rest)"", ""entries"": [""For 1 minute, the knight can utter a special command or warning whenever a nonhostile creature that it can see within 30 feet of it makes an attack roll or a saving throw. The creature can add a {@dice d4} to its roll provided it can hear and understand the knight. A creature can benefit from only one Leadership die at a time. This effect ends if the knight is {@condition incapacitated}.""]}]",,"[{""name"": ""Parry"", ""entries"": [""The knight adds 2 to its AC against one melee attack that would hit it. To do so, the knight must see the attacker and be wielding a melee weapon.""]}]",,
Kobold,MM,"[""S""]","{""type"": ""humanoid"", ""tags"": [""kobold""]}","[""L"", ""E""]",[12],"{""average"": 5, ""formula"": ""2d6 - 2""}","{""walk"": 30}",7,15,9,8,7,8,,,8,"[""Common"", ""Draconic""]",1/8,"[{""name"": ""Sunlight Sensitivity"", ""entries"": [""While in sunlight, the kobold has disadvantage on attack rolls, as well as on Wisdom ({@skill Perception}) checks that rely on sight.""]}, {""name"": ""Pack Tactics"", ""entries"": [""The kobold has advantage on an attack roll against a creature if at least one of the kobold's allies is within 5 feet of the creature and the ally isn't {@condition incapacitated}.""]}]","[{""name"": ""Dagger"", ""entries"": [""{@atk mw} {@hit 4} to hit, reach 5 ft., one target. {@h}4 ({@damage 1d4 + 2}) piercing damage.""]}, {""name"": ""Sling"", ""entries"": [""{@atk rw} {@hit 4} to hit, range 30/120 ft., one target. {@h}4 ({@damage 1d4 + 2}) bludgeoning damage.""]}]",,,,
Kraken,MM,"[""G""]","{""type"": ""monstrosity"", ""tags"": [""titan""]}","[""C"", ""E""]","[{""ac"": 18, ""from"": [""natural armor""]}]","{""average"": 472, ""formula"": ""27d20 + 189""}","{""walk"": 20, ""swim"": 60}",30,11,25,22,18,20,"{""str"": ""+17"", ""dex"": ""+7"", ""con"": ""+14"", ""int"": ""+13"", ""wis"": ""+11""}",,14,"[""Abyssal"", ""Celestial"", ""Infernal"", ""Primordial"", ""telepathy 120 ft. but can't speak""]",23,"[{""name"": ""Amphibious"", ""entries"": [""The kraken can breathe air and water.""]}, {""name"": ""Freedom of Movement"", ""entries"": [""The kraken ignores {@quickref difficult terrain||3}, and magical effects can't reduce its speed or cause it to be {@condition restrained}. It can spend 5 feet of movement to escape from nonmagical restraints or being {@condition grappled}.""]}, {""name"": ""Siege Monster"", ""entries"": [""The kraken deals double damage to objects and structures.""]}]","[{""name"": ""Multiattack"", ""entries"": [""The kraken makes three tentacle attacks, each of which it can replace with one use of Fling.""]}, {""name"": ""Bite"", ""entries"": [""{@atk mw} {@hit 17} to hit, reach 5 ft., one target. {@h}23 ({@damage 3d8 + 10}) piercing damage. If the target is a Large or smaller creature {@condition grappled} by the kraken, that creature is swallowed, and the grapple ends. While swallowed, the creature is {@condition blinded} and {@condition restrained}, it has {@quickref Cover||3||total cover} against attacks and other effects outside the kraken, and it takes 42 ({@damage 12d6}) acid damage at the start of each of the kraken's turns. If the kraken takes 50 damage or more on a single turn from a creature inside it, the kraken must succeed on a {@dc 25} Constitution saving throw at the end of that turn or regurgitate all swallowed creatures, which fall {@condition prone} in a space within 10 feet of the kraken. If the kraken dies, a swallowed creature is no longer {@condition restrained} by it and can escape from the corpse using 15 feet of movement, exiting {@condition prone}.""]}, {""name"": ""Tentacle"", ""entries"": [""{@atk mw} {@hit 17} to hit, reach 30 ft., one target. {@h}20 ({@damage 3d6 + 10}) bludgeoning damage, and the target is {@condition grappled} (escape {@dc 18}). Until this grapple ends, the target is {@condition restrained}. The kraken has ten tentacles, each of which can grapple one target.""]}, {""name"": ""Fling"", ""entries"": [""One Large or smaller object held or creature {@condition grappled} by the kraken is thrown up to 60 feet in a random direction and knocked {@condition prone}. If a thrown target strikes a solid surface, the target takes 3 ({@damage 1d6}) bludgeoning damage for every 10 feet it was thrown. If the target is thrown at another creature, that creature must succeed on a {@dc 18} Dexterity saving throw or take the same damage and be knocked {@condition prone}.""]}, {""name"": ""Lightning Storm"", ""entries"": [""The kraken magically creates three bolts of lightning, each of which can strike a target the kraken can see within 120 feet of it. A target must make a {@dc 23} Dexterity saving throw, taking 22 ({@damage 4d10}) lightning damage on a failed save, or half as much damage on a successful one.""]}]",,,"[{""name"": ""Tentacle Attack or Fling"", ""entries"": [""The kraken makes one tentacle attack or uses its Fling.""]}, {""name"": ""Lightning Storm (Costs 2 Actions)"", ""entries"": [""The kraken uses Lightning Storm.""]}, {""name"": ""Ink Cloud (Costs 3 Actions)"", ""entries"": [""While underwater, the kraken expels an ink cloud in a 60-foot radius. The cloud spreads around corners, and that area is heavily obscured to creatures other than the kraken. Each creature other than the kraken that ends its turn there must succeed on a {@dc 23} Constitution saving throw, taking 16 ({@damage 3d10}) poison damage on a failed save, or half as much damage on a successful one. A strong current disperses the cloud, which otherwise disappears at the end of the kraken's next turn.""]}]",
Lamia,MM,"[""L""]",monstrosity,"[""C"", ""E""]","[{""ac"": 13, ""from"": [""natural armor""]}]","{""average"": 97, ""formula"": ""13d10 + 26""}","{""walk"": 30}",16,13,15,14,15,16,,"{""deception"": ""+7"", ""insight"": ""+4"", ""stealth"": ""+3""}",12,"[""Abyssal"", ""Common""]",4,,"[{""name"": ""Multiattack"", ""entries"": [""The lamia makes two attacks: one with its claws and one with its dagger or Intoxicating Touch.""]}, {""name"": ""Claws"", ""entries"": [""{@atk mw} {@hit 5} to hit, reach 5 ft., one target. {@h}14 ({@damage 2d10 + 3}) slashing damage.""]}, {""name"": ""Dagger"", ""entries"": [""{@atk mw} {@hit 5} to hit, reach 5 ft., one target. {@h}5 ({@damage 1d4 + 3}) piercing damage.""]}, {""name"": ""Intoxicating Touch"", ""entries"": [""{@atk ms} {@hit 5} to hit, reach 5 ft., one creature. {@h}The target is magically cursed for 1 hour. Until the curse ends, the target has disadvantage on Wisdom saving throws and all ability checks.""]}]",,,,"[{""name"": ""Innate Spellcasting"", ""type"": ""spellcasting"", ""headerEntries"": [""The lamia's innate spellcasting ability is Charisma (spell save {@dc 13}). It can innately cast the following spells, requiring no material components.""], ""will"": [""{@spell disguise self} (any humanoid form)"", ""{@spell major image}""], ""daily"": {""1"": [""{@spell geas}""], ""3e"": [""{@spell charm person}"", ""{@spell mirror image}"", ""{@spell scrying}"", ""{@spell suggestion}""]}, ""ability"": ""cha""}]"
Lemure,MM,"[""M""]","{""type"": ""fiend"", ""tags"": [""devil""]}","[""L"", ""E""]",[7],"{""average"": 13, ""formula"": ""3d8""}","{""walk"": 15}",10,5,11,1,11,3,,,10,"[""understands Infernal but can't speak""]",0,"[{""name"": ""Devil's Sight"", ""entries"": [""Magical darkness doesn't impede the lemure's darkvision.""]}, {""name"": ""Hellish Rejuvenation"", ""entries"": [""A lemure that dies in the Nine Hells comes back to life with all its hit points in {@dice 1d10} days unless it is killed by a good-aligned creature with a {@spell bless} spell cast on that creature or its remains are sprinkled with holy water.""]}]","[{""name"": ""Fist"", ""entries"": [""{@atk mw} {@hit 3} to hit, reach 5 ft., one target. {@h}2 ({@damage 1d4}) bludgeoning damage.""]}]",,,,
Lich,MM,"[""M""]",undead,"[""L"", ""NX"", ""C"", ""E""]","[{""ac"": 17, ""from"": [""natural armor""]}]","{""average"": 135, ""formula"": ""18d8 + 54""}","{""walk"": 30}",11,16,16,20,14,16,"{""con"": ""+10"", ""int"": ""+12"", ""wis"": ""+9""}","{""arcana"": ""+19"", ""history"": ""+12"", ""insight"": ""+9"", ""perception"": ""+9""}",19,"[""Common plus up to five other languages""]","{""cr"": ""21"", ""lair"": ""22""}","[{""name"": ""Legendary Resistance (3/Day)"", ""entries"": [""If the lich fails a saving throw, it can choose to succeed instead.""]}, {""name"": ""Rejuvenation"", ""entries"": [""If it has a phylactery, a destroyed lich gains a new body in {@dice 1d10} days, regaining all its hit points and becoming active again. The new body appears within 5 feet of the phylactery.""]}, {""name"": ""Turn Resistance"", ""entries"": [""The lich has advantage on saving throws against any effect that turns undead.""]}]","[{""name"": ""Paralyzing Touch"", ""entries"": [""{@atk ms} {@hit 12} to hit, reach 5 ft., one creature. {@h}10 ({@damage 3d6}) cold damage. The target must succeed on a {@dc 18} Constitution saving throw or be {@condition paralyzed} for 1 minute. The target can repeat the saving throw at the end of each of its turns, ending the effect on itself on a success.""]}]",,,"[{""name"": ""Cantrip"", ""entries"": [""The lich casts a cantrip.""]}, {""name"": ""Paralyzing Touch (Costs 2 Actions)"", ""entries"": [""The lich uses its Paralyzing Touch.""]}, {""name"": ""Frightening Gaze (Costs 2 Actions)"", ""entries"": [""The lich fixes its gaze on one creature it can see within 10 feet of it. The target must succeed on a {@dc 18} Wisdom saving throw against this magic or become {@condition frightened} for 1 minute. The {@condition frightened} target can repeat the saving throw at the end of each of its turns, ending the effect on itself on a success. If a target's saving throw is successful or the effect ends for it, the target is immune to the lich's gaze for the next 24 hours.""]}, {""name"": ""Disrupt Life (Costs 3 Actions)"", ""entries"": [""Each non-undead creature within 20 feet of the lich must make a {@dc 18} Constitution saving throw against this magic, taking 21 ({@damage 6d6}) necrotic damage on a failed save, or half as much damage on a successful one.""]}]","[{""name"": ""Spellcasting"", ""type"": ""spellcasting"", ""headerEntries"": [""The lich is an 18th-level spellcaster. Its spellcasting ability is Intelligence (spell save {@dc 20}, {@hit 12} to hit with spell attacks). The lich has the following wizard spells prepared:""], ""spells"": {""0"": {""spells"": [""{@spell mage hand}"", ""{@spell prestidigitation}"", ""{@spell ray of frost}""]}, ""1"": {""slots"": 4, ""spells"": [""{@spell detect magic}"", ""{@spell magic missile}"", ""{@spell shield}"", ""{@spell thunderwave}""]}, ""2"": {""slots"": 3, ""spells"": [""{@spell detect thoughts}"", ""{@spell invisibility}"", ""{@spell Melf's acid arrow}"", ""{@spell mirror image}""]}, ""3"": {""slots"": 3, ""spells"": [""{@spell animate dead}"", ""{@spell counterspell}"", ""{@spell dispel magic}"", ""{@spell fireball}""]}, ""4"": {""slots"": 3, ""spells"": [""{@spell blight}"", ""{@spell dimension door}""]}, ""5"": {""slots"": 3, ""spells"": [""{@spell cloudkill}"", ""{@spell scrying}""]}, ""6"": {""slots"": 1, ""spells"": [""{@spell disintegrate}"", ""{@spell globe of invulnerability}""]}, ""7"": {""slots"": 1, ""spells"": [""{@spell finger of death}"", ""{@spell plane shift}""]}, ""8"": {""slots"": 1, ""spells"": [""{@spell dominate monster}"", ""{@spell power word stun}""]}, ""9"": {""slots"": 1, ""spells"": [""{@spell power word kill}""]}}, ""ability"": ""int""}]"
Lion,MM,"[""L""]",beast,"[""U""]",[12],"{""average"": 26, ""formula"": ""4d10 + 4""}","{""walk"": 50}",17,15,13,3,12,8,,"{""perception"": ""+3"", ""stealth"": ""+6""}",13,,1,"[{""name"": ""Keen Smell"", ""entries"": [""The lion has advantage on Wisdom ({@skill Perception}) checks that rely on smell.""]}, {""name"": ""Pack Tactics"", ""entries"": [""The lion has advantage on an attack roll against a creature if at least one of the lion's allies is within 5 feet of the creature and the ally isn't {@condition incapacitated}.""]}, {""name"": ""Pounce"", ""entries"": [""If the lion moves at least 20 feet straight toward a creature and then hits it with a claw attack on the same turn, that target must succeed on a {@dc 13} Strength saving throw or be knocked {@condition prone}. If the target is {@condition prone}, the lion can make one bite attack against it as a bonus action.""]}, {""name"": ""Running Leap"", ""entries"": [""With a 10-foot running start, the lion can long jump up to 25 feet.""]}]","[{""name"": ""Bite"", ""entries"": [""{@atk mw} {@hit 5} to hit, reach 5 ft., one target. {@h}7 ({@damage 1d8 + 3}) piercing damage.""]}, {""name"": ""Claw"", ""entries"": [""{@atk mw} {@hit 5} to hit, reach 5 ft., one target. {@h}6 ({@damage 1d6 + 3}) slashing damage.""]}]",,,,
Lizard,MM,"[""T""]",beast,"[""U""]",[10],"{""average"": 2, ""formula"": ""1d4""}","{""walk"": 20, ""climb"": 20}",2,11,10,1,8,3,,,9,,0,,"[{""name"": ""Bite"", ""entries"": [""{@atk mw} {@hit 0} to hit, reach 5 ft., one target. {@h}1 piercing damage.""]}]",,,,
Lizardfolk,MM,"[""M""]","{""type"": ""humanoid"", ""tags"": [""lizardfolk""]}","[""N""]","[{""ac"": 15, ""from"": [""natural armor"", ""{@item shield|phb}""]}]","{""average"": 22, ""formula"": ""4d8 + 4""}","{""walk"": 30, ""swim"": 30}",15,10,13,7,12,7,,"{""perception"": ""+3"", ""stealth"": ""+4"", ""survival"": ""+5""}",13,"[""Draconic""]",1/2,"[{""name"": ""Hold Breath"", ""entries"": [""The lizardfolk can hold its breath for 15 minutes.""]}]","[{""name"": ""Multiattack"", ""entries"": [""The lizardfolk makes two melee attacks, each one with a different weapon.""]}, {""name"": ""Bite"", ""entries"": [""{@atk mw} {@hit 4} to hit, reach 5 ft., one target. {@h}5 ({@damage 1d6 + 2}) piercing damage.""]}, {""name"": ""Heavy Club"", ""entries"": [""{@atk mw} {@hit 4} to hit, reach 5 ft., one target. {@h}5 ({@damage 1d6 + 2}) bludgeoning damage.""]}, {""name"": ""Javelin"", ""entries"": [""{@atk mw,rw} {@hit 4} to hit, reach 5 ft. or range 30/120 ft., one target. {@h}5 ({@damage 1d6 + 2}) piercing damage.""]}, {""name"": ""Spiked Shield"", ""entries"": [""{@atk mw} {@hit 4} to hit, reach 5 ft., one target. {@h}5 ({@damage 1d6 + 2}) piercing damage.""]}]",,,,
Mage,MM,"[""M""]","{""type"": ""humanoid"", ""tags"": [""any race""]}","[""A""]","[12, {""ac"": 15, ""condition"": ""with {@spell mage armor}"", ""braces"": true}]","{""average"": 40, ""formula"": ""9d8""}","{""walk"": 30}",9,14,11,17,12,11,"{""int"": ""+6"", ""wis"": ""+4""}","{""arcana"": ""+6"", ""history"": ""+6""}",11,"[""any four languages""]",6,,"[{""name"": ""Dagger"", ""entries"": [""{@atk mw,rw} {@hit 5} to hit, reach 5 ft. or range 20/60 ft., one target. {@h}4 ({@damage 1d4 + 2}) piercing damage.""]}]",,,,"[{""name"": ""Spellcasting"", ""type"": ""spellcasting"", ""headerEntries"": [""The mage is a 9th-level spellcaster. Its spellcasting ability is Intelligence (spell save {@dc 14}, {@hit 6} to hit with spell attacks). The mage has the following wizard spells prepared:""], ""spells"": {""0"": {""spells"": [""{@spell fire bolt}"", ""{@spell light}"", ""{@spell mage hand}"", ""{@spell prestidigitation}""]}, ""1"": {""slots"": 4, ""spells"": [""{@spell detect magic}"", ""{@spell mage armor}"", ""{@spell magic missile}"", ""{@spell shield}""]}, ""2"": {""slots"": 3, ""spells"": [""{@spell misty step}"", ""{@spell suggestion}""]}, ""3"": {""slots"": 3, ""spells"": [""{@spell counterspell}"", ""{@spell fireball}"", ""{@spell fly}""]}, ""4"": {""slots"": 3, ""spells"": [""{@spell greater invisibility}"", ""{@spell ice storm}""]}, ""5"": {""slots"": 1, ""spells"": [""{@spell cone of cold}""]}}, ""ability"": ""int""}]"
Magma Mephit,MM,"[""S""]",elemental,"[""N"", ""E""]",[11],"{""average"": 22, ""formula"": ""5d6 + 5""}","{""walk"": 30, ""fly"": 30}",8,12,12,7,10,10,,"{""stealth"": ""+3""}",10,"[""Ignan"", ""Terran""]",1/2,"[{""name"": ""Death Burst"", ""entries"": [""When the mephit dies, it explodes in a burst of lava. Each creature within 5 feet of it must make a {@dc 11} Dexterity saving throw, taking 7 ({@damage 2d6}) fire damage on a failed save, or half as much damage on a successful one.""]}, {""name"": ""False Appearance"", ""entries"": [""While the mephit remains motionless, it is indistinguishable from an ordinary mound of magma.""]}]","[{""name"": ""Claws"", ""entries"": [""{@atk mw} {@hit 3} to hit, reach 5 ft., one creature. {@h}3 ({@damage 1d4 + 1}) slashing damage plus 2 ({@damage 1d4}) fire damage.""]}, {""name"": ""Fire Breath {@recharge}"", ""entries"": [""The mephit exhales a 15-foot cone of fire. Each creature in that area must make a {@dc 11} Dexterity saving throw, taking 7 ({@damage 2d6}) fire damage on a failed save, or half as much damage on a successful one.""]}]",,,,"[{""name"": ""Innate Spellcasting (1/Day)"", ""type"": ""spellcasting"", ""headerEntries"": [""The mephit can innately cast {@spell heat metal} (spell save {@dc 10}), requiring no material components. Its innate spellcasting ability is Charisma.""], ""will"": [""{@spell heat metal}""], ""ability"": ""cha"", ""hidden"": [""will""]}]"
Magmin,MM,"[""S""]",elemental,"[""C"", ""N""]","[{""ac"": 14, ""from"": [""natural armor""]}]","{""average"": 9, ""formula"": ""2d6 + 2""}","{""walk"": 30}",7,15,12,8,11,10,,,10,"[""Ignan""]",1/2,"[{""name"": ""Death Burst"", ""entries"": [""When the magmin dies, it explodes in a burst of fire and magma. Each creature within 10 feet of it must make a {@dc 11} Dexterity saving throw, taking 7 ({@damage 2d6}) fire damage on a failed save, or half as much damage on a successful one. Flammable objects that aren't being worn or carried in that area are ignited.""]}, {""name"": ""Ignited Illumination"", ""entries"": [""As a bonus action, the magmin can set itself ablaze or extinguish its flames. While ablaze, the magmin sheds bright light in a 10-foot radius and dim light for an additional 10 feet.""]}]","[{""name"": ""Touch"", ""entries"": [""{@atk mw} {@hit 4} to hit, reach 5 ft., one target. {@h}7 ({@damage 2d6}) fire damage. If the target is a creature or a flammable object, it ignites. Until a creature takes an action to douse the fire, the target takes 3 ({@damage 1d6}) fire damage at the end of each of its turns.""]}]",,,,
Mammoth,MM,"[""H""]",beast,"[""U""]","[{""ac"": 13, ""from"": [""natural armor""]}]","{""average"": 126, ""formula"": ""11d12 + 55""}","{""walk"": 40}",24,9,21,3,11,6,,,10,,6,"[{""name"": ""Trampling Charge"", ""entries"": [""If the mammoth moves at least 20 feet straight toward a creature and then hits it with a gore attack on the same turn, that target must succeed on a {@dc 18} Strength saving throw or be knocked {@condition prone}. If the target is {@condition prone}, the mammoth can make one stomp attack against it as a bonus action.""]}]","[{""name"": ""Gore"", ""entries"": [""{@atk mw} {@hit 10} to hit, reach 10 ft., one target. {@h}25 ({@damage 4d8 + 7}) piercing damage.""]}, {""name"": ""Stomp"", ""entries"": [""{@atk mw} {@hit 10} to hit, reach 5 ft., one {@condition prone} creature. {@h}29 ({@damage 4d10 + 7}) bludgeoning damage.""]}]",,,,
Manticore,MM,"[""L""]",monstrosity,"[""L"", ""E""]","[{""ac"": 14, ""from"": [""natural armor""]}]","{""average"": 68, ""formula"": ""8d10 + 24""}","{""walk"": 30, ""fly"": 50}",17,16,17,7,12,8,,,11,"[""Common""]",3,"[{""name"": ""Tail Spike Regrowth"", ""entries"": [""The manticore has twenty-four tail spikes. Used spikes regrow when the manticore finishes a long rest.""]}]","[{""name"": ""Multiattack"", ""entries"": [""The manticore makes three attacks: one with its bite and two with its claws or three with its tail spikes.""]}, {""name"": ""Bite"", ""entries"": [""{@atk mw} {@hit 5} to hit, reach 5 ft., one target. {@h}7 ({@damage 1d8 + 3}) piercing damage.""]}, {""name"": ""Claw"", ""entries"": [""{@atk mw} {@hit 5} to hit, reach 5 ft., one target. {@h}6 ({@damage 1d6 + 3}) slashing damage.""]}, {""name"": ""Tail Spike"", ""entries"": [""{@atk rw} {@hit 5} to hit, range 100/200 ft., one target. {@h}7 ({@damage 1d8 + 3}) piercing damage.""]}]",,,,
Marilith,MM,"[""L""]","{""type"": ""fiend"", ""tags"": [""demon""]}","[""C"", ""E""]","[{""ac"": 18, ""from"": [""natural armor""]}]","{""average"": 189, ""formula"": ""18d10 + 90""}","{""walk"": 40}",18,20,20,18,16,20,"{""str"": ""+9"", ""con"": ""+10"", ""wis"": ""+8"", ""cha"": ""+10""}",,13,"[""Abyssal"", ""telepathy 120 ft.""]",16,"[{""name"": ""Magic Resistance"", ""entries"": [""The marilith has advantage on saving throws against spells and other magical effects.""]}, {""name"": ""Magic Weapons"", ""entries"": [""The marilith's weapon attacks are magical.""]}, {""name"": ""Reactive"", ""entries"": [""The marilith can take one reaction on every turn in combat.""]}]","[{""name"": ""Multiattack"", ""entries"": [""The marilith can make seven attacks: six with its longswords and one with its tail.""]}, {""name"": ""Longsword"", ""entries"": [""{@atk mw} {@hit 9} to hit, reach 5 ft., one target. {@h}13 ({@damage 2d8 + 4}) slashing damage.""]}, {""name"": ""Tail"", ""entries"": [""{@atk mw} {@hit 9} to hit, reach 10 ft., one creature. {@h}15 ({@damage 2d10 + 4}) bludgeoning damage. If the target is Medium or smaller, it is {@condition grappled} (escape {@dc 19}). Until this grapple ends, the target is {@condition restrained}, the marilith can automatically hit the target with its tail, and the marilith can't make tail attacks against other targets.""]}, {""name"": ""Teleport"", ""entries"": [""The marilith magically teleports, along with any equipment it is wearing or carrying, up to 120 feet to an unoccupied space it can see.""]}]",,"[{""name"": ""Parry"", ""entries"": [""The marilith adds 5 to its AC against one melee attack that would hit it. To do so, the marilith must see the attacker and be wielding a melee weapon.""]}]",,
Mastiff,MM,"[""M""]",beast,"[""U""]",[12],"{""average"": 5, ""formula"": ""1d8 + 1""}","{""walk"": 40}",13,14,12,3,12,7,,"{""perception"": ""+3""}",13,,1/8,"[{""name"": ""Keen Hearing and Smell"", ""entries"": [""The mastiff has advantage on Wisdom ({@skill Perception}) checks that rely on hearing or smell.""]}]","[{""name"": ""Bite"", ""entries"": [""{@atk mw} {@hit 3} to hit, reach 5 ft., one target. {@h}4 ({@damage 1d6 + 1}) piercing damage. If the target is a creature, it must succeed on a {@dc 11} Strength saving throw or be knocked {@condition prone}.""]}]",,,,
Medusa,MM,"[""M""]",monstrosity,"[""L"", ""E""]","[{""ac"": 15, ""from"": [""natural armor""]}]","{""average"": 127, ""formula"": ""17d8 + 51""}","{""walk"": 30}",10,15,16,12,13,15,,"{""deception"": ""+5"", ""insight"": ""+4"", ""perception"": ""+4"", ""stealth"": ""+5""}",14,"[""Common""]",6,"[{""name"": ""Petrifying Gaze"", ""entries"": [""When a creature that can see the medusa's eyes starts its turn within 30 feet of the medusa, the medusa can force it to make a {@dc 14} Constitution saving throw if the medusa isn't {@condition incapacitated} and can see the creature. If the saving throw fails by 5 or more, the creature is instantly {@condition petrified}. Otherwise, a creature that fails the save begins to turn to stone and is {@condition restrained}. The {@condition restrained} creature must repeat the saving throw at the end of its next turn, becoming {@condition petrified} on a failure or ending the effect on a success. The petrification lasts until the creature is freed by the  {@spell greater restoration} spell or other magic."", ""Unless {@status surprised}, a creature can avert its eyes to avoid the saving throw at the start of its turn. If the creature does so, it can't see the medusa until the start of its next turn, when it can avert its eyes again. If the creature looks at the medusa in the meantime, it must immediately make the save."", ""If the medusa sees itself reflected on a polished surface within 30 feet of it and in an area of bright light, the medusa is, due to its curse, affected by its own gaze.""]}]","[{""name"": ""Multiattack"", ""entries"": [""The medusa makes either three melee attacks—one with its snake hair and two with its shortsword—or two ranged attacks with its longbow.""]}, {""name"": ""Snake Hair"", ""entries"": [""{@atk mw} {@hit 5} to hit, reach 5 ft., one creature. {@h}4 ({@damage 1d4 + 2}) piercing damage plus 14 ({@damage 4d6}) poison damage.""]}, {""name"": ""Shortsword"", ""entries"": [""{@atk mw} {@hit 5} to hit, reach 5 ft., one target. {@h}5 ({@damage 1d6 + 2}) piercing damage.""]}, {""name"": ""Longbow"", ""entries"": [""{@atk rw} {@hit 5} to hit, range 150/600 ft., one target. {@h}6 ({@damage 1d8 + 2}) piercing damage plus 7 ({@damage 2d6}) poison damage.""]}]",,,,
Merfolk,MM,"[""M""]","{""type"": ""humanoid"", ""tags"": [""merfolk""]}","[""N""]",[11],"{""average"": 11, ""formula"": ""2d8 + 2""}","{""walk"": 10, ""swim"": 40}",10,13,12,11,11,12,,"{""perception"": ""+2""}",12,"[""Aquan"", ""Common""]",1/8,"[{""name"": ""Amphibious"", ""entries"": [""The merfolk can breathe air and water.""]}]","[{""name"": ""Spear"", ""entries"": [""{@atk mw,rw} {@hit 2} to hit, reach 5 ft. or range 20/60 ft., one target. {@h}3 ({@damage 1d6}) piercing damage, or 4 ({@damage 1d8}) piercing damage if used with two hands to make a melee attack.""]}]",,,,
Merrow,MM,"[""L""]",monstrosity,"[""C"", ""E""]","[{""ac"": 13, ""from"": [""natural armor""]}]","{""average"": 45, ""formula"": ""6d10 + 12""}","{""walk"": 10, ""swim"": 40}",18,10,15,8,10,9,,,10,"[""Abyssal"", ""Aquan""]",2,"[{""name"": ""Amphibious"", ""entries"": [""The merrow can breathe air and water.""]}]","[{""name"": ""Multiattack"", ""entries"": [""The merrow makes two attacks: one with its bite and one with its claws or harpoon.""]}, {""name"": ""Bite"", ""entries"": [""{@atk mw} {@hit 6} to hit, reach 5 ft., one target. {@h}8 ({@damage 1d8 + 4}) piercing damage.""]}, {""name"": ""Claws"", ""entries"": [""{@atk mw} {@hit 6} to hit, reach 5 ft., one target. {@h}9 ({@damage 2d4 + 4}) slashing damage.""]}, {""name"": ""Harpoon"", ""entries"": [""{@atk mw,rw} {@hit 6} to hit, reach 5 ft. or range 20/60 ft., one target. {@h}11 ({@damage 2d6 + 4}) piercing damage. If the target is a Huge or smaller creature, it must succeed on a Strength contest against the merrow or be pulled up to 20 feet toward the merrow.""]}]",,,,
Mimic,MM,"[""M""]","{""type"": ""monstrosity"", ""tags"": [""shapechanger""]}","[""N""]","[{""ac"": 12, ""from"": [""natural armor""]}]","{""average"": 58, ""formula"": ""9d8 + 18""}","{""walk"": 15}",17,12,15,5,13,8,,"{""stealth"": ""+5""}",11,,2,"[{""name"": ""Shapechanger"", ""entries"": [""The mimic can use its action to polymorph into an object or back into its true, amorphous form. Its statistics are the same in each form. Any equipment it is wearing or carrying isn't transformed. It reverts to its true form if it dies.""]}, {""name"": ""Adhesive (Object Form Only)"", ""entries"": [""The mimic adheres to anything that touches it. A Huge or smaller creature adhered to the mimic is also {@condition grappled} by it (escape {@dc 13}). Ability checks made to escape this grapple have disadvantage.""]}, {""name"": ""False Appearance (Object Form Only)"", ""entries"": [""While the mimic remains motionless, it is indistinguishable from an ordinary object.""]}, {""name"": ""Grappler"", ""entries"": [""The mimic has advantage on attack rolls against any creature {@condition grappled} by it.""]}]","[{""name"": ""Pseudopod"", ""entries"": [""{@atk mw} {@hit 5} to hit, reach 5 ft., one target. {@h}7 ({@damage 1d8 + 3}) bludgeoning damage. If the mimic is in object form, the target is subjected to its Adhesive trait.""]}, {""name"": ""Bite"", ""entries"": [""{@atk mw} {@hit 5} to hit, reach 5 ft., one target. {@h}7 ({@damage 1d8 + 3}) piercing damage plus 4 ({@damage 1d8}) acid damage.""]}]",,,,
Minotaur,MM,"[""L""]",monstrosity,"[""C"", ""E""]","[{""ac"": 14, ""from"": [""natural armor""]}]","{""average"": 76, ""formula"": ""9d10 + 27""}","{""walk"": 40}",18,11,16,6,16,9,,"{""perception"": ""+7""}",17,"[""Abyssal""]",3,"[{""name"": ""Charge"", ""entries"": [""If the minotaur moves at least 10 feet straight toward a target and then hits it with a gore attack on the same turn, the target takes an extra 9 ({@damage 2d8}) piercing damage. If the target is a creature, it must succeed on a {@dc 14} Strength saving throw or be pushed up to 10 feet away and knocked {@condition prone}.""]}, {""name"": ""Labyrinthine Recall"", ""entries"": [""The minotaur can perfectly recall any path it has traveled.""]}, {""name"": ""Reckless"", ""entries"": [""At the start of its turn, the minotaur can gain advantage on all melee weapon attack rolls it makes during that turn, but attack rolls against it have advantage until the start of its next turn.""]}]","[{""name"": ""Greataxe"", ""entries"": [""{@atk mw} {@hit 6} to hit, reach 5 ft., one target. {@h}17 ({@damage 2d12 + 4}) slashing damage.""]}, {""name"": ""Gore"", ""entries"": [""{@atk mw} {@hit 6} to hit, reach 5 ft., one target. {@h}13 ({@damage 2d8 + 4}) piercing damage.""]}]",,,,
Minotaur Skeleton,MM,"[""L""]",undead,"[""L"", ""E""]","[{""ac"": 12, ""from"": [""natural armor""]}]","{""average"": 67, ""formula"": ""9d10 + 18""}","{""walk"": 40}",18,11,15,6,8,5,,,9,"[""understands Abyssal but can't speak""]",2,"[{""name"": ""Charge"", ""entries"": [""If the skeleton moves at least 10 feet straight toward a target and then hits it with a gore attack on the same turn, the target takes an extra 9 ({@damage 2d8}) piercing damage. If the target is a creature, it must succeed on a {@dc 14} Strength saving throw or be pushed up to 10 feet away and knocked {@condition prone}.""]}]","[{""name"": ""Greataxe"", ""entries"": [""{@atk mw} {@hit 6} to hit, reach 5 ft., one target. {@h}17 ({@damage 2d12 + 4}) slashing damage.""]}, {""name"": ""Gore"", ""entries"": [""{@atk mw} {@hit 6} to hit, reach 5 ft., one target. {@h}13 ({@damage 2d8 + 4}) piercing damage.""]}]",,,,
Mule,MM,"[""M""]",beast,"[""U""]",[10],"{""average"": 11, ""formula"": ""2d8 + 2""}","{""walk"": 40}",14,10,13,2,10,5,,,10,,1/8,"[{""name"": ""Beast of Burden"", ""entries"": [""The mule is considered to be a Large animal for the purpose of determining its carrying capacity.""]}, {""name"": ""Sure-Footed"", ""entries"": [""The mule has advantage on Strength and Dexterity saving throws made against effects that would knock it {@condition prone}.""]}]","[{""name"": ""Hooves"", ""entries"": [""{@atk mw} {@hit 2} to hit, reach 5 ft., one target. {@h}4 ({@damage 1d4 + 2}) bludgeoning damage.""]}]",,,,
Mummy,MM,"[""M""]",undead,"[""L"", ""E""]","[{""ac"": 11, ""from"": [""natural armor""]}]","{""average"": 58, ""formula"": ""9d8 + 18""}","{""walk"": 20}",16,8,15,6,10,12,"{""wis"": ""+2""}",,10,"[""the languages it knew in life""]",3,,"[{""name"": ""Multiattack"", ""entries"": [""The mummy can use its Dreadful Glare and makes one attack with its rotting fist.""]}, {""name"": ""Rotting Fist"", ""entries"": [""{@atk mw} {@hit 5} to hit, reach 5 ft., one target. {@h}10 ({@damage 2d6 + 3}) bludgeoning damage plus 10 ({@damage 3d6}) necrotic damage. If the target is a creature, it must succeed on a {@dc 12} Constitution saving throw or be cursed with mummy rot. The cursed target can't regain hit points, and its hit point maximum decreases by 10 ({@dice 3d6}) for every 24 hours that elapse. If the curse reduces the target's hit point maximum to 0, the target dies, and its body turns to dust. The curse lasts until removed by the {@spell remove curse} spell or other magic.""]}, {""name"": ""Dreadful Glare"", ""entries"": [""The mummy targets one creature it can see within 60 feet of it. If the target can see the mummy, it must succeed on a {@dc 11} Wisdom saving throw against this magic or become {@condition frightened} until the end of the mummy's next turn. If the target fails the saving throw by 5 or more, it is also {@condition paralyzed} for the same duration. A target that succeeds on the saving throw is immune to the Dreadful Glare of all mummies (but not mummy lords) for the next 24 hours.""]}]",,,,
Mummy Lord,MM,"[""M""]",undead,"[""L"", ""E""]","[{""ac"": 17, ""from"": [""natural armor""]}]","{""average"": 97, ""formula"": ""13d8 + 39""}","{""walk"": 20}",18,10,17,11,18,16,"{""con"": ""+8"", ""int"": ""+5"", ""wis"": ""+9"", ""cha"": ""+8""}","{""history"": ""+5"", ""religion"": ""+5""}",14,"[""the languages it knew in life""]","{""cr"": ""15"", ""lair"": ""16""}","[{""name"": ""Magic Resistance"", ""entries"": [""The mummy lord has advantage on saving throws against spells and other magical effects.""]}, {""name"": ""Rejuvenation"", ""entries"": [""A destroyed mummy lord gains a new body in 24 hours if its heart is intact, regaining all its hit points and becoming active again. The new body appears within 5 feet of the mummy lord's heart.""]}]","[{""name"": ""Multiattack"", ""entries"": [""The mummy can use its Dreadful Glare and makes one attack with its rotting fist.""]}, {""name"": ""Rotting Fist"", ""entries"": [""{@atk mw} {@hit 9} to hit, reach 5 ft., one target. {@h}14 ({@damage 3d6 + 4}) bludgeoning damage plus 21 ({@damage 6d6}) necrotic damage. If the target is a creature, it must succeed on a {@dc 16} Constitution saving throw or be cursed with mummy rot. The cursed target can't regain hit points, and its hit point maximum decreases by 10 ({@dice 3d6}) for every 24 hours that elapse. If the curse reduces the target's hit point maximum to 0, the target dies, and its body turns to dust. The curse lasts until removed by the {@spell remove curse} spell or other magic.""]}, {""name"": ""Dreadful Glare"", ""entries"": [""The mummy lord targets one creature it can see within 60 feet of it. If the target can see the mummy lord, it must succeed on a {@dc 16} Wisdom saving throw against this magic or become {@condition frightened} until the end of the mummy's next turn. If the target fails the saving throw by 5 or more, it is also {@condition paralyzed} for the same duration. A target that succeeds on the saving throw is immune to the Dreadful Glare of all mummies and mummy lords for the next 24 hours.""]}]",,,"[{""name"": ""Attack"", ""entries"": [""The mummy lord makes one attack with its rotting fist or uses its Dreadful Glare.""]}, {""name"": ""Blinding Dust"", ""entries"": [""Blinding dust and sand swirls magically around the mummy lord. Each creature within 5 feet of the mummy lord must succeed on a {@dc 16} Constitution saving throw or be {@condition blinded} until the end of the creature's next turn.""]}, {""name"": ""Blasphemous Word (Costs 2 Actions)"", ""entries"": [""The mummy lord utters a blasphemous word. Each non-undead creature within 10 feet of the mummy lord that can hear the magical utterance must succeed on a {@dc 16} Constitution saving throw or be {@condition stunned} until the end of the mummy lord's next turn.""]}, {""name"": ""Channel Negative Energy (Costs 2 Actions)"", ""entries"": [""The mummy lord magically unleashes negative energy. Creatures within 60 feet of the mummy lord, including ones behind barriers and around corners, can't regain hit points until the end of the mummy lord's next turn.""]}, {""name"": ""Whirlwind of Sand (Costs 2 Actions)"", ""entries"": [""The mummy lord magically transforms into a whirlwind of sand, moves up to 60 feet, and reverts to its normal form. While in whirlwind form, the mummy lord is immune to all damage, and it can't be {@condition grappled}, {@condition petrified}, knocked {@condition prone}, {@condition restrained}, or {@condition stunned}. Equipment worn or carried by the mummy lord remain in its possession.""]}]","[{""name"": ""Spellcasting"", ""type"": ""spellcasting"", ""headerEntries"": [""The mummy lord is a 10th-level spellcaster. Its spellcasting ability is Wisdom (spell save {@dc 17}, {@hit 9} to hit with spell attacks). The mummy lord has the following cleric spells prepared:""], ""spells"": {""0"": {""spells"": [""{@spell sacred flame}"", ""{@spell thaumaturgy}""]}, ""1"": {""slots"": 4, ""spells"": [""{@spell command}"", ""{@spell guiding bolt}"", ""{@spell shield of faith}""]}, ""2"": {""slots"": 3, ""spells"": [""{@spell hold person}"", ""{@spell silence}"", ""{@spell spiritual weapon}""]}, ""3"": {""slots"": 3, ""spells"": [""{@spell animate dead}"", ""{@spell dispel magic}""]}, ""4"": {""slots"": 3, ""spells"": [""{@spell divination}"", ""{@spell guardian of faith}""]}, ""5"": {""slots"": 2, ""spells"": [""{@spell contagion}"", ""{@spell insect plague}""]}, ""6"": {""slots"": 1, ""spells"": [""{@spell harm}""]}}, ""ability"": ""wis""}]"
Nalfeshnee,MM,"[""L""]","{""type"": ""fiend"", ""tags"": [""demon""]}","[""C"", ""E""]","[{""ac"": 18, ""from"": [""natural armor""]}]","{""average"": 184, ""formula"": ""16d10 + 96""}","{""walk"": 20, ""fly"": 30}",21,10,22,19,12,15,"{""con"": ""+11"", ""int"": ""+9"", ""wis"": ""+6"", ""cha"": ""+7""}",,11,"[""Abyssal"", ""telepathy 120 ft.""]",13,"[{""name"": ""Magic Resistance"", ""entries"": [""The nalfeshnee has advantage on saving throws against spells and other magical effects.""]}]","[{""name"": ""Multiattack"", ""entries"": [""The nalfeshnee uses Horror Nimbus if it can. It then makes three attacks: one with its bite and two with its claws.""]}, {""name"": ""Bite"", ""entries"": [""{@atk mw} {@hit 10} to hit, reach 5 ft., one target. {@h}32 ({@damage 5d10 + 5}) piercing damage.""]}, {""name"": ""Claw"", ""entries"": [""{@atk mw} {@hit 10} to hit, reach 10 ft., one target. {@h}15 ({@damage 3d6 + 5}) slashing damage.""]}, {""name"": ""Horror Nimbus {@recharge 5}"", ""entries"": [""The nalfeshnee magically emits scintillating, multicolored light. Each creature within 15 feet of the nalfeshnee that can see the light must succeed on a {@dc 15} Wisdom saving throw or be {@condition frightened} for 1 minute. A creature can repeat the saving throw at the end of each of its turns, ending the effect on itself on a success. If a creature's saving throw is successful or the effect ends for it, the creature is immune to the nalfeshnee's Horror Nimbus for the next 24 hours.""]}, {""name"": ""Teleport"", ""entries"": [""The nalfeshnee magically teleports, along with any equipment it is wearing or carrying, up to 120 feet to an unoccupied space it can see.""]}]",,,,
Night Hag,MM,"[""M""]",fiend,"[""N"", ""E""]","[{""ac"": 17, ""from"": [""natural armor""]}]","{""average"": 112, ""formula"": ""15d8 + 45""}","{""walk"": 30}",18,15,16,16,14,16,,"{""deception"": ""+6"", ""insight"": ""+5"", ""perception"": ""+5"", ""stealth"": ""+5""}",16,"[""Abyssal"", ""Common"", ""Infernal"", ""Primordial""]","{""cr"": ""5"", ""coven"": ""7""}","[{""name"": ""Magic Resistance"", ""entries"": [""The hag has advantage on saving throws against spells and other magical effects.""]}, {""name"": ""Night Hag Items"", ""entries"": [""A night hag carries two very rare magic items that she must craft for herself. If either object is lost, the night hag will go to great lengths to retrieve it, as creating a new tool takes time and effort."", ""Heartstone: This lustrous black gem allows a night hag to become ethereal while it is in her possession. The touch of a heartstone also cures any disease. Crafting a heartstone takes 30 days."", ""Soul Bag: When an evil humanoid dies as a result of a night hag's Nightmare Haunting, the hag catches the soul in this black sack made of stitched flesh. A soul bag can hold only one evil soul at a time, and only the night hag who crafted the bag can catch a soul with it. Crafting a soul bag takes 7 days and a humanoid sacrifice (whose flesh is used to make the bag).""]}]","[{""name"": ""Claws (Hag Form Only)"", ""entries"": [""{@atk mw} {@hit 7} to hit, reach 5 ft., one target. {@h}13 ({@damage 2d8 + 4}) slashing damage.""]}, {""name"": ""Change Shape"", ""entries"": [""The hag magically polymorphs into a Small or Medium female humanoid, or back into her true form. Her statistics are the same in each form. Any equipment she is wearing or carrying isn't transformed. She reverts to her true form if she dies.""]}, {""name"": ""Etherealness"", ""entries"": [""The hag magically enters the Ethereal Plane from the Material Plane, or vice versa. To do so, the hag must have a heartstone in her possession.""]}, {""name"": ""Nightmare Haunting (1/Day)"", ""entries"": [""While on the Ethereal Plane, the hag magically touches a sleeping humanoid on the Material Plane. A {@spell protection from evil and good} spell cast on the target prevents this contact, as does a magic circle. As long as the contact persists, the target has dreadful visions. If these visions last for at least 1 hour, the target gains no benefit from its rest, and its hit point maximum is reduced by 5 ({@dice 1d10}). If this effect reduces the target's hit point maximum to 0, the target dies, and if the target was evil, its soul is trapped in the hag's soul bag. The reduction to the target's hit point maximum lasts until removed by the  {@spell greater restoration} spell or similar magic.""]}]",,,,"[{""name"": ""Innate Spellcasting"", ""type"": ""spellcasting"", ""headerEntries"": [""The hag's innate spellcasting ability is Charisma (spell save {@dc 14}, {@hit 6} to hit with spell attacks). She can innately cast the following spells, requiring no material components:""], ""will"": [""{@spell detect magic}"", ""{@spell magic missile}""], ""daily"": {""2e"": [""{@spell plane shift} (self only)"", ""{@spell ray of enfeeblement}"", ""{@spell sleep}""]}, ""ability"": ""cha""}]"
Nightmare,MM,"[""L""]",fiend,"[""N"", ""E""]","[{""ac"": 13, ""from"": [""natural armor""]}]","{""average"": 68, ""formula"": ""8d10 + 24""}","{""walk"": 60, ""fly"": 90}",18,15,16,10,13,15,,,11,"[""understands Abyssal, Common, and Infernal but can't speak ""]",3,"[{""name"": ""Confer Fire Resistance"", ""entries"": [""The nightmare can grant resistance to fire damage to anyone riding it.""]}, {""name"": ""Illumination"", ""entries"": [""The nightmare sheds bright light in a 10-foot radius and dim light for an additional 10 feet.""]}]","[{""name"": ""Hooves"", ""entries"": [""{@atk mw} {@hit 6} to hit, reach 5 ft., one target. {@h}13 ({@damage 2d8 + 4}) bludgeoning damage plus 7 ({@damage 2d6}) fire damage.""]}, {""name"": ""Ethereal Stride"", ""entries"": [""The nightmare and up to three willing creatures within 5 feet of it magically enter the Ethereal Plane from the Material Plane, or vice versa.""]}]",,,,
Noble,MM,"[""M""]","{""type"": ""humanoid"", ""tags"": [""any race""]}","[""A""]","[{""ac"": 15, ""from"": [""{@item breastplate|phb}""]}]","{""average"": 9, ""formula"": ""2d8""}","{""walk"": 30}",11,12,11,12,14,16,,"{""deception"": ""+5"", ""insight"": ""+4"", ""persuasion"": ""+5""}",12,"[""any two languages""]",1/8,,"[{""name"": ""Rapier"", ""entries"": [""{@atk mw} {@hit 3} to hit, reach 5 ft., one target. {@h}5 ({@damage 1d8 + 1}) piercing damage.""]}]",,"[{""name"": ""Parry"", ""entries"": [""The noble adds 2 to its AC against one melee attack that would hit it. To do so, the noble must see the attacker and be wielding a melee weapon.""]}]",,
Ochre Jelly,MM,"[""L""]",ooze,"[""U""]",[8],"{""average"": 45, ""formula"": ""6d10 + 12""}","{""walk"": 10, ""climb"": 10}",15,6,14,2,6,1,,,8,,2,"[{""name"": ""Amorphous"", ""entries"": [""The jelly can move through a space as narrow as 1 inch wide without squeezing.""]}, {""name"": ""Spider Climb"", ""entries"": [""The jelly can climb difficult surfaces, including upside down on ceilings, without needing to make an ability check.""]}]","[{""name"": ""Pseudopod"", ""entries"": [""{@atk mw} {@hit 4} to hit, reach 5 ft., one target. {@h}9 ({@damage 2d6 + 2}) bludgeoning damage plus 3 ({@damage 1d6}) acid damage.""]}]",,"[{""name"": ""Split"", ""entries"": [""When a jelly that is Medium or larger is subjected to lightning or slashing damage, it splits into two new jellies if it has at least 10 hit points. Each new jelly has hit points equal to half the original jelly's, rounded down. New jellies are one size smaller than the original jelly.""]}]",,
Octopus,MM,"[""S""]",beast,"[""U""]",[12],"{""average"": 3, ""formula"": ""1d6""}","{""walk"": 5, ""swim"": 30}",4,15,11,3,10,4,,"{""perception"": ""+2"", ""stealth"": ""+4""}",12,,0,"[{""name"": ""Hold Breath"", ""entries"": [""While out of water, the octopus can hold its breath for 30 minutes.""]}, {""name"": ""Underwater Camouflage"", ""entries"": [""The octopus has advantage on Dexterity ({@skill Stealth}) checks made while underwater.""]}, {""name"": ""Water Breathing"", ""entries"": [""The octopus can breathe only underwater.""]}]","[{""name"": ""Tentacles"", ""entries"": [""{@atk mw} {@hit 4} to hit, reach 5 ft., one target. {@h}1 bludgeoning damage, and the target is {@condition grappled} (escape {@dc 10}). Until this grapple ends, the octopus can't use its tentacles on another target.""]}, {""name"": ""Ink Cloud (Recharges after a Short or Long Rest)"", ""entries"": [""A 5-foot-radius cloud of ink extends all around the octopus if it is underwater. The area is heavily obscured for 1 minute, although a significant current can disperse the ink. After releasing the ink, the octopus can use the {@action Dash} action as a bonus action.""]}]",,,,
Ogre,MM,"[""L""]",giant,"[""C"", ""E""]","[{""ac"": 11, ""from"": [""{@item hide armor|phb}""]}]","{""average"": 59, ""formula"": ""7d10 + 21""}","{""walk"": 40}",19,8,16,5,7,7,,,8,"[""Common"", ""Giant""]",2,,"[{""name"": ""Greatclub"", ""entries"": [""{@atk mw} {@hit 6} to hit, reach 5 ft., one target. {@h}13 ({@damage 2d8 + 4}) bludgeoning damage.""]}, {""name"": ""Javelin"", ""entries"": [""{@atk mw,rw} {@hit 6} to hit, reach 5 ft. or range 30/120 ft., one target. {@h}11 ({@damage 2d6 + 4}) piercing damage.""]}]",,,,
Ogre Zombie,MM,"[""L""]",undead,"[""N"", ""E""]",[8],"{""average"": 85, ""formula"": ""9d10 + 36""}","{""walk"": 30}",19,6,18,3,6,5,"{""wis"": ""+0""}",,8,"[""understands Common and Giant but can't speak""]",2,"[{""name"": ""Undead Fortitude"", ""entries"": [""If damage reduces the zombie to 0 hit points, it must make a Constitution saving throw with a DC of 5 + the damage taken, unless the damage is radiant or from a critical hit. On a success, the zombie drops to 1 hit point instead.""]}]","[{""name"": ""Morningstar"", ""entries"": [""{@atk mw} {@hit 6} to hit, reach 5 ft., one target. {@h}13 ({@damage 2d8 + 4}) bludgeoning damage.""]}]",,,,
Oni,MM,"[""L""]",giant,"[""L"", ""E""]","[{""ac"": 16, ""from"": [""{@item chain mail|phb}""]}]","{""average"": 110, ""formula"": ""13d10 + 39""}","{""walk"": 30, ""fly"": 30}",19,11,16,14,12,15,"{""dex"": ""+3"", ""con"": ""+6"", ""wis"": ""+4"", ""cha"": ""+5""}","{""arcana"": ""+5"", ""deception"": ""+8"", ""perception"": ""+4""}",14,"[""Common"", ""Giant""]",7,"[{""name"": ""Magic Weapons"", ""entries"": [""The oni's weapon attacks are magical.""]}, {""name"": ""Regeneration"", ""entries"": [""The oni regains 10 hit points at the start of its turn if it has at least 1 hit point.""]}]","[{""name"": ""Multiattack"", ""entries"": [""The oni makes two attacks, either with its claws or its glaive.""]}, {""name"": ""Claw (Oni Form Only)"", ""entries"": [""{@atk mw} {@hit 7} to hit, reach 5 ft., one target. {@h}8 ({@damage 1d8 + 4}) slashing damage.""]}, {""name"": ""Glaive"", ""entries"": [""{@atk mw} {@hit 7} to hit, reach 10 ft., one target. {@h}15 ({@damage 2d10 + 4}) slashing damage, or 9 ({@damage 1d10 + 4}) slashing damage in Small or Medium form.""]}, {""name"": ""Change Shape"", ""entries"": [""The oni magically polymorphs into a Small or Medium humanoid, into a Large giant, or back into its true form. Other than its size, its statistics are the same in each form. The only equipment that is transformed is its glaive, which shrinks so that it can be wielded in humanoid form. If the oni dies, it reverts to its true form, and its glaive reverts to its normal size.""]}]",,,,"[{""name"": ""Innate Spellcasting"", ""type"": ""spellcasting"", ""headerEntries"": [""The oni's innate spellcasting ability is Charisma (spell save {@dc 13}). The oni can innately cast the following spells, requiring no material components:""], ""will"": [""{@spell darkness}"", ""{@spell invisibility}""], ""daily"": {""1e"": [""{@spell charm person}"", ""{@spell cone of cold}"", ""{@spell gaseous form}"", ""{@spell sleep}""]}, ""ability"": ""cha""}]"
Orc,MM,"[""M""]","{""type"": ""humanoid"", ""tags"": [""orc""]}","[""C"", ""E""]","[{""ac"": 13, ""from"": [""{@item hide armor|phb}""]}]","{""average"": 15, ""formula"": ""2d8 + 6""}","{""walk"": 30}",16,12,16,7,11,10,,"{""intimidation"": ""+2""}",10,"[""Common"", ""Orc""]",1/2,"[{""name"": ""Aggressive"", ""entries"": [""As a bonus action, the orc can move up to its speed toward a hostile creature that it can see.""]}]","[{""name"": ""Greataxe"", ""entries"": [""{@atk mw} {@hit 5} to hit, reach 5 ft., one target. {@h}9 ({@damage 1d12 + 3}) slashing damage.""]}, {""name"": ""Javelin"", ""entries"": [""{@atk mw,rw} {@hit 5} to hit, reach 5 ft. or range 30/120 ft., one target. {@h}6 ({@damage 1d6 + 3}) piercing damage.""]}]",,,,
Otyugh,MM,"[""L""]",aberration,"[""N""]","[{""ac"": 14, ""from"": [""natural armor""]}]","{""average"": 114, ""formula"": ""12d10 + 48""}","{""walk"": 30}",16,11,19,6,13,6,"{""con"": ""+7""}",,11,"[""Otyugh""]",5,"[{""name"": ""Limited Telepathy"", ""entries"": [""The otyugh can magically transmit simple messages and images to any creature within 120 feet of it that can understand a language. This form of telepathy doesn't allow the receiving creature to telepathically respond.""]}]","[{""name"": ""Multiattack"", ""entries"": [""The otyugh makes three attacks: one with its bite and two with its tentacles.""]}, {""name"": ""Bite"", ""entries"": [""{@atk mw} {@hit 6} to hit, reach 5 ft., one target. {@h}12 ({@damage 2d8 + 3}) piercing damage. If the target is a creature, it must succeed on a {@dc 15} Constitution saving throw against disease or become {@condition poisoned} until the disease is cured. Every 24 hours that elapse, the target must repeat the saving throw, reducing its hit point maximum by 5 ({@dice 1d10}) on a failure. The disease is cured on a success. The target dies if the disease reduces its hit point maximum to 0. This reduction to the target's hit point maximum lasts until the disease is cured.""]}, {""name"": ""Tentacle"", ""entries"": [""{@atk mw} {@hit 6} to hit, reach 10 ft., one target. {@h}7 ({@damage 1d8 + 3}) bludgeoning damage plus 4 ({@damage 1d8}) piercing damage. If the target is Medium or smaller, it is {@condition grappled} (escape {@dc 13}) and {@condition restrained} until the grapple ends. The otyugh has two tentacles, each of which can grapple one target.""]}, {""name"": ""Tentacle Slam"", ""entries"": [""The otyugh slams creatures {@condition grappled} by it into each other or a solid surface. Each creature must succeed on a {@dc 14} Constitution saving throw or take 10 ({@damage 2d6 + 3}) bludgeoning damage and be {@condition stunned} until the end of the otyugh's next turn. On a successful save, the target takes half the bludgeoning damage and isn't {@condition stunned}.""]}]",,,,
Owl,MM,"[""T""]",beast,"[""U""]",[11],"{""average"": 1, ""formula"": ""1d4 - 1""}","{""walk"": 5, ""fly"": 60}",3,13,8,2,12,7,,"{""perception"": ""+3"", ""stealth"": ""+3""}",13,,0,"[{""name"": ""Flyby"", ""entries"": [""The owl doesn't provoke opportunity attacks when it flies out of an enemy's reach.""]}, {""name"": ""Keen Hearing and Sight"", ""entries"": [""The owl has advantage on Wisdom ({@skill Perception}) checks that rely on hearing or sight.""]}]","[{""name"": ""Talons"", ""entries"": [""{@atk mw} {@hit 3} to hit, reach 5 ft., one target. {@h}1 slashing damage.""]}]",,,,
Owlbear,MM,"[""L""]",monstrosity,"[""U""]","[{""ac"": 13, ""from"": [""natural armor""]}]","{""average"": 59, ""formula"": ""7d10 + 21""}","{""walk"": 40}",20,12,17,3,12,7,,"{""perception"": ""+3""}",13,,3,"[{""name"": ""Keen Sight and Smell"", ""entries"": [""The owlbear has advantage on Wisdom ({@skill Perception}) checks that rely on sight or smell.""]}]","[{""name"": ""Multiattack"", ""entries"": [""The owlbear makes two attacks: one with its beak and one with its claws.""]}, {""name"": ""Beak"", ""entries"": [""{@atk mw} {@hit 7} to hit, reach 5 ft., one creature. {@h}10 ({@damage 1d10 + 5}) piercing damage.""]}, {""name"": ""Claws"", ""entries"": [""{@atk mw} {@hit 7} to hit, reach 5 ft., one target. {@h}14 ({@damage 2d8 + 5}) slashing damage.""]}]",,,,
Panther,MM,"[""M""]",beast,"[""U""]",[12],"{""average"": 13, ""formula"": ""3d8""}","{""walk"": 50, ""climb"": 40}",14,15,10,3,14,7,,"{""perception"": ""+4"", ""stealth"": ""+6""}",14,,1/4,"[{""name"": ""Keen Smell"", ""entries"": [""The panther has advantage on Wisdom ({@skill Perception}) checks that rely on smell.""]}, {""name"": ""Pounce"", ""entries"": [""If the panther moves at least 20 feet straight toward a creature and then hits it with a claw attack on the same turn, that target must succeed on a {@dc 12} Strength saving throw or be knocked {@condition prone}. If the target is {@condition prone}, the panther can make one bite attack against it as a bonus action.""]}]","[{""name"": ""Bite"", ""entries"": [""{@atk mw} {@hit 4} to hit, reach 5 ft., one target. {@h}5 ({@damage 1d6 + 2}) piercing damage.""]}, {""name"": ""Claw"", ""entries"": [""{@atk mw} {@hit 4} to hit, reach 5 ft., one target. {@h}4 ({@damage 1d4 + 2}) slashing damage.""]}]",,,,
Pegasus,MM,"[""L""]",celestial,"[""C"", ""G""]",[12],"{""average"": 59, ""formula"": ""7d10 + 21""}","{""walk"": 60, ""fly"": 90}",18,15,16,10,15,13,"{""dex"": ""+4"", ""wis"": ""+4"", ""cha"": ""+3""}","{""perception"": ""+6""}",16,"[""understands Celestial"", ""Common"", ""Elvish"", ""and Sylvan but can't speak""]",2,,"[{""name"": ""Hooves"", ""entries"": [""{@atk mw} {@hit 6} to hit, reach 5 ft., one target. {@h}11 ({@damage 2d6 + 4}) bludgeoning damage.""]}]",,,,
Phase Spider,MM,"[""L""]",monstrosity,"[""U""]","[{""ac"": 13, ""from"": [""natural armor""]}]","{""average"": 32, ""formula"": ""5d10 + 5""}","{""walk"": 30, ""climb"": 30}",15,15,12,6,10,6,,"{""stealth"": ""+6""}",10,,3,"[{""name"": ""Ethereal Jaunt"", ""entries"": [""As a bonus action, the spider can magically shift from the Material Plane to the Ethereal Plane, or vice versa.""]}, {""name"": ""Spider Climb"", ""entries"": [""The spider can climb difficult surfaces, including upside down on ceilings, without needing to make an ability check.""]}, {""name"": ""Web Walker"", ""entries"": [""The spider ignores movement restrictions caused by webbing.""]}]","[{""name"": ""Bite"", ""entries"": [""{@atk mw} {@hit 4} to hit, reach 5 ft., one creature. {@h}7 ({@damage 1d10 + 2}) piercing damage, and the target must make a {@dc 11} Constitution saving throw, taking 18 ({@damage 4d8}) poison damage on a failed save, or half as much damage on a successful one. If the poison damage reduces the target to 0 hit points, the target is stable but {@condition poisoned} for 1 hour, even after regaining hit points, and is {@condition paralyzed} while {@condition poisoned} in this way.""]}]",,,,
Pit Fiend,MM,"[""L""]","{""type"": ""fiend"", ""tags"": [""devil""]}","[""L"", ""E""]","[{""ac"": 19, ""from"": [""natural armor""]}]","{""average"": 300, ""formula"": ""24d10 + 168""}","{""walk"": 30, ""fly"": 60}",26,14,24,22,18,24,"{""dex"": ""+8"", ""con"": ""+13"", ""wis"": ""+10""}",,14,"[""Infernal"", ""telepathy 120 ft.""]",20,"[{""name"": ""Fear Aura"", ""entries"": [""Any creature hostile to the pit fiend that starts its turn within 20 feet of the pit fiend must make a {@dc 21} Wisdom saving throw, unless the pit fiend is {@condition incapacitated}. On a failed save, the creature is {@condition frightened} until the start of its next turn. If a creature's saving throw is successful, the creature is immune to the pit fiend's Fear Aura for the next 24 hours.""]}, {""name"": ""Magic Resistance"", ""entries"": [""The pit fiend has advantage on saving throws against spells and other magical effects.""]}, {""name"": ""Magic Weapons"", ""entries"": [""The pit fiend's weapon attacks are magical.""]}]","[{""name"": ""Multiattack"", ""entries"": [""The pit fiend makes four attacks: one with its bite, one with its claw, one with its mace, and one with its tail.""]}, {""name"": ""Bite"", ""entries"": [""{@atk mw} {@hit 14} to hit, reach 5 ft., one target. {@h}22 ({@damage 4d6 + 8}) piercing damage. The target must succeed on a {@dc 21} Constitution saving throw or become {@condition poisoned}. While {@condition poisoned} in this way, the target can't regain hit points, and it takes 21 ({@damage 6d6}) poison damage at the start of each of its turns. The {@condition poisoned} target can repeat the saving throw at the end of each of its turns, ending the effect on itself on a success.""]}, {""name"": ""Claw"", ""entries"": [""{@atk mw} {@hit 14} to hit, reach 10 ft., one target. {@h}17 ({@damage 2d8 + 8}) slashing damage.""]}, {""name"": ""Mace"", ""entries"": [""{@atk mw} {@hit 14} to hit, reach 10 ft., one target. {@h}15 ({@damage 2d6 + 8}) bludgeoning damage plus 21 ({@damage 6d6}) fire damage.""]}, {""name"": ""Tail"", ""entries"": [""{@atk mw} {@hit 14} to hit, reach 10 ft., one target. {@h}24 ({@damage 3d10 + 8}) bludgeoning damage.""]}]",,,,"[{""name"": ""Innate Spellcasting"", ""type"": ""spellcasting"", ""headerEntries"": [""The pit fiend's spellcasting ability is Charisma (spell save {@dc 21}). The pit fiend can innately cast the following spells, requiring no material components:""], ""will"": [""{@spell detect magic}"", ""{@spell fireball}""], ""daily"": {""3e"": [""{@spell hold monster}"", ""{@spell wall of fire}""]}, ""ability"": ""cha""}]"
Planetar,MM,"[""L""]",celestial,"[""L"", ""G""]","[{""ac"": 19, ""from"": [""natural armor""]}]","{""average"": 200, ""formula"": ""16d10 + 112""}","{""walk"": 40, ""fly"": 120}",24,20,24,19,22,25,"{""con"": ""+12"", ""wis"": ""+11"", ""cha"": ""+12""}","{""perception"": ""+11""}",21,"[""all"", ""telepathy 120 ft.""]",16,"[{""name"": ""Angelic Weapons"", ""entries"": [""The planetar's weapon attacks are magical. When the planetar hits with any weapon, the weapon deals an extra {@damage 5d8} radiant damage (included in the attack).""]}, {""name"": ""Divine Awareness"", ""entries"": [""The planetar knows if it hears a lie.""]}, {""name"": ""Magic Resistance"", ""entries"": [""The planetar has advantage on saving throws against spells and other magical effects.""]}]","[{""name"": ""Multiattack"", ""entries"": [""The planetar makes two melee attacks.""]}, {""name"": ""Greatsword"", ""entries"": [""{@atk mw} {@hit 12} to hit, reach 5 ft., one target. {@h}21 ({@damage 4d6 + 7}) slashing damage plus 22 ({@damage 5d8}) radiant damage.""]}, {""name"": ""Healing Touch (4/Day)"", ""entries"": [""The planetar touches another creature. The target magically regains 30 ({@dice 6d8 + 3}) hit points and is freed from any curse, disease, poison, blindness, or deafness.""]}]",,,,"[{""name"": ""Innate Spellcasting"", ""type"": ""spellcasting"", ""headerEntries"": [""The planetar's spellcasting ability is Charisma (spell save {@dc 20}). The planetar can innately cast the following spells, requiring no material components:""], ""will"": [""{@spell detect evil and good}"", ""{@spell invisibility} (self only)""], ""daily"": {""3e"": [""{@spell blade barrier}"", ""{@spell dispel evil and good}"", ""{@spell flame strike}"", ""{@spell raise dead}""], ""1e"": [""{@spell commune}"", ""{@spell control weather}"", ""{@spell insect plague}""]}, ""ability"": ""cha""}]"
Plesiosaurus,MM,"[""L""]",beast,"[""U""]","[{""ac"": 13, ""from"": [""natural armor""]}]","{""average"": 68, ""formula"": ""8d10 + 24""}","{""walk"": 20, ""swim"": 40}",18,15,16,2,12,5,,"{""perception"": ""+3"", ""stealth"": ""+4""}",13,,2,"[{""name"": ""Hold Breath"", ""entries"": [""The plesiosaurus can hold its breath for 1 hour.""]}]","[{""name"": ""Bite"", ""entries"": [""{@atk mw} {@hit 6} to hit, reach 10 ft., one target. {@h}14 ({@damage 3d6 + 4}) piercing damage.""]}]",,,,
Poisonous Snake,MM,"[""T""]",beast,"[""U""]",[13],"{""average"": 2, ""formula"": ""1d4""}","{""walk"": 30, ""swim"": 30}",2,16,11,1,10,3,,,10,,1/8,,"[{""name"": ""Bite"", ""entries"": [""{@atk mw} {@hit 5} to hit, reach 5 ft., one target. {@h}1 piercing damage, and the target must make a {@dc 10} Constitution saving throw, taking 5 ({@damage 2d4}) poison damage on a failed save, or half as much damage on a successful one.""]}]",,,,
Polar Bear,MM,"[""L""]",beast,"[""U""]","[{""ac"": 12, ""from"": [""natural armor""]}]","{""average"": 42, ""formula"": ""5d10 + 15""}","{""walk"": 40, ""swim"": 30}",20,10,16,2,13,7,,"{""perception"": ""+3""}",13,,2,"[{""name"": ""Keen Smell"", ""entries"": [""The bear has advantage on Wisdom ({@skill Perception}) checks that rely on smell.""]}]","[{""name"": ""Multiattack"", ""entries"": [""The bear makes two attacks: one with its bite and one with its claws.""]}, {""name"": ""Bite"", ""entries"": [""{@atk mw} {@hit 7} to hit, reach 5 ft., one target. {@h}9 ({@damage 1d8 + 5}) piercing damage.""]}, {""name"": ""Claws"", ""entries"": [""{@atk mw} {@hit 7} to hit, reach 5 ft., one target. {@h}12 ({@damage 2d6 + 5}) slashing damage.""]}]",,,,
Pony,MM,"[""M""]",beast,"[""U""]",[10],"{""average"": 11, ""formula"": ""2d8 + 2""}","{""walk"": 40}",15,10,13,2,11,7,,,10,,1/8,,"[{""name"": ""Hooves"", ""entries"": [""{@atk mw} {@hit 4} to hit, reach 5 ft., one target. {@h}7 ({@damage 2d4 + 2}) bludgeoning damage.""]}]",,,,
Priest,MM,"[""M""]","{""type"": ""humanoid"", ""tags"": [""any race""]}","[""A""]","[{""ac"": 13, ""from"": [""{@item chain shirt|phb}""]}]","{""average"": 27, ""formula"": ""5d8 + 5""}","{""walk"": 30}",10,10,12,13,16,13,,"{""medicine"": ""+7"", ""persuasion"": ""+3"", ""religion"": ""+5""}",13,"[""any two languages""]",2,"[{""name"": ""Divine Eminence"", ""entries"": [""As a bonus action, the priest can expend a spell slot to cause its melee weapon attacks to magically deal an extra 10 ({@damage 3d6}) radiant damage to a target on a hit. This benefit lasts until the end of the turn. If the priest expends a spell slot of 2nd level or higher, the extra damage increases by {@damage 1d6} for each level above 1st.""]}]","[{""name"": ""Mace"", ""entries"": [""{@atk mw} {@hit 2} to hit, reach 5 ft., one target. {@h}3 ({@damage 1d6}) bludgeoning damage.""]}]",,,,"[{""name"": ""Spellcasting"", ""type"": ""spellcasting"", ""headerEntries"": [""The priest is a 5th-level spellcaster. Its spellcasting ability is Wisdom (spell save {@dc 13}, {@hit 5} to hit with spell attacks). The priest has the following cleric spells prepared:""], ""spells"": {""0"": {""spells"": [""{@spell light}"", ""{@spell sacred flame}"", ""{@spell thaumaturgy}""]}, ""1"": {""slots"": 4, ""spells"": [""{@spell cure wounds}"", ""{@spell guiding bolt}"", ""{@spell sanctuary}""]}, ""2"": {""slots"": 3, ""spells"": [""{@spell lesser restoration}"", ""{@spell spiritual weapon}""]}, ""3"": {""slots"": 2, ""spells"": [""{@spell dispel magic}"", ""{@spell spirit guardians}""]}}, ""ability"": ""wis""}]"
Pseudodragon,MM,"[""T""]",dragon,"[""N"", ""G""]",[13],"{""average"": 7, ""formula"": ""2d4 + 2""}","{""walk"": 15, ""fly"": 60}",6,15,13,10,12,10,,"{""perception"": ""+3"", ""stealth"": ""+4""}",13,"[""understands Common and Draconic but can't speak""]",1/4,"[{""name"": ""Keen Senses"", ""entries"": [""The pseudodragon has advantage on Wisdom ({@skill Perception}) checks that rely on sight, hearing, or smell.""]}, {""name"": ""Magic Resistance"", ""entries"": [""The pseudodragon has advantage on saving throws against spells and other magical effects.""]}, {""name"": ""Limited Telepathy"", ""entries"": [""The pseudodragon can magically communicate simple ideas, emotions, and images telepathically with any creature within 100 feet of it that can understand a language.""]}]","[{""name"": ""Bite"", ""entries"": [""{@atk mw} {@hit 4} to hit, reach 5 ft., one target. {@h}4 ({@damage 1d4 + 2}) piercing damage.""]}, {""name"": ""Sting"", ""entries"": [""{@atk mw} {@hit 4} to hit, reach 5 ft., one creature. {@h}4 ({@damage 1d4 + 2}) piercing damage, and the target must succeed on a {@dc 11} Constitution saving throw or become {@condition poisoned} for 1 hour. If the saving throw fails by 5 or more, the target falls {@condition unconscious} for the same duration, or until it takes damage or another creature uses an action to shake it awake.""]}]",,,,
Purple Worm,MM,"[""G""]",monstrosity,"[""U""]","[{""ac"": 18, ""from"": [""natural armor""]}]","{""average"": 247, ""formula"": ""15d20 + 90""}","{""walk"": 50, ""burrow"": 30}",28,7,22,1,8,4,"{""con"": ""+11"", ""wis"": ""+4""}",,9,,15,"[{""name"": ""Tunneler"", ""entries"": [""The worm can burrow through solid rock at half its burrow speed and leaves a 10-foot-diameter tunnel in its wake.""]}]","[{""name"": ""Multiattack"", ""entries"": [""The worm makes two attacks: one with its bite and one with its stinger.""]}, {""name"": ""Bite"", ""entries"": [""{@atk mw} {@hit 14} to hit, reach 10 ft., one target. {@h}22 ({@damage 3d8 + 9}) piercing damage. If the target is a Large or smaller creature, it must succeed on a {@dc 19} Dexterity saving throw or be swallowed by the worm. A swallowed creature is {@condition blinded} and {@condition restrained}, it has {@quickref Cover||3||total cover} against attacks and other effects outside the worm, and it takes 21 ({@damage 6d6}) acid damage at the start of each of the worm's turns."", ""If the worm takes 30 damage or more on a single turn from a creature inside it, the worm must succeed on a {@dc 21} Constitution saving throw at the end of that turn or regurgitate all swallowed creatures, which fall {@condition prone} in a space within 10 feet of the worm. If the worm dies, a swallowed creature is no longer {@condition restrained} by it and can escape from the corpse by using 20 feet of movement, exiting {@condition prone}.""]}, {""name"": ""Tail Stinger"", ""entries"": [""{@atk mw} {@hit 14} to hit, reach 10 ft., one creature. {@h}19 ({@damage 3d6 + 9}) piercing damage, and the target must make a {@dc 19} Constitution saving throw, taking 42 ({@damage 12d6}) poison damage on a failed save, or half as much damage on a successful one.""]}]",,,,
Quasit,MM,"[""T""]","{""type"": ""fiend"", ""tags"": [""demon""]}","[""C"", ""E""]",[13],"{""average"": 7, ""formula"": ""3d4""}","{""walk"": 40}",5,17,10,7,10,10,,"{""stealth"": ""+5""}",10,"[""Abyssal"", ""Common""]",1,"[{""name"": ""Shapechanger"", ""entries"": [""The quasit can use its action to polymorph into a beast form that resembles a bat (speed 10 feet fly 40 ft.), a centipede (40 ft., climb 40 ft.), or a toad (40 ft., swim 40 ft.), or back into its true form. Its statistics are the same in each form, except for the speed changes noted. Any equipment it is wearing or carrying isn't transformed. It reverts to its true form if it dies.""]}, {""name"": ""Magic Resistance"", ""entries"": [""The quasit has advantage on saving throws against spells and other magical effects.""]}]","[{""name"": ""Claw (Bite in Beast Form)"", ""entries"": [""{@atk mw} {@hit 4} to hit, reach 5 ft., one target. {@h}5 ({@damage 1d4 + 3}) piercing damage, and the target must succeed on a {@dc 10} Constitution saving throw or take 5 ({@damage 2d4}) poison damage and become {@condition poisoned} for 1 minute. The target can repeat the saving throw at the end of each of its turns, ending the effect on itself on a success.""]}, {""name"": ""Scare (1/Day)"", ""entries"": [""One creature of the quasit's choice within 20 feet of it must succeed on a {@dc 10} Wisdom saving throw or be {@condition frightened} for 1 minute. The target can repeat the saving throw at the end of each of its turns, with disadvantage if the quasit is within line of sight, ending the effect on itself on a success.""]}, {""name"": ""Invisibility"", ""entries"": [""The quasit magically turns {@condition invisible} until it attacks or uses Scare, or until its {@status concentration} ends (as if {@status concentration||concentrating} on a spell). Any equipment the quasit wears or carries is {@condition invisible} with it.""]}]",,,,
Quipper,MM,"[""T""]",beast,"[""U""]",[13],"{""average"": 1, ""formula"": ""1d4 - 1""}","{""swim"": 40}",2,16,9,1,7,2,,,8,,0,"[{""name"": ""Blood Frenzy"", ""entries"": [""The quipper has advantage on melee attack rolls against any creature that doesn't have all its hit points.""]}, {""name"": ""Water Breathing"", ""entries"": [""The quipper can breathe only underwater.""]}]","[{""name"": ""Bite"", ""entries"": [""{@atk mw} {@hit 5} to hit, reach 5 ft., one target. {@h}1 piercing damage.""]}]",,,,
Rakshasa,MM,"[""M""]",fiend,"[""L"", ""E""]","[{""ac"": 16, ""from"": [""natural armor""]}]","{""average"": 110, ""formula"": ""13d8 + 52""}","{""walk"": 40}",14,17,18,13,16,20,,"{""deception"": ""+10"", ""insight"": ""+8""}",13,"[""Common"", ""Infernal""]",13,"[{""name"": ""Limited Magic Immunity"", ""entries"": [""The rakshasa can't be affected or detected by spells of 6th level or lower unless it wishes to be. It has advantage on saving throws against all other spells and magical effects.""]}]","[{""name"": ""Multiattack"", ""entries"": [""The rakshasa makes two claw attacks.""]}, {""name"": ""Claw"", ""entries"": [""{@atk mw} {@hit 7} to hit, reach 5 ft., one target. {@h}9 ({@damage 2d6 + 2}) slashing damage, and the target is cursed if it is a creature. The magical curse takes effect whenever the target takes a short or long rest, filling the target's thoughts with horrible images and dreams. The cursed target gains no benefit from finishing a short or long rest. The curse lasts until it is lifted by a {@spell remove curse} spell or similar magic.""]}]",,,,"[{""name"": ""Innate Spellcasting"", ""type"": ""spellcasting"", ""headerEntries"": [""The rakshasa's innate spellcasting ability is Charisma (spell save {@dc 18}, {@hit 10} to hit with spell attacks). The rakshasa can innately cast the following spells, requiring no material components:""], ""will"": [""{@spell detect thoughts}"", ""{@spell disguise self}"", ""{@spell mage hand}"", ""{@spell minor illusion}""], ""daily"": {""3e"": [""{@spell charm person}"", ""{@spell detect magic}"", ""{@spell invisibility}"", ""{@spell major image}"", ""{@spell suggestion}""], ""1e"": [""{@spell dominate person}"", ""{@spell fly}"", ""{@spell plane shift}"", ""{@spell true seeing}""]}, ""ability"": ""cha""}]"
Rat,MM,"[""T""]",beast,"[""U""]",[10],"{""average"": 1, ""formula"": ""1d4 - 1""}","{""walk"": 20}",2,11,9,2,10,4,,,10,,0,"[{""name"": ""Keen Smell"", ""entries"": [""The rat has advantage on Wisdom ({@skill Perception}) checks that rely on smell.""]}]","[{""name"": ""Bite"", ""entries"": [""{@atk mw} {@hit 0} to hit, reach 5 ft., one target. {@h}1 piercing damage.""]}]",,,,
Raven,MM,"[""T""]",beast,"[""U""]",[12],"{""average"": 1, ""formula"": ""1d4 - 1""}","{""walk"": 10, ""fly"": 50}",2,14,8,2,12,6,,"{""perception"": ""+3""}",13,,0,"[{""name"": ""Mimicry"", ""entries"": [""The raven can mimic simple sounds it has heard, such as a person whispering, a baby crying, or an animal chittering. A creature that hears the sounds can tell they are imitations with a successful {@dc 10} Wisdom ({@skill Insight}) check.""]}]","[{""name"": ""Beak"", ""entries"": [""{@atk mw} {@hit 4} to hit, reach 5 ft., one target. {@h}1 piercing damage.""]}]",,,,
Red Dragon Wyrmling,MM,"[""M""]",dragon,"[""C"", ""E""]","[{""ac"": 17, ""from"": [""natural armor""]}]","{""average"": 75, ""formula"": ""10d8 + 30""}","{""walk"": 30, ""climb"": 30, ""fly"": 60}",19,10,17,12,11,15,"{""dex"": ""+2"", ""con"": ""+5"", ""wis"": ""+2"", ""cha"": ""+4""}","{""perception"": ""+4"", ""stealth"": ""+2""}",14,"[""Draconic""]",4,,"[{""name"": ""Bite"", ""entries"": [""{@atk mw} {@hit 6} to hit, reach 5 ft., one target. {@h}9 ({@damage 1d10 + 4}) piercing damage plus 3 ({@damage 1d6}) fire damage.""]}, {""name"": ""Fire Breath {@recharge 5}"", ""entries"": [""The dragon exhales fire in a 15-foot cone. Each creature in that area must make a {@dc 13} Dexterity saving throw, taking 24 ({@damage 7d6}) fire damage on a failed save, or half as much damage on a successful one.""]}]",,,,
Reef Shark,MM,"[""M""]",beast,"[""U""]","[{""ac"": 12, ""from"": [""natural armor""]}]","{""average"": 22, ""formula"": ""4d8 + 4""}","{""swim"": 40}",14,13,13,1,10,4,,"{""perception"": ""+2""}",12,,1/2,"[{""name"": ""Pack Tactics"", ""entries"": [""The shark has advantage on an attack roll against a creature if at least one of the shark's allies is within 5 feet of the creature and the ally isn't {@condition incapacitated}.""]}, {""name"": ""Water Breathing"", ""entries"": [""The shark can breathe only underwater.""]}]","[{""name"": ""Bite"", ""entries"": [""{@atk mw} {@hit 4} to hit, reach 5 ft., one target. {@h}6 ({@damage 1d8 + 2}) piercing damage.""]}]",,,,
Remorhaz,MM,"[""H""]",monstrosity,"[""U""]","[{""ac"": 17, ""from"": [""natural armor""]}]","{""average"": 195, ""formula"": ""17d12 + 85""}","{""walk"": 30, ""burrow"": 20}",24,13,21,4,10,5,,,10,,11,"[{""name"": ""Heated Body"", ""entries"": [""A creature that touches the remorhaz or hits it with a melee attack while within 5 feet of it takes 10 ({@damage 3d6}) fire damage.""]}]","[{""name"": ""Bite"", ""entries"": [""{@atk mw} {@hit 11} to hit, reach 10 ft., one target. {@h}40 ({@damage 6d10 + 7}) piercing damage plus 10 ({@damage 3d6}) fire damage. If the target is a creature, it is {@condition grappled} (escape {@dc 17}). Until this grapple ends, the target is {@condition restrained}, and the remorhaz can't bite another target.""]}, {""name"": ""Swallow"", ""entries"": [""The remorhaz makes one bite attack against a Medium or smaller creature it is grappling. If the attack hits, that creature takes the bite's damage and is swallowed, and the grapple ends. While swallowed, the creature is {@condition blinded} and {@condition restrained}, it has {@quickref Cover||3||total cover} against attacks and other effects outside the remorhaz, and it takes 21 ({@damage 6d6}) acid damage at the start of each of the remorhaz's turns."", ""If the remorhaz takes 30 damage or more on a single turn from a creature inside it, the remorhaz must succeed on a {@dc 15} Constitution saving throw at the end of that turn or regurgitate all swallowed creatures, which fall {@condition prone} in a space within 10 feet of the remorhaz. If the remorhaz dies, a swallowed creature is no longer {@condition restrained} by it and can escape from the corpse using 15 feet of movement, exiting {@condition prone}.""]}]",,,,
Rhinoceros,MM,"[""L""]",beast,"[""U""]","[{""ac"": 11, ""from"": [""natural armor""]}]","{""average"": 45, ""formula"": ""6d10 + 12""}","{""walk"": 40}",21,8,15,2,12,6,,,11,,2,"[{""name"": ""Charge"", ""entries"": [""If the rhinoceros moves at least 20 feet straight toward a target and then hits it with a gore attack on the same turn, the target takes an extra 9 ({@damage 2d8}) bludgeoning damage. If the target is a creature, it must succeed on a {@dc 15} Strength saving throw or be knocked {@condition prone}.""]}]","[{""name"": ""Gore"", ""entries"": [""{@atk mw} {@hit 7} to hit, reach 5 ft., one target. {@h}14 ({@damage 2d8 + 5}) bludgeoning damage.""]}]",,,,
Riding Horse,MM,"[""L""]",beast,"[""U""]",[10],"{""average"": 13, ""formula"": ""2d10 + 2""}","{""walk"": 60}",16,10,12,2,11,7,,,10,,1/4,,"[{""name"": ""Hooves"", ""entries"": [""{@atk mw} {@hit 5} to hit, reach 5 ft., one target. {@h}8 ({@damage 2d4 + 3}) bludgeoning damage.""]}]",,,,
Roc,MM,"[""G""]",monstrosity,"[""U""]","[{""ac"": 15, ""from"": [""natural armor""]}]","{""average"": 248, ""formula"": ""16d20 + 80""}","{""walk"": 20, ""fly"": 120}",28,10,20,3,10,9,"{""dex"": ""+4"", ""con"": ""+9"", ""wis"": ""+4"", ""cha"": ""+3""}","{""perception"": ""+4""}",14,,11,"[{""name"": ""Keen Sight"", ""entries"": [""The roc has advantage on Wisdom ({@skill Perception}) checks that rely on sight.""]}]","[{""name"": ""Multiattack"", ""entries"": [""The roc makes two attacks: one with its beak and one with its talons.""]}, {""name"": ""Beak"", ""entries"": [""{@atk mw} {@hit 13} to hit, reach 10 ft., one target. {@h}27 ({@damage 4d8 + 9}) piercing damage.""]}, {""name"": ""Talons"", ""entries"": [""{@atk mw} {@hit 13} to hit, reach 5 ft., one target. {@h}23 ({@damage 4d6 + 9}) slashing damage, and the target is {@condition grappled} (escape {@dc 19}). Until this grapple ends, the target is {@condition restrained}, and the roc can't use its talons on another target.""]}]",,,,
Roper,MM,"[""L""]",monstrosity,"[""N"", ""E""]","[{""ac"": 20, ""from"": [""natural armor""]}]","{""average"": 93, ""formula"": ""11d10 + 33""}","{""walk"": 10, ""climb"": 10}",18,8,17,7,16,6,,"{""perception"": ""+6"", ""stealth"": ""+5""}",16,,5,"[{""name"": ""False Appearance"", ""entries"": [""While the roper remains motionless, it is indistinguishable from a normal cave formation, such as a stalagmite.""]}, {""name"": ""Grasping Tendrils"", ""entries"": [""The roper can have up to six tendrils at a time. Each tendril can be attacked (AC 20; 10 hit points; immunity to poison and psychic damage). Destroying a tendril deals no damage to the roper, which can extrude a replacement tendril on its next turn. A tendril can also be broken if a creature takes an action and succeeds on a {@dc 15} Strength check against it.""]}, {""name"": ""Spider Climb"", ""entries"": [""The roper can climb difficult surfaces, including upside down on ceilings, without needing to make an ability check.""]}]","[{""name"": ""Multiattack"", ""entries"": [""The roper makes four attacks with its tendrils, uses Reel, and makes one attack with its bite.""]}, {""name"": ""Bite"", ""entries"": [""{@atk mw} {@hit 7} to hit, reach 5 ft., one target. {@h}22 ({@damage 4d8 + 4}) piercing damage.""]}, {""name"": ""Tendril"", ""entries"": [""{@atk mw} {@hit 7} to hit, reach 50 ft., one creature. {@h}The target is {@condition grappled} (escape {@dc 15}). Until the grapple ends, the target is {@condition restrained} and has disadvantage on Strength checks and Strength saving throws, and the roper can't use the same tendril on another target.""]}, {""name"": ""Reel"", ""entries"": [""The roper pulls each creature {@condition grappled} by it up to 25 feet straight toward it.""]}]",,,,
Rug of Smothering,MM,"[""L""]",construct,"[""U""]",[12],"{""average"": 33, ""formula"": ""6d10""}","{""walk"": 10}",17,14,10,1,3,1,,,6,,2,"[{""name"": ""Antimagic Susceptibility"", ""entries"": [""The rug is {@condition incapacitated} while in the area of an {@spell antimagic field}. If targeted by {@spell dispel magic}, the rug must succeed on a Constitution saving throw against the caster's spell save DC or fall {@condition unconscious} for 1 minute.""]}, {""name"": ""Damage Transfer"", ""entries"": [""While it is grappling a creature, the rug takes only half the damage dealt to it, and the creature {@condition grappled} by the rug takes the other half.""]}, {""name"": ""False Appearance"", ""entries"": [""While the rug remains motionless, it is indistinguishable from a normal rug.""]}]","[{""name"": ""Smother"", ""entries"": [""{@atk mw} {@hit 5} to hit, reach 5 ft., one Medium or smaller creature. {@h}The creature is {@condition grappled} (escape {@dc 13}). Until this grapple ends, the target is {@condition restrained}, {@condition blinded}, and at risk of suffocating, and the rug can't smother another target. In addition, at the start of each of the target's turns, the target takes 10 ({@damage 2d6 + 3}) bludgeoning damage.""]}]",,,,
Rust Monster,MM,"[""M""]",monstrosity,"[""U""]","[{""ac"": 14, ""from"": [""natural armor""]}]","{""average"": 27, ""formula"": ""5d8 + 5""}","{""walk"": 40}",13,12,13,2,13,6,,,11,,1/2,"[{""name"": ""Iron Scent"", ""entries"": [""The rust monster can pinpoint, by scent, the location of ferrous metal within 30 feet of it.""]}, {""name"": ""Rust Metal"", ""entries"": [""Any nonmagical weapon made of metal that hits the rust monster corrodes. After dealing damage, the weapon takes a permanent and cumulative −1 penalty to damage rolls. If its penalty drops to −5, the weapon is destroyed. Non magical ammunition made of metal that hits the rust monster is destroyed after dealing damage.""]}]","[{""name"": ""Bite"", ""entries"": [""{@atk mw} {@hit 3} to hit, reach 5 ft., one target. {@h}5 ({@damage 1d8 + 1}) piercing damage.""]}, {""name"": ""Antennae"", ""entries"": [""The rust monster corrodes a nonmagical ferrous metal object it can see within 5 feet of it. If the object isn't being worn or carried, the touch destroys a 1-foot cube of it. If the object is being worn or carried by a creature, the creature can make a {@dc 11} Dexterity saving throw to avoid the rust monster's touch."", ""If the object touched is either metal armor or a metal shield being worn or carried, it takes a permanent and cumulative −1 penalty to the AC it offers. Armor reduced to an AC of 10 or a shield that drops to a +0 bonus is destroyed. If the object touched is a held metal weapon, it rusts as described in the Rust Metal trait.""]}]",,,,
Saber-Toothed Tiger,MM,"[""L""]",beast,"[""U""]",[12],"{""average"": 52, ""formula"": ""7d10 + 14""}","{""walk"": 40}",18,14,15,3,12,8,,"{""perception"": ""+3"", ""stealth"": ""+6""}",13,,2,"[{""name"": ""Keen Smell"", ""entries"": [""The tiger has advantage on Wisdom ({@skill Perception}) checks that rely on smell.""]}, {""name"": ""Pounce"", ""entries"": [""If the tiger moves at least 20 feet straight toward a creature and then hits it with a claw attack on the same turn, that target must succeed on a {@dc 14} Strength saving throw or be knocked {@condition prone}. If the target is {@condition prone}, the tiger can make one bite attack against it as a bonus action.""]}]","[{""name"": ""Bite"", ""entries"": [""{@atk mw} {@hit 6} to hit, reach 5 ft., one target. {@h}10 ({@damage 1d10 + 5}) piercing damage.""]}, {""name"": ""Claw"", ""entries"": [""{@atk mw} {@hit 6} to hit, reach 5 ft., one target. {@h}12 ({@damage 2d6 + 5}) slashing damage.""]}]",,,,
Sahuagin,MM,"[""M""]","{""type"": ""humanoid"", ""tags"": [""sahuagin""]}","[""L"", ""E""]","[{""ac"": 12, ""from"": [""natural armor""]}]","{""average"": 22, ""formula"": ""4d8 + 4""}","{""walk"": 30, ""swim"": 40}",13,11,12,12,13,9,,"{""perception"": ""+5""}",15,"[""Sahuagin""]",1/2,"[{""name"": ""Blood Frenzy"", ""entries"": [""The sahuagin has advantage on melee attack rolls against any creature that doesn't have all its hit points.""]}, {""name"": ""Limited Amphibiousness"", ""entries"": [""The sahuagin can breathe air and water, but it needs to be submerged at least once every 4 hours to avoid suffocating.""]}, {""name"": ""Shark Telepathy"", ""entries"": [""The sahuagin can magically command any shark within 120 feet of it, using a limited telepathy.""]}]","[{""name"": ""Multiattack"", ""entries"": [""The sahuagin makes two melee attacks: one with its bite and one with its claws or spear.""]}, {""name"": ""Bite"", ""entries"": [""{@atk mw} {@hit 3} to hit, reach 5 ft., one target. {@h}3 ({@damage 1d4 + 1}) piercing damage.""]}, {""name"": ""Claws"", ""entries"": [""{@atk mw} {@hit 3} to hit, reach 5 ft., one target. {@h}3 ({@damage 1d4 + 1}) slashing damage.""]}, {""name"": ""Spear"", ""entries"": [""{@atk mw,rw} {@hit 3} to hit, reach 5 ft. or range 20/60 ft., one target. {@h}4 ({@damage 1d6 + 1}) piercing damage, or 5 ({@damage 1d8 + 1}) piercing damage if used with two hands to make a melee attack.""]}]",,,,
Salamander,MM,"[""L""]",elemental,"[""N"", ""E""]","[{""ac"": 15, ""from"": [""natural armor""]}]","{""average"": 90, ""formula"": ""12d10 + 24""}","{""walk"": 30}",18,14,15,11,10,12,,,10,"[""Ignan""]",5,"[{""name"": ""Heated Body"", ""entries"": [""A creature that touches the salamander or hits it with a melee attack while within 5 feet of it takes 7 ({@damage 2d6}) fire damage.""]}, {""name"": ""Heated Weapons"", ""entries"": [""Any metal melee weapon the salamander wields deals an extra 3 ({@damage 1d6}) fire damage on a hit (included in the attack).""]}]","[{""name"": ""Multiattack"", ""entries"": [""The salamander makes two attacks: one with its spear and one with its tail.""]}, {""name"": ""Spear"", ""entries"": [""{@atk mw,rw} {@hit 7} to hit, reach 5 ft. or range 20/60 ft., one target. {@h}11 ({@damage 2d6 + 4}) piercing damage, or 13 ({@damage 2d8 + 4}) piercing damage if used with two hands to make a melee attack, plus 3 ({@damage 1d6}) fire damage.""]}, {""name"": ""Tail"", ""entries"": [""{@atk mw} {@hit 7} to hit, reach 10 ft., one target. {@h}11 ({@damage 2d6 + 4}) bludgeoning damage plus 7 ({@damage 2d6}) fire damage, and the target is {@condition grappled} (escape {@dc 14}). Until this grapple ends, the target is {@condition restrained}, the salamander can automatically hit the target with its tail, and the salamander can't make tail attacks against other targets.""]}]",,,,
Satyr,MM,"[""M""]",fey,"[""C"", ""N""]","[{""ac"": 14, ""from"": [""{@item leather armor|phb}""]}]","{""average"": 31, ""formula"": ""7d8""}","{""walk"": 40}",12,16,11,12,10,14,,"{""perception"": ""+2"", ""performance"": ""+6"", ""stealth"": ""+5""}",12,"[""Common"", ""Elvish"", ""Sylvan""]",1/2,"[{""name"": ""Magic Resistance"", ""entries"": [""The satyr has advantage on saving throws against spells and other magical effects.""]}]","[{""name"": ""Ram"", ""entries"": [""{@atk mw} {@hit 3} to hit, reach 5 ft., one target. {@h}6 ({@damage 2d4 + 1}) bludgeoning damage.""]}, {""name"": ""Shortsword"", ""entries"": [""{@atk mw} {@hit 5} to hit, reach 5 ft., one target. {@h}6 ({@damage 1d6 + 3}) piercing damage.""]}, {""name"": ""Shortbow"", ""entries"": [""{@atk rw} {@hit 5} to hit, range 80/320 ft., one target. {@h}6 ({@damage 1d6 + 3}) piercing damage.""]}]",,,,
Scorpion,MM,"[""T""]",beast,"[""U""]","[{""ac"": 11, ""from"": [""natural armor""]}]","{""average"": 1, ""formula"": ""1d4 - 1""}","{""walk"": 10}",2,11,8,1,8,2,,,9,,0,,"[{""name"": ""Sting"", ""entries"": [""{@atk mw} {@hit 2} to hit, reach 5 ft., one creature. {@h}1 piercing damage, and the target must make a {@dc 9} Constitution saving throw, taking 4 ({@damage 1d8}) poison damage on a failed save, or half as much damage on a successful one.""]}]",,,,
Scout,MM,"[""M""]","{""type"": ""humanoid"", ""tags"": [""any race""]}","[""A""]","[{""ac"": 13, ""from"": [""{@item leather armor|phb}""]}]","{""average"": 16, ""formula"": ""3d8 + 3""}","{""walk"": 30}",11,14,12,11,13,11,,"{""nature"": ""+4"", ""perception"": ""+5"", ""stealth"": ""+6"", ""survival"": ""+5""}",15,"[""any one language (usually Common)""]",1/2,"[{""name"": ""Keen Hearing and Sight"", ""entries"": [""The scout has advantage on Wisdom ({@skill Perception}) checks that rely on hearing or sight.""]}]","[{""name"": ""Multiattack"", ""entries"": [""The scout makes two melee attacks or two ranged attacks.""]}, {""name"": ""Shortsword"", ""entries"": [""{@atk mw} {@hit 4} to hit, reach 5 ft., one target. {@h}5 ({@damage 1d6 + 2}) piercing damage.""]}, {""name"": ""Longbow"", ""entries"": [""{@atk rw} {@hit 4} to hit, ranged 150/600 ft., one target. {@h}6 ({@damage 1d8 + 2}) piercing damage.""]}]",,,,
Sea Hag,MM,"[""M""]",fey,"[""C"", ""E""]","[{""ac"": 14, ""from"": [""natural armor""]}]","{""average"": 52, ""formula"": ""7d8 + 21""}","{""walk"": 30, ""swim"": 40}",16,13,16,12,12,13,,,11,"[""Aquan"", ""Common"", ""Giant""]","{""cr"": ""2"", ""coven"": ""4""}","[{""name"": ""Amphibious"", ""entries"": [""The hag can breathe air and water.""]}, {""name"": ""Horrific Appearance"", ""entries"": [""Any humanoid that starts its turn within 30 feet of the hag and can see the hag's true form must make a {@dc 11} Wisdom saving throw. On a failed save, the creature is {@condition frightened} for 1 minute. A creature can repeat the saving throw at the end of each of its turns, with disadvantage if the hag is within line of sight, ending the effect on itself on a success. If a creature's saving throw is successful or the effect ends for it, the creature is immune to the hag's Horrific Appearance for the next 24 hours."", ""Unless the target is {@status surprised} or the revelation of the hag's true form is sudden, the target can avert its eyes and avoid making the initial saving throw. Until the start of its next turn, a creature that averts its eyes has disadvantage on attack rolls against the hag.""]}]","[{""name"": ""Claws"", ""entries"": [""{@atk mw} {@hit 5} to hit, reach 5 ft., one target. {@h}10 ({@damage 2d6 + 3}) slashing damage.""]}, {""name"": ""Death Glare"", ""entries"": [""The hag targets one {@condition frightened} creature she can see within 30 feet of her. If the target can see the hag, it must succeed on a {@dc 11} Wisdom saving throw against this magic or drop to 0 hit points.""]}, {""name"": ""Illusory Appearance"", ""entries"": [""The hag covers herself and anything she is wearing or carrying with a magical illusion that makes her look like an ugly creature of her general size and humanoid shape. The effect ends if the hag takes a bonus action to end it or if she dies."", ""The changes wrought by this effect fail to hold up to physical inspection. For example, the hag could appear to have no claws, but someone touching her hand might feel the claws. Otherwise, a creature must take an action to visually inspect the illusion and succeed on a {@dc 16} Intelligence ({@skill Investigation}) check to discern that the hag is disguised.""]}]",,,,
Sea Horse,MM,"[""T""]",beast,"[""U""]",[11],"{""average"": 1, ""formula"": ""1d4 - 1""}","{""swim"": 20}",1,12,8,1,10,2,,,10,,"{""cr"": ""0"", ""xp"": 0}","[{""name"": ""Water Breathing"", ""entries"": [""The sea horse can breathe only underwater.""]}]",,,,,
Shadow,MM,"[""M""]",undead,"[""C"", ""E""]",[12],"{""average"": 16, ""formula"": ""3d8 + 3""}","{""walk"": 40}",6,14,13,6,10,8,,"{""stealth"": ""+4""}",10,,1/2,"[{""name"": ""Amorphous"", ""entries"": [""The shadow can move through a space as narrow as 1 inch wide without squeezing.""]}, {""name"": ""Shadow Stealth"", ""entries"": [""While in dim light or darkness, the shadow can take the {@action Hide} action as a bonus action. Its stealth bonus is also improved to +6.""]}, {""name"": ""Sunlight Weakness"", ""entries"": [""While in sunlight, the shadow has disadvantage on attack rolls, ability checks, and saving throws.""]}]","[{""name"": ""Strength Drain"", ""entries"": [""{@atk mw} {@hit 4} to hit, reach 5 ft., one creature. {@h}9 ({@damage 2d6 + 2}) necrotic damage, and the target's Strength score is reduced by {@dice 1d4}. The target dies if this reduces its Strength to 0. Otherwise, the reduction lasts until the target finishes a short or long rest."", ""If a non-evil humanoid dies from this attack, a new {@creature shadow} rises from the corpse {@dice 1d4} hours later.""]}]",,,,
Shambling Mound,MM,"[""L""]",plant,"[""U""]","[{""ac"": 15, ""from"": [""natural armor""]}]","{""average"": 136, ""formula"": ""16d10 + 48""}","{""walk"": 20, ""swim"": 20}",18,8,16,5,10,5,,"{""stealth"": ""+2""}",10,,5,"[{""name"": ""Lightning Absorption"", ""entries"": [""Whenever the shambling mound is subjected to lightning damage, it takes no damage and regains a number of hit points equal to the lightning damage dealt.""]}]","[{""name"": ""Multiattack"", ""entries"": [""The shambling mound makes two slam attacks. If both attacks hit a Medium or smaller target, the target is {@condition grappled} (escape {@dc 14}), and the shambling mound uses its Engulf on it.""]}, {""name"": ""Slam"", ""entries"": [""{@atk mw} {@hit 7} to hit, reach 5 ft., one target. {@h}13 ({@damage 2d8 + 4}) bludgeoning damage.""]}, {""name"": ""Engulf"", ""entries"": [""The shambling mound engulfs a Medium or smaller creature {@condition grappled} by it. The engulfed target is {@condition blinded}, {@condition restrained}, and unable to breathe, and it must succeed on a {@dc 14} Constitution saving throw at the start of each of the mound's turns or take 13 ({@damage 2d8 + 4}) bludgeoning damage. If the mound moves, the engulfed target moves with it. The mound can have only one creature engulfed at a time.""]}]",,,,
Shield Guardian,MM,"[""L""]",construct,"[""U""]","[{""ac"": 17, ""from"": [""natural armor""]}]","{""average"": 142, ""formula"": ""15d10 + 60""}","{""walk"": 30}",18,8,18,7,10,3,,,10,"[""understands commands given in any language but can't speak""]",7,"[{""name"": ""Bound"", ""entries"": [""The shield guardian is magically bound to an amulet. As long as the guardian and its amulet are on the same plane of existence, the amulet's wearer can telepathically call the guardian to travel to it, and the guardian knows the distance and direction to the amulet. If the guardian is within 60 feet of the amulet's wearer, half of any damage the wearer takes (rounded up) is transferred to the guardian.""]}, {""name"": ""Regeneration"", ""entries"": [""The shield guardian regains 10 hit points at the start of its turn if it has at least 1 hit point.""]}, {""name"": ""Spell Storing"", ""entries"": [""A spellcaster who wears the shield guardian's amulet can cause the guardian to store one spell of 4th level or lower. To do so, the wearer must cast the spell on the guardian. The spell has no effect but is stored within the guardian. When commanded to do so by the wearer or when a situation arises that was predefined by the spellcaster, the guardian casts the stored spell with any parameters set by the original caster, requiring no components. When the spell is cast or a new spell is stored, any previously stored spell is lost.""]}]","[{""name"": ""Multiattack"", ""entries"": [""The guardian makes two fist attacks.""]}, {""name"": ""Fist"", ""entries"": [""{@atk mw} {@hit 7} to hit, reach 5 ft., one target. {@h}11 ({@damage 2d6 + 4}) bludgeoning damage.""]}]",,"[{""name"": ""Shield"", ""entries"": [""When a creature makes an attack against the wearer of the guardian's amulet, the guardian grants a +2 bonus to the wearer's AC if the guardian is within 5 feet of the wearer.""]}]",,
Shrieker,MM,"[""M""]",plant,"[""U""]",[5],"{""average"": 13, ""formula"": ""3d8""}","{""walk"": 0}",1,1,10,1,3,1,,,6,,0,"[{""name"": ""False Appearance"", ""entries"": [""While the shrieker remains motionless, it is indistinguishable from an ordinary fungus.""]}]",,,"[{""name"": ""Shriek"", ""entries"": [""When bright light or a creature is within 30 feet of the shrieker, it emits a shriek audible within 300 feet of it. The shrieker continues to shriek until the disturbance moves out of range and for {@dice 1d4} of the shrieker's turns afterward.""]}]",,
Silver Dragon Wyrmling,MM,"[""M""]",dragon,"[""L"", ""G""]","[{""ac"": 17, ""from"": [""natural armor""]}]","{""average"": 45, ""formula"": ""6d8 + 18""}","{""walk"": 30, ""fly"": 60}",19,10,17,12,11,15,"{""dex"": ""+2"", ""con"": ""+5"", ""wis"": ""+2"", ""cha"": ""+4""}","{""perception"": ""+4"", ""stealth"": ""+2""}",14,"[""Draconic""]",2,,"[{""name"": ""Bite"", ""entries"": [""{@atk mw} {@hit 6} to hit, reach 5 ft., one target. {@h}9 ({@damage 1d10 + 4}) piercing damage.""]}, {""name"": ""Breath Weapons {@recharge 5}"", ""entries"": [""The dragon uses one of the following breath weapons."", {""type"": ""list"", ""style"": ""list-hang-notitle"", ""items"": [{""type"": ""item"", ""name"": ""Cold Breath"", ""entry"": ""The dragon exhales an icy blast in a 15-foot cone. Each creature in that area must make a {@dc 13} Constitution saving throw, taking 18 ({@damage 4d8}) cold damage on a failed save, or half as much damage on a successful one.""}, {""type"": ""item"", ""name"": ""Paralyzing Breath"", ""entry"": ""The dragon exhales paralyzing gas in a 15-foot cone. Each creature in that area must succeed on a {@dc 13} Constitution saving throw or be {@condition paralyzed} for 1 minute. A creature can repeat the saving throw at the end of each of its turns, ending the effect on itself on a success.""}]}]}]",,,,
Skeleton,MM,"[""M""]",undead,"[""L"", ""E""]","[{""ac"": 13, ""from"": [""armor scraps""]}]","{""average"": 13, ""formula"": ""2d8 + 4""}","{""walk"": 30}",10,14,15,6,8,5,,,9,"[""understands all languages it spoke in life but can't speak""]",1/4,,"[{""name"": ""Shortsword"", ""entries"": [""{@atk mw} {@hit 4} to hit, reach 5 ft., one target. {@h}5 ({@damage 1d6 + 2}) piercing damage.""]}, {""name"": ""Shortbow"", ""entries"": [""{@atk rw} {@hit 4} to hit, range 80/320 ft., one target. {@h}5 ({@damage 1d6 + 2}) piercing damage.""]}]",,,,
Solar,MM,"[""L""]",celestial,"[""L"", ""G""]","[{""ac"": 21, ""from"": [""natural armor""]}]","{""average"": 243, ""formula"": ""18d10 + 144""}","{""walk"": 50, ""fly"": 150}",26,22,26,25,25,30,"{""int"": ""+14"", ""wis"": ""+14"", ""cha"": ""+17""}","{""perception"": ""+14""}",24,"[""all"", ""telepathy 120 ft.""]",21,"[{""name"": ""Angelic Weapons"", ""entries"": [""The solar's weapon attacks are magical. When the solar hits with any weapon, the weapon deals an extra {@damage 6d8} radiant damage (included in the attack).""]}, {""name"": ""Divine Awareness"", ""entries"": [""The solar knows if it hears a lie.""]}, {""name"": ""Magic Resistance"", ""entries"": [""The solar has advantage on saving throws against spells and other magical effects.""]}]","[{""name"": ""Multiattack"", ""entries"": [""The solar makes two greatsword attacks.""]}, {""name"": ""Greatsword"", ""entries"": [""{@atk mw} {@hit 15} to hit, reach 5 ft., one target. {@h}22 ({@damage 4d6 + 8}) slashing damage plus 27 ({@damage 6d8}) radiant damage.""]}, {""name"": ""Slaying Longbow"", ""entries"": [""{@atk rw} {@hit 13} to hit, range 150/600 ft., one target. {@h}15 ({@damage 2d8 + 6}) piercing damage plus 27 ({@damage 6d8}) radiant damage. If the target is a creature that has 100 hit points or fewer, it must succeed on a {@dc 15} Constitution saving throw or die.""]}, {""name"": ""Flying Sword"", ""entries"": [""The solar releases its greatsword to hover magically in an unoccupied space within 5 feet of it. If the solar can see the sword, the solar can mentally command it as a bonus action to fly up to 50 feet and either make one attack against a target or return to the solar's hands. If the hovering sword is targeted by any effect, the solar is considered to be holding it. The hovering sword falls if the solar dies.""]}, {""name"": ""Healing Touch (4/Day)"", ""entries"": [""The solar touches another creature. The target magically regains 40 ({@dice 8d8 + 4}) hit points and is freed from any curse, disease, poison, blindness, or deafness.""]}]",,,"[{""name"": ""Teleport"", ""entries"": [""The solar magically teleports, along with any equipment it is wearing or carrying, up to 120 feet to an unoccupied space it can see.""]}, {""name"": ""Searing Burst (Costs 2 Actions)"", ""entries"": [""The solar emits magical, divine energy. Each creature of its choice in a 10-foot radius must make a {@dc 23} Dexterity saving throw, taking 14 ({@damage 4d6}) fire damage plus 14 ({@damage 4d6}) radiant damage on a failed save, or half as much damage on a successful one.""]}, {""name"": ""Blinding Gaze (Costs 3 Actions)"", ""entries"": [""The solar targets one creature it can see within 30 feet of it. If the target can see it, the target must succeed on a {@dc 15} Constitution saving throw or be {@condition blinded} until magic such as the {@spell lesser restoration} spell removes the blindness.""]}]","[{""name"": ""Innate Spellcasting"", ""type"": ""spellcasting"", ""headerEntries"": [""The solar's spellcasting ability is Charisma (spell save {@dc 25}). It can innately cast the following spells, requiring no material components:""], ""will"": [""{@spell detect evil and good}"", ""{@spell invisibility} (self only)""], ""daily"": {""3e"": [""{@spell blade barrier}"", ""{@spell dispel evil and good}"", ""{@spell resurrection}""], ""1e"": [""{@spell commune}"", ""{@spell control weather}""]}, ""ability"": ""cha""}]"
Specter,MM,"[""M""]",undead,"[""C"", ""E""]",[12],"{""average"": 22, ""formula"": ""5d8""}","{""walk"": 0, ""fly"": {""number"": 50, ""condition"": ""(hover)""}, ""canHover"": true}",1,14,11,10,10,11,,,10,"[""understands all languages it knew in life but can't speak""]",1,"[{""name"": ""Incorporeal Movement"", ""entries"": [""The specter can move through other creatures and objects as if they were {@quickref difficult terrain||3}. It takes 5 ({@damage 1d10}) force damage if it ends its turn inside an object.""]}, {""name"": ""Sunlight Sensitivity"", ""entries"": [""While in sunlight, the specter has disadvantage on attack rolls, as well as on Wisdom ({@skill Perception}) checks that rely on sight.""]}]","[{""name"": ""Life Drain"", ""entries"": [""{@atk ms} {@hit 4} to hit, reach 5 ft., one creature. {@h}10 ({@damage 3d6}) necrotic damage. The target must succeed on a {@dc 10} Constitution saving throw or its hit point maximum is reduced by an amount equal to the damage taken. This reduction lasts until the creature finishes a long rest. The target dies if this effect reduces its hit point maximum to 0.""]}]",,,,
Spider,MM,"[""T""]",beast,"[""U""]",[12],"{""average"": 1, ""formula"": ""1d4 - 1""}","{""walk"": 20, ""climb"": 20}",2,14,8,1,10,2,,"{""stealth"": ""+4""}",10,,0,"[{""name"": ""Spider Climb"", ""entries"": [""The spider can climb difficult surfaces, including upside down on ceilings, without needing to make an ability check.""]}, {""name"": ""Web Sense"", ""entries"": [""While in contact with a web, the spider knows the exact location of any other creature in contact with the same web.""]}, {""name"": ""Web Walker"", ""entries"": [""The spider ignores movement restrictions caused by webbing.""]}]","[{""name"": ""Bite"", ""entries"": [""{@atk mw} {@hit 4} to hit, reach 5 ft., one creature. {@h}1 piercing damage, and the target must succeed on a {@dc 9} Constitution saving throw or take 2 ({@damage 1d4}) poison damage.""]}]",,,,
Spirit Naga,MM,"[""L""]",monstrosity,"[""C"", ""E""]","[{""ac"": 15, ""from"": [""natural armor""]}]","{""average"": 75, ""formula"": ""10d10 + 20""}","{""walk"": 40}",18,17,14,16,15,16,"{""dex"": ""+6"", ""con"": ""+5"", ""wis"": ""+5"", ""cha"": ""+6""}",,12,"[""Abyssal"", ""Common""]",8,"[{""name"": ""Rejuvenation"", ""entries"": [""If it dies, the naga returns to life in {@dice 1d6} days and regains all its hit points. Only a {@spell wish} spell can prevent this trait from functioning.""]}]","[{""name"": ""Bite"", ""entries"": [""{@atk mw} {@hit 7} to hit, reach 10 ft., one creature. {@h}7 ({@damage 1d6 + 4}) piercing damage, and the target must make a {@dc 13} Constitution saving throw, taking 31 ({@damage 7d8}) poison damage on a failed save, or half as much damage on a successful one.""]}]",,,,"[{""name"": ""Spellcasting"", ""type"": ""spellcasting"", ""headerEntries"": [""The naga is a 10th-level spellcaster. Its spellcasting ability is Intelligence (spell save {@dc 14}, {@hit 6} to hit with spell attacks), and it needs only verbal components to cast its spells. It has the following wizard spells prepared:""], ""spells"": {""0"": {""spells"": [""{@spell mage hand}"", ""{@spell minor illusion}"", ""{@spell ray of frost}""]}, ""1"": {""slots"": 4, ""spells"": [""{@spell charm person}"", ""{@spell detect magic}"", ""{@spell sleep}""]}, ""2"": {""slots"": 3, ""spells"": [""{@spell detect thoughts}"", ""{@spell hold person}""]}, ""3"": {""slots"": 3, ""spells"": [""{@spell lightning bolt}"", ""{@spell water breathing}""]}, ""4"": {""slots"": 3, ""spells"": [""{@spell blight}"", ""{@spell dimension door}""]}, ""5"": {""slots"": 2, ""spells"": [""{@spell dominate person}""]}}, ""ability"": ""int""}]"
Sprite,MM,"[""T""]",fey,"[""N"", ""G""]","[{""ac"": 15, ""from"": [""{@item leather armor|phb}""]}]","{""average"": 2, ""formula"": ""1d4""}","{""walk"": 10, ""fly"": 40}",3,18,10,14,13,11,,"{""perception"": ""+3"", ""stealth"": ""+8""}",13,"[""Common"", ""Elvish"", ""Sylvan""]",1/4,,"[{""name"": ""Longsword"", ""entries"": [""{@atk mw} {@hit 2} to hit, reach 5 ft., one target. {@h}1 slashing damage.""]}, {""name"": ""Shortbow"", ""entries"": [""{@atk rw} {@hit 6} to hit, range 40/160 ft., one target. {@h}1 piercing damage, and the target must succeed on a {@dc 10} Constitution saving throw or become {@condition poisoned} for 1 minute. If its saving throw result is 5 or lower, the {@condition poisoned} target falls {@condition unconscious} for the same duration, or until it takes damage or another creature takes an action to shake it awake.""]}, {""name"": ""Heart Sight"", ""entries"": [""The sprite touches a creature and magically knows the creature's current emotional state. If the target fails a {@dc 10} Charisma saving throw, the sprite also knows the creature's alignment. Celestials, fiends, and undead automatically fail the saving throw.""]}, {""name"": ""Invisibility"", ""entries"": [""The sprite magically turns {@condition invisible} until it attacks or casts a spell, or until its {@status concentration} ends (as if {@status concentration||concentrating} on a spell). Any equipment the sprite wears or carries is {@condition invisible} with it.""]}]",,,,
Spy,MM,"[""M""]","{""type"": ""humanoid"", ""tags"": [""any race""]}","[""A""]",[12],"{""average"": 27, ""formula"": ""6d8""}","{""walk"": 30}",10,15,10,12,14,16,,"{""deception"": ""+5"", ""insight"": ""+4"", ""investigation"": ""+5"", ""perception"": ""+6"", ""persuasion"": ""+5"", ""sleight of hand"": ""+4"", ""stealth"": ""+4""}",16,"[""any two languages""]",1,"[{""name"": ""Cunning Action"", ""entries"": [""On each of its turns, the spy can use a bonus action to take the {@action Dash}, {@action Disengage}, or {@action Hide} action.""]}, {""name"": ""Sneak Attack (1/Turn)"", ""entries"": [""The spy deals an extra 7 ({@damage 2d6}) damage when it hits a target with a weapon attack and has advantage on the attack roll, or when the target is within 5 feet of an ally of the spy that isn't {@condition incapacitated} and the spy doesn't have disadvantage on the attack roll.""]}]","[{""name"": ""Multiattack"", ""entries"": [""The spy makes two melee attacks.""]}, {""name"": ""Shortsword"", ""entries"": [""{@atk mw} {@hit 4} to hit, reach 5 ft., one target. {@h}5 ({@damage 1d6 + 2}) piercing damage.""]}, {""name"": ""Hand Crossbow"", ""entries"": [""{@atk rw} {@hit 4} to hit, range 30/120 ft., one target. {@h}5 ({@damage 1d6 + 2}) piercing damage.""]}]",,,,
Steam Mephit,MM,"[""S""]",elemental,"[""N"", ""E""]",[10],"{""average"": 21, ""formula"": ""6d6""}","{""walk"": 30, ""fly"": 30}",5,11,10,11,10,12,,,10,"[""Aquan"", ""Ignan""]",1/4,"[{""name"": ""Death Burst"", ""entries"": [""When the mephit dies, it explodes in a cloud of steam. Each creature within 5 feet of the mephit must succeed on a {@dc 10} Dexterity saving throw or take 4 ({@damage 1d8}) fire damage.""]}]","[{""name"": ""Claws"", ""entries"": [""{@atk mw} {@hit 2} to hit, reach 5 ft., one creature. {@h}2 ({@damage 1d4}) slashing damage plus 2 ({@damage 1d4}) fire damage.""]}, {""name"": ""Steam Breath {@recharge}"", ""entries"": [""The mephit exhales a 15-foot cone of scalding steam. Each creature in that area must succeed on a {@dc 10} Dexterity saving throw, taking 4 ({@damage 1d8}) fire damage on a failed save, or half as much damage on a successful one.""]}]",,,,"[{""name"": ""Innate Spellcasting (1/Day)"", ""type"": ""spellcasting"", ""headerEntries"": [""The mephit can innately cast {@spell blur}, requiring no material components. Its innate spellcasting ability is Charisma.""], ""will"": [""{@spell blur}""], ""ability"": ""cha"", ""hidden"": [""will""]}]"
Stirge,MM,"[""T""]",beast,"[""U""]","[{""ac"": 14, ""from"": [""natural armor""]}]","{""average"": 2, ""formula"": ""1d4""}","{""walk"": 10, ""fly"": 40}",4,16,11,2,8,6,,,9,,1/8,,"[{""name"": ""Blood Drain"", ""entries"": [""{@atk mw} {@hit 5} to hit, reach 5 ft., one creature. {@h}5 ({@damage 1d4 + 3}) piercing damage, and the stirge attaches to the target. While attached, the stirge doesn't attack. Instead, at the start of each of the stirge's turns, the target loses 5 ({@dice 1d4 + 3}) hit points due to blood loss."", ""The stirge can detach itself by spending 5 feet of its movement. It does so after it drains 10 hit points of blood from the target or the target dies. A creature, including the target, can use its action to detach the stirge.""]}]",,,,
Stone Giant,MM,"[""H""]",giant,"[""N""]","[{""ac"": 17, ""from"": [""natural armor""]}]","{""average"": 126, ""formula"": ""11d12 + 55""}","{""walk"": 40}",23,15,20,10,12,9,"{""dex"": ""+5"", ""con"": ""+8"", ""wis"": ""+4""}","{""athletics"": ""+12"", ""perception"": ""+4""}",14,"[""Giant""]",7,"[{""name"": ""Stone Camouflage"", ""entries"": [""The giant has advantage on Dexterity ({@skill Stealth}) checks made to hide in rocky terrain.""]}]","[{""name"": ""Multiattack"", ""entries"": [""The giant makes two greatclub attacks.""]}, {""name"": ""Greatclub"", ""entries"": [""{@atk mw} {@hit 9} to hit, reach 15 ft., one target. {@h}19 ({@damage 3d8 + 6}) bludgeoning damage.""]}, {""name"": ""Rock"", ""entries"": [""{@atk rw} {@hit 9} to hit, range 60/240 ft., one target. {@h}28 ({@damage 4d10 + 6}) bludgeoning damage. If the target is a creature, it must succeed on a {@dc 17} Strength saving throw or be knocked {@condition prone}.""]}]",,"[{""name"": ""Rock Catching"", ""entries"": [""If a rock or similar object is hurled at the giant, the giant can, with a successful {@dc 10} Dexterity saving throw, catch the missile and take no bludgeoning damage from it.""]}]",,
Stone Golem,MM,"[""L""]",construct,"[""U""]","[{""ac"": 17, ""from"": [""natural armor""]}]","{""average"": 178, ""formula"": ""17d10 + 85""}","{""walk"": 30}",22,9,20,3,11,1,,,10,"[""understands the languages of its creator but can't speak""]",10,"[{""name"": ""Immutable Form"", ""entries"": [""The golem is immune to any spell or effect that would alter its form.""]}, {""name"": ""Magic Resistance"", ""entries"": [""The golem has advantage on saving throws against spells and other magical effects.""]}, {""name"": ""Magic Weapons"", ""entries"": [""The golem's weapon attacks are magical.""]}]","[{""name"": ""Multiattack"", ""entries"": [""The golem makes two slam attacks.""]}, {""name"": ""Slam"", ""entries"": [""{@atk mw} {@hit 10} to hit, reach 5 ft., one target. {@h}19 ({@damage 3d8 + 6}) bludgeoning damage.""]}, {""name"": ""Slow {@recharge 5}"", ""entries"": [""The golem targets one or more creatures it can see within 10 feet of it. Each target must make a {@dc 17} Wisdom saving throw against this magic. On a failed save, a target can't use reactions, its speed is halved, and it can't make more than one attack on its turn. In addition, the target can take either an action or a bonus action on its turn, not both. These effects last for 1 minute. A target can repeat the saving throw at the end of each of its turns, ending the effect on itself on a success.""]}]",,,,
Storm Giant,MM,"[""H""]",giant,"[""C"", ""G""]","[{""ac"": 16, ""from"": [""{@item scale mail|phb}""]}]","{""average"": 230, ""formula"": ""20d12 + 100""}","{""walk"": 50, ""swim"": 50}",29,14,20,16,18,18,"{""str"": ""+14"", ""con"": ""+10"", ""wis"": ""+9"", ""cha"": ""+9""}","{""arcana"": ""+8"", ""athletics"": ""+14"", ""history"": ""+8"", ""perception"": ""+9""}",19,"[""Common"", ""Giant""]",13,"[{""name"": ""Amphibious"", ""entries"": [""The giant can breathe air and water.""]}]","[{""name"": ""Multiattack"", ""entries"": [""The giant makes two greatsword attacks.""]}, {""name"": ""Greatsword"", ""entries"": [""{@atk mw} {@hit 14} to hit, reach 10 ft., one target. {@h}30 ({@damage 6d6 + 9}) slashing damage.""]}, {""name"": ""Rock"", ""entries"": [""{@atk rw} {@hit 14} to hit, range 60/240 ft., one target. {@h}35 ({@damage 4d12 + 9}) bludgeoning damage.""]}, {""name"": ""Lightning Strike {@recharge 5}"", ""entries"": [""The giant hurls a magical lightning bolt at a point it can see within 500 feet of it. Each creature within 10 feet of that point must make a {@dc 17} Dexterity saving throw, taking 54 ({@damage 12d8}) lightning damage on a failed save, or half as much damage on a successful one.""]}]",,,,"[{""name"": ""Innate Spellcasting"", ""type"": ""spellcasting"", ""headerEntries"": [""The giant's innate spellcasting ability is Charisma (spell save {@dc 17}). It can innately cast the following spells, requiring no material components:""], ""will"": [""{@spell detect magic}"", ""{@spell feather fall}"", ""{@spell levitate}"", ""{@spell light}""], ""daily"": {""3e"": [""{@spell control weather}"", ""{@spell water breathing}""]}, ""ability"": ""cha""}]"
Succubus,MM,"[""M""]","{""type"": ""fiend"", ""tags"": [""shapechanger""]}","[""N"", ""E""]","[{""ac"": 15, ""from"": [""natural armor""]}]","{""average"": 66, ""formula"": ""12d8 + 12""}","{""walk"": 30, ""fly"": 60}",8,17,13,15,12,20,,"{""deception"": ""+9"", ""insight"": ""+5"", ""perception"": ""+5"", ""persuasion"": ""+9"", ""stealth"": ""+7""}",15,"[""Abyssal"", ""Common"", ""Infernal"", ""telepathy 60 ft.""]",4,"[{""name"": ""Telepathic Bond"", ""entries"": [""The fiend ignores the range restriction on its telepathy when communicating with a creature it has {@condition charmed}. The two don't even need to be on the same plane of existence.""]}, {""name"": ""Shapechanger"", ""entries"": [""The fiend can use its action to polymorph into a Small or Medium humanoid, or back into its true form. Without wings, the fiend loses its flying speed. Other than its size and speed, its statistics are the same in each form. Any equipment it is wearing or carrying isn't transformed. It reverts to its true form if it dies.""]}]","[{""name"": ""Claw (Fiend Form Only)"", ""entries"": [""{@atk mw} {@hit 5} to hit, reach 5 ft., one target. {@h}6 ({@damage 1d6 + 3}) slashing damage.""]}, {""name"": ""Charm"", ""entries"": [""One humanoid the fiend can see within 30 feet of it must succeed on a {@dc 15} Wisdom saving throw or be magically {@condition charmed} for 1 day. The {@condition charmed} target obeys the fiend's verbal or telepathic commands. If the target suffers any harm or receives a suicidal command, it can repeat the saving throw, ending the effect on a success. If the target successfully saves against the effect, or if the effect on it ends, the target is immune to this fiend's Charm for the next 24 hours."", ""The fiend can have only one target {@condition charmed} at a time. If it charms another, the effect on the previous target ends.""]}, {""name"": ""Draining Kiss"", ""entries"": [""The fiend kisses a creature {@condition charmed} by it or a willing creature. The target must make a {@dc 15} Constitution saving throw against this magic, taking 32 ({@damage 5d10 + 5}) psychic damage on a failed save, or half as much damage on a successful one. The target's hit point maximum is reduced by an amount equal to the damage taken. This reduction lasts until the target finishes a long rest. The target dies if this effect reduces its hit point maximum to 0.""]}, {""name"": ""Etherealness"", ""entries"": [""The fiend magically enters the Ethereal Plane from the Material Plane, or vice versa.""]}]",,,,
Swarm of Bats,MM,"[""M""]","{""type"": ""beast"", ""swarmSize"": ""T""}","[""U""]",[12],"{""average"": 22, ""formula"": ""5d8""}","{""walk"": 0, ""fly"": 30}",5,15,10,2,12,4,,,11,,1/4,"[{""name"": ""Echolocation"", ""entries"": [""The swarm can't use its blindsight while {@condition deafened}.""]}, {""name"": ""Keen Hearing"", ""entries"": [""The swarm has advantage on Wisdom ({@skill Perception}) checks that rely on hearing.""]}, {""name"": ""Swarm"", ""entries"": [""The swarm can occupy another creature's space and vice versa, and the swarm can move through any opening large enough for a Tiny bat. The swarm can't regain hit points or gain temporary hit points.""]}]","[{""name"": ""Bites"", ""entries"": [""{@atk mw} {@hit 4} to hit, reach 0 ft., one creature in the swarm's space. {@h}5 ({@damage 2d4}) piercing damage, or 2 ({@damage 1d4}) piercing damage if the swarm has half of its hit points or fewer.""]}]",,,,
Swarm of Beetles,MM,"[""M""]","{""type"": ""beast"", ""swarmSize"": ""T""}","[""U""]","[{""ac"": 12, ""from"": [""natural armor""]}]","{""average"": 22, ""formula"": ""5d8""}","{""walk"": 20, ""burrow"": 5, ""climb"": 20}",3,13,10,1,7,1,,,8,,1/2,"[{""name"": ""Swarm"", ""entries"": [""The swarm can occupy another creature's space and vice versa, and the swarm can move through any opening large enough for a Tiny insect. The swarm can't regain hit points or gain temporary hit points.""]}]","[{""name"": ""Bites"", ""entries"": [""{@atk mw} {@hit 3} to hit, reach 0 ft., one target in the swarm's space. {@h}10 ({@damage 4d4}) piercing damage, or 5 ({@damage 2d4}) piercing damage if the swarm has half of its hit points or fewer.""]}]",,,,
Swarm of Centipedes,MM,"[""M""]","{""type"": ""beast"", ""swarmSize"": ""T""}","[""U""]","[{""ac"": 12, ""from"": [""natural armor""]}]","{""average"": 22, ""formula"": ""5d8""}","{""walk"": 20, ""climb"": 20}",3,13,10,1,7,1,,,8,,1/2,"[{""name"": ""Swarm"", ""entries"": [""The swarm can occupy another creature's space and vice versa, and the swarm can move through any opening large enough for a Tiny insect. The swarm can't regain hit points or gain temporary hit points.""]}]","[{""name"": ""Bites"", ""entries"": [""{@atk mw} {@hit 3} to hit, reach 0 ft., one target in the swarm's space. {@h}10 ({@damage 4d4}) piercing damage, or 5 ({@damage 2d4}) piercing damage if the swarm has half of its hit points or fewer."", ""A creature reduced to 0 hit points by a swarm of centipedes is stable but {@condition poisoned} for 1 hour, even after regaining hit points, and {@condition paralyzed} while {@condition poisoned} in this way.""]}]",,,,
Swarm of Insects,MM,"[""M""]","{""type"": ""beast"", ""swarmSize"": ""T""}","[""U""]","[{""ac"": 12, ""from"": [""natural armor""]}]","{""average"": 22, ""formula"": ""5d8""}","{""walk"": 20, ""climb"": 20}",3,13,10,1,7,1,,,8,,1/2,"[{""name"": ""Swarm"", ""entries"": [""The swarm can occupy another creature's space and vice versa, and the swarm can move through any opening large enough for a Tiny insect. The swarm can't regain hit points or gain temporary hit points.""]}]","[{""name"": ""Bites"", ""entries"": [""{@atk mw} {@hit 3} to hit, reach 0 ft., one target in the swarm's space. {@h}10 ({@damage 4d4}) piercing damage, or 5 ({@damage 2d4}) piercing damage if the swarm has half of its hit points or fewer.""]}]",,,,
Swarm of Poisonous Snakes,MM,"[""M""]","{""type"": ""beast"", ""swarmSize"": ""T""}","[""U""]",[14],"{""average"": 36, ""formula"": ""8d8""}","{""walk"": 30, ""swim"": 30}",8,18,11,1,10,3,,,10,,2,"[{""name"": ""Swarm"", ""entries"": [""The swarm can occupy another creature's space and vice versa, and the swarm can move through any opening large enough for a Tiny snake. The swarm can't regain hit points or gain temporary hit points.""]}]","[{""name"": ""Bites"", ""entries"": [""{@atk mw} {@hit 6} to hit, reach 0 ft., one creature in the swarm's space. {@h}7 ({@damage 2d6}) piercing damage, or 3 ({@damage 1d6}) piercing damage if the swarm has half of its hit points or fewer. The target must make a {@dc 10} Constitution saving throw, taking 14 ({@damage 4d6}) poison damage on a failed save, or half as much damage on a successful one.""]}]",,,,
Swarm of Quippers,MM,"[""M""]","{""type"": ""beast"", ""swarmSize"": ""T""}","[""U""]",[13],"{""average"": 28, ""formula"": ""8d8 - 8""}","{""walk"": 0, ""swim"": 40}",13,16,9,1,7,2,,,8,,1,"[{""name"": ""Blood Frenzy"", ""entries"": [""The swarm has advantage on melee attack rolls against any creature that doesn't have all its hit points.""]}, {""name"": ""Swarm"", ""entries"": [""The swarm can occupy another creature's space and vice versa, and the swarm can move through any opening large enough for a Tiny quipper. The swarm can't regain hit points or gain temporary hit points.""]}, {""name"": ""Water Breathing"", ""entries"": [""The swarm can breathe only underwater.""]}]","[{""name"": ""Bites"", ""entries"": [""{@atk mw} {@hit 5} to hit, reach 0 ft., one creature in the swarm's space. {@h}14 ({@damage 4d6}) piercing damage, or 7 ({@damage 2d6}) piercing damage if the swarm has half of its hit points or fewer.""]}]",,,,
Swarm of Rats,MM,"[""M""]","{""type"": ""beast"", ""swarmSize"": ""T""}","[""U""]",[10],"{""average"": 24, ""formula"": ""7d8 - 7""}","{""walk"": 30}",9,11,9,2,10,3,,,10,,1/4,"[{""name"": ""Keen Smell"", ""entries"": [""The swarm has advantage on Wisdom ({@skill Perception}) checks that rely on smell.""]}, {""name"": ""Swarm"", ""entries"": [""The swarm can occupy another creature's space and vice versa, and the swarm can move through any opening large enough for a Tiny rat. The swarm can't regain hit points or gain temporary hit points.""]}]","[{""name"": ""Bites"", ""entries"": [""{@atk mw} {@hit 2} to hit, reach 0 ft., one target in the swarm's space. {@h}7 ({@damage 2d6}) piercing damage, or 3 ({@damage 1d6}) piercing damage if the swarm has half of its hit points or fewer.""]}]",,,,
Swarm of Ravens,MM,"[""M""]","{""type"": ""beast"", ""swarmSize"": ""T""}","[""U""]",[12],"{""average"": 24, ""formula"": ""7d8 - 7""}","{""walk"": 10, ""fly"": 50}",6,14,8,3,12,6,,"{""perception"": ""+5""}",15,,1/4,"[{""name"": ""Swarm"", ""entries"": [""The swarm can occupy another creature's space and vice versa, and the swarm can move through any opening large enough for a Tiny raven. The swarm can't regain hit points or gain temporary hit points.""]}]","[{""name"": ""Beaks"", ""entries"": [""{@atk mw} {@hit 4} to hit, reach 5 ft., one target in the swarm's space. {@h}7 ({@damage 2d6}) piercing damage, or 3 ({@damage 1d6}) piercing damage if the swarm has half of its hit points or fewer.""]}]",,,,
Swarm of Spiders,MM,"[""M""]","{""type"": ""beast"", ""swarmSize"": ""T""}","[""U""]","[{""ac"": 12, ""from"": [""natural armor""]}]","{""average"": 22, ""formula"": ""5d8""}","{""walk"": 20, ""climb"": 20}",3,13,10,1,7,1,,,8,,1/2,"[{""name"": ""Swarm"", ""entries"": [""The swarm can occupy another creature's space and vice versa, and the swarm can move through any opening large enough for a Tiny insect. The swarm can't regain hit points or gain temporary hit points.""]}, {""name"": ""Spider Climb"", ""entries"": [""The swarm can climb difficult surfaces, including upside down on ceilings, without needing to make an ability check.""]}, {""name"": ""Web Sense"", ""entries"": [""While in contact with a web, the swarm knows the exact location of any other creature in contact with the same web.""]}, {""name"": ""Web Walker"", ""entries"": [""The swarm ignores movement restrictions caused by webbing.""]}]","[{""name"": ""Bites"", ""entries"": [""{@atk mw} {@hit 3} to hit, reach 0 ft., one target in the swarm's space. {@h}10 ({@damage 4d4}) piercing damage, or 5 ({@damage 2d4}) piercing damage if the swarm has half of its hit points or fewer.""]}]",,,,
Swarm of Wasps,MM,"[""M""]","{""type"": ""beast"", ""swarmSize"": ""T""}","[""U""]","[{""ac"": 12, ""from"": [""natural armor""]}]","{""average"": 22, ""formula"": ""5d8""}","{""walk"": 5, ""fly"": 30}",3,13,10,1,7,1,,,8,,1/2,"[{""name"": ""Swarm"", ""entries"": [""The swarm can occupy another creature's space and vice versa, and the swarm can move through any opening large enough for a Tiny insect. The swarm can't regain hit points or gain temporary hit points.""]}]","[{""name"": ""Bites"", ""entries"": [""{@atk mw} {@hit 3} to hit, reach 0 ft., one target in the swarm's space. {@h}10 ({@damage 4d4}) piercing damage, or 5 ({@damage 2d4}) piercing damage if the swarm has half of its hit points or fewer.""]}]",,,,
Tarrasque,MM,"[""G""]","{""type"": ""monstrosity"", ""tags"": [""titan""]}","[""U""]","[{""ac"": 25, ""from"": [""natural armor""]}]","{""average"": 676, ""formula"": ""33d20 + 330""}","{""walk"": 40}",30,11,30,3,11,11,"{""int"": ""+5"", ""wis"": ""+9"", ""cha"": ""+9""}",,10,,30,"[{""name"": ""Legendary Resistance (3/Day)"", ""entries"": [""If the tarrasque fails a saving throw, it can choose to succeed instead.""]}, {""name"": ""Magic Resistance"", ""entries"": [""The tarrasque has advantage on saving throws against spells and other magical effects.""]}, {""name"": ""Reflective Carapace"", ""entries"": [""Any time the tarrasque is targeted by a {@spell magic missile} spell, a line spell, or a spell that requires a ranged attack roll, roll a {@dice d6}. On a 1 to 5, the tarrasque is unaffected. On a 6, the tarrasque is unaffected, and the effect is reflected back at the caster as though it originated from the tarrasque, turning the caster into the target.""]}, {""name"": ""Siege Monster"", ""entries"": [""The tarrasque deals double damage to objects and structures.""]}]","[{""name"": ""Multiattack"", ""entries"": [""The tarrasque can use its Frightful Presence. It then makes five attacks: one with its bite, two with its claws, one with its horns, and one with its tail. It can use its Swallow instead of its bite.""]}, {""name"": ""Bite"", ""entries"": [""{@atk mw} {@hit 19} to hit, reach 10 ft., one target. {@h}36 ({@damage 4d12 + 10}) piercing damage. If the target is a creature, it is {@condition grappled} (escape {@dc 20}). Until this grapple ends, the target is {@condition restrained}, and the tarrasque can't bite another target.""]}, {""name"": ""Claw"", ""entries"": [""{@atk mw} {@hit 19} to hit, reach 15 ft., one target. {@h}28 ({@damage 4d8 + 10}) slashing damage.""]}, {""name"": ""Horns"", ""entries"": [""{@atk mw} {@hit 19} to hit, reach 10 ft., one target. {@h}32 ({@damage 4d10 + 10}) piercing damage.""]}, {""name"": ""Tail"", ""entries"": [""{@atk mw} {@hit 19} to hit, reach 20 ft., one target. {@h}24 ({@damage 4d6 + 10}) bludgeoning damage. If the target is a creature, it must succeed on a {@dc 20} Strength saving throw or be knocked {@condition prone}.""]}, {""name"": ""Frightful Presence"", ""entries"": [""Each creature of the tarrasque's choice within 120 feet of it and aware of it must succeed on a {@dc 17} Wisdom saving throw or become {@condition frightened} for 1 minute. A creature can repeat the saving throw at the end of each of its turns, with disadvantage if the tarrasque is within line of sight, ending the effect on itself on a success. If a creature's saving throw is successful or the effect ends for it, the creature is immune to the tarrasque's Frightful Presence for the next 24 hours.""]}, {""name"": ""Swallow"", ""entries"": [""The tarrasque makes one bite attack against a Large or smaller creature it is grappling. If the attack hits, the target takes the bite's damage, the target is swallowed, and the grapple ends. While swallowed, the creature is {@condition blinded} and {@condition restrained}, it has {@quickref Cover||3||total cover} against attacks and other effects outside the tarrasque, and it takes 56 ({@damage 16d6}) acid damage at the start of each of the tarrasque's turns."", ""If the tarrasque takes 60 damage or more on a single turn from a creature inside it, the tarrasque must succeed on a {@dc 20} Constitution saving throw at the end of that turn or regurgitate all swallowed creatures, which fall {@condition prone} in a space within 10 feet of the tarrasque. If the tarrasque dies, a swallowed creature is no longer {@condition restrained} by it and can escape from the corpse by using 30 feet of movement, exiting {@condition prone}.""]}]",,,"[{""name"": ""Attack"", ""entries"": [""The tarrasque makes one claw attack or tail attack.""]}, {""name"": ""Move"", ""entries"": [""The tarrasque moves up to half its speed.""]}, {""name"": ""Chomp (Costs 2 Actions)"", ""entries"": [""The tarrasque makes one bite attack or uses its Swallow.""]}]",
Thug,MM,"[""M""]","{""type"": ""humanoid"", ""tags"": [""any race""]}","[""L"", ""NX"", ""C"", ""NY"", ""E""]","[{""ac"": 11, ""from"": [""{@item leather armor|phb}""]}]","{""average"": 32, ""formula"": ""5d8 + 10""}","{""walk"": 30}",15,11,14,10,10,11,,"{""intimidation"": ""+2""}",10,"[""any one language (usually Common)""]",1/2,"[{""name"": ""Pack Tactics"", ""entries"": [""The thug has advantage on an attack roll against a creature if at least one of the thug's allies is within 5 feet of the creature and the ally isn't {@condition incapacitated}.""]}]","[{""name"": ""Multiattack"", ""entries"": [""The thug makes two melee attacks.""]}, {""name"": ""Mace"", ""entries"": [""{@atk mw} {@hit 4} to hit, reach 5 ft., one creature. {@h}5 ({@damage 1d6 + 2}) bludgeoning damage.""]}, {""name"": ""Heavy Crossbow"", ""entries"": [""{@atk rw} {@hit 2} to hit, range 100/400 ft., one target. {@h}5 ({@damage 1d10}) piercing damage.""]}]",,,,
Tiger,MM,"[""L""]",beast,"[""U""]",[12],"{""average"": 37, ""formula"": ""5d10 + 10""}","{""walk"": 40}",17,15,14,3,12,8,,"{""perception"": ""+3"", ""stealth"": ""+6""}",13,,1,"[{""name"": ""Keen Smell"", ""entries"": [""The tiger has advantage on Wisdom ({@skill Perception}) checks that rely on smell.""]}, {""name"": ""Pounce"", ""entries"": [""If the tiger moves at least 20 feet straight toward a creature and then hits it with a claw attack on the same turn, that target must succeed on a {@dc 13} Strength saving throw or be knocked {@condition prone}. If the target is {@condition prone}, the tiger can make one bite attack against it as a bonus action.""]}]","[{""name"": ""Bite"", ""entries"": [""{@atk mw} {@hit 5} to hit, reach 5 ft., one target. {@h}8 ({@damage 1d10 + 3}) piercing damage.""]}, {""name"": ""Claw"", ""entries"": [""{@atk mw} {@hit 5} to hit, reach 5 ft., one target. {@h}7 ({@damage 1d8 + 3}) slashing damage.""]}]",,,,
Treant,MM,"[""H""]",plant,"[""C"", ""G""]","[{""ac"": 16, ""from"": [""natural armor""]}]","{""average"": 138, ""formula"": ""12d12 + 60""}","{""walk"": 30}",23,8,21,12,16,12,,,13,"[""Common"", ""Druidic"", ""Elvish"", ""Sylvan""]",9,"[{""name"": ""False Appearance"", ""entries"": [""While the treant remains motionless, it is indistinguishable from a normal tree.""]}, {""name"": ""Siege Monster"", ""entries"": [""The treant deals double damage to objects and structures.""]}]","[{""name"": ""Multiattack"", ""entries"": [""The treant makes two slam attacks.""]}, {""name"": ""Slam"", ""entries"": [""{@atk mw} {@hit 10} to hit, reach 5 ft., one target. {@h}16 ({@damage 3d6 + 6}) bludgeoning damage.""]}, {""name"": ""Rock"", ""entries"": [""{@atk rw} {@hit 10} to hit, range 60/180 ft., one target. {@h}28 ({@damage 4d10 + 6}) bludgeoning damage.""]}, {""name"": ""Animate Trees (1/Day)"", ""entries"": [""The treant magically animates one or two trees it can see within 60 feet of it. These trees have the same statistics as a {@creature treant}, except they have Intelligence and Charisma scores of 1, they can't speak, and they have only the Slam action option. An animated tree acts as an ally of the treant. The tree remains animate for 1 day or until it dies; until the treant dies or is more than 120 feet from the tree; or until the treant takes a bonus action to turn it back into an inanimate tree. The tree then takes root if possible.""]}]",,,,
Tribal Warrior,MM,"[""M""]","{""type"": ""humanoid"", ""tags"": [""any race""]}","[""A""]","[{""ac"": 12, ""from"": [""{@item hide armor|phb}""]}]","{""average"": 11, ""formula"": ""2d8 + 2""}","{""walk"": 30}",13,11,12,8,11,8,,,10,"[""any one language""]",1/8,"[{""name"": ""Pack Tactics"", ""entries"": [""The warrior has advantage on an attack roll against a creature if at least one of the warrior's allies is within 5 feet of the creature and the ally isn't {@condition incapacitated}.""]}]","[{""name"": ""Spear"", ""entries"": [""{@atk mw,rw} {@hit 3} to hit, reach 5 ft. or range 20/60 ft., one target. {@h}4 ({@damage 1d6 + 1}) piercing damage, or 5 ({@damage 1d8 + 1}) piercing damage if used with two hands to make a melee attack.""]}]",,,,
Triceratops,MM,"[""H""]",beast,"[""U""]","[{""ac"": 13, ""from"": [""natural armor""]}]","{""average"": 95, ""formula"": ""10d12 + 30""}","{""walk"": 50}",22,9,17,2,11,5,,,10,,5,"[{""name"": ""Trampling Charge"", ""entries"": [""If the triceratops moves at least 20 feet straight toward a creature and then hits it with a gore attack on the same turn, that target must succeed on a {@dc 13} Strength saving throw or be knocked {@condition prone}. If the target is {@condition prone}, the triceratops can make one stomp attack against it as a bonus action.""]}]","[{""name"": ""Gore"", ""entries"": [""{@atk mw} {@hit 9} to hit, reach 5 ft., one target. {@h}24 ({@damage 4d8 + 6}) piercing damage.""]}, {""name"": ""Stomp"", ""entries"": [""{@atk mw} {@hit 9} to hit, reach 5 ft., one {@condition prone} creature. {@h}22 ({@damage 3d10 + 6}) bludgeoning damage.""]}]",,,,
Troll,MM,"[""L""]",giant,"[""C"", ""E""]","[{""ac"": 15, ""from"": [""natural armor""]}]","{""average"": 84, ""formula"": ""8d10 + 40""}","{""walk"": 30}",18,13,20,7,9,7,,"{""perception"": ""+2""}",12,"[""Giant""]",5,"[{""name"": ""Keen Smell"", ""entries"": [""The troll has advantage on Wisdom ({@skill Perception}) checks that rely on smell.""]}, {""name"": ""Regeneration"", ""entries"": [""The troll regains 10 hit points at the start of its turn. If the troll takes acid or fire damage, this trait doesn't function at the start of the troll's next turn. The troll dies only if it starts its turn with 0 hit points and doesn't regenerate.""]}]","[{""name"": ""Multiattack"", ""entries"": [""The troll makes three attacks: one with its bite and two with its claws.""]}, {""name"": ""Bite"", ""entries"": [""{@atk mw} {@hit 7} to hit, reach 5 ft., one target. {@h}7 ({@damage 1d6 + 4}) piercing damage.""]}, {""name"": ""Claw"", ""entries"": [""{@atk mw} {@hit 7} to hit, reach 5 ft., one target. {@h}11 ({@damage 2d6 + 4}) slashing damage.""]}]",,,,
Tyrannosaurus Rex,MM,"[""H""]",beast,"[""U""]","[{""ac"": 13, ""from"": [""natural armor""]}]","{""average"": 136, ""formula"": ""13d12 + 52""}","{""walk"": 50}",25,10,19,2,12,9,,"{""perception"": ""+4""}",14,,8,,"[{""name"": ""Multiattack"", ""entries"": [""The tyrannosaurus makes two attacks: one with its bite and one with its tail. It can't make both attacks against the same target.""]}, {""name"": ""Bite"", ""entries"": [""{@atk mw} {@hit 10} to hit, reach 10 ft., one target. {@h}33 ({@damage 4d12 + 7}) piercing damage. If the target is a Medium or smaller creature, it is {@condition grappled} (escape {@dc 17}). Until this grapple ends, the target is {@condition restrained}, and the tyrannosaurus can't bite another target.""]}, {""name"": ""Tail"", ""entries"": [""{@atk mw} {@hit 10} to hit, reach 10 ft., one target. {@h}20 ({@damage 3d8 + 7}) bludgeoning damage.""]}]",,,,
Unicorn,MM,"[""L""]",celestial,"[""L"", ""G""]",[12],"{""average"": 67, ""formula"": ""9d10 + 18""}","{""walk"": 50}",18,14,15,11,17,16,,,13,"[""Celestial"", ""Elvish"", ""Sylvan"", ""telepathy 60 ft.""]",5,"[{""name"": ""Charge"", ""entries"": [""If the unicorn moves at least 20 feet straight toward a target and then hits it with a horn attack on the same turn, the target takes an extra 9 ({@damage 2d8}) piercing damage. If the target is a creature, it must succeed on a {@dc 15} Strength saving throw or be knocked {@condition prone}.""]}, {""name"": ""Magic Resistance"", ""entries"": [""The unicorn has advantage on saving throws against spells and other magical effects.""]}, {""name"": ""Magic Weapons"", ""entries"": [""The unicorn's weapon attacks are magical.""]}]","[{""name"": ""Multiattack"", ""entries"": [""The unicorn makes two attacks: one with its hooves and one with its horn.""]}, {""name"": ""Hooves"", ""entries"": [""{@atk mw} {@hit 7} to hit, reach 5 ft., one target. {@h}11 ({@damage 2d6 + 4}) bludgeoning damage.""]}, {""name"": ""Horn"", ""entries"": [""{@atk mw} {@hit 7} to hit, reach 5 ft., one target. {@h}8 ({@damage 1d8 + 4}) piercing damage.""]}, {""name"": ""Healing Touch (3/Day)"", ""entries"": [""The unicorn touches another creature with its horn. The target magically regains 11 ({@dice 2d8 + 2}) hit points. In addition, the touch removes all diseases and neutralizes all poisons afflicting the target.""]}, {""name"": ""Teleport (1/Day)"", ""entries"": [""The unicorn magically teleports itself and up to three willing creatures it can see within 5 feet of it, along with any equipment they are wearing or carrying, to a location the unicorn is familiar with, up to 1 mile away.""]}]",,,"[{""name"": ""Hooves"", ""entries"": [""The unicorn makes one attack with its hooves.""]}, {""name"": ""Shimmering Shield (Costs 2 Actions)"", ""entries"": [""The unicorn creates a shimmering, magical field around itself or another creature it can see within 60 feet of it. The target gains a +2 bonus to AC until the end of the unicorn's next turn.""]}, {""name"": ""Heal Self (Costs 3 Actions)"", ""entries"": [""The unicorn magically regains 11 ({@dice 2d8 + 2}) hit points.""]}]","[{""name"": ""Innate Spellcasting"", ""type"": ""spellcasting"", ""headerEntries"": [""The unicorn's innate spellcasting ability is Charisma (spell save {@dc 14}). The unicorn can innately cast the following spells, requiring no components:""], ""will"": [""{@spell detect evil and good}"", ""{@spell druidcraft}"", ""{@spell pass without trace}""], ""daily"": {""1e"": [""{@spell calm emotions}"", ""{@spell dispel evil and good}"", ""{@spell entangle}""]}, ""ability"": ""cha""}]"
Vampire,MM,"[""M""]","{""type"": ""undead"", ""tags"": [""shapechanger""]}","[""L"", ""E""]","[{""ac"": 16, ""from"": [""natural armor""]}]","{""average"": 144, ""formula"": ""17d8 + 68""}","{""walk"": 30}",18,18,18,17,15,18,"{""dex"": ""+9"", ""wis"": ""+7"", ""cha"": ""+9""}","{""perception"": ""+7"", ""stealth"": ""+9""}",17,"[""the languages it knew in life""]",13,"[{""name"": ""Shapechanger"", ""entries"": [""If the vampire isn't in sunlight or running water, it can use its action to polymorph into a Tiny bat or a Medium cloud of mist, or back into its true form."", ""While in bat form, the vampire can't speak, its walking speed is 5 feet, and it has a flying speed of 30 feet. Its statistics, other than its size and speed, are unchanged. Anything it is wearing transforms with it, but nothing it is carrying does. It reverts to its true form if it dies."", ""While in mist form, the vampire can't take any actions, speak, or manipulate objects. It is weightless, has a flying speed of 20 feet, can hover, and can enter a hostile creature's space and stop there. In addition, if air can pass through a space, the mist can do so without squeezing, and it can't pass through water. It has advantage on Strength, Dexterity, and Constitution saving throws, and it is immune to all nonmagical damage, except the damage it takes from sunlight.""]}, {""name"": ""Legendary Resistance (3/Day)"", ""entries"": [""If the vampire fails a saving throw, it can choose to succeed instead.""]}, {""name"": ""Misty Escape"", ""entries"": [""When it drops to 0 hit points outside its resting place, the vampire transforms into a cloud of mist (as in the Shapechanger trait) instead of falling {@condition unconscious}, provided that it isn't in sunlight or running water. If it can't transform, it is destroyed."", ""While it has 0 hit points in mist form, it can't revert to its vampire form, and it must reach its resting place within 2 hours or be destroyed. Once in its resting place, it reverts to its vampire form. It is then {@condition paralyzed} until it regains at least 1 hit point. After spending 1 hour in its resting place with 0 hit points, it regains 1 hit point.""]}, {""name"": ""Regeneration"", ""entries"": [""The vampire regains 20 hit points at the start of its turn if it has at least 1 hit point and isn't in sunlight or running water. If the vampire takes radiant damage or damage from holy water, this trait doesn't function at the start of the vampire's next turn.""]}, {""name"": ""Spider Climb"", ""entries"": [""The vampire can climb difficult surfaces, including upside down on ceilings, without needing to make an ability check.""]}, {""name"": ""Vampire Weaknesses"", ""entries"": [""The vampire has the following flaws:"", {""type"": ""list"", ""style"": ""list-hang-subtrait"", ""items"": [{""type"": ""itemSub"", ""name"": ""Forbiddance"", ""entry"": ""The vampire can't enter a residence without an invitation from one of the occupants.""}, {""type"": ""itemSub"", ""name"": ""Harmed by Running Water"", ""entry"": ""The vampire takes 20 acid damage if it ends its turn in running water.""}, {""type"": ""itemSub"", ""name"": ""Stake to the Heart"", ""entry"": ""If a piercing weapon made of wood is driven into the vampire's heart while the vampire is {@condition incapacitated} in its resting place, the vampire is {@condition paralyzed} until the stake is removed.""}, {""type"": ""itemSub"", ""name"": ""Sunlight Hypersensitivity"", ""entry"": ""The vampire takes 20 radiant damage when it starts its turn in sunlight. While in sunlight, it has disadvantage on attack rolls and ability checks.""}]}]}]","[{""name"": ""Multiattack (Vampire Form Only)"", ""entries"": [""The vampire makes two attacks, only one of which can be a bite attack.""]}, {""name"": ""Unarmed Strike (Vampire Form Only)"", ""entries"": [""{@atk mw} {@hit 9} to hit, reach 5 ft., one creature. {@h}8 ({@damage 1d8 + 4}) bludgeoning damage. Instead of dealing damage, the vampire can grapple the target (escape {@dc 18}).""]}, {""name"": ""Bite (Bat or Vampire Form Only)"", ""entries"": [""{@atk mw} {@hit 9} to hit, reach 5 ft., one willing creature, or a creature that is {@condition grappled} by the vampire, {@condition incapacitated}, or {@condition restrained}. {@h}7 ({@damage 1d6 + 4}) piercing damage plus 10 ({@damage 3d6}) necrotic damage. The target's hit point maximum is reduced by an amount equal to the necrotic damage taken, and the vampire regains hit points equal to that amount. The reduction lasts until the target finishes a long rest. The target dies if this effect reduces its hit point maximum to 0. A humanoid slain in this way and then buried in the ground rises the following night as a {@creature vampire spawn} under the vampire's control.""]}, {""name"": ""Charm"", ""entries"": [""The vampire targets one humanoid it can see within 30 feet of it. If the target can see the vampire, the target must succeed on a {@dc 17} Wisdom saving throw against this magic or be {@condition charmed} by the vampire. The {@condition charmed} target regards the vampire as a trusted friend to be heeded and protected. Although the target isn't under the vampire's control, it takes the vampire's requests or actions in the most favorable way it can, and it is a willing target for the vampire's bite attack."", ""Each time the vampire or the vampire's companions do anything harmful to the target, it can repeat the saving throw, ending the effect on itself on a success. Otherwise, the effect lasts 24 hours or until the vampire is destroyed, is on a different plane of existence than the target, or takes a bonus action to end the effect.""]}, {""name"": ""Children of the Night (1/Day)"", ""entries"": [""The vampire magically calls {@dice 2d4} swarms of {@creature swarm of bats||bats} or {@creature swarm of rats||rats}, provided that the sun isn't up. While outdoors, the vampire can call {@dice 3d6} {@creature wolf||wolves} instead. The called creatures arrive in {@dice 1d4} rounds, acting as allies of the vampire and obeying its spoken commands. The beasts remain for 1 hour, until the vampire dies, or until the vampire dismisses them as a bonus action.""]}]",,,"[{""name"": ""Move"", ""entries"": [""The vampire moves up to its speed without provoking opportunity attacks.""]}, {""name"": ""Unarmed Strike"", ""entries"": [""The vampire makes one unarmed strike.""]}, {""name"": ""Bite (Costs 2 Actions)"", ""entries"": [""The vampire makes one bite attack.""]}]",
Vampire Spawn,MM,"[""M""]",undead,"[""N"", ""E""]","[{""ac"": 15, ""from"": [""natural armor""]}]","{""average"": 82, ""formula"": ""11d8 + 33""}","{""walk"": 30}",16,16,16,11,10,12,"{""dex"": ""+6"", ""wis"": ""+3""}","{""perception"": ""+3"", ""stealth"": ""+6""}",13,"[""the languages it knew in life""]",5,"[{""name"": ""Regeneration"", ""entries"": [""The vampire regains 10 hit points at the start of its turn if it has at least 1 hit point and isn't in sunlight or running water. If the vampire takes radiant damage or damage from holy water, this trait doesn't function at the start of the vampire's next turn.""]}, {""name"": ""Spider Climb"", ""entries"": [""The vampire can climb difficult surfaces, including upside down on ceilings, without needing to make an ability check.""]}, {""name"": ""Vampire Weaknesses"", ""entries"": [""The vampire has the following flaws:"", {""type"": ""list"", ""style"": ""list-hang-subtrait"", ""items"": [{""type"": ""itemSub"", ""name"": ""Forbiddance"", ""entry"": ""The vampire can't enter a residence without an invitation from one of the occupants.""}, {""type"": ""itemSub"", ""name"": ""Harmed by Running Water"", ""entry"": ""The vampire takes 20 acid damage when it ends its turn in running water.""}, {""type"": ""itemSub"", ""name"": ""Stake to the Heart"", ""entry"": ""The vampire is destroyed if a piercing weapon made of wood is driven into its heart while it is {@condition incapacitated} in its resting place.""}, {""type"": ""itemSub"", ""name"": ""Sunlight Hypersensitivity"", ""entry"": ""The vampire takes 20 radiant damage when it starts its turn in sunlight. While in sunlight, it has disadvantage on attack rolls and ability checks""}]}]}]","[{""name"": ""Multiattack"", ""entries"": [""The vampire makes two attacks, only one of which can be a bite attack.""]}, {""name"": ""Bite"", ""entries"": [""{@atk mw} {@hit 6} to hit, reach 5 ft., one willing creature, or a creature that is {@condition grappled} by the vampire, {@condition incapacitated}, or {@condition restrained}. {@h}6 ({@damage 1d6 + 3}) piercing damage plus 7 ({@damage 2d6}) necrotic damage. The target's hit point maximum is reduced by an amount equal to the necrotic damage taken, and the vampire regains hit points equal to that amount. The reduction lasts until the target finishes a long rest. The target dies if this effect reduces its hit point maximum to 0.""]}, {""name"": ""Claws"", ""entries"": [""{@atk mw} {@hit 6} to hit, reach 5 ft., one creature. {@h}8 ({@damage 2d4 + 3}) slashing damage. Instead of dealing damage, the vampire can grapple the target (escape {@dc 13}).""]}]",,,,
Veteran,MM,"[""M""]","{""type"": ""humanoid"", ""tags"": [""any race""]}","[""A""]","[{""ac"": 17, ""from"": [""{@item splint armor|phb}""]}]","{""average"": 58, ""formula"": ""9d8 + 18""}","{""walk"": 30}",16,13,14,10,11,10,,"{""athletics"": ""+5"", ""perception"": ""+2""}",12,"[""any one language (usually Common)""]",3,,"[{""name"": ""Multiattack"", ""entries"": [""The veteran makes two longsword attacks. If it has a shortsword drawn, it can also make a shortsword attack.""]}, {""name"": ""Longsword"", ""entries"": [""{@atk mw} {@hit 5} to hit, reach 5 ft., one target. {@h}7 ({@damage 1d8 + 3}) slashing damage, or 8 ({@damage 1d10 + 3}) slashing damage if used with two hands.""]}, {""name"": ""Shortsword"", ""entries"": [""{@atk mw} {@hit 5} to hit, reach 5 ft., one target. {@h}6 ({@damage 1d6 + 3}) piercing damage.""]}, {""name"": ""Heavy Crossbow"", ""entries"": [""{@atk rw} {@hit 3} to hit, range 100/400 ft., one target. {@h}6 ({@damage 1d10 + 1}) piercing damage.""]}]",,,,
Violet Fungus,MM,"[""M""]",plant,"[""U""]",[5],"{""average"": 18, ""formula"": ""4d8""}","{""walk"": 5}",3,1,10,1,3,1,,,6,,1/4,"[{""name"": ""False Appearance"", ""entries"": [""While the violet fungus remains motionless, it is indistinguishable from an ordinary fungus.""]}]","[{""name"": ""Multiattack"", ""entries"": [""The fungus makes {@dice 1d4} Rotting Touch attacks.""]}, {""name"": ""Rotting Touch"", ""entries"": [""{@atk mw} {@hit 2} to hit, reach 10 ft., one creature. {@h}4 ({@damage 1d8}) necrotic damage.""]}]",,,,
Vrock,MM,"[""L""]","{""type"": ""fiend"", ""tags"": [""demon""]}","[""C"", ""E""]","[{""ac"": 15, ""from"": [""natural armor""]}]","{""average"": 104, ""formula"": ""11d10 + 44""}","{""walk"": 40, ""fly"": 60}",17,15,18,8,13,8,"{""dex"": ""+5"", ""wis"": ""+4"", ""cha"": ""+2""}",,11,"[""Abyssal"", ""telepathy 120 ft.""]",6,"[{""name"": ""Magic Resistance"", ""entries"": [""The vrock has advantage on saving throws against spells and other magical effects.""]}]","[{""name"": ""Multiattack"", ""entries"": [""The vrock makes two attacks: one with its beak and one with its talons.""]}, {""name"": ""Beak"", ""entries"": [""{@atk mw} {@hit 6} to hit, reach 5 ft., one target. {@h}10 ({@damage 2d6 + 3}) piercing damage.""]}, {""name"": ""Talons"", ""entries"": [""{@atk mw} {@hit 6} to hit, reach 5 ft., one target. {@h}14 ({@damage 2d10 + 3}) slashing damage.""]}, {""name"": ""Spores {@recharge}"", ""entries"": [""A 15-foot-radius cloud of toxic spores extends out from the vrock. The spores spread around corners. Each creature in that area must succeed on a {@dc 14} Constitution saving throw or become {@condition poisoned}. While {@condition poisoned} in this way, a target takes 5 ({@damage 1d10}) poison damage at the start of each of its turns. A target can repeat the saving throw at the end of each of its turns, ending the effect on itself on a success. Emptying a vial of holy water on the target also ends the effect on it.""]}, {""name"": ""Stunning Screech (1/Day)"", ""entries"": [""The vrock emits a horrific screech. Each creature within 20 feet of it that can hear it and that isn't a demon must succeed on a {@dc 14} Constitution saving throw or be {@condition stunned} until the end of the vrock's next turn.""]}]",,,,
Vulture,MM,"[""M""]",beast,"[""U""]",[10],"{""average"": 5, ""formula"": ""1d8 + 1""}","{""walk"": 10, ""fly"": 50}",7,10,13,2,12,4,,"{""perception"": ""+3""}",13,,0,"[{""name"": ""Keen Sight and Smell"", ""entries"": [""The vulture has advantage on Wisdom ({@skill Perception}) checks that rely on sight or smell.""]}, {""name"": ""Pack Tactics"", ""entries"": [""The vulture has advantage on an attack roll against a creature if at least one of the vulture's allies is within 5 feet of the creature and the ally isn't {@condition incapacitated}.""]}]","[{""name"": ""Beak"", ""entries"": [""{@atk mw} {@hit 2} to hit, reach 5 ft., one target. {@h}2 ({@damage 1d4}) piercing damage.""]}]",,,,
Warhorse,MM,"[""L""]",beast,"[""U""]",[11],"{""average"": 19, ""formula"": ""3d10 + 3""}","{""walk"": 60}",18,12,13,2,12,7,,,11,,1/2,"[{""name"": ""Trampling Charge"", ""entries"": [""If the horse moves at least 20 feet straight toward a creature and then hits it with a hooves attack on the same turn, that target must succeed on a {@dc 14} Strength saving throw or be knocked {@condition prone}. If the target is {@condition prone}, the horse can make another attack with its hooves against it as a bonus action.""]}]","[{""name"": ""Hooves"", ""entries"": [""{@atk mw} {@hit 6} to hit, reach 5 ft., one target. {@h}11 ({@damage 2d6 + 4}) bludgeoning damage.""]}]",,,,
Warhorse Skeleton,MM,"[""L""]",undead,"[""L"", ""E""]","[{""ac"": 13, ""from"": [""barding scraps""]}]","{""average"": 22, ""formula"": ""3d10 + 6""}","{""walk"": 60}",18,12,15,2,8,5,,,9,,1/2,,"[{""name"": ""Hooves"", ""entries"": [""{@atk mw} {@hit 6} to hit, reach 5 ft., one target. {@h}11 ({@damage 2d6 + 4}) bludgeoning damage.""]}]",,,,
Water Elemental,MM,"[""L""]",elemental,"[""N""]","[{""ac"": 14, ""from"": [""natural armor""]}]","{""average"": 114, ""formula"": ""12d10 + 48""}","{""walk"": 30, ""swim"": 90}",18,14,18,5,10,8,,,10,"[""Aquan""]",5,"[{""name"": ""Water Form"", ""entries"": [""The elemental can enter a hostile creature's space and stop there. It can move through a space as narrow as 1 inch wide without squeezing.""]}, {""name"": ""Freeze"", ""entries"": [""If the elemental takes cold damage, it partially freezes; its speed is reduced by 20 feet until the end of its next turn.""]}]","[{""name"": ""Multiattack"", ""entries"": [""The elemental makes two slam attacks.""]}, {""name"": ""Slam"", ""entries"": [""{@atk mw} {@hit 7} to hit, reach 5 ft., one target. {@h}13 ({@damage 2d8 + 4}) bludgeoning damage.""]}, {""name"": ""Whelm {@recharge 4}"", ""entries"": [""Each creature in the elemental's space must make a {@dc 15} Strength saving throw. On a failure, a target takes 13 ({@damage 2d8 + 4}) bludgeoning damage. If it is Large or smaller, it is also {@condition grappled} (escape {@dc 14}). Until this grapple ends, the target is {@condition restrained} and unable to breathe unless it can breathe water. If the saving throw is successful, the target is pushed out of the elemental's space."", ""The elemental can grapple one Large creature or up to two Medium or smaller creatures at one time. At the start of each of the elemental's turns, each target {@condition grappled} by it takes 13 ({@damage 2d8 + 4}) bludgeoning damage. A creature within 5 feet of the elemental can pull a creature or object out of it by taking an action to make a {@dc 14} Strength check and succeeding.""]}]",,,,
Weasel,MM,"[""T""]",beast,"[""U""]",[13],"{""average"": 1, ""formula"": ""1d4 - 1""}","{""walk"": 30}",3,16,8,2,12,3,,"{""perception"": ""+3"", ""stealth"": ""+5""}",13,,0,"[{""name"": ""Keen Hearing and Smell"", ""entries"": [""The weasel has advantage on Wisdom ({@skill Perception}) checks that rely on hearing or smell.""]}]","[{""name"": ""Bite"", ""entries"": [""{@atk mw} {@hit 5} to hit, reach 5 ft., one creature. {@h}1 piercing damage.""]}]",,,,
Werebear,MM,"[""M""]","{""type"": ""humanoid"", ""tags"": [""human"", ""shapechanger""]}","[""N"", ""G""]","[{""ac"": 10, ""condition"": ""in humanoid form""}, {""ac"": 11, ""from"": [""natural armor""], ""condition"": ""in bear or hybrid form""}]","{""average"": 135, ""formula"": ""18d8 + 54""}","{""walk"": {""number"": 30, ""condition"": ""(40 ft., climb 30 ft. in bear or hybrid form)""}}",19,10,17,11,12,12,,"{""perception"": ""+7""}",17,"[""Common (can't speak in bear form)""]",5,"[{""name"": ""Shapechanger"", ""entries"": [""The werebear can use its action to polymorph into a Large bear-humanoid hybrid or into a Large bear, or back into its true form, which is humanoid. Its statistics, other than its size and AC, are the same in each form. Any equipment it is wearing or carrying isn't transformed. It reverts to its true form if it dies.""]}, {""name"": ""Keen Smell"", ""entries"": [""The werebear has advantage on Wisdom ({@skill Perception}) checks that rely on smell.""]}]","[{""name"": ""Multiattack"", ""entries"": [""In bear form, the werebear makes two claw attacks. In humanoid form, it makes two greataxe attacks. In hybrid form, it can attack like a bear or a humanoid.""]}, {""name"": ""Bite (Bear or Hybrid Form Only)"", ""entries"": [""{@atk mw} {@hit 7} to hit, reach 5 ft., one target. {@h}15 ({@damage 2d10 + 4}) piercing damage. If the target is a humanoid, it must succeed on a {@dc 14} Constitution saving throw or be cursed with werebear lycanthropy.""]}, {""name"": ""Claw (Bear or Hybrid Form Only)"", ""entries"": [""{@atk mw} {@hit 7} to hit, reach 5 ft., one target. {@h}13 ({@damage 2d8 + 4}) slashing damage.""]}, {""name"": ""Greataxe (Humanoid or Hybrid Form Only)"", ""entries"": [""{@atk mw} {@hit 7} to hit, reach 5 ft., one target. {@h}10 ({@damage 1d12 + 4}) slashing damage.""]}]",,,,
Wereboar,MM,"[""M""]","{""type"": ""humanoid"", ""tags"": [""human"", ""shapechanger""]}","[""N"", ""E""]","[{""ac"": 10, ""condition"": ""in humanoid form""}, {""ac"": 11, ""from"": [""natural armor""], ""condition"": ""in boar or hybrid form""}]","{""average"": 78, ""formula"": ""12d8 + 24""}","{""walk"": {""number"": 30, ""condition"": ""(40 ft. in boar form)""}}",17,10,15,10,11,8,,"{""perception"": ""+2""}",12,"[""Common (can't speak in boar form)""]",4,"[{""name"": ""Shapechanger"", ""entries"": [""The wereboar can use its action to polymorph into a boar-humanoid hybrid or into a boar, or back into its true form, which is humanoid. Its statistics, other than its AC, are the same in each form. Any equipment it is wearing or carrying isn't transformed. It reverts to its true form if it dies.""]}, {""name"": ""Charge (Boar or Hybrid Form Only)"", ""entries"": [""If the wereboar moves at least 15 feet straight toward a target and then hits it with its tusks on the same turn, the target takes an extra 7 ({@damage 2d6}) slashing damage. If the target is a creature, it must succeed on a {@dc 13} Strength saving throw or be knocked {@condition prone}.""]}, {""name"": ""Relentless (Recharges after a Short or Long Rest)"", ""entries"": [""If the wereboar takes 14 damage or less that would reduce it to 0 hit points, it is reduced to 1 hit point instead.""]}]","[{""name"": ""Multiattack (Humanoid or Hybrid Form Only)"", ""entries"": [""The wereboar makes two attacks, only one of which can be with its tusks.""]}, {""name"": ""Maul (Humanoid or Hybrid Form Only)"", ""entries"": [""{@atk mw} {@hit 5} to hit, reach 5 ft., one target. {@h}10 ({@damage 2d6 + 3}) bludgeoning damage.""]}, {""name"": ""Tusks (Boar or Hybrid Form Only)"", ""entries"": [""{@atk mw} {@hit 5} to hit, reach 5 ft., one target. {@h}10 ({@damage 2d6 + 3}) slashing damage. If the target is a humanoid, it must succeed on a {@dc 12} Constitution saving throw or be cursed with wereboar lycanthropy.""]}]",,,,
Wererat,MM,"[""M""]","{""type"": ""humanoid"", ""tags"": [""human"", ""shapechanger""]}","[""L"", ""E""]",[12],"{""average"": 33, ""formula"": ""6d8 + 6""}","{""walk"": 30}",10,15,12,11,10,8,,"{""perception"": ""+2"", ""stealth"": ""+4""}",12,"[""Common (can't speak in rat form)""]",2,"[{""name"": ""Shapechanger"", ""entries"": [""The wererat can use its action to polymorph into a rat-humanoid hybrid or into a giant rat, or back into its true form, which is humanoid. Its statistics, other than its size, are the same in each form. Any equipment it is wearing or carrying isn't transformed. It reverts to its true form if it dies.""]}, {""name"": ""Keen Smell"", ""entries"": [""The wererat has advantage on Wisdom ({@skill Perception}) checks that rely on smell.""]}]","[{""name"": ""Multiattack (Humanoid or Hybrid Form Only)"", ""entries"": [""The wererat makes two attacks, only one of which can be a bite.""]}, {""name"": ""Bite (Rat or Hybrid Form Only)"", ""entries"": [""{@atk mw} {@hit 4} to hit, reach 5 ft., one target. {@h}4 ({@damage 1d4 + 2}) piercing damage. If the target is a humanoid, it must succeed on a {@dc 11} Constitution saving throw or be cursed with wererat lycanthropy.""]}, {""name"": ""Shortsword (Humanoid or Hybrid Form Only)"", ""entries"": [""{@atk mw} {@hit 4} to hit, reach 5 ft., one target. {@h}5 ({@damage 1d6 + 2}) piercing damage.""]}, {""name"": ""Hand Crossbow (Humanoid or Hybrid Form Only)"", ""entries"": [""{@atk rw} {@hit 4} to hit, range 30/120 ft., one target. {@h}5 ({@damage 1d6 + 2}) piercing damage.""]}]",,,,
Weretiger,MM,"[""M""]","{""type"": ""humanoid"", ""tags"": [""human"", ""shapechanger""]}","[""N""]",[12],"{""average"": 120, ""formula"": ""16d8 + 48""}","{""walk"": {""number"": 30, ""condition"": ""(40 ft. in tiger form)""}}",17,15,16,10,13,11,,"{""perception"": ""+5"", ""stealth"": ""+4""}",15,"[""Common (can't speak in tiger form)""]",4,"[{""name"": ""Shapechanger"", ""entries"": [""The weretiger can use its action to polymorph into a tiger-humanoid hybrid or into a tiger, or back into its true form, which is humanoid. Its statistics, other than its size, are the same in each form. Any equipment it is wearing or carrying isn't transformed. It reverts to its true form if it dies.""]}, {""name"": ""Keen Hearing and Smell"", ""entries"": [""The weretiger has advantage on Wisdom ({@skill Perception}) checks that rely on hearing or smell.""]}, {""name"": ""Pounce (Tiger or Hybrid Form Only)"", ""entries"": [""If the weretiger moves at least 15 feet straight toward a creature and then hits it with a claw attack on the same turn, that target must succeed on a {@dc 14} Strength saving throw or be knocked {@condition prone}. If the target is {@condition prone}, the weretiger can make one bite attack against it as a bonus action.""]}]","[{""name"": ""Multiattack (Humanoid or Hybrid Form Only)"", ""entries"": [""In humanoid form, the weretiger makes two scimitar attacks or two longbow attacks. In hybrid form, it can attack like a humanoid or make two claw attacks.""]}, {""name"": ""Bite (Tiger or Hybrid Form Only)"", ""entries"": [""{@atk mw} {@hit 5} to hit, reach 5 ft., one target. {@h}8 ({@damage 1d10 + 3}) piercing damage. If the target is a humanoid, it must succeed on a {@dc 13} Constitution saving throw or be cursed with weretiger lycanthropy.""]}, {""name"": ""Claw (Tiger or Hybrid Form Only)"", ""entries"": [""{@atk mw} {@hit 5} to hit, reach 5 ft., one target. {@h}7 ({@damage 1d8 + 3}) slashing damage.""]}, {""name"": ""Scimitar (Humanoid or Hybrid Form Only)"", ""entries"": [""{@atk mw} {@hit 5} to hit, reach 5 ft., one target. {@h}6 ({@damage 1d6 + 3}) slashing damage.""]}, {""name"": ""Longbow (Humanoid or Hybrid Form Only)"", ""entries"": [""{@atk rw} {@hit 4} to hit, range 150/600 ft., one target. {@h}6 ({@damage 1d8 + 2}) piercing damage.""]}]",,,,
Werewolf,MM,"[""M""]","{""type"": ""humanoid"", ""tags"": [""human"", ""shapechanger""]}","[""C"", ""E""]","[{""ac"": 11, ""condition"": ""in humanoid form""}, {""ac"": 12, ""from"": [""natural armor""], ""condition"": ""in wolf or hybrid form""}]","{""average"": 58, ""formula"": ""9d8 + 18""}","{""walk"": {""number"": 30, ""condition"": ""(40 ft. in wolf form)""}}",15,13,14,10,11,10,,"{""perception"": ""+4"", ""stealth"": ""+3""}",14,"[""Common (can't speak in wolf form)""]",3,"[{""name"": ""Shapechanger"", ""entries"": [""The werewolf can use its action to polymorph into a wolf-humanoid hybrid or into a wolf, or back into its true form, which is humanoid. Its statistics, other than its AC, are the same in each form. Any equipment it is wearing or carrying isn't transformed. It reverts to its true form if it dies.""]}, {""name"": ""Keen Hearing and Smell"", ""entries"": [""The werewolf has advantage on Wisdom ({@skill Perception}) checks that rely on hearing or smell.""]}]","[{""name"": ""Multiattack (Humanoid or Hybrid Form Only)"", ""entries"": [""The werewolf makes two attacks: two with its spear (humanoid form) or one with its bite and one with its claws (hybrid form).""]}, {""name"": ""Bite (Wolf or Hybrid Form Only)"", ""entries"": [""{@atk mw} {@hit 4} to hit, reach 5 ft., one target. {@h}6 ({@damage 1d8 + 2}) piercing damage. If the target is a humanoid, it must succeed on a {@dc 12} Constitution saving throw or be cursed with werewolf lycanthropy.""]}, {""name"": ""Claws (Hybrid Form Only)"", ""entries"": [""{@atk mw} {@hit 4} to hit, reach 5 ft., one creature. {@h}7 ({@damage 2d4 + 2}) slashing damage.""]}, {""name"": ""Spear (Humanoid Form Only)"", ""entries"": [""{@atk mw,rw} {@hit 4} to hit, reach 5 ft. or range 20/60 ft., one creature. {@h}5 ({@damage 1d6 + 2}) piercing damage, or 6 ({@damage 1d8 + 2}) piercing damage if used with two hands to make a melee attack.""]}]",,,,
White Dragon Wyrmling,MM,"[""M""]",dragon,"[""C"", ""E""]","[{""ac"": 16, ""from"": [""natural armor""]}]","{""average"": 32, ""formula"": ""5d8 + 10""}","{""walk"": 30, ""burrow"": 15, ""fly"": 60, ""swim"": 30}",14,10,14,5,10,11,"{""dex"": ""+2"", ""con"": ""+4"", ""wis"": ""+2"", ""cha"": ""+2""}","{""perception"": ""+4"", ""stealth"": ""+2""}",14,"[""Draconic""]",2,,"[{""name"": ""Bite"", ""entries"": [""{@atk mw} {@hit 4} to hit, reach 5 ft., one target. {@h}7 ({@damage 1d10 + 2}) piercing damage plus 2 ({@damage 1d4}) cold damage.""]}, {""name"": ""Cold Breath {@recharge 5}"", ""entries"": [""The dragon exhales an icy blast of hail in a 15-foot cone. Each creature in that area must make a {@dc 12} Constitution saving throw, taking 22 ({@damage 5d8}) cold damage on a failed save, or half as much damage on a successful one.""]}]",,,,
Wight,MM,"[""M""]",undead,"[""N"", ""E""]","[{""ac"": 14, ""from"": [""{@item studded leather armor|phb|studded leather}""]}]","{""average"": 45, ""formula"": ""6d8 + 18""}","{""walk"": 30}",15,14,16,10,13,15,,"{""perception"": ""+3"", ""stealth"": ""+4""}",13,"[""the languages it knew in life""]",3,"[{""name"": ""Sunlight Sensitivity"", ""entries"": [""While in sunlight, the wight has disadvantage on attack rolls, as well as on Wisdom ({@skill Perception}) checks that rely on sight.""]}]","[{""name"": ""Multiattack"", ""entries"": [""The wight makes two longsword attacks or two longbow attacks. It can use its Life Drain in place of one longsword attack.""]}, {""name"": ""Life Drain"", ""entries"": [""{@atk mw} {@hit 4} to hit, reach 5 ft., one creature. {@h}5 ({@damage 1d6 + 2}) necrotic damage. The target must succeed on a {@dc 13} Constitution saving throw or its hit point maximum is reduced by an amount equal to the damage taken. This reduction lasts until the target finishes a long rest. The target dies if this effect reduces its hit point maximum to 0."", ""A humanoid slain by this attack rises 24 hours later as a {@creature zombie} under the wight's control, unless the humanoid is restored to life or its body is destroyed. The wight can have no more than twelve zombies under its control at one time.""]}, {""name"": ""Longsword"", ""entries"": [""{@atk mw} {@hit 4} to hit, reach 5 ft., one target. {@h}6 ({@damage 1d8 + 2}) slashing damage, or 7 ({@damage 1d10 + 2}) slashing damage if used with two hands.""]}, {""name"": ""Longbow"", ""entries"": [""{@atk rw} {@hit 4} to hit, range 150/600 ft., one target. {@h}6 ({@damage 1d8 + 2}) piercing damage.""]}]",,,,
Will-o'-Wisp,MM,"[""T""]",undead,"[""C"", ""E""]",[19],"{""average"": 22, ""formula"": ""9d4""}","{""walk"": 0, ""fly"": {""number"": 50, ""condition"": ""(hover)""}, ""canHover"": true}",1,28,10,13,14,11,,,12,"[""the languages it knew in life""]",2,"[{""name"": ""Consume Life"", ""entries"": [""As a bonus action, the will-o'-wisp can target one creature it can see within 5 feet of it that has 0 hit points and is still alive. The target must succeed on a {@dc 10} Constitution saving throw against this magic or die. If the target dies, the will-o'-wisp regains 10 ({@dice 3d6}) hit points.""]}, {""name"": ""Ephemeral"", ""entries"": [""The will-o'-wisp can't wear or carry anything.""]}, {""name"": ""Incorporeal Movement"", ""entries"": [""The will-o'-wisp can move through other creatures and objects as if they were {@quickref difficult terrain||3}. It takes 5 ({@damage 1d10}) force damage if it ends its turn inside an object.""]}, {""name"": ""Variable Illumination"", ""entries"": [""The will-o'-wisp sheds bright light in a 5 to 20-foot radius and dim light for an additional number of ft. equal to the chosen radius. The will-o'-wisp can alter the radius as a bonus action.""]}]","[{""name"": ""Shock"", ""entries"": [""{@atk ms} {@hit 4} to hit, reach 5 ft., one creature. {@h}9 ({@damage 2d8}) lightning damage.""]}, {""name"": ""Invisibility"", ""entries"": [""The will-o'-wisp and its light magically become {@condition invisible} until it attacks or uses its Consume Life, or until its {@status concentration} ends (as if {@status concentration||concentrating} on a spell).""]}]",,,,
Winter Wolf,MM,"[""L""]",monstrosity,"[""N"", ""E""]","[{""ac"": 13, ""from"": [""natural armor""]}]","{""average"": 75, ""formula"": ""10d10 + 20""}","{""walk"": 50}",18,13,14,7,12,8,,"{""perception"": ""+5"", ""stealth"": ""+3""}",15,"[""Common"", ""Giant"", ""Winter Wolf""]",3,"[{""name"": ""Keen Hearing and Smell"", ""entries"": [""The wolf has advantage on Wisdom ({@skill Perception}) checks that rely on hearing or smell.""]}, {""name"": ""Pack Tactics"", ""entries"": [""The wolf has advantage on an attack roll against a creature if at least one of the wolf's allies is within 5 feet of the creature and the ally isn't {@condition incapacitated}.""]}, {""name"": ""Snow Camouflage"", ""entries"": [""The wolf has advantage on Dexterity ({@skill Stealth}) checks made to hide in snowy terrain.""]}]","[{""name"": ""Bite"", ""entries"": [""{@atk mw} {@hit 6} to hit, reach 5 ft., one target. {@h}11 ({@damage 2d6 + 4}) piercing damage. If the target is a creature, it must succeed on a {@dc 14} Strength saving throw or be knocked {@condition prone}.""]}, {""name"": ""Cold Breath {@recharge 5}"", ""entries"": [""The wolf exhales a blast of freezing wind in a 15-foot cone. Each creature in that area must make a {@dc 12} Dexterity saving throw, taking 18 ({@damage 4d8}) cold damage on a failed save, or half as much damage on a successful one.""]}]",,,,
Wolf,MM,"[""M""]",beast,"[""U""]","[{""ac"": 13, ""from"": [""natural armor""]}]","{""average"": 11, ""formula"": ""2d8 + 2""}","{""walk"": 40}",12,15,12,3,12,6,,"{""perception"": ""+3"", ""stealth"": ""+4""}",13,,1/4,"[{""name"": ""Keen Hearing and Smell"", ""entries"": [""The wolf has advantage on Wisdom ({@skill Perception}) checks that rely on hearing or smell.""]}, {""name"": ""Pack Tactics"", ""entries"": [""The wolf has advantage on an attack roll against a creature if at least one of the wolf's allies is within 5 feet of the creature and the ally isn't {@condition incapacitated}.""]}]","[{""name"": ""Bite"", ""entries"": [""{@atk mw} {@hit 4} to hit, reach 5 ft., one target. {@h}7 ({@damage 2d4 + 2}) piercing damage. If the target is a creature, it must succeed on a {@dc 11} Strength saving throw or be knocked {@condition prone}.""]}]",,,,
Worg,MM,"[""L""]",monstrosity,"[""N"", ""E""]","[{""ac"": 13, ""from"": [""natural armor""]}]","{""average"": 26, ""formula"": ""4d10 + 4""}","{""walk"": 50}",16,13,13,7,11,8,,"{""perception"": ""+4""}",14,"[""Goblin"", ""Worg""]",1/2,"[{""name"": ""Keen Hearing and Smell"", ""entries"": [""The worg has advantage on Wisdom ({@skill Perception}) checks that rely on hearing or smell.""]}]","[{""name"": ""Bite"", ""entries"": [""{@atk mw} {@hit 5} to hit, reach 5 ft., one target. {@h}10 ({@damage 2d6 + 3}) piercing damage. If the target is a creature, it must succeed on a {@dc 13} Strength saving throw or be knocked {@condition prone}.""]}]",,,,
Wraith,MM,"[""M""]",undead,"[""N"", ""E""]",[13],"{""average"": 67, ""formula"": ""9d8 + 27""}","{""walk"": 0, ""fly"": {""number"": 60, ""condition"": ""(hover)""}, ""canHover"": true}",6,16,16,12,14,15,,,12,"[""the languages it knew in life""]",5,"[{""name"": ""Incorporeal Movement"", ""entries"": [""The wraith can move through other creatures and objects as if they were {@quickref difficult terrain||3}. It takes 5 ({@damage 1d10}) force damage if it ends its turn inside an object.""]}, {""name"": ""Sunlight Sensitivity"", ""entries"": [""While in sunlight, the wraith has disadvantage on attack rolls, as well as on Wisdom ({@skill Perception}) checks that rely on sight.""]}]","[{""name"": ""Life Drain"", ""entries"": [""{@atk mw} {@hit 6} to hit, reach 5 ft., one creature. {@h}21 ({@damage 4d8 + 3}) necrotic damage. The target must succeed on a {@dc 14} Constitution saving throw or its hit point maximum is reduced by an amount equal to the damage taken. This reduction lasts until the target finishes a long rest. The target dies if this effect reduces its hit point maximum to 0.""]}, {""name"": ""Create Specter"", ""entries"": [""The wraith targets a humanoid within 10 feet of it that has been dead for no longer than 1 minute and died violently. The target's spirit rises as a {@creature specter} in the space of its corpse or in the nearest unoccupied space. The {@creature specter} is under the wraith's control. The wraith can have no more than seven specters under its control at one time.""]}]",,,,
Wyvern,MM,"[""L""]",dragon,"[""U""]","[{""ac"": 13, ""from"": [""natural armor""]}]","{""average"": 110, ""formula"": ""13d10 + 39""}","{""walk"": 20, ""fly"": 80}",19,10,16,5,12,6,,"{""perception"": ""+4""}",14,,6,,"[{""name"": ""Multiattack"", ""entries"": [""The wyvern makes two attacks: one with its bite and one with its stinger. While flying, it can use its claws in place of one other attack.""]}, {""name"": ""Bite"", ""entries"": [""{@atk mw} {@hit 7} to hit, reach 10 ft., one creature. {@h}11 ({@damage 2d6 + 4}) piercing damage.""]}, {""name"": ""Claws"", ""entries"": [""{@atk mw} {@hit 7} to hit, reach 5 ft., one target. {@h}13 ({@damage 2d8 + 4}) slashing damage.""]}, {""name"": ""Stinger"", ""entries"": [""{@atk mw} {@hit 7} to hit, reach 10 ft., one creature. {@h}11 ({@damage 2d6 + 4}) piercing damage. The target must make a {@dc 15} Constitution saving throw, taking 24 ({@damage 7d6}) poison damage on a failed save, or half as much damage on a successful one.""]}]",,,,
Xorn,MM,"[""M""]",elemental,"[""N""]","[{""ac"": 19, ""from"": [""natural armor""]}]","{""average"": 73, ""formula"": ""7d8 + 42""}","{""walk"": 20, ""burrow"": 20}",17,10,22,11,10,11,,"{""perception"": ""+6"", ""stealth"": ""+3""}",16,"[""Terran""]",5,"[{""name"": ""Earth Glide"", ""entries"": [""The xorn can burrow through nonmagical, unworked earth and stone. While doing so, the xorn doesn't disturb the material it moves through.""]}, {""name"": ""Stone Camouflage"", ""entries"": [""The xorn has advantage on Dexterity ({@skill Stealth}) checks made to hide in rocky terrain.""]}, {""name"": ""Treasure Sense"", ""entries"": [""The xorn can pinpoint, by scent, the location of precious metals and stones, such as coins and gems, within 60 feet of it.""]}]","[{""name"": ""Multiattack"", ""entries"": [""The xorn makes three claw attacks and one bite attack.""]}, {""name"": ""Bite"", ""entries"": [""{@atk mw} {@hit 6} to hit, reach 5 ft., one target. {@h}13 ({@damage 3d6 + 3}) piercing damage.""]}, {""name"": ""Claw"", ""entries"": [""{@atk mw} {@hit 6} to hit, reach 5 ft., one target. {@h}6 ({@damage 1d6 + 3}) slashing damage.""]}]",,,,
Young Black Dragon,MM,"[""L""]",dragon,"[""C"", ""E""]","[{""ac"": 18, ""from"": [""natural armor""]}]","{""average"": 127, ""formula"": ""15d10 + 45""}","{""walk"": 40, ""fly"": 80, ""swim"": 40}",19,14,17,12,11,15,"{""dex"": ""+5"", ""con"": ""+6"", ""wis"": ""+3"", ""cha"": ""+5""}","{""perception"": ""+6"", ""stealth"": ""+5""}",16,"[""Common"", ""Draconic""]",7,"[{""name"": ""Amphibious"", ""entries"": [""The dragon can breathe air and water.""]}]","[{""name"": ""Multiattack"", ""entries"": [""The dragon makes three attacks: one with its bite and two with its claws.""]}, {""name"": ""Bite"", ""entries"": [""{@atk mw} {@hit 7} to hit, reach 10 ft., one target. {@h}15 ({@damage 2d10 + 4}) piercing damage plus 4 ({@damage 1d8}) acid damage.""]}, {""name"": ""Claw"", ""entries"": [""{@atk mw} {@hit 7} to hit, reach 5 ft., one target. {@h}11 ({@damage 2d6 + 4}) slashing damage.""]}, {""name"": ""Acid Breath {@recharge 5}"", ""entries"": [""The dragon exhales acid in a 30-foot line that is 5 feet wide. Each creature in that line must make a {@dc 14} Dexterity saving throw, taking 49 ({@damage 11d8}) acid damage on a failed save, or half as much damage on a successful one.""]}]",,,,
Young Blue Dragon,MM,"[""L""]",dragon,"[""L"", ""E""]","[{""ac"": 18, ""from"": [""natural armor""]}]","{""average"": 152, ""formula"": ""16d10 + 64""}","{""walk"": 40, ""burrow"": 20, ""fly"": 80}",21,10,19,14,13,17,"{""dex"": ""+4"", ""con"": ""+8"", ""wis"": ""+5"", ""cha"": ""+7""}","{""perception"": ""+9"", ""stealth"": ""+4""}",19,"[""Common"", ""Draconic""]",9,,"[{""name"": ""Multiattack"", ""entries"": [""The dragon makes three attacks: one with its bite and two with its claws.""]}, {""name"": ""Bite"", ""entries"": [""{@atk mw} {@hit 9} to hit, reach 10 ft., one target. {@h}16 ({@damage 2d10 + 5}) piercing damage plus 5 ({@damage 1d10}) lightning damage.""]}, {""name"": ""Claw"", ""entries"": [""{@atk mw} {@hit 9} to hit, reach 5 ft., one target. {@h}12 ({@damage 2d6 + 5}) slashing damage.""]}, {""name"": ""Lightning Breath {@recharge 5}"", ""entries"": [""The dragon exhales lightning in a 60-foot line that is 5 feet wide. Each creature in that line must make a {@dc 16} Dexterity saving throw, taking 55 ({@damage 10d10}) lightning damage on a failed save, or half as much damage on a successful one.""]}]",,,,
Young Brass Dragon,MM,"[""L""]",dragon,"[""C"", ""G""]","[{""ac"": 17, ""from"": [""natural armor""]}]","{""average"": 110, ""formula"": ""13d10 + 39""}","{""walk"": 40, ""burrow"": 20, ""fly"": 80}",19,10,17,12,11,15,"{""dex"": ""+3"", ""con"": ""+6"", ""wis"": ""+3"", ""cha"": ""+5""}","{""perception"": ""+6"", ""persuasion"": ""+5"", ""stealth"": ""+3""}",16,"[""Common"", ""Draconic""]",6,,"[{""name"": ""Multiattack"", ""entries"": [""The dragon makes three attacks: one with its bite and two with its claws.""]}, {""name"": ""Bite"", ""entries"": [""{@atk mw} {@hit 7} to hit, reach 10 ft., one target. {@h}15 ({@damage 2d10 + 4}) piercing damage.""]}, {""name"": ""Claw"", ""entries"": [""{@atk mw} {@hit 7} to hit, reach 5 ft., one target. {@h}11 ({@damage 2d6 + 4}) slashing damage.""]}, {""name"": ""Breath Weapons {@recharge 5}"", ""entries"": [""The dragon uses one of the following breath weapons."", {""type"": ""list"", ""style"": ""list-hang-notitle"", ""items"": [{""type"": ""item"", ""name"": ""Fire Breath"", ""entry"": ""The dragon exhales fire in a 40-foot line that is 5 feet wide. Each creature in that line must make a {@dc 14} Dexterity saving throw, taking 42 ({@damage 12d6}) fire damage on a failed save, or half as much damage on a successful one.""}, {""type"": ""item"", ""name"": ""Sleep Breath"", ""entry"": ""The dragon exhales sleep gas in a 30-foot cone. Each creature in that area must succeed on a {@dc 14} Constitution saving throw or fall {@condition unconscious} for 5 minutes. This effect ends for a creature if the creature takes damage or someone uses an action to wake it.""}]}]}]",,,,
Young Bronze Dragon,MM,"[""L""]",dragon,"[""L"", ""G""]","[{""ac"": 18, ""from"": [""natural armor""]}]","{""average"": 142, ""formula"": ""15d10 + 60""}","{""walk"": 40, ""fly"": 80, ""swim"": 40}",21,10,19,14,13,17,"{""dex"": ""+3"", ""con"": ""+7"", ""wis"": ""+4"", ""cha"": ""+6""}","{""insight"": ""+4"", ""perception"": ""+7"", ""stealth"": ""+3""}",17,"[""Common"", ""Draconic""]",8,"[{""name"": ""Amphibious"", ""entries"": [""The dragon can breathe air and water.""]}]","[{""name"": ""Multiattack"", ""entries"": [""The dragon makes three attacks: one with its bite and two with its claws.""]}, {""name"": ""Bite"", ""entries"": [""{@atk mw} {@hit 8} to hit, reach 10 ft., one target. {@h}16 ({@damage 2d10 + 5}) piercing damage.""]}, {""name"": ""Claw"", ""entries"": [""{@atk mw} {@hit 8} to hit, reach 5 ft., one target. {@h}12 ({@damage 2d6 + 5}) slashing damage.""]}, {""name"": ""Breath Weapons {@recharge 5}"", ""entries"": [""The dragon uses one of the following breath weapons."", {""type"": ""list"", ""style"": ""list-hang-notitle"", ""items"": [{""type"": ""item"", ""name"": ""Lightning Breath"", ""entry"": ""The dragon exhales lightning in a 60-foot line that is 5 feet wide. Each creature in that line must make a {@dc 15} Dexterity saving throw, taking 55 ({@damage 10d10}) lightning damage on a failed save, or half as much damage on a successful one.""}, {""type"": ""item"", ""name"": ""Repulsion Breath"", ""entry"": ""The dragon exhales repulsion energy in a 30-foot cone. Each creature in that area must succeed on a {@dc 15} Strength saving throw. On a failed save, the creature is pushed 40 feet away from the dragon.""}]}]}]",,,,
Young Copper Dragon,MM,"[""L""]",dragon,"[""C"", ""G""]","[{""ac"": 17, ""from"": [""natural armor""]}]","{""average"": 119, ""formula"": ""14d10 + 42""}","{""walk"": 40, ""climb"": 40, ""fly"": 80}",19,12,17,16,13,15,"{""dex"": ""+4"", ""con"": ""+6"", ""wis"": ""+4"", ""cha"": ""+5""}","{""deception"": ""+5"", ""perception"": ""+7"", ""stealth"": ""+4""}",17,"[""Common"", ""Draconic""]",7,,"[{""name"": ""Multiattack"", ""entries"": [""The dragon makes three attacks: one with its bite and two with its claws.""]}, {""name"": ""Bite"", ""entries"": [""{@atk mw} {@hit 7} to hit, reach 10 ft., one target. {@h}15 ({@damage 2d10 + 4}) piercing damage.""]}, {""name"": ""Claw"", ""entries"": [""{@atk mw} {@hit 7} to hit, reach 5 ft., one target. {@h}11 ({@damage 2d6 + 4}) slashing damage.""]}, {""name"": ""Breath Weapons {@recharge 5}"", ""entries"": [""The dragon uses one of the following breath weapons."", {""type"": ""list"", ""style"": ""list-hang-notitle"", ""items"": [{""type"": ""item"", ""name"": ""Acid Breath"", ""entry"": ""The dragon exhales acid in a 40-foot line that is 5 feet wide. Each creature in that line must make a {@dc 14} Dexterity saving throw, taking 40 ({@damage 9d8}) acid damage on a failed save, or half as much damage on a successful one.""}, {""type"": ""item"", ""name"": ""Slowing Breath"", ""entry"": ""The dragon exhales gas in a 30-foot cone. Each creature in that area must succeed on a {@dc 14} Constitution saving throw. On a failed save, the creature can't use reactions, its speed is halved, and it can't make more than one attack on its turn. In addition, the creature can use either an action or a bonus action on its turn, but not both. These effects last for 1 minute. The creature can repeat the saving throw at the end of each of its turns, ending the effect on itself with a successful save.""}]}]}]",,,,
Young Gold Dragon,MM,"[""L""]",dragon,"[""L"", ""G""]","[{""ac"": 18, ""from"": [""natural armor""]}]","{""average"": 178, ""formula"": ""17d10 + 85""}","{""walk"": 40, ""fly"": 80, ""swim"": 40}",23,14,21,16,13,20,"{""dex"": ""+6"", ""con"": ""+9"", ""wis"": ""+5"", ""cha"": ""+9""}","{""insight"": ""+5"", ""perception"": ""+9"", ""persuasion"": ""+9"", ""stealth"": ""+6""}",19,"[""Common"", ""Draconic""]",10,"[{""name"": ""Amphibious"", ""entries"": [""The dragon can breathe air and water.""]}]","[{""name"": ""Multiattack"", ""entries"": [""The dragon makes three attacks: one with its bite and two with its claws.""]}, {""name"": ""Bite"", ""entries"": [""{@atk mw} {@hit 10} to hit, reach 10 ft., one target. {@h}17 ({@damage 2d10 + 6}) piercing damage.""]}, {""name"": ""Claw"", ""entries"": [""{@atk mw} {@hit 10} to hit, reach 5 ft., one target. {@h}13 ({@damage 2d6 + 6}) slashing damage.""]}, {""name"": ""Breath Weapons {@recharge 5}"", ""entries"": [""The dragon uses one of the following breath weapons."", {""type"": ""list"", ""style"": ""list-hang-notitle"", ""items"": [{""type"": ""item"", ""name"": ""Fire Breath"", ""entry"": ""The dragon exhales fire in a 30-foot cone. Each creature in that area must make a {@dc 17} Dexterity saving throw, taking 55 ({@damage 10d10}) fire damage on a failed save, or half as much damage on a successful one.""}, {""type"": ""item"", ""name"": ""Weakening Breath"", ""entry"": ""The dragon exhales gas in a 30-foot cone. Each creature in that area must succeed on a {@dc 17} Strength saving throw or have disadvantage on Strength-based attack rolls, Strength checks, and Strength saving throws for 1 minute. A creature can repeat the saving throw at the end of each of its turns, ending the effect on itself on a success.""}]}]}]",,,,
Young Green Dragon,MM,"[""L""]",dragon,"[""L"", ""E""]","[{""ac"": 18, ""from"": [""natural armor""]}]","{""average"": 136, ""formula"": ""16d10 + 48""}","{""walk"": 40, ""fly"": 80, ""swim"": 40}",19,12,17,16,13,15,"{""dex"": ""+4"", ""con"": ""+6"", ""wis"": ""+4"", ""cha"": ""+5""}","{""deception"": ""+5"", ""perception"": ""+7"", ""stealth"": ""+4""}",17,"[""Common"", ""Draconic""]",8,"[{""name"": ""Amphibious"", ""entries"": [""The dragon can breathe air and water.""]}]","[{""name"": ""Multiattack"", ""entries"": [""The dragon makes three attacks: one with its bite and two with its claws.""]}, {""name"": ""Bite"", ""entries"": [""{@atk mw} {@hit 7} to hit, reach 10 ft., one target. {@h}15 ({@damage 2d10 + 4}) piercing damage plus 7 ({@damage 2d6}) poison damage.""]}, {""name"": ""Claw"", ""entries"": [""{@atk mw} {@hit 7} to hit, reach 5 ft., one target. {@h}11 ({@damage 2d6 + 4}) slashing damage.""]}, {""name"": ""Poison Breath {@recharge 5}"", ""entries"": [""The dragon exhales poisonous gas in a 30-foot cone. Each creature in that area must make a {@dc 14} Constitution saving throw, taking 42 ({@damage 12d6}) poison damage on a failed save, or half as much damage on a successful one.""]}]",,,,
Young Red Dragon,MM,"[""L""]",dragon,"[""C"", ""E""]","[{""ac"": 18, ""from"": [""natural armor""]}]","{""average"": 178, ""formula"": ""17d10 + 85""}","{""walk"": 40, ""climb"": 40, ""fly"": 80}",23,10,21,14,11,19,"{""dex"": ""+4"", ""con"": ""+9"", ""wis"": ""+4"", ""cha"": ""+8""}","{""perception"": ""+8"", ""stealth"": ""+4""}",18,"[""Common"", ""Draconic""]",10,,"[{""name"": ""Multiattack"", ""entries"": [""The dragon makes three attacks: one with its bite and two with its claws.""]}, {""name"": ""Bite"", ""entries"": [""{@atk mw} {@hit 10} to hit, reach 10 ft., one target. {@h}17 ({@damage 2d10 + 6}) piercing damage plus 3 ({@damage 1d6}) fire damage.""]}, {""name"": ""Claw"", ""entries"": [""{@atk mw} {@hit 10} to hit, reach 5 ft., one target. {@h}13 ({@damage 2d6 + 6}) slashing damage.""]}, {""name"": ""Fire Breath {@recharge 5}"", ""entries"": [""The dragon exhales fire in a 30-foot cone. Each creature in that area must make a {@dc 17} Dexterity saving throw, taking 56 ({@damage 16d6}) fire damage on a failed save, or half as much damage on a successful one.""]}]",,,,
Young Silver Dragon,MM,"[""L""]",dragon,"[""L"", ""G""]","[{""ac"": 18, ""from"": [""natural armor""]}]","{""average"": 168, ""formula"": ""16d10 + 80""}","{""walk"": 40, ""fly"": 80}",23,10,21,14,11,19,"{""dex"": ""+4"", ""con"": ""+9"", ""wis"": ""+4"", ""cha"": ""+8""}","{""arcana"": ""+6"", ""history"": ""+6"", ""perception"": ""+8"", ""stealth"": ""+4""}",18,"[""Common"", ""Draconic""]",9,,"[{""name"": ""Multiattack"", ""entries"": [""The dragon makes three attacks: one with its bite and two with its claws.""]}, {""name"": ""Bite"", ""entries"": [""{@atk mw} {@hit 10} to hit, reach 10 ft., one target. {@h}17 ({@damage 2d10 + 6}) piercing damage.""]}, {""name"": ""Claw"", ""entries"": [""{@atk mw} {@hit 10} to hit, reach 5 ft., one target. {@h}13 ({@damage 2d6 + 6}) slashing damage.""]}, {""name"": ""Breath Weapons {@recharge 5}"", ""entries"": [""The dragon uses one of the following breath weapons."", {""type"": ""list"", ""style"": ""list-hang-notitle"", ""items"": [{""type"": ""item"", ""name"": ""Cold Breath"", ""entry"": ""The dragon exhales an icy blast in a 30-foot cone. Each creature in that area must make a {@dc 17} Constitution saving throw, taking 54 ({@damage 12d8}) cold damage on a failed save, or half as much damage on a successful one.""}, {""type"": ""item"", ""name"": ""Paralyzing Breath"", ""entry"": ""The dragon exhales paralyzing gas in a 30-foot cone. Each creature in that area must succeed on a {@dc 17} Constitution saving throw or be {@condition paralyzed} for 1 minute. A creature can repeat the saving throw at the end of each of its turns, ending the effect on itself on a success.""}]}]}]",,,,
Young White Dragon,MM,"[""L""]",dragon,"[""C"", ""E""]","[{""ac"": 17, ""from"": [""natural armor""]}]","{""average"": 133, ""formula"": ""14d10 + 56""}","{""walk"": 40, ""burrow"": 20, ""fly"": 80, ""swim"": 40}",18,10,18,6,11,12,"{""dex"": ""+3"", ""con"": ""+7"", ""wis"": ""+3"", ""cha"": ""+4""}","{""perception"": ""+6"", ""stealth"": ""+3""}",16,"[""Common"", ""Draconic""]",6,"[{""name"": ""Ice Walk"", ""entries"": [""The dragon can move across and climb icy surfaces without needing to make an ability check. Additionally, {@quickref difficult terrain||3} composed of ice or snow doesn't cost it extra movement.""]}]","[{""name"": ""Multiattack"", ""entries"": [""The dragon makes three attacks: one with its bite and two with its claws.""]}, {""name"": ""Bite"", ""entries"": [""{@atk mw} {@hit 7} to hit, reach 10 ft., one target. {@h}15 ({@damage 2d10 + 4}) piercing damage plus 4 ({@damage 1d8}) cold damage.""]}, {""name"": ""Claw"", ""entries"": [""{@atk mw} {@hit 7} to hit, reach 5 ft., one target. {@h}11 ({@damage 2d6 + 4}) slashing damage.""]}, {""name"": ""Cold Breath {@recharge 5}"", ""entries"": [""The dragon exhales an icy blast in a 30-foot cone. Each creature in that area must make a {@dc 15} Constitution saving throw, taking 45 ({@damage 10d8}) cold damage on a failed save, or half as much damage on a successful one.""]}]",,,,
Zombie,MM,"[""M""]",undead,"[""N"", ""E""]",[8],"{""average"": 22, ""formula"": ""3d8 + 9""}","{""walk"": 20}",13,6,16,3,6,5,"{""wis"": ""+0""}",,8,"[""understands all languages it spoke in life but can't speak""]",1/4,"[{""name"": ""Undead Fortitude"", ""entries"": [""If damage reduces the zombie to 0 hit points, it must make a Constitution saving throw with a DC of 5 + the damage taken, unless the damage is radiant or from a critical hit. On a success, the zombie drops to 1 hit point instead.""]}]","[{""name"": ""Slam"", ""entries"": [""{@atk mw} {@hit 3} to hit, reach 5 ft., one target. {@h}4 ({@damage 1d6 + 1}) bludgeoning damage.""]}]",,,,
